Date,Close,High,Low,Open,Volume
2020-01-02,72.27153015136719,72.33168624316235,71.02990753552221,71.28256018375274,135480400
2020-01-03,71.56892395019531,72.32688945190185,71.34514498799838,71.5015494021164,146322800
2020-01-06,72.13919830322266,72.17769909168206,70.442799076604,70.69305052995288,118387200
2020-01-07,71.79994201660156,72.4039044671714,71.58097285889926,72.14884310617231,108872000
2020-01-08,72.95490264892578,73.25568310862707,71.50393800505775,71.50393800505775,132079200
2020-01-09,74.50454711914062,74.69704373534724,73.67920704582386,73.92945117823741,170108400
2020-01-10,74.67296600341797,75.2360335553344,74.17247048793807,74.73793929040194,140644800
2020-01-13,76.26830291748047,76.29477541829935,74.87027582985212,74.98818677177965,121532000
2020-01-14,75.2384262084961,76.41508290193035,75.11571277328815,76.20574087506732,161954400
2020-01-15,74.91600036621094,75.91699875877144,74.48528063092401,75.03872116096186,121923600
2020-01-16,75.85444641113281,75.96513894112196,75.09648089083629,75.4574175522418,108829200
2020-01-17,76.6942367553711,76.69663800654283,75.79670487627278,76.10229529679785,137816400
2020-01-21,76.17448425292969,76.7640097522044,76.03732655340609,76.32367023769899,110843200
2020-01-22,76.4463882446289,76.99741293025565,76.35254118737379,76.65813158547017,101832400
2020-01-23,76.81453704833984,76.89393987673444,75.95309750344295,76.49931964228543,104472000
2020-01-24,76.59315490722656,77.80108679471296,76.40305956833261,77.05996684733118,146537600
2020-01-27,74.34092712402344,75.01948249541286,73.36158384540518,74.60801674004179,161940000
2020-01-28,76.4439697265625,76.61481100227473,75.12053546591517,75.21919235562906,162234000
2020-01-29,78.04412841796875,78.8887225352215,77.33188214601793,78.07060092433913,216229200
2020-01-30,77.93103790283203,77.9839755745144,76.69904191816083,77.1297617312458,126743200
2020-01-31,74.47566223144531,77.64468154540367,74.18210016247106,77.22358883501371,199588400
2020-02-03,74.2711410522461,75.43335387455234,72.72151906032097,73.22201466798846,173788400
2020-02-04,76.72308349609375,76.91317880860565,75.467023963902,75.87127115182567,136616400
2020-02-05,77.34872436523438,78.14519062464261,76.74716330264357,77.84681134417079,118826800
2020-02-06,78.25345611572266,78.25586470947945,77.06236978662149,77.6182115421901,105425600
2020-02-07,77.18977355957031,78.00260098507661,76.70014712861753,77.7541699853459,117684000
2020-02-10,77.556396484375,77.556396484375,75.69919587638071,75.77878713871854,109348800
2020-02-11,77.08848571777344,78.12321641331339,76.87141125259707,78.05086071182195,94323200
2020-02-12,78.9191665649414,78.9239878248454,77.53711376977571,77.53711376977571,113730400
2020-02-13,78.35718536376953,78.68280077942906,77.99057083277162,78.19317418101016,94747600
2020-02-14,78.37645721435547,78.62488821058194,77.86994534379362,78.32580087480906,80113600
2020-02-18,76.94136810302734,77.12226473649841,75.88251627530599,76.06341290877705,152531200
2020-02-19,78.05567169189453,78.28481031761038,77.18254532561073,77.18254532561073,93984000
2020-02-20,77.2549057006836,78.30410746194534,76.75080805425196,77.81689526489554,100566000
2020-02-21,75.50623321533203,77.29108544658935,74.89118775773731,76.84969364795695,129554000
2020-02-24,71.91967010498047,73.36684305832843,69.76097486599113,71.69777437412706,222195200
2020-02-25,69.48359680175781,72.96887474112613,69.0132699904686,72.58778908763885,230673600
2020-02-26,70.58585357666016,71.84730854807512,69.10250289246999,69.10973846221914,198054800
2020-02-27,65.97178649902344,68.98190880585912,65.8367176160919,67.8000523998572,320605600
2020-02-28,65.93318939208984,67.15123091808199,61.835280759075644,62.0499482580576,426510000
2020-03-02,72.0716323852539,72.70597777742344,66.98481977694166,68.08467075383604,341397200
2020-03-03,69.78267669677734,73.32342450844571,68.93366391267253,73.24383324028676,319475600
2020-03-04,73.01950073242188,73.17869059647481,70.70161622739258,71.49997249663515,219178400
2020-03-05,70.65097045898438,72.25009001910128,70.2867629946478,71.27807270497505,187572800
2020-03-06,69.71273040771484,70.14447238483373,67.83140857783133,68.01712645055636,226176800
2020-03-09,64.1989974975586,67.07404319923313,63.43440466648222,63.61530125773645,286744800
2020-03-10,68.82272338867188,69.08803991197644,64.9708309423438,66.8449246964159,285290000
2020-03-11,66.43248748779297,67.82901176054172,65.57141762175021,66.90523605779914,255598800
2020-03-12,59.871952056884766,65.12277860691059,59.81647812782899,61.73157079868094,418474000
2020-03-13,67.04511260986328,67.51544677339488,61.01040024313374,63.89027874713733,370732000
2020-03-16,58.419952392578125,62.488914833736274,57.88690882116234,58.35723921926418,322423600
2020-03-17,60.98869705200195,62.13437204877519,57.50100834396888,59.69829959615255,324056000
2020-03-18,59.495697021484375,60.298878525080625,57.192279125756,57.83144944633274,300233600
2020-03-19,59.039825439453125,60.98386029227968,58.51643172371911,59.66934574830385,271857200
2020-03-20,55.29166030883789,60.740266023209095,54.99257655004273,59.61870468799079,401693200
2020-03-23,54.117034912109375,55.11317353712298,51.280577065059646,55.01187186548029,336752800
2020-03-24,59.54634475708008,59.74171251843163,56.51210499986582,57.008967128821915,287531200
2020-03-25,59.21832275390625,62.288740571318336,58.924063936740446,60.47977424301287,303602000
2020-03-26,62.33456802368164,62.39245259049927,59.420925829165725,59.45951799394508,252087200
2020-03-27,59.75376892089844,61.71468565033882,59.58734345256695,60.96215693824958,204216800
2020-03-30,61.45902633666992,61.630276765400616,60.154157765040964,60.4773625403671,167976400
2020-03-31,61.33359909057617,63.31140135824747,60.781263041812586,61.6495682716932,197002000
2020-04-01,58.10640335083008,59.990139440698485,57.6770756954336,59.45468518637688,176218400
2020-04-02,59.07600784301758,59.129071143668284,57.13920841031964,57.968921460111474,165934000
2020-04-03,58.227020263671875,59.26174758322528,57.63850251608911,58.562281940486365,129880000
2020-04-06,63.30656814575195,63.46092940152983,60.14932068380105,60.51593510688668,201820400
2020-04-07,62.573341369628906,65.53281460871749,62.46962908019549,65.31573278898928,202887200
2020-04-08,64.17488861083984,64.48843981733701,63.00750327122689,63.37170347185306,168895200
2020-04-09,64.63798522949219,65.13967603448393,63.844457266187234,64.80923934887565,161834800
2020-04-13,65.90667724609375,66.01521817669068,64.11700321080237,64.71517076301717,131022800
2020-04-14,69.23516845703125,69.5246060143818,67.06440885901065,67.5347430495296,194994800
2020-04-15,68.60321807861328,69.06148794812431,67.68667833959124,68.11359162380347,131154400
2020-04-16,69.14834594726562,69.51255354700056,68.10155824756667,69.31477144908467,157125200
2020-04-17,68.21007537841797,69.21104245877268,66.7773737102237,68.66593834588957,215250000
2020-04-20,66.79426574707031,67.93994433259655,66.77497334644413,67.04028985944329,130015200
2020-04-21,64.72962188720703,66.87143866583018,64.02050667372501,66.6374787843657,180991600
2020-04-22,66.59407043457031,67.02821933430408,65.65340957801277,65.99348871174,116862400
2020-04-23,66.33601379394531,67.95684823255365,66.29742162151366,66.53861717868332,124814400
2020-04-24,68.2510986328125,68.26074851489837,66.81116104086111,66.85940309058712,126161200
2020-04-27,68.29930877685547,68.6297453170771,67.5226592475762,67.96886487593393,117087600
2020-04-28,67.19224548339844,68.94091302319053,67.10059736775176,68.76001638114307,112004800
2020-04-29,69.39920043945312,69.86712041006258,68.4730103815356,68.67561376663903,137280800
2020-04-30,70.86322784423828,71.03930319142114,69.54871691757756,69.93703810047037,183064000
2020-05-01,69.7223892211914,72.11745891629081,68.94573936920324,69.04221610297073,240616800
2020-05-04,70.7088851928711,70.83671853428713,69.05910858714758,69.74651734637497,133568000
2020-05-05,71.77012634277344,72.59983938170623,71.02241888364539,71.16713764358983,147751200
2020-05-06,72.51061248779297,73.14012928036907,72.08610600468356,72.46960600947763,142333600
2020-05-07,73.26069641113281,73.60561146479019,72.83378315653766,73.13527743933939,115215200
2020-05-08,75.00444793701172,75.05765488198482,73.59205412028582,73.91855094713767,133838400
2020-05-11,76.18464660644531,76.6780118973252,74.30548031406657,74.51347372073693,145946400
2020-05-12,75.31401062011719,77.31651506334359,75.19308642093533,76.86667320446085,162301200
2020-05-13,74.40465545654297,76.41200151515211,73.33084801811279,75.49297320787404,200622400
2020-05-14,74.86173248291016,74.92219456407604,72.9245250405556,73.64523570507784,158929200
2020-05-15,74.4191665649414,74.46511834982786,72.60530362666714,72.63916594421597,166348400
2020-05-18,76.17255401611328,76.54500254054776,75.0503815134759,75.73965078498989,135178400
2020-05-19,75.73240661621094,77.03354472425552,75.70096514534589,76.18949622469526,101729600
2020-05-20,77.20526885986328,77.27539958314759,76.54985436932522,76.58855099973772,111504800
2020-05-21,76.62969207763672,77.6067619997602,76.39267791109607,77.06743723434977,102688800
2020-05-22,77.123046875,77.20527445284804,76.26690139409212,76.368473598234,81803200
2020-05-26,76.60064697265625,78.41692345166804,76.54501918320653,78.23795799610525,125522000
2020-05-27,76.93441772460938,77.07952829117701,75.72034099160787,76.4579832963975,112945200
2020-05-28,76.96826934814453,78.22346339630693,76.33462758892847,76.61033098448729,133560800
2020-05-29,76.8932876586914,77.66961902448975,76.53777018415474,77.21010850014466,153532400
2020-06-01,77.83890533447266,77.95982952875313,76.71672526884876,76.84732546524727,80791200
2020-06-02,78.19926452636719,78.22345084365439,77.13271214546359,77.57287802595609,87642800
2020-06-03,78.6297607421875,78.89096118094021,77.94774639510123,78.51851253045199,104491200
2020-06-04,77.95259094238281,78.75068784203134,77.58014227825346,78.45321898447096,87560400
2020-06-05,80.17273712158203,80.23319921594221,78.17265369717333,78.20167432156592,137250400
2020-06-08,80.64675903320312,80.68062134923207,79.16181381231353,79.87042779704282,95654400
2020-06-09,83.19341278076172,83.58520593263562,80.29607422866282,80.32751569552633,147712400
2020-06-10,85.33377838134766,85.80054396626458,83.70130187626772,84.13904683755014,166651600
2020-06-11,81.23686981201172,84.90329215862222,81.13529762500492,84.4800574912979,201662400
2020-06-12,81.93824005126953,84.11487578630992,80.83057755802524,83.36998591557237,200146000
2020-06-15,82.95158386230469,83.60215667626827,80.43394102615576,80.59598270848474,138808800
2020-06-16,85.14997100830078,85.42084738289208,83.3699705447458,85.00002619954361,165428800
2020-06-17,85.03147888183594,85.95292070417966,84.91055468068187,85.89245860360263,114406400
2020-06-18,85.06532287597656,85.48130233356078,84.45828115515211,84.98792963255951,96820400
2020-06-19,84.57921600341797,86.2334580419222,83.47396713214061,85.7691132840755,264476000
2020-06-22,86.7921142578125,86.93480389547132,84.92504474201495,84.97099651794542,135445200
2020-06-23,88.64469909667969,90.05951379803278,87.61442248881565,88.03282290304573,212155600
2020-06-24,87.0799560546875,89.19129577084878,86.70750735912304,88.27468803942486,192623200
2020-06-25,88.23595428466797,88.27465090772732,86.47771937429839,87.23470591777716,137522400
2020-06-26,85.52484130859375,88.35204937887517,85.37730996316603,88.13196647381191,205256800
2020-06-29,87.49591064453125,87.59023505976948,84.95650253776073,85.43294416349418,130646000
2020-06-30,88.22631072998047,88.51169750741916,87.0654411337816,87.08478576211239,140223200
2020-07-01,88.0594253540039,88.84543272516727,88.01106009800148,88.30369462192029,110737200
2020-07-02,88.0594253540039,89.59758515519175,87.94576368111557,88.96394347072363,114041600
2020-07-06,90.41502380371094,90.8817894339713,89.45246453610925,89.48390600830983,118655600
2020-07-07,90.13449096679688,91.56865036942912,90.0232427568075,90.79231898432114,112424400
2020-07-08,92.23370361328125,92.2651450795296,91.02204102383105,91.10911026733615,117092000
2020-07-09,92.63034057617188,93.17691283826436,91.58555391386294,93.12370590507383,125642800
2020-07-10,92.79238891601562,92.85043754869993,91.61700927809584,92.22646456657715,90257200
2020-07-13,92.36433410644531,96.69584034150665,92.15150630871287,94.09354889207897,191649200
2020-07-14,93.89277648925781,94.08383134914453,90.81646554532972,91.74757567836954,170989200
2020-07-15,94.53854370117188,96.01139965901083,93.34381194373303,95.76229608743468,153198000
2020-07-16,93.37523651123047,94.22896096414982,92.7778707406749,93.41393313619832,110577600
2020-07-17,93.18660736083984,93.97986982567868,92.71500002379474,93.82509068603153,92186800
2020-07-20,95.15039825439453,95.28825359058399,92.93023208675609,93.2736600045327,90318000
2020-07-21,93.837158203125,96.01379331608409,93.58805470208915,95.93882091931,103433200
2020-07-22,94.10079193115234,94.78038533647508,93.45263999834938,93.53970187859424,89001600
2020-07-23,89.8176498413086,93.91214102009206,89.00987716210209,93.83474776947158,197004400
2020-07-24,89.59516143798828,89.93858943355201,86.23830426873995,88.02073328072413,185438800
2020-07-27,91.71859741210938,91.81050099759301,90.43196935722393,90.65446578253629,121214000
2020-07-28,90.21187591552734,91.46706972799262,90.20703422382543,91.29051773530753,103625600
2020-07-29,91.94108581542969,92.12489295560428,90.6568714411887,90.69314722395283,90329200
2020-07-30,93.0535888671875,93.15758190350233,90.71007737841838,91.11638090213245,158130000
2020-07-31,102.79523468017578,102.94517949075968,97.5374460244692,99.53028163979462,374336800
2020-08-03,105.38542175292969,107.99738106099281,104.37449739019563,104.67196614624173,308151200
2020-08-04,106.08921813964844,107.17753592025956,104.85336899973937,105.57407987592546,173071600
2020-08-05,106.47376251220703,106.7930041847868,105.34674803582895,105.8111002305475,121776800
2020-08-06,110.18855285644531,110.68192568980469,106.21740601381943,106.80509589113738,202428800
2020-08-07,107.6833267211914,110.1667423327947,106.88863402123575,109.71124638392962,198045600
2020-08-10,109.24848937988281,110.26366188327368,106.60516497027935,109.12492193624439,212403600
2020-08-11,105.99944305419922,109.01103688460056,105.74019692749955,108.51435673757749,187902400
2020-08-12,109.52226257324219,109.77908349339258,106.89347486656195,107.08729946496186,165598000
2020-08-13,111.46054077148438,112.46117673591529,110.41144495933911,110.89843907131024,210082000
2020-08-14,111.36119079589844,111.45083484959588,109.55616888260863,111.28608321610146,165565200
2020-08-17,111.0704574584961,112.50478464058327,110.4453668374708,112.48055471705385,119561600
2020-08-18,111.9959945678711,112.41999238397445,110.4889848914492,110.82333863803461,105633600
2020-08-19,112.13652038574219,113.54661780572758,112.04203328527555,112.4030347872071,145538000
2020-08-20,114.6247787475586,114.73865273876372,112.16074255230501,112.17770423893735,126907200
2020-08-21,120.53169250488281,121.01383628095505,115.56970341549895,115.58181468260125,338054800
2020-08-24,121.9732666015625,124.81042301409434,120.11252368244841,124.72561457851019,345937600
2020-08-25,120.9726333618164,121.31668056382314,119.25483735042155,120.84907330953439,211495600
2020-08-26,122.61772155761719,123.07321745146164,121.22216092863566,122.28579308436115,163022400
2020-08-27,121.15190887451172,123.55052326117902,120.01074388155709,123.21859477393856,155552400
2020-08-28,120.95567321777344,122.54020825717129,120.73276826199735,122.12347869162592,187630000
2020-08-31,125.05752563476562,126.95704208405934,122.11135345489677,123.64259283625631,225702700
2020-09-01,130.0388946533203,130.63977010693876,126.50154782295441,128.6627208391991,151948100
2020-09-02,127.34471893310547,133.72164832942713,123.08051792791673,133.34368512573027,200119000
2020-09-03,117.14935302734375,124.86368760735925,116.7810833929827,122.99325909600442,257599600
2020-09-04,117.22689819335938,119.88233348649146,107.46768160963626,116.36436621062012,332607200
2020-09-08,109.33811950683594,115.3176975867679,109.20244081478072,110.4332424909772,231366600
2020-09-09,113.6992416381836,115.4630720645518,111.70282021985868,113.641095738678,176940500
2020-09-10,109.9874496459961,116.78110786689479,109.02800526992252,116.64542916296256,182274400
2020-09-11,108.54342651367188,111.67374465663826,106.60515104021346,111.0341102013086,180860300
2020-09-14,111.79973602294922,112.35214426737836,109.31874564711791,111.17948842899139,140150100
2020-09-15,111.97418212890625,115.16264637332723,110.10374588199468,114.6780774740645,184642000
2020-09-16,108.6694107055664,112.41997637221431,108.58219185919356,111.67374357548836,154679000
2020-09-17,106.9346923828125,108.73728980624097,105.35499997150123,106.33383150429421,178011000
2020-09-18,103.54266357421875,107.45798059007706,102.81581033252574,106.99279865599632,287104900
2020-09-21,106.68269348144531,106.78929923364105,99.91810821399545,101.31366904715068,195713800
2020-09-22,108.35932159423828,109.37691949106974,105.79111171031052,109.20247434858254,183055400
2020-09-23,103.81401062011719,108.65000462629042,103.47480658337498,108.17512932635651,150718700
2020-09-24,104.88008117675781,106.84742948908296,101.75945665626949,101.9242082877403,167743300
2020-09-25,108.81478118896484,108.96984677207095,104.34705574231214,105.08360247419822,149981400
2020-09-28,111.4120864868164,111.76097670476364,109.29936567544041,111.46054633695047,137672400
2020-09-29,110.5689468383789,111.75129633828752,110.06499835009019,111.0147568087837,99382200
2020-09-30,112.23585510253906,113.64110945971419,110.11344818104769,110.27819984549522,142675200
2020-10-01,113.18560791015625,114.0869063866764,112.25523648180236,114.00937358582986,116120400
2020-10-02,109.53192901611328,111.80940830617745,108.75662336739482,109.40594378910399,144712000
2020-10-05,112.90453338623047,113.04990550886205,110.04558034818679,110.39447048492929,106243800
2020-10-06,109.66761779785156,112.53626429637261,108.78569900515828,112.12922087224236,161498200
2020-10-07,111.52838134765625,111.98387730301256,110.6076959885073,111.08257884073628,96849000
2020-10-08,111.42179107666016,112.80765863820771,111.05351392426137,112.66228646720481,83477200
2020-10-09,113.36005401611328,113.38912696820374,111.37331849200241,111.72220870495784,100506900
2020-10-12,120.56075286865234,121.31667922649164,115.59876429754219,116.35469065538149,240226800
2020-10-13,117.36259460449219,121.52019695499536,115.95734765025159,121.40389774875266,262330500
2020-10-14,117.4498291015625,119.23303935883797,115.92828283428057,117.26569052723717,150712000
2020-10-15,116.98462677001953,117.45950223722147,114.50363628707971,115.05604455535725,112559200
2020-10-16,115.3467788696289,117.79870373934006,115.14326081684207,117.53703239008934,115393800
2020-10-19,112.4006118774414,116.70357893346838,112.09048805904365,116.25777640664253,120639300
2020-10-20,113.88337707519531,115.30801072573557,112.06139340503645,112.61380161708941,124423700
2020-10-21,113.26315307617188,115.04636332670981,112.8561095242572,113.0693210528945,89946000
2020-10-22,112.17769622802734,114.39702259575029,111.0534928722476,113.8252274699149,101988000
2020-10-23,111.48960876464844,112.95300885211658,110.75306199696499,112.79794326147403,82572600
2020-10-26,111.49932861328125,112.95303559705839,109.3962935573589,110.49142421725676,111850700
2020-10-27,113.00145721435547,113.66047116286873,111.00503586765389,111.92571374848922,92276800
2020-10-28,107.76811218261719,111.86756801727019,107.67119988879593,111.49929834317572,143937800
2020-10-29,111.7609634399414,113.32127578669785,108.73725104125917,108.90201007579887,146129200
2020-10-30,105.50033569335938,108.53373417860142,104.39551925367714,107.63243577844652,190272600
2020-11-02,105.41311645507812,107.26417322328109,104.00786958662283,105.74262715568275,122866900
2020-11-03,107.0315933227539,108.04918369356872,105.3743683811965,106.27566693473848,107624400
2020-11-04,111.40239715576172,112.02264481194184,108.88264012828803,110.61739783333208,138235500
2020-11-05,115.35647583007812,115.92827100011738,113.26314194201399,114.30980518907859,126387100
2020-11-06,115.22542572021484,115.72053342058035,112.74014741905776,114.8662234022807,114457900
2020-11-09,112.9245834350586,118.42907262853805,112.66246807633155,116.98256825674697,154515300
2020-11-10,112.58483123779297,114.15753861862245,110.79853707591374,112.17709283585141,138023400
2020-11-11,116.0020523071289,116.13796507649292,113.04108708119541,113.7691943770842,112295000
2020-11-12,115.73023986816406,117.011708557713,115.10892216454586,116.12827545684921,103162300
2020-11-13,115.77877807617188,116.17680624012897,114.42935305539847,115.95352413531403,81581900
2020-11-16,116.7884292602539,117.4582830279043,114.7011865774211,115.44870691157024,91183000
2020-11-17,115.90498352050781,117.14761890185565,115.48753500270898,116.06031664652185,74271000
2020-11-18,114.58467102050781,116.32242132257835,114.55554791373581,115.14774244040137,76322100
2020-11-19,115.1768798828125,115.58461824175113,113.40029608169101,114.15752657877456,74113000
2020-11-20,113.91482543945312,115.30308383579212,113.8662893904585,115.17688122037637,73604300
2020-11-23,110.52668762207031,114.18664449638574,110.42960812922888,113.75948583985478,127959300
2020-11-24,111.80816650390625,112.46831748552103,109.30347536130687,110.58495144916897,113874200
2020-11-25,112.6430435180664,113.3420276574267,111.80814661901826,112.17705902961947,76499200
2020-11-27,113.18672180175781,114.060452186272,112.82752688184597,113.1673088628538,46691300
2020-11-30,115.57492065429688,117.43887387012144,113.40030116247651,113.5556343004744,169410200
2020-12-01,119.1377944946289,119.86590193418374,116.50690050184049,117.47771042124693,127728200
2020-12-02,119.48727416992188,119.76880990592802,117.36119829848747,118.45821072635326,89004200
2020-12-03,119.35135650634766,120.16683316485343,118.64266210929217,119.91442054863892,78967600
2020-12-04,118.68152618408203,119.2737208950002,117.97283160313822,119.02130821329096,78260400
2020-12-07,120.1377182006836,120.93378197653361,118.68150343461471,118.73974965511624,86712000
2020-12-08,120.74932861328125,121.33182045894168,119.4969829958177,120.73962584742733,82225500
2020-12-09,118.2252197265625,122.27349493369557,117.46798924542293,120.89494675486756,115089200
2020-12-10,119.64260864257812,120.2542236129108,116.64280964087811,116.98259162067868,81312200
2020-12-11,118.83683013916016,119.17661208486537,117.03112333433712,118.8562430760472,86939800
2020-12-14,118.2252197265625,119.74939086099992,117.99222744160214,119.021283489644,79184500
2020-12-15,124.14715576171875,124.16657610565406,120.50661897640848,120.71048814758292,157243700
2020-12-16,124.07919311523438,124.62284421095526,122.86568091464977,123.69087513639985,98208600
2020-12-17,124.9432373046875,125.79755479893534,124.30249918400162,125.13739633154813,94359800
2020-12-18,122.96278381347656,125.33156230733624,122.43854558581786,125.19564951572379,192541500
2020-12-21,124.4869384765625,124.56460503939759,119.84646874418631,121.3706398580424,121251600
2020-12-22,128.03042602539062,130.48657411125797,125.86550908536934,127.76830318074434,168904800
2020-12-23,127.13727569580078,128.5643526729512,126.96252220441696,128.3022446559515,88223700
2020-12-24,128.11776733398438,129.56427923315684,127.27316756907929,127.48674690488681,54930100
2020-12-28,132.69998168945312,133.33100207588342,129.61279910731304,130.07879843395568,124486200
2020-12-29,130.93312072753906,134.73869359094937,130.41859268818658,134.02030377703682,121047300
2020-12-30,129.81668090820312,132.02042318765425,129.50601467789232,131.62238763508645,96452100
2020-12-31,128.81674194335938,130.80690479845464,127.8750553457784,130.1661668388547,99116600
2021-01-04,125.63250732421875,129.70990576661,123.05985971825433,129.62253643457043,143301900
2021-01-05,127.18576049804688,127.89446217243118,124.68106994978552,125.12764888414577,97664900
2021-01-06,122.9045181274414,127.22462614380248,122.69093878823239,123.99182776037331,155088000
2021-01-07,127.0984115600586,127.78769300515185,124.12773607491964,124.61314095323335,109578200
2021-01-08,128.1954345703125,128.75850602101508,126.42855365810287,128.56433221406948,105158200
2021-01-11,125.21505737304688,126.37032352989739,124.74907276649142,125.41893397094314,100384500
2021-01-12,125.04031372070312,125.90433390902683,123.15694021026238,124.7490677981864,91951100
2021-01-13,127.06930541992188,127.61295658608566,124.73936761825328,125.00147562190729,88636800
2021-01-14,125.1470947265625,127.17608365097323,125.00146436870398,126.98192465387714,90221800
2021-01-15,123.42872619628906,126.4188214024738,123.29281345116149,125.02085327351696,111598500
2021-01-19,124.09861755371094,124.95293491139884,123.23459743091543,124.05007410140924,90757300
2021-01-20,128.1760711669922,128.622650382618,124.79765577535456,124.90444549126148,104319500
2021-01-21,132.8747100830078,135.59298002533745,129.6904556633409,129.8943322047019,120150900
2021-01-22,135.01051330566406,135.76774369341513,131.07873102256855,132.3019459227709,114459400
2021-01-25,138.74810791015625,140.85476298969073,132.55433784796116,138.8937382399215,157611700
2021-01-26,138.9811553955078,140.087878141181,137.24339729703607,139.40831414179996,98390600
2021-01-27,137.91323852539062,140.0878578213645,136.3114082725256,139.24324321793168,140843800
2021-01-28,133.08831787109375,137.8452949915903,132.7097026247184,135.44739349341899,142621100
2021-01-29,128.1081085205078,132.74857965714432,126.40919082950613,131.86513890261062,177523800
2021-02-01,130.22438049316406,131.428189557501,127.10807560577557,129.84576539594647,106239800
2021-02-02,131.0496063232422,132.33106742025004,130.6806938981219,131.76799601841705,83305400
2021-02-03,130.03025817871094,131.80684177003687,129.70988918879502,131.7971241921303,89880900
2021-02-04,133.37954711914062,133.38924988354398,130.66127693474024,132.32136807732365,84183100
2021-02-05,132.96633911132812,133.60803459447885,132.09131060559002,133.53998407473009,75693800
2021-02-08,133.11216735839844,133.16078334273837,131.17736393158722,132.25657350766537,71297200
2021-02-09,132.2371368408203,134.05527394815869,132.08158644572234,132.83021630146237,76774200
2021-02-10,131.63436889648438,133.18999187171354,130.6718255115653,132.69412944515517,73046600
2021-02-11,131.38153076171875,132.6065733213118,130.05925624408061,132.1301604637131,64280000
2021-02-12,131.6149139404297,131.7704791984505,129.98152323777,130.62321880046613,60145100
2021-02-16,129.4954071044922,132.23717460843758,129.1064939168793,131.73160971782258,80576300
2021-02-17,127.21057891845703,128.55230335262408,125.8785865854489,127.60920934245159,97918500
2021-02-18,126.11192321777344,126.39387225132121,123.87572097237708,125.61606083959396,96856700
2021-02-19,126.2674560546875,127.08416608284661,125.2271451192894,126.62720249840024,87668800
2021-02-22,122.50482940673828,126.1216398427311,122.11592370284757,124.4590677731543,103916400
2021-02-23,122.36870574951172,123.1951256816812,115.10591870921408,120.32696020598745,158273000
2021-02-24,121.87286376953125,122.07703760379697,118.83941546871539,121.47424078389619,111039900
2021-02-25,117.63380432128906,122.952070827566,117.19629003176654,121.22144819930787,148199500
2021-02-26,117.89630126953125,121.3867126364465,117.83796059992733,119.18940199791072,164560400
2021-03-01,124.24517059326172,124.38128647028813,119.38386807729292,120.31723727022785,116307900
2021-03-02,121.64924621582031,125.1493828138184,121.54229695879663,124.84798440825688,102260900
2021-03-03,118.67410278320312,122.2228547486705,118.46020430704087,121.34781889971498,112966300
2021-03-04,116.79764556884766,120.17139052818686,115.32953762534804,118.37271017337518,178155000
2021-03-05,118.05188751220703,118.55746720916116,114.30868545617739,117.62409786604603,153766600
2021-03-08,113.13224792480469,117.6435366715147,112.98640734620537,117.57547872386968,154376600
2021-03-09,117.73102569580078,118.67411961018901,115.4948308955723,115.72817134912674,129525800
2021-03-10,116.65181732177734,118.7810627593394,116.13651302909358,118.31438187621302,111943300
2021-03-11,118.576904296875,119.79223007158603,117.89632483014077,119.1408172366033,103026500
2021-03-12,117.6727066040039,117.80882250311154,115.85458391545468,117.06018505801954,88105100
2021-03-15,120.55059051513672,120.56031519817381,117.07962044686742,118.04216378802697,92403800
2021-03-16,122.08673858642578,123.69096973595795,121.26031872689654,122.21312976850402,115227900
2021-03-17,121.2992172241211,122.36870224795845,118.9463412703685,120.60891318675553,111932600
2021-03-18,117.1865463256836,119.76303790222613,116.98237252920022,119.471356811388,121229700
2021-03-19,116.6615219116211,118.0615792444134,116.36012356493978,116.57402203720062,185549500
2021-03-22,119.96722412109375,120.4339124312078,116.92405138540522,116.99210932461362,111912300
2021-03-23,119.14080810546875,120.79364806529563,118.75190240381558,119.90889482634996,95467100
2021-03-24,116.75877380371094,119.49083117848545,116.73933185520713,119.41304854895056,88530500
2021-03-25,117.24491119384766,118.28523723675819,115.69902028170112,116.22404193613586,98844700
2021-03-26,117.84770202636719,118.11021653249013,115.62122444554402,117.01155734823239,94071200
2021-03-29,118.02268981933594,119.17968207349621,117.38100181008681,118.27547960128655,80819200
2021-03-30,116.57402801513672,117.06015823420087,115.56287626935224,116.77820181701264,85671900
2021-03-31,118.76160430908203,120.0935962532518,117.7893439502975,118.27547412968977,118323800
2021-04-01,119.58802795410156,120.73529551085936,119.0921730782952,120.22972337194014,75089100
2021-04-05,122.4075927734375,122.66038256872103,119.65609390540438,120.43390523654203,88651200
2021-04-06,122.7090072631836,123.60348521908364,122.16454371050696,122.99096372232243,80171300
2021-04-07,124.35212707519531,124.37156902257611,121.66868585332091,122.33954801322936,83466700
2021-04-08,126.74390411376953,126.7730707476214,124.95494800509044,125.37301298064794,88844600
2021-04-09,129.31060791015625,129.34949179092436,125.878530556224,126.19937820573638,106686700
2021-04-12,127.5994644165039,129.16480430519968,127.00638495965602,128.84395658242786,91420000
2021-04-13,130.700927734375,130.92455825539042,128.27027730561244,128.76613948780823,91266500
2021-04-14,128.3675537109375,131.25516860713591,128.00782207026887,131.19683535032675,87222800
2021-04-15,130.76907348632812,131.25520387103566,129.93292863121027,130.10794328417643,89347100
2021-04-16,130.43849182128906,130.93433940993674,129.5828977054859,130.57460771830137,84922400
2021-04-19,131.09957885742188,131.71210761044756,129.64118836775324,129.80647084298718,94264200
2021-04-20,129.41758728027344,131.77045575605666,128.15364574587304,131.27460827428777,94812300
2021-04-21,129.79673767089844,130.03980272271662,127.6577681820013,128.68836162802816,68847100
2021-04-22,128.280029296875,130.4287163012516,127.76473251290152,129.349506750087,84566500
2021-04-23,130.59405517578125,131.37185181275385,128.4939686507075,128.4939686507075,78657500
2021-04-26,130.98292541503906,131.31349039844014,129.85509976347652,131.08987465502372,66905100
2021-04-27,130.66207885742188,131.6537886519638,130.38984712331498,131.26487557787047,66015800
2021-04-28,129.8745880126953,131.27464581514576,129.38845765548453,130.58433418027712,107760100
2021-04-29,129.77731323242188,133.26773932174638,128.77588621347985,132.68437715116124,151101000
2021-04-30,127.81336975097656,129.8551078660134,127.43418875564703,128.12448539137938,109839500
2021-05-03,128.86337280273438,130.35094470080776,128.17307630207762,128.3772426558717,75135100
2021-05-04,124.30350494384766,127.84254003096058,123.18540387178189,127.55085891033158,137564700
2021-05-05,124.54658508300781,126.83138852361431,124.42018646140798,125.61606280982821,84000900
2021-05-06,126.14108276367188,126.15080002789722,123.60347484441658,124.34239490228468,78128300
2021-05-07,126.81304931640625,127.8356447154217,126.1020830738948,127.43635221155397,78973300
2021-05-10,123.54073333740234,126.16055151436144,123.50177596650869,126.03395306208488,88071200
2021-05-11,122.62525939941406,122.97586087179818,119.5671689854115,120.27812799107281,126142800
2021-05-12,119.5671615600586,121.38837950118456,119.06073063774643,120.18073081693389,112172300
2021-05-13,121.70977783203125,122.85899423262195,121.01830123774441,121.32995276517451,105861300
2021-05-14,124.12507629394531,124.55359993393608,122.56681864446786,122.95638491442686,81918000
2021-05-17,122.97586822509766,123.61865372868071,121.90456648281831,123.51152281141687,74244600
2021-05-18,121.5928955078125,123.67706631560182,121.52472197411315,123.25828391420353,63342900
2021-05-19,121.43708038330078,121.66107596519278,119.65481977612977,119.94699632595916,92612000
2021-05-20,123.98872375488281,124.3880312073582,121.83637931031465,121.96299261493283,76857100
2021-05-21,122.15776062011719,124.66071371547133,121.9434988295615,124.48540928959464,79295400
2021-05-24,123.78421783447266,124.60230780549196,122.65448374065255,122.72265728570756,63092900
2021-05-25,123.58941650390625,124.97237699199731,123.02454584189425,124.48541363170318,72009500
2021-05-26,123.54073333740234,124.06664669892854,123.12195088824402,123.64786424977021,56575900
2021-05-27,122.01168060302734,124.3101132618625,121.81690119683103,123.14142196396851,94625600
2021-05-28,121.35916137695312,122.51811890538758,121.30072904118603,122.29411590101695,71311100
2021-06-01,121.03778076171875,122.07986629236983,120.70665425214682,121.8169133247897,67637100
2021-06-02,121.79742431640625,121.97272876206887,120.81377861108228,121.03777419532105,59278900
2021-06-03,120.31709289550781,121.59291527515944,119.91778539724056,121.42735201359653,76229200
2021-06-04,122.60578918457031,122.86874960294172,120.61900768168596,120.83326952469692,75169300
2021-06-07,122.61550903320312,123.02455024570587,121.57342360305104,122.878461975424,71057600
2021-06-08,123.43360137939453,125.10873859219605,122.91742922255409,123.29725429760116,74403800
2021-06-09,123.81341552734375,124.41724357225148,123.2193286818069,123.89133026159469,56877900
2021-06-10,122.82003021240234,124.84576874618693,122.654466972811,123.70628617695928,71186400
2021-06-11,124.02767181396484,124.11532774368726,122.81028200929232,123.22906439931397,53522400
2021-06-14,127.0760269165039,127.13445925571631,123.75499103493249,124.48542499652146,96906500
2021-06-15,126.25792694091797,127.19288882083843,126.01444898747893,126.5501034571878,62746300
2021-06-16,126.7546615600586,127.47536190763753,125.10876249421726,126.96892342391395,91815000
2021-06-17,128.3518524169922,129.0920350275276,126.26768138864819,126.41377710106734,96721700
2021-06-18,127.05661010742188,128.07920617336706,126.84234820428293,127.30008819183223,108953300
2021-06-21,128.84857177734375,128.955702701089,125.83918700220758,126.90074760795298,79663300
2021-06-22,130.48471069335938,130.5821078265205,128.18627804148716,128.68298261560656,74783600
2021-06-23,130.2120361328125,130.815871699919,129.75429628741554,130.2802171084206,60214200
2021-06-24,129.9296112060547,131.12751887622477,129.46212271856308,130.94247320751583,68711000
2021-06-25,129.6374053955078,130.3970554405537,129.34522887186355,129.978280483212,70783700
2021-06-28,131.2638702392578,131.72161011019884,129.87118308436172,129.929615432019,62111300
2021-06-29,132.77342224121094,132.92925172484664,130.84508067855094,131.28333809814853,64556100
2021-06-30,133.38697814941406,133.82523552499876,132.32540290188453,132.61757943917965,63261400
2021-07-01,133.68894958496094,133.74738194699498,132.21833245706495,133.03643010770966,52485800
2021-07-02,136.30870056152344,136.34765049437885,134.15634896857634,134.30242979267734,78852600
2021-07-06,138.31495666503906,139.41546688315523,136.4158316454704,136.4158316454704,108181800
2021-07-07,140.79844665527344,141.11009072715532,138.9382714107099,139.79530375392193,104911600
2021-07-08,139.50315856933594,140.30175867225685,137.00019762598444,137.88646110200742,105575500
2021-07-09,141.3243865966797,141.85029259632174,138.92855627210733,139.02595342720224,99890800
2021-07-12,140.7302703857422,142.5027971874123,140.24331443285035,142.39566628334748,76299700
2021-07-13,141.840576171875,143.61310355848642,139.8830179451055,140.2725768916885,100827100
2021-07-14,145.25900268554688,145.66805889824494,143.8273505232674,144.23640673596546,127050800
2021-07-15,144.60641479492188,146.0867648396301,143.25267803516988,145.3465972476331,106820300
2021-07-16,142.57098388671875,145.85306272785598,142.07429409288326,144.58698895603396,93251400
2021-07-19,138.73374938964844,140.31149679803218,137.97409928442224,139.99983785193092,121434600
2021-07-20,142.3372344970703,143.26246279631377,139.23046766424767,139.71742366986297,96350000
2021-07-21,141.6068115234375,142.31777804675525,140.85690991607032,141.73342485019364,74993500
2021-07-22,142.9702911376953,144.33376205602218,142.00611286355945,142.13272618480354,77338200
2021-07-23,144.68434143066406,144.84017089255983,143.0871265980212,143.70069581628857,71447400
2021-07-26,145.10313415527344,145.92121655552194,143.8467795270844,144.4019164234274,72434100
2021-07-27,142.9411163330078,145.3174647875763,141.75294210572358,145.22980138403491,104818600
2021-07-28,141.19775390625,143.13584408542147,138.82140631068384,141.0321906538661,118931200
2021-07-29,141.840576171875,142.72683986518072,140.808231588781,140.9153625281995,56699500
2021-07-30,142.05479431152344,142.51253410621536,140.35044843873504,140.61340882010876,70440600
2021-08-02,141.72361755371094,143.11630398263364,141.46065726560872,142.54169971590517,62880000
2021-08-03,143.51565551757812,144.17790846415585,141.39251988736964,142.00608912842299,64786600
2021-08-04,143.11631774902344,143.9343999899092,142.46379870969463,143.4279766183396,56368300
2021-08-05,143.2235107421875,143.98316098970645,142.35672956946877,143.14559599106772,46397700
2021-08-06,142.54075622558594,143.48686754429556,142.04332223777357,142.74559073997008,54126800
2021-08-09,142.4920196533203,143.08699686693947,141.93606563439081,142.59931111423487,48908700
2021-08-10,142.01405334472656,144.0720871817776,141.7214390067462,142.83336158468475,69023100
2021-08-11,142.2676239013672,143.10644361120174,141.94574966449076,142.45294678468827,48493500
2021-08-12,145.2230224609375,145.37908543032157,142.24813722010816,142.58952310526286,72282600
2021-08-13,145.42784118652344,145.75946379823836,144.6182813640554,145.30103817728678,59375000
2021-08-16,147.39805603027344,147.46633914191412,142.86258697892168,144.88159714502063,103296000
2021-08-17,146.4910125732422,147.94430623200614,145.41809822926902,146.53002087530285,92229700
2021-08-18,142.7553253173828,147.00794422226895,142.55049082276733,146.1106045300614,86326000
2021-08-19,143.08697509765625,144.35496083837427,140.94116108881812,141.45810671739775,86960300
2021-08-20,144.5402374267578,144.84260006919433,143.1649606824682,143.80870914358007,60549600
2021-08-23,146.0228271484375,146.4910011515847,144.24764444190524,144.65729855503196,60131800
2021-08-24,145.9350128173828,147.1444782861979,145.47658722985506,145.76920152361467,48606400
2021-08-25,144.70608520507812,146.61781948232644,144.15987966385998,146.120370599229,58991300
2021-08-26,143.90623474121094,145.44732274946605,143.8769748010463,144.6962977745989,48597200
2021-08-27,144.9401397705078,145.08643947056316,143.21372889495123,143.847714105832,55802400
2021-08-30,149.3488006591797,149.7096980445359,144.94988286885493,145.3302769581914,90956700
2021-08-31,148.09060668945312,149.03671791602926,147.5638979226051,148.90016654739884,86453100
2021-09-01,148.7538604736328,151.16302859498964,148.58804915099893,149.06598641010868,80313700
2021-09-02,149.86578369140625,150.9094380524186,148.64656965264444,150.08036655286702,71115500
2021-09-03,150.49977111816406,150.82164538297303,149.3195654805312,149.97306236375573,57808700
2021-09-07,152.83090209960938,153.38685589495006,150.58754556278473,151.15326259436534,82278300
2021-09-08,151.28977966308594,153.1722383409362,150.18760579250247,153.11371846868906,74420200
2021-09-09,150.27542114257812,152.26517148741016,150.15836649901337,151.66044621375175,57305700
2021-09-10,145.301025390625,151.65068551937273,145.03767104191758,151.18251158621138,140893200
2021-09-13,145.86676025390625,147.6906995642944,145.08646034770857,146.92016289482572,102404300
2021-09-14,144.4719696044922,147.34932639599026,143.2917788504928,146.64705797915482,109296300
2021-09-15,145.3595733642578,145.7594791408811,142.76508231790012,144.90114769505237,83281300
2021-09-16,145.1254425048828,145.30101702156867,143.5941177955223,144.7840715894616,68034100
2021-09-17,142.4627227783203,145.15475696069768,142.17010842593353,145.15475696069768,129868800
2021-09-20,139.4195556640625,141.27275491051466,137.79068761664803,140.2583754550107,123478900
2021-09-21,139.8974609375,141.03865814980705,139.2634757155347,140.38514645685206,75834000
2021-09-22,142.25790405273438,142.82360628582634,140.16084691647131,140.89237536058963,76404300
2021-09-23,143.21371459960938,143.45755733068214,142.05302081842638,143.03814009408782,64838200
2021-09-24,143.30152893066406,143.83798604484667,141.97502355876833,142.07256662788618,53477900
2021-09-27,141.7897186279297,142.36519899589,140.27790504587242,141.88726170941032,74150700
2021-09-28,138.41494750976562,141.1849984849811,138.20036462885602,139.72194150586213,108972300
2021-09-29,139.3123016357422,140.89239857280592,138.53200152353028,138.96116732939618,74602000
2021-09-30,138.01499938964844,140.8240726910163,137.80041657451724,140.12180436567434,89056700
2021-10-01,139.13668823242188,139.40004260947205,135.68388091891475,138.40515987182454,94639600
2021-10-04,135.71315002441406,138.70754679310303,134.8645818313905,138.26861784072736,98322000
2021-10-05,137.6346435546875,138.73681787676418,135.9277437943665,136.05454682483122,80861100
2021-10-06,138.50270080566406,138.64900052233625,134.96209883237336,136.035013031244,83221100
2021-10-07,139.7609405517578,140.66804355787346,139.2049866756737,139.53660933038944,61732700
2021-10-08,139.38052368164062,140.62899749402928,139.04890108087716,140.48269778280476,58773200
2021-10-11,139.29273986816406,141.24348200456123,138.31736879996546,138.76604603984862,64452200
2021-10-12,138.02476501464844,139.72191616043952,137.56633938704366,139.7024045703548,73035900
2021-10-13,137.4395294189453,137.91745167770748,135.7716384818284,137.7614036307742,78762700
2021-10-14,140.2193603515625,140.33641501765865,138.02477512030043,138.61000380183043,69907100
2021-10-15,141.27276611328125,141.33128600610704,139.97552058470157,140.2291266309253,67940300
2021-10-18,142.94065856933594,143.2235096811566,139.63415065247935,139.9170017643,85589200
2021-10-19,145.09617614746094,145.49608180607396,142.9406146975332,143.38927699692093,76378900
2021-10-20,145.5838623046875,146.0617994269622,144.47194001956103,145.037656955219,58418800
2021-10-21,145.7984619140625,145.9545248556128,144.22811391179323,145.1449650896746,61421000
2021-10-22,145.0279541015625,146.48124774454206,144.97918256227808,146.00332535531382,58883400
2021-10-25,144.97914123535156,145.69115788039105,143.98425867288518,145.0181495258691,50720600
2021-10-26,145.64244079589844,147.1249943659197,145.34006320959406,145.65218915043056,60893400
2021-10-27,145.18399047851562,146.04230690415662,144.83285629616836,145.68142436893194,56094900
2021-10-28,148.81234741210938,149.39756103040457,146.03253435552523,146.13007740006395,100077900
2021-10-29,146.11058044433594,146.24713179057537,142.80407331191392,143.59412144965486,124953200
2021-11-01,145.29127502441406,146.0130400607468,144.15984105888933,145.32053496464482,74588300
2021-11-02,146.32516479492188,147.83699285465968,144.98889637520205,144.9986596105235,69122000
2021-11-03,147.75897216796875,148.22714612515688,146.1301042293714,146.68605801297326,54511500
2021-11-04,147.2420196533203,148.67580139860405,146.92989377476803,147.84674493928904,60394600
2021-11-05,147.76950073242188,148.66815006608644,146.57781000839395,148.36534609443586,65463900
2021-11-08,146.948974609375,148.0527572213007,146.67547332752292,147.8964665160418,55020900
2021-11-09,147.31039428710938,147.91600218212633,146.57779832196186,146.71454897260128,56787900
2021-11-10,144.48745727539062,146.64617992683026,144.4190894029692,146.5387319232798,65187100
2021-11-11,144.43861389160156,145.96241109507744,144.25302053135974,145.50333134171993,41000000
2021-11-12,146.5094757080078,146.90995029842682,144.05771091491658,144.98566310982142,63804000
2021-11-15,146.5192108154297,148.35558969382197,145.96243066007273,146.88062009926887,59222800
2021-11-16,147.49600219726562,147.97463697406297,145.87451939068316,146.4606021824879,59256200
2021-11-17,149.92823791503906,151.40319268452978,147.48625093625634,147.4960135184774,88807000
2021-11-18,154.20657348632812,154.98801222203343,149.49843081431837,150.14311888912806,137827700
2021-11-19,156.8243408203125,157.28343537167012,152.8976232361323,153.99162817313794,117305600
2021-11-22,157.28346252441406,161.85485386154411,157.26392246010866,157.92813559947206,117467900
2021-11-23,157.66441345214844,158.0453627342285,155.36894027506222,157.3811346832133,96041900
2021-11-24,158.18212890625,158.3774848564214,155.9354982175197,157.01974088138022,69463600
2021-11-26,153.17117309570312,156.72670517440085,152.7316184657377,155.8671359816053,76959800
2021-11-29,156.5215606689453,157.4495124904144,155.1051966783485,155.67173929364688,88748200
2021-11-30,161.4641571044922,161.67905311784355,156.20899716750552,156.27737994661885,174048100
2021-12-01,160.94647216796875,166.34814584365344,160.71203606659066,163.5935775451036,152052500
2021-12-02,159.9598846435547,160.38967666927002,154.13819694441963,155.0563862894109,136739200
2021-12-03,158.08444213867188,161.13205157338396,156.01364225594332,160.21386222018816,118023100
2021-12-06,161.48367309570312,163.98426461858526,160.46779847409405,160.47756105335333,107497000
2021-12-07,167.20767211914062,167.59839885439817,164.43357936996645,165.15641265166715,120405400
2021-12-08,171.01719665527344,171.87678065417452,166.73883163036436,168.1356556285786,116998900
2021-12-09,170.50926208496094,172.64844463234323,169.8841141404718,170.85114615502485,108923700
2021-12-10,175.28579711914062,175.46162790674452,170.63625994665398,171.14419733842757,115402700
2021-12-13,171.66189575195312,177.9036129181879,171.45676231906222,176.91704079075095,153237000
2021-12-14,170.28460693359375,173.6154801461527,168.21380712036787,171.1832561903654,139380400
2021-12-15,175.13931274414062,175.33466872556772,168.31151164367364,171.04654009777133,131063300
2021-12-16,168.2626495361328,176.93659123544322,166.78769490587976,175.11975249855263,150185800
2021-12-17,167.16864013671875,169.44457351876034,165.75229083845704,165.98671202152144,195432700
2021-12-20,165.81089782714844,166.62163920449956,163.5740445559153,164.375008447403,107499100
2021-12-21,168.97569274902344,169.1808112556796,165.19548774606798,167.57886880713295,91185900
2021-12-22,171.56419372558594,171.7790897184107,168.15517538914062,169.02452194022183,92135300
2021-12-23,172.18936157226562,172.74614168304623,171.2028043307869,171.76934702247985,68356600
2021-12-27,176.1453857421875,176.2332936859138,172.96104046356876,172.9805656257053,74919600
2021-12-28,175.12950134277344,177.12217071968058,174.38714279522745,175.9793227997058,79144300
2021-12-29,175.21742248535156,176.43841575185178,174.0061917992903,175.16857977375096,62348900
2021-12-30,174.06478881835938,176.3798020768136,173.95734081982604,175.30532209148024,59773000
2021-12-31,173.44943237304688,175.0709001571645,173.14661351296067,173.9573548573712,64062300
2022-01-03,177.78640747070312,178.6362290402615,173.58620196027948,173.70341256103026,104487900
2022-01-04,175.52996826171875,178.6947878000668,174.96342566446933,178.3919838905217,99310400
2022-01-05,170.86093139648438,175.9891036993743,170.58743006603996,175.44210103848545,94537600
2022-01-06,168.00869750976562,171.23212317548703,167.65705080251047,168.69245085589924,96904000
2022-01-07,168.17474365234375,170.0990304259398,167.06119827767387,168.878037036841,86709100
2022-01-10,168.1942596435547,168.4970635759533,164.26754129298973,165.15642793014217,106765600
2022-01-11,171.01719665527344,171.1148671703379,166.85605711502512,168.3212489833143,76138300
2022-01-12,171.45675659179688,173.06846173538992,170.7632407657719,172.0330618342014,74805200
2022-01-13,168.1942596435547,172.52145244084235,167.80353287215138,171.70094857794888,84505800
2022-01-14,169.05386352539062,169.74737940608347,167.11979931497876,167.36399798657283,80440800
2022-01-18,165.85975646972656,168.5361646254104,165.4788071020713,167.53006719532837,90956700
2022-01-19,162.37257385253906,167.1100339648471,162.08930995625335,166.05509393247632,94815000
2022-01-20,160.69247436523438,165.74250066133902,160.3701303584997,163.10515822088573,91420500
2022-01-21,158.64120483398438,162.4702376425932,158.5337568383858,160.604556493883,122848900
2022-01-24,157.86956787109375,158.53379607319022,151.11014976934194,156.30670516297684,162294600
2022-01-25,156.07225036621094,158.98309429431202,153.37630245676536,155.29081165334586,115798400
2022-01-26,155.98434448242188,160.57527648713483,154.15774320444362,159.70592982008216,108275300
2022-01-27,155.52525329589844,160.0380400395087,154.6070638933257,158.68029600296296,121954600
2022-01-28,166.37742614746094,166.39696621279427,159.02216399560837,161.86463986114418,179935700
2022-01-31,170.72413635253906,170.9390323284137,165.5764253199615,166.2113506685732,115541600
2022-02-01,170.55809020996094,170.78274877423786,168.31145985308757,169.97200754131524,86213900
2022-02-02,171.7595672607422,171.79864739328102,169.30781806090394,170.69486467196293,84914300
2022-02-03,168.88780212402344,172.15030783567607,168.125903430298,170.4311395793071,89418100
2022-02-04,168.6042022705078,170.27665611869838,166.9317484223172,167.9097877683782,82465400
2022-02-07,167.8902130126953,170.1299162190593,167.19579861278513,169.0638570704662,77251200
2022-02-08,170.9905548095703,171.49913925228722,167.6652133594248,167.95862803498034,74829200
2022-02-09,172.4087371826172,172.77060688626915,171.05903840340724,172.18379236064646,71285000
2022-02-10,168.34010314941406,171.6263154743887,167.78262856301606,170.31574652168356,90865900
2022-02-11,164.93655395507812,169.2790510191681,164.3497243806945,168.54552151303656,98670700
2022-02-14,165.17120361328125,165.8558278146307,162.90214634745072,163.6943554178471,86185500
2022-02-15,168.995361328125,169.15185115822308,166.5111487010071,167.21533801275692,62527400
2022-02-16,168.7606658935547,169.5333102903167,166.31556790878483,168.07604144255788,61177400
2022-02-17,165.17120361328125,168.13466009630608,164.77020410831645,167.2739811439306,69589300
2022-02-18,163.62599182128906,166.79482987221778,162.5403675088088,166.09065524599768,82772700
2022-02-22,160.71139526367188,163.02934320107533,158.58903724171788,161.35688974047144,91162800
2022-02-23,156.55471801757812,162.5011823133144,156.24173835796486,161.90457789540673,90009200
2022-02-24,159.16610717773438,159.27369208830245,148.66196063900136,149.22922517438823,141147500
2022-02-25,161.2297821044922,161.4938419663862,157.33717500506495,160.24195287546036,91974200
2022-02-28,161.49380493164062,161.78721963459702,158.86287747049465,159.47904685433394,95056600
2022-03-01,159.61598205566406,162.94132403155473,158.41299811175085,161.08304074169718,83474400
2022-03-02,162.90219116210938,163.6846254319098,159.37146939131958,160.7798480922219,79724800
2022-03-03,162.57948303222656,165.20063634825544,161.91442341280975,164.7702966304226,76678400
2022-03-04,159.5866241455078,161.9143617747294,158.54013016070306,160.87764280753723,83737200
2022-03-07,155.80165100097656,161.39603654297554,155.5473512521712,159.7724878532729,96418800
2022-03-08,153.9824981689453,159.30303394754864,152.3785144348394,155.33219707675556,131148300
2022-03-09,159.37147521972656,159.8213797915154,155.90922322313332,157.9337564869507,91454900
2022-03-10,155.03875732421875,156.86768560681452,152.55452973284972,156.68185579600046,105342000
2022-03-11,151.33197021484375,155.78205064733166,151.10702542359093,155.43973102802846,96970100
2022-03-14,147.31227111816406,150.7354085874783,146.80370143921206,148.12404550887342,108732100
2022-03-15,151.68406677246094,152.15353624322603,147.07751138372214,147.58608092484786,92964300
2022-03-16,156.08526611328125,156.48626575095446,151.06793536575267,153.60105321090987,102300200
2022-03-17,157.09263610839844,157.4642957434988,154.16830873861088,155.12678288189394,75615400
2022-03-18,160.37884521484375,160.86786475806085,156.25151907619613,156.98504839102176,123511700
2022-03-21,161.7481231689453,162.69682236043158,159.4301601813594,159.9191797677464,95811400
2022-03-22,165.1125946044922,165.6994092047397,161.2884575262128,161.87527212646032,81532000
2022-03-23,166.47203063964844,168.84865833026834,163.9682381752626,164.30078278901993,98062700
2022-03-24,170.247314453125,170.31576944635216,166.47208201761543,167.3034064993506,90131400
2022-03-25,170.88299560546875,171.43069512284325,168.95625735233114,170.061446329407,80546200
2022-03-28,171.7436981201172,171.87083307439428,168.22275085370143,168.38901573521346,90371900
2022-03-29,175.02992248535156,175.07881251217484,172.467449330379,172.80976906031557,100589400
2022-03-30,173.8660125732422,175.66560091058673,172.8195035873902,174.628881866762,92633200
2022-03-31,170.77540588378906,174.120297776475,170.5700111087268,173.93446796182153,103049300
2022-04-01,170.48199462890625,171.0394840841696,168.16404671715162,170.20814487239906,78751300
2022-04-04,174.52130126953125,174.5702062097959,170.60914482743888,170.7362946873885,76468400
2022-04-05,171.2155303955078,174.38438259894033,170.58958593943765,173.60194829792937,73401800
2022-04-06,168.05648803710938,169.8169616919483,166.393824277865,168.57484765163213,89058800
2022-04-07,168.3596649169922,169.55287391806212,166.11996174699982,167.401190693142,77594700
2022-04-08,166.354736328125,168.00762548437808,165.48428176298384,168.00762548437808,76575500
2022-04-11,162.1099853515625,165.31795249524248,161.8654755697351,165.00498773482366,72246700
2022-04-12,163.9780731201172,166.13953162244414,162.98046885243798,164.33016786613953,79265200
2022-04-13,166.65785217285156,167.28379658301122,163.10758048377514,163.71395993382896,70618900
2022-04-14,161.66009521484375,167.50878046321276,161.4155854111937,166.87304601950618,75329400
2022-04-18,161.44493103027344,162.94132974863555,159.977872292766,160.32017704396847,69023900
2022-04-19,163.72372436523438,164.13451388243473,160.31037777023087,161.39600166868107,67723800
2022-04-20,163.55751037597656,165.1712841990279,162.4523360987669,165.05390933318154,67929800
2022-04-21,162.7652587890625,167.7630389892028,162.26646424033356,165.200581424204,87227800
2022-04-22,158.23692321777344,164.18340212764667,157.95329847424364,162.80437847987656,84882400
2022-04-25,159.3030242919922,159.58664908398902,154.98009296481885,157.5816658069576,96046400
2022-04-26,153.3565673828125,158.77489861463468,153.27832244686797,158.68687865808295,95623200
2022-04-27,153.13162231445312,156.2808951707583,151.9677531448404,152.4861127865459,88063200
2022-04-28,160.04637145996094,160.9070509325013,155.43979918595625,155.75277896640634,130216800
2022-04-29,154.18785095214844,162.55008785176082,153.7966412998766,158.28583697775457,131747600
2022-05-02,154.49107360839844,154.7551334388098,149.9040675207667,153.2685246478865,123055300
2022-05-03,155.97767639160156,157.18067526746918,152.88708408047324,154.67688255687574,88966500
2022-05-04,162.3740692138672,162.82395888042848,155.76251479077115,156.1635144371754,108256500
2022-05-05,153.32717895507812,160.47664169209344,151.54714080304078,160.25169689963175,130525300
2022-05-06,154.052001953125,156.16767394547392,151.0156200226824,152.8080631040653,116124600
2022-05-09,148.93911743164062,152.63174611813972,148.38082388612466,151.7502087551316,131577900
2022-05-10,151.33883666992188,153.52307898712107,149.7912627423493,152.32811702969943,115366700
2022-05-11,143.49325561523438,152.25956414663153,142.81741468212965,150.3495886480442,142689800
2022-05-12,139.6341094970703,143.19940187956024,135.95128476595931,139.83980605277625,182602000
2022-05-13,144.0907440185547,145.0604308345469,140.17283922837782,141.62245981596948,113990900
2022-05-16,142.552978515625,144.49235241019304,141.2208901087805,142.56278284412517,86643800
2022-05-17,146.17701721191406,146.69613834453236,143.66954586445135,145.80481151470883,78336300
2022-05-18,137.9298553466797,144.33562356857507,137.02872402723415,143.83609605190958,109742900
2022-05-19,134.5310516357422,138.7525913397019,133.7964445425997,137.00912503429328,136095600
2022-05-20,134.76612854003906,137.81230015984903,129.8883411847853,136.23534285932448,137426100
2022-05-23,140.17282104492188,140.31973647724712,134.82487512400195,134.9620011760451,117726300
2022-05-24,137.4792938232422,139.05625126128453,134.51148183512868,137.92005516834,104132700
2022-05-25,137.63595581054688,138.8798794260536,135.5006906054065,135.58883984827878,92482700
2022-05-26,140.82907104492188,141.37757526410218,134.32535040420584,134.57021942674126,90601500
2022-05-27,146.56883239746094,146.6080048732437,142.27872143657157,142.4060581377044,90978500
2022-05-31,145.78521728515625,147.5678709384086,143.82626511004062,146.01050754614022,103718400
2022-06-01,145.6578826904297,148.62569377792533,144.64900865939228,146.823446577346,74286600
2022-06-02,148.10658264160156,148.16534881431244,143.84585577263883,144.7959487531145,72348100
2022-06-03,142.39625549316406,144.93309527765794,141.49513917786348,143.88504856420633,88570300
2022-06-06,143.14064025878906,145.52077501341512,141.92608448379778,144.01237341190438,71598400
2022-06-07,145.6578826904297,145.94192415465892,141.1424977278199,141.38736672807937,67808200
2022-06-08,144.9232940673828,146.79408210793065,144.4335560047601,145.5305644824367,53950200
2022-06-09,139.71246337890625,144.91347882072873,139.60472041542363,144.06133943857793,69473000
2022-06-10,134.31553649902344,137.87102389401954,134.24696601133667,137.40087964136862,91437900
2022-06-13,129.17335510253906,132.4252090464818,128.74238308627127,130.14302719351753,122207100
2022-06-14,130.0352783203125,131.14209140798755,128.78154975446083,130.39769474252046,84784300
2022-06-15,132.6504364013672,134.5212392737676,129.44756042743367,131.53383428431485,91533000
2022-06-16,127.39067077636719,129.67285209068328,126.39160087860697,129.36921686332983,108123900
2022-06-17,128.85987854003906,130.34868645706888,127.14579529566508,127.40046865716874,134520300
2022-06-21,133.08140563964844,134.2469845261448,130.58375367786297,130.68169231513036,81000500
2022-06-22,132.57208251953125,134.93260831981635,131.1616346888571,132.02356340545535,73409200
2022-06-23,135.4321746826172,135.74559928638683,132.84635818263115,134.0119372202921,72433800
2022-06-24,138.75259399414062,138.99746302987265,136.90138468183136,137.0287064173905,89116800
2022-06-27,138.75259399414062,140.5450371291734,138.0767530642211,139.7712426067131,70207900
2022-06-28,134.6191864013672,140.47644880841756,134.50165406172098,139.212931320367,67083400
2022-06-29,136.37245178222656,137.78289974267364,133.8649953839291,134.63878986432783,66242400
2022-06-30,133.91395568847656,135.53008505921423,131.02450456880948,134.4330767564404,98964500
2022-07-01,136.07864379882812,136.1863867964731,132.87576685593524,133.24795771047167,71051600
2022-07-05,138.65464782714844,138.70362462604172,134.11966825992553,134.94243962271915,73353800
2022-07-06,139.98670959472656,141.16207781793045,138.18447732277275,138.44894003031942,74064300
2022-07-07,143.34637451171875,143.54226679903198,140.33937484449694,140.34916422789436,66253700
2022-07-08,144.0221405029297,144.52168281438622,142.02401609395528,142.27867446652914,64547800
2022-07-11,141.8966827392578,143.6303594367227,140.82905749070648,142.68026652507825,63141600
2022-07-12,142.86639404296875,145.40323372369386,142.07302074051665,142.76844044820817,77588800
2022-07-13,142.50399780273438,143.44428658574307,139.20315284375937,140.05530730128564,71185600
2022-07-14,145.42283630371094,145.89298070687983,140.30996921418316,141.1229362743088,78140700
2022-07-15,147.0879364013672,147.76377735798872,145.1583671279135,146.7059412883577,76259900
2022-07-18,144.0515899658203,148.45923341835072,143.68917356336667,147.64626627696484,81420900
2022-07-19,147.90090942382812,148.1261847699647,143.89485526545627,144.88412086859606,82982400
2022-07-20,149.89903259277344,150.56508418725386,147.28383290571463,148.01844006316782,64823400
2022-07-21,152.16163635253906,152.37712231601844,148.82161886422966,151.3290755894941,65086600
2022-07-22,150.92747497558594,153.07253011561605,150.2614383736218,152.20079694797485,66675400
2022-07-25,149.81089782714844,151.85799971719163,149.15465049641978,150.84914031891685,53623900
2022-07-26,148.48861694335938,149.94802710334568,147.70503289373295,149.13505995960023,55138700
2022-07-27,153.5720672607422,154.10099277980115,149.0371026048061,149.4484808165071,78620700
2022-07-28,154.1205596923828,154.4046011657363,151.24089776552904,153.75814339733685,81378700
2022-07-29,159.17466735839844,160.27169083424704,156.22644946059978,157.93074338059327,101786900
2022-08-01,158.19520568847656,160.2325181068246,157.58793518866128,157.70546755749734,67829400
2022-08-02,156.7259979248047,159.076750020311,156.35380709254014,156.81416215078264,59907000
2022-08-03,162.72036743164062,163.1709180629882,157.45078129075776,157.53893055181024,82507500
2022-08-04,162.4069366455078,163.75861850349844,161.05525478751719,162.60282888470158,55474100
2022-08-05,162.18133544921875,162.67175374212067,159.87636348602825,160.08234575425365,56697000
2022-08-08,161.71054077148438,164.59420304327227,161.05338198319762,163.18179581085533,60276900
2022-08-09,161.75961303710938,162.6423751902944,160.12161727807143,160.8768658503071,63135500
2022-08-10,165.99679565429688,166.0948703368816,163.70162657940335,164.46667794890814,70170500
2022-08-11,165.2611846923828,167.71327649760102,164.9669306824805,166.8010905635419,57149200
2022-08-12,168.80198669433594,168.87063747457046,166.1537158722437,166.5656804191666,68039400
2022-08-15,169.87107849121094,170.06724280100903,168.06634289486433,168.23308330651162,54091700
2022-08-16,169.71417236328125,170.38114909928223,168.3704308785935,169.46896318920653,56377100
2022-08-17,171.2050323486328,172.77436193637106,169.2629800618565,169.45914438952641,79542000
2022-08-18,170.81268310546875,171.5483105348056,169.8024226331564,170.42035446304044,62290100
2022-08-19,168.2330780029297,170.41053619571213,168.02709575598993,169.7141357065489,70346300
2022-08-22,164.3588104248047,166.6049198473659,163.9370428679026,166.43817940694694,69026800
2022-08-23,164.02529907226562,165.4769480040651,163.4564120530002,163.87817957003261,54147100
2022-08-24,164.3195343017578,164.88842125613922,163.0640648046323,164.11356702212305,53841500
2022-08-25,166.7716827392578,166.8795753877456,165.12388407113372,165.54563671843377,51218200
2022-08-26,160.48451232910156,167.77213753118554,160.42566451575846,167.3013400580589,78961000
2022-08-29,158.2874298095703,159.7782908024648,156.7573269679059,158.06182659509352,73314000
2022-08-30,155.86474609375,159.44479366035216,154.69754815714236,159.02304111055471,77906200
2022-08-31,154.2071533203125,157.50276536238007,154.1286845852179,157.23793525223348,87991100
2022-09-01,154.93296813964844,155.38414463005734,151.70600708998924,153.63825654168207,74229900
2022-09-02,152.82415771484375,157.286967514474,152.00025851175562,156.6886565527691,76957800
2022-09-06,151.56869506835938,154.07963464254792,150.7447958267751,153.4715206737186,73714800
2022-09-07,152.97132873535156,153.66771454965397,150.66635604545868,151.85317527366345,87449600
2022-09-08,151.50003051757812,153.36361410419434,149.75412756943635,151.6765739248584,84923800
2022-09-09,154.35426330566406,154.79565178409123,151.78447599724632,152.49067960307377,68028800
2022-09-12,160.29815673828125,161.1122531071859,156.24731078742482,156.5317468843277,104956000
2022-09-13,150.89190673828125,157.46350930410847,150.43091231518306,156.8357744463717,122656600
2022-09-14,152.33375549316406,154.08946168271527,150.66633598686377,151.82371618505977,87965400
2022-09-15,149.45008850097656,152.2651001071562,148.4790697119515,151.68639505914092,90481100
2022-09-16,147.81211853027344,148.44967149809492,145.52676674658431,148.31235493010595,162278800
2022-09-19,151.5196533203125,151.5981220543988,146.24276190884032,146.44872924023372,81474200
2022-09-20,153.89329528808594,155.050690549917,150.14650631554355,150.46036632402453,107689800
2022-09-21,150.77420043945312,155.69800426701255,150.65650483896582,154.3248240736869,101696800
2022-09-22,149.81297302246094,151.50981598394938,148.01804042401267,149.45987128233378,86652500
2022-09-23,147.54725646972656,148.5673350111051,145.7130966439831,148.29270193451399,96029900
2022-09-26,147.8807373046875,150.82324708343862,146.77238716545008,146.79200808789446,93339400
2022-09-27,148.8517608642578,151.75504386028683,147.0764489671257,149.81299153282302,84442700
2022-09-28,146.9685516357422,147.75322390412563,142.06436866631904,144.81071412247172,146691400
2022-09-29,139.7495880126953,143.90834038923484,137.9840792223541,143.3002265150421,128138200
2022-09-30,135.55160522460938,140.35771319334796,135.35544091221504,138.5725835278908,124925300
2022-10-03,139.72018432617188,140.32831325471835,135.05140704196927,135.56144631438175,114311700
2022-10-04,143.3002166748047,143.41791226395273,141.49546616506458,142.25071445031105,87830100
2022-10-05,143.594482421875,144.55571313373582,140.26944671107276,141.3091461524557,79471000
2022-10-06,142.64305114746094,144.7126168501461,142.43708385477177,143.01577382273572,68402200
2022-10-07,137.40538024902344,140.35770766147775,136.77764549427565,139.80842665549343,85925600
2022-10-10,137.7290802001953,139.17091126885134,135.91454138275128,137.7290802001953,74899000
2022-10-11,136.31666564941406,138.64125855443186,135.57123522583825,137.21903351996755,77033700
2022-10-12,135.6889190673828,137.6702130062106,135.51237567961843,136.46378829068846,70433700
2022-10-13,140.24984741210938,140.8383404618952,131.7950247428473,132.4031536839207,113224000
2022-10-14,135.72821044921875,141.75054821414383,135.5418490498613,141.54456588685852,88598000
2022-10-17,139.6809539794922,140.16155437004147,137.5819641011487,138.36663643162046,85250900
2022-10-18,140.9952850341797,143.88875049899616,137.91545818930572,142.70194639396894,99136600
2022-10-19,141.10317993164062,142.1722884311379,138.78840452952474,138.97476591255997,61758300
2022-10-20,140.64218139648438,143.0942732786787,139.91635681145763,140.27927658716155,64522000
2022-10-21,144.4477996826172,145.01668666487555,139.91632474569775,140.13210997918807,86548600
2022-10-24,146.58604431152344,147.3510957532076,143.2021606323234,144.3693587197694,75981900
2022-10-25,149.42066955566406,149.5678040506047,146.49778017936205,147.2137868289863,74732300
2022-10-26,146.4879608154297,149.07736899312695,145.20305222207165,148.06710843299678,88194300
2022-10-27,142.025146484375,146.1937021462339,141.36798774070627,145.23248644302674,109180200
2022-10-28,152.7555389404297,154.48180643716302,144.98731275555542,145.36002058759684,164762400
2022-10-31,150.40150451660156,151.2842665764986,149.0087181195706,150.22496108445085,97943200
2022-11-01,147.76304626464844,152.47106552613408,146.27218522217615,152.10816072803473,80379300
2022-11-02,142.25076293945312,149.2539372421044,142.22133903213634,146.0956414814595,93604600
2022-11-03,136.21861267089844,140.0634909361085,136.09109910411752,139.33766635298934,97918500
2022-11-04,135.95335388183594,140.1681172493776,132.0234984378513,139.59828641105477,140814800
2022-11-07,136.4838409423828,136.70980337190065,133.29083425573356,134.7055842324109,83374600
2022-11-08,137.05369567871094,138.9498435557623,135.0789489012502,137.94774130575934,89908500
2022-11-09,132.50489807128906,136.12037292800636,132.22980938548775,136.07124673599705,74917800
2022-11-10,144.29443359375,144.29443359375,137.05368118428237,138.7631733571785,118854000
2022-11-11,147.07481384277344,147.37937519314977,141.83828048896822,143.26286485614494,93979700
2022-11-14,145.67970275878906,147.644629976999,144.84460269456784,146.3576050476643,73374100
2022-11-15,147.4088592529297,150.89660867721872,145.95481705312972,149.5506380930854,89868300
2022-11-16,146.1807403564453,147.2418027556235,144.70704507834287,146.51478934612993,64218300
2022-11-17,148.0769500732422,148.8236171893066,143.5870831617381,143.8621718356149,80389400
2022-11-18,148.63693237304688,150.02220984195606,147.34008803390304,149.63904958366277,74829600
2022-11-21,145.4145050048828,147.73312086396012,145.12959701405254,147.52681179951358,58724100
2022-11-22,147.54637145996094,147.78216811313607,144.35336486366882,145.53233313834016,51804100
2022-11-23,148.4208221435547,149.16748927839564,146.72114887646376,146.82922050043365,58301400
2022-11-25,145.51272583007812,146.26922721502757,144.54008119228595,145.70921560778717,35195900
2022-11-28,141.69091796875,144.06847835661756,140.86565204725017,142.59478278627932,69246000
2022-11-29,138.6944122314453,142.27057984792378,137.8887997144492,141.7596944766532,83763800
2022-11-30,145.43411254882812,146.11201495746124,138.0852876520207,138.92037287256267,111380900
2022-12-01,145.70921325683594,146.51484082101652,144.0390276864429,145.61097586517099,71250400
2022-12-02,145.2179412841797,145.4046117654443,143.09581632538948,143.40039263183445,65447400
2022-12-05,144.05868530273438,148.27344880391388,143.2137657558394,145.17869354013385,68826400
2022-12-06,140.40390014648438,144.71691547188212,139.43125562304482,144.49095300364328,64727200
2022-12-07,138.4684295654297,140.85580904494128,137.54491133359693,139.69650913090823,69721100
2022-12-08,140.14846801757812,141.00322179654424,138.62566097989853,139.8635600853956,62128300
2022-12-09,139.6670379638672,143.0172426533997,138.42912415381502,139.84387422747133,76097000
2022-12-12,141.95619201660156,141.96601125722427,138.58633357333804,140.19757351667832,70462700
2022-12-13,142.9190216064453,147.34010905974955,141.71059523341404,146.87834983755218,93886200
2022-12-14,140.69862365722656,144.0881201971517,138.6845702087708,142.80109523487565,82291200
2022-12-15,134.10630798339844,139.3133690938159,133.64454880056923,138.63546667684503,98931900
2022-12-16,132.15122985839844,135.2361662798,131.38490912253005,134.2930092162133,160156900
2022-12-19,130.0487060546875,132.82907992971283,129.01713123497163,132.74066180080095,79592600
2022-12-20,129.97994995117188,130.91328746393052,127.61220884643005,129.08590439011405,77432800
2022-12-21,133.07469177246094,134.4108428696223,130.42204304769788,130.64800547841642,85928000
2022-12-22,129.9112091064453,132.20035200043924,128.01506080289434,131.9940429577661,77852100
2022-12-23,129.54766845703125,130.0978457490201,127.3665977700706,128.62415014924704,63814900
2022-12-27,127.749755859375,129.10556058535423,126.46273078933113,129.07608787315525,69007800
2022-12-28,123.8297348022461,128.73222692892008,123.66271775984323,127.39607559848972,85438400
2022-12-29,127.3371353149414,128.19187403447657,125.49010604619004,125.74554124055933,75703700
2022-12-30,127.65151977539062,127.67117324976594,125.19536766637758,126.15818552945343,77034200
2023-01-03,122.87673950195312,128.6044974020352,121.99252063798394,127.9953746812147,112117500
2023-01-04,124.14413452148438,126.40380440814197,122.88658197418445,124.66483917038782,89113600
2023-01-05,122.82762908935547,125.5294047177782,122.57219388132161,124.90062844390272,80962700
2023-01-06,127.34693145751953,128.00518029343567,122.69988266566685,123.80024463429882,87754700
2023-01-09,127.86764526367188,131.07048653770673,127.6122100970975,128.18204084518473,70790800
2023-01-10,128.43748474121094,128.95818934117645,125.87325369613974,127.97572556898378,63896200
2023-01-11,131.14910888671875,131.16874737067045,128.1722445262406,128.94838439618852,69458900
2023-01-12,131.07052612304688,131.90561153013712,129.13507083953922,131.53228540334834,71379600
2023-01-13,132.39683532714844,132.55403315564018,129.35120610397337,129.71471296505177,57809700
2023-01-17,133.55613708496094,134.88245427698436,131.77787992946924,132.4656016206527,63646600
2023-01-18,132.8389129638672,136.17928328311848,132.66206171643108,134.42067999537736,69672800
2023-01-19,132.89785766601562,133.86066781311564,131.42416224055012,131.72872356322017,58280400
2023-01-20,135.4522705078125,135.59964906296133,131.86628386729487,132.90769302903612,80223600
2023-01-23,138.63546752929688,140.80671912517695,135.4817521326256,135.6978953680963,81760300
2023-01-24,140.0305633544922,140.64952034187644,137.83967329148908,137.84949253259393,66435100
2023-01-25,139.37229919433594,139.93229570032543,136.37578195167205,138.41930821894437,65799300
2023-01-26,141.43545532226562,141.72036314771546,139.4115678729177,140.6593007442682,54105100
2023-01-27,143.37091064453125,144.64811636457318,140.57089828761406,140.64949717713105,70555800
2023-01-30,140.4923095703125,142.9975950119405,140.34494601130174,142.41794502488958,64015300
2023-01-31,141.75967407226562,141.8088002532181,139.78492752410364,140.19756045993424,65874500
2023-02-01,142.87969970703125,144.03901475780756,138.84178798038548,141.44531098955775,77663600
2023-02-02,148.17518615722656,148.52885870656533,145.57164829200897,146.2888426135127,118339000
2023-02-03,151.7906951904297,154.6201964416526,145.2376617989533,145.43415161001897,154357300
2023-02-06,149.06924438476562,150.41523013113607,148.13590667152536,149.89452545981646,69858300
2023-02-07,151.93800354003906,152.50783427872634,147.99832954313612,147.99832954313612,83322600
2023-02-08,149.25588989257812,151.8692470443083,148.51904208604415,151.18152542311802,64120100
2023-02-09,148.22430419921875,151.62363543992853,147.782198500911,151.0832773681269,56007100
2023-02-10,148.58834838867188,148.91305820143486,146.82706002572684,147.0632167115801,57450700
2023-02-13,151.3828125,151.78622618296893,148.499791218323,148.5293089264892,62199000
2023-02-14,150.74325561523438,151.30412220458746,148.44078385852455,149.68057287811524,61707600
2023-02-15,152.83909606933594,153.00636811059493,150.42838780610393,150.6546952720313,65573800
2023-02-16,151.24508666992188,153.82306709582505,150.8908590911332,151.0482818929642,68167900
2023-02-17,150.1036834716797,150.54646418705764,148.43094798353164,149.90689371085574,59144100
2023-02-21,146.0989227294922,148.87370750867322,146.03005307934987,147.79134145705774,58867200
2023-02-22,146.5220489501953,147.54536466728035,144.80011234851025,146.4826819914061,51011300
2023-02-23,147.0041961669922,147.92912460701393,144.87884561858363,147.68313363952294,48394200
2023-02-24,144.35736083984375,144.8296593421339,143.38323110315275,144.75094042273577,55469600
2023-02-27,145.5478973388672,146.77785186784027,145.08543323484585,145.341273385892,44998500
2023-02-28,145.04611206054688,146.68932985809187,144.47541123636594,144.69188448050687,50547000
2023-03-01,142.97979736328125,144.8690063216874,142.6846051791963,144.47542675230628,55479000
2023-03-02,143.57015991210938,144.3573339453376,141.59238308918532,142.0646965175798,52238100
2023-03-03,148.6080322265625,148.68675112203792,144.96736964186593,145.66597544130724,70732300
2023-03-06,151.36317443847656,153.7935665673354,150.9991125857975,151.32380747304748,87558000
2023-03-07,149.16893005371094,151.55995507278075,148.70646582947896,151.2352451910372,56182000
2023-03-08,150.41854858398438,151.00893289820618,149.39523278864294,150.35951315538156,47204800
2023-03-09,148.1750946044922,152.0617483379844,147.8208670608722,151.09746808583355,53833600
2023-03-10,146.11865234375,148.51952687879202,145.2429249942403,147.80123737088158,68572400
2023-03-13,148.05703735351562,150.6842189540097,145.33145336527863,145.43968998615728,84457100
2023-03-14,150.1430206298828,150.94002884188114,147.6929605728649,148.85403055723415,73695900
2023-03-15,150.53662109375,150.7924462663543,147.51584514285557,148.76548332238644,77167900
2023-03-16,153.3507843017578,153.9510028988609,149.20828955550553,149.71995500240442,76161100
2023-03-17,152.51438903808594,154.22649145558808,151.80593390078133,153.57707174404283,98944600
2023-03-20,154.8759002685547,155.28917828804447,151.67801783277878,152.58327776546486,73641400
2023-03-21,156.7257537841797,156.84382463636302,154.02968755125636,154.7971931327365,73938300
2023-03-22,155.29901123046875,159.53989288471735,155.27932775015748,156.7454392443716,75701800
2023-03-23,156.38133239746094,158.9593273158035,155.15137786083926,156.28294504298728,67622100
2023-03-24,157.68020629882812,157.76875944157217,155.31869907440637,156.31249715364865,59196500
2023-03-27,155.74176025390625,158.19183506776827,155.33833156714905,157.3751434631476,52390300
2023-03-28,155.12188720703125,155.94842821050446,153.47866946121147,155.43676283008696,45992200
2023-03-29,158.19186401367188,158.46737267599337,156.7946372221569,156.8143056879684,51305700
2023-03-30,159.75633239746094,159.86456899517702,158.68381566542436,158.9396407990746,49501700
2023-03-31,162.25564575195312,162.35404815041076,159.31360321570477,159.83510289651463,68749800
2023-04-03,163.50526428222656,163.62333513475417,161.58653785817188,161.63573905142377,56976200
2023-04-04,162.97393798828125,164.16452584406122,162.4622725801105,163.92838412805693,46278300
2023-04-05,161.1339111328125,162.40323287933546,159.20535043705326,162.0982064947886,51511700
2023-04-06,162.01947021484375,162.31466233453045,159.40212310856722,159.8252203026454,45390100
2023-04-10,159.431640625,159.431640625,157.5129143705151,158.8314221542027,47716900
2023-04-11,158.22140502929688,159.75638637804428,157.93604707794614,159.74655214369014,47644200
2023-04-12,157.53262329101562,159.46118408911326,157.2177476424543,158.6346580327857,50133100
2023-04-13,162.90505981445312,163.14121655398105,158.83144989570576,159.0380889195549,68445600
2023-04-14,162.56068420410156,163.6528847449455,161.19297496954,161.9506163702145,49386500
2023-04-17,162.58033752441406,162.7377753387549,161.39958394505072,162.44258319038994,41516200
2023-04-18,163.8004608154297,164.7253892225956,162.99360326395418,163.43639900098648,49923000
2023-04-19,164.94186401367188,165.46336364998885,162.8853681685066,163.1412083770297,47720200
2023-04-20,163.9775848388672,165.1780220485777,162.90506774605808,163.42656743390464,52456400
2023-04-21,162.37371826171875,163.78077935638615,161.85221862385353,162.4032359760057,58337300
2023-04-24,162.6787567138672,162.94443117624493,161.26184626664974,162.35404681853836,41949600
2023-04-25,161.1437530517578,163.64301445601814,161.1043860925183,162.54097982284455,48714100
2023-04-26,161.1339111328125,162.6295403559192,160.1893142654478,160.44513945575562,45498800
2023-04-27,165.70938110351562,165.85696969810766,162.54101581741398,162.54101581741398,64902300
2023-04-28,166.95895385742188,167.12624089927414,165.18783120394306,165.7880496631181,55275900
2023-05-01,166.87045288085938,167.71666253016707,165.93569007402044,166.56542643996343,52472900
2023-05-02,165.8372802734375,167.6182676642773,164.85331630714083,167.36242742401706,48425700
2023-05-03,164.76470947265625,168.17906452442512,164.47936662159927,166.78183794919684,65136000
2023-05-04,163.13134765625,164.36130237503923,161.67508547315035,162.24578626436005,81235400
2023-05-05,170.78662109375,171.50491053581004,168.02166992672903,168.23814318555767,113453200
2023-05-08,170.7177276611328,171.06212101363838,169.35001851271124,169.71408033203093,55962800
2023-05-09,169.01548767089844,170.75709300871614,168.8482156052712,170.27496029429,45326900
2023-05-10,170.77679443359375,171.23925872825046,169.14341054242746,170.24546046425388,53724500
2023-05-11,170.96372985839844,171.7902559418124,169.40906507439723,171.06213225532295,49514700
2023-05-12,170.0375213623047,171.50564580777203,168.49055408757272,171.07210045600348,45533100
2023-05-15,169.5448455810547,170.66811525184778,168.95364468701064,170.6188460048669,37266700
2023-05-16,169.5448455810547,170.5991352991019,169.27880367524853,169.46601779285794,42110300
2023-05-17,170.15574645996094,170.39221479568312,167.91905489711874,169.19013234108013,57951600
2023-05-18,172.48110961914062,172.6683237371227,170.04735615510018,170.46119076780954,65496700
2023-05-19,172.5895233154297,173.80146880445517,172.37275062180032,173.80146880445517,55809500
2023-05-22,171.64356994628906,172.1460951955022,170.9045763773169,171.42679729660153,43570900
2023-05-23,169.04232788085938,170.83562631420236,168.7664381272472,170.58929510312979,50747300
2023-05-24,169.31822204589844,169.8897122746601,168.0176010356781,168.57922839342694,45143500
2023-05-25,170.45135498046875,171.34798918728478,169.17042964019168,169.87986475065702,56058300
2023-05-26,172.8555145263672,173.1905363695113,170.56956891324683,170.7764937271046,54835000
2023-05-30,174.6981201171875,176.36332172139132,173.9788370991414,174.36311323589106,55964400
2023-05-31,174.6488037109375,176.7179916024166,174.16598919362923,174.72763149140792,99625300
2023-06-01,177.4471435546875,177.47670209655325,174.33351350934285,175.09221783191245,68901800
2023-06-02,178.29452514648438,179.11234656032465,176.62932377666553,178.37335293714096,61996900
2023-06-05,176.94461059570312,182.23579939859383,175.4272021453367,179.9498539235026,121946500
2023-06-06,176.58004760742188,177.4766816655694,174.82615579439974,177.3288889732544,64848400
2023-06-07,175.21043395996094,178.550683874029,174.71777164204613,175.82133042301987,61944600
2023-06-08,177.9200897216797,178.1861165677113,174.85572927872582,175.2892595209165,50214900
2023-06-09,178.3043670654297,179.55571862854532,177.97920810525306,178.83643579626113,48900000
2023-06-12,181.0928497314453,181.19138823156914,178.31424143935143,178.60984190485868,54274900
2023-06-13,180.61988830566406,181.4475575367352,179.76266053311636,180.11737806569877,54929100
2023-06-14,181.25051879882812,181.68406417583662,179.3488488908818,180.67902853230473,57462900
2023-06-15,183.2802734375,183.78279874291368,181.08300318978328,181.26036948430115,65433200
2023-06-16,182.20626831054688,184.245897953939,181.56581317602513,183.98970387223915,101256200
2023-06-20,182.29493713378906,183.36895259993452,181.7037512704965,181.7037512704965,49799100
2023-06-21,181.2603759765625,182.68909408055805,179.91047063421516,182.18656875714527,49515700
2023-06-22,184.25572204589844,184.304991288712,180.97458893469445,181.04356888160584,51245300
2023-06-23,183.94044494628906,184.80753566864925,182.29495416898448,182.82703803401998,53117000
2023-06-26,182.5511474609375,185.29034946556595,182.51172604562308,184.08825189117624,48088700
2023-06-27,185.30015563964844,185.62531458599346,182.94523027205378,183.16200290295046,50730800
2023-06-28,186.47271728515625,187.11317238738192,184.84693738882143,185.17208134019785,51216800
2023-06-29,186.80772399902344,187.2806907250245,186.16726889716722,186.3052137668684,46347300
2023-06-30,191.12344360351562,191.62595381515632,188.45320690668942,188.81778728912292,85213200
2023-07-03,189.6356201171875,191.0347795474039,188.9458807202263,190.93624105216273,31458200
2023-07-05,188.52220153808594,190.1479814937267,187.82261429340878,188.75868490984942,46920300
2023-07-06,188.99514770507812,189.20207252866174,186.42344937265386,187.05405664400223,45094300
2023-07-07,187.8817138671875,189.8425155087971,187.44818361165477,188.6010117511895,46815000
2023-07-10,185.8421173095703,187.20187038994513,184.29515010539157,186.48257243692333,59922200
2023-07-11,185.3199005126953,186.52199803845542,183.86162393721375,186.3840531601648,46638100
2023-07-12,186.985107421875,188.88677723101014,185.70418206587038,186.8964167558296,60750200
2023-07-13,187.7437744140625,188.38424453327508,186.99493300399138,187.7043680387378,41342300
2023-07-14,187.8916015625,188.37440112570727,186.8471596075647,187.43834550769154,41616200
2023-07-17,191.14315795898438,191.46831693797242,188.9951421376018,189.08381775872684,50520200
2023-07-18,190.886962890625,191.4781637647375,189.5961898515042,190.51254970289233,48288200
2023-07-19,192.23687744140625,195.32093388898534,189.82281961650222,190.26622781119138,80507300
2023-07-20,190.29579162597656,193.58677299126168,189.67503216410122,192.22701989757815,59581200
2023-07-21,189.1232452392578,192.10877819186132,188.4236580132484,191.25155042374644,71951700
2023-07-24,189.92137145996094,192.04967681854123,189.42870901778204,190.57168949200457,45377800
2023-07-25,190.77857971191406,191.58655325087184,190.08885537064708,190.49284214012596,37283200
2023-07-26,191.64566040039062,192.76892999363082,190.4829844332044,190.82783906853456,47471900
2023-07-27,190.38446044921875,194.30604897209747,189.72429463258098,193.1433729163405,47460200
2023-07-28,192.95614624023438,193.7444090416655,191.29094501886246,191.8131659299023,48291400
2023-07-31,193.56704711914062,193.6064685292723,192.394508242959,193.18277106210203,38824100
2023-08-01,192.7393798828125,193.8429388199064,192.41422090280528,193.36013930235927,35175100
2023-08-02,189.75384521484375,192.3156805851802,189.03456234552243,192.17773571935334,50389300
2023-08-03,188.36453247070312,189.54691917513858,187.89158079590146,188.7586713954234,61235200
2023-08-04,179.3192596435547,184.6301595328746,179.25027969317492,182.79745486603875,115956800
2023-08-07,176.225341796875,180.44253062568194,174.74735463626894,179.45720585194456,97576100
2023-08-08,177.16139221191406,177.62449604499406,174.97397007455905,177.05300588853657,67823000
2023-08-09,175.5750274658203,178.27480777933516,174.41233639065635,178.2156906972674,60378500
2023-08-10,175.35824584960938,178.0974474344709,174.99368050557445,176.84608080013524,54686900
2023-08-11,175.41748046875,176.2364063672045,174.19403724396824,174.95376621930987,52036700
2023-08-14,177.065185546875,177.29211207450308,174.9438673937282,175.59506357405235,43675600
2023-08-15,175.08200073242188,177.08491002448199,174.68734458769583,176.4929258073929,43622600
2023-08-16,174.2137451171875,176.15744233651847,174.14467201512105,174.76626971305478,46964900
2023-08-17,171.6780242919922,175.14117901733323,171.16495931429398,174.77612136953763,66062900
2023-08-18,172.1614990234375,172.76335939467492,169.6652621694116,170.0007213782545,61172200
2023-08-21,173.49346923828125,173.77960771425435,171.4215020828672,172.7337554755455,46311900
2023-08-22,174.86492919921875,175.30892111024494,173.89801113995804,174.69719959083847,42038900
2023-08-23,178.70303344726562,179.1273031269572,175.95027131734813,176.13773826499084,52722800
2023-08-24,174.02627563476562,178.68329009610582,173.6612029173666,178.25902046647073,54945800
2023-08-25,176.22653198242188,176.7593193055493,173.47376987845638,175.01294998434398,51449600
2023-08-28,177.7854461669922,178.1801023209798,176.1673318473753,177.68677460091166,43820700
2023-08-29,181.66297912597656,182.4325690983829,177.1046362040057,177.30196426395187,53003900
2023-08-30,185.14588928222656,185.34323241647965,182.27473336292013,182.4720614420058,60813900
2023-08-31,185.3629608154297,186.5962801694583,184.97816577917948,185.33336235534645,60794500
2023-09-01,186.93174743652344,187.38560051082152,185.76748618147488,186.96134589549212,45766500
2023-09-05,187.16851806640625,187.44478036173828,185.10641198511868,185.76746926717502,45280000
2023-09-06,180.46914672851562,186.32988234003622,179.04836051297525,185.88587535630464,81755800
2023-09-07,175.19052124023438,175.83185624974686,171.22416252451072,172.84227669356144,112488800
2023-09-08,175.80224609375,177.8347687964352,175.417451102765,175.96999075471308,65551300
2023-09-11,176.9665069580078,177.89396541040293,174.97345890425444,177.6670388917848,58953100
2023-09-12,173.9473419189453,177.72623373133553,172.487096210491,177.09477490699047,90370200
2023-09-13,171.88525390625,174.93401565723292,171.65831231126361,174.15454941477398,84267900
2023-09-14,173.3948211669922,173.75001770449512,171.26364194197464,171.67803539320033,60895800
2023-09-15,172.67454528808594,174.14466716160445,171.50043808217407,174.12492983939754,109259500
2023-09-18,175.59506225585938,176.98624997924455,173.8190795297471,174.12494029407293,67257600
2023-09-19,176.6803741455078,177.23289871202428,174.7662604292434,175.1510553991506,51826900
2023-09-20,173.1481475830078,177.30195805066697,173.0593371622532,176.86782730089922,58436200
2023-09-21,171.60897827148438,173.9473619674597,171.53992021743218,172.22071489897561,63149100
2023-09-22,172.45748901367188,174.7169382879251,171.7273736602944,172.33909518451154,56725400
2023-09-25,173.7303009033203,174.60842368932387,171.82604797435675,171.8753837600089,46172700
2023-09-26,169.66525268554688,172.86200623492672,169.36925308333926,172.48708745695123,64588900
2023-09-27,168.1556854248047,170.7308568174817,166.79411110643792,170.31646332448594,66921800
2023-09-28,168.4121856689453,169.73430008001054,165.38314684947002,167.0801950701548,56294400
2023-09-29,168.92527770996094,170.76045735672912,168.06687727418498,169.7244661753788,51861100
2023-10-02,171.43138122558594,171.97404472395215,168.64900568223578,168.93514418826848,52164500
2023-10-03,170.09939575195312,171.31299281082715,168.54049336939298,169.96126458937815,49594600
2023-10-04,171.3425750732422,171.88523853747708,168.68846972057472,168.80686354725646,53020300
2023-10-05,172.57591247558594,173.10869980697885,170.3756599300563,171.47084810780015,48527900
2023-10-06,175.1214599609375,175.61478762599208,170.86896284182788,171.48069938400815,57266700
2023-10-09,176.60147094726562,176.66066786762835,173.45403753652568,174.45055415802327,42390800
2023-10-10,176.00942993164062,177.32168322438636,175.57529921161475,175.72330653262233,43698000
2023-10-11,177.400634765625,177.4499705441094,175.22999600880442,175.82198018511957,47551100
2023-10-12,178.2985076904297,179.90674578858014,176.6507798893927,177.6670488234186,56743100
2023-10-13,176.46331787109375,179.50220314362676,175.7627859383901,178.9990143278533,51427100
2023-10-16,176.33505249023438,176.69024903281087,174.15453745424634,174.39134016768617,52517000
2023-10-17,174.78599548339844,176.03905203817294,172.467364361049,174.29266779074965,57549400
2023-10-18,173.49346923828125,175.21025492862336,172.77321506438722,173.23694427289632,54764400
2023-10-19,173.11856079101562,175.46679037407037,172.85215962113486,173.69080766680926,59302900
2023-10-20,170.57302856445312,173.0791272173467,170.33622579556814,172.97059449683732,64244000
2023-10-23,170.69139099121094,171.68790756499885,167.6623515662161,168.62928473640696,55980100
2023-10-24,171.12548828125,171.3524147723922,169.16203892177992,170.74069333750268,43816600
2023-10-25,168.81674194335938,170.75057806188605,168.3727349771656,169.58633193718455,57157000
2023-10-26,164.66293334960938,169.09302189873856,163.45921245305613,168.09649022321696,70625300
2023-10-27,165.9751739501953,166.70530437202822,164.60372353518264,164.6826577744484,58499100
2023-10-30,168.0175323486328,168.8857938712959,166.61648356307745,166.76449089816728,51131000
2023-10-31,168.4911346435547,168.61938959873203,165.6594236135805,167.09008588386948,44846000
2023-11-01,171.6484375,171.90496247869652,167.849808268541,168.71806981976965,56934900
2023-11-02,175.20042419433594,175.4076134182441,173.11858048911532,173.17777741023195,77334800
2023-11-03,174.29269409179688,174.46043878115682,171.03674287311975,171.91486569633807,79829200
2023-11-06,176.83824157714844,177.0355696443862,173.85855313497558,174.02628274488598,63841300
2023-11-07,179.39369201660156,180.00541354681909,176.58171810512866,176.7889073081916,70530000
2023-11-08,180.44943237304688,181.00195707049215,179.1667771510238,179.91664500198718,49340300
2023-11-09,179.9757843017578,181.6629563158929,179.38378514108624,180.51844768984608,53763500
2023-11-10,184.15489196777344,184.3228576622084,181.31946461766734,181.75416743266703,66133400
2023-11-13,182.5741424560547,183.7893232540613,181.9912524470517,183.58186108306094,43627500
2023-11-14,185.1822967529297,185.844224826604,184.05602860033494,185.43915963861,60108400
2023-11-15,185.74545288085938,187.21751156501972,185.5182274044454,185.5873915048758,53790500
2023-11-16,187.4250030517578,188.65994715340477,186.37775779056014,187.28668991537342,54412900
2023-11-17,187.4052276611328,188.08691917335904,186.29872264128753,187.95848017105547,50922700
2023-11-20,189.14402770996094,189.598493753426,187.59294582194016,187.60281994734135,46505100
2023-11-21,188.34378051757812,189.21318592585277,187.45462685911554,189.10451024981845,38134500
2023-11-22,189.0056915283203,190.60617399815436,188.53147729188777,189.18353128885676,39617700
2023-11-24,187.6818389892578,188.6006300326625,186.97051008307392,188.57099258448812,24048300
2023-11-27,187.50401306152344,188.37341847212542,186.62473352580105,187.6324520630897,40552600
2023-11-28,188.10667419433594,188.77849160556613,187.11871894105684,187.49414676130317,38415400
2023-11-29,187.0890655517578,189.77630481775705,186.69388951411068,188.60063575450744,43014200
2023-11-30,187.66213989257812,188.02769367017117,185.92334367958313,187.55346418707816,48794400
2023-12-01,188.93653869628906,189.2526764891983,186.95073929786508,188.03749593754978,45704800
2023-12-04,187.1483612060547,187.76090372984268,185.1922139752508,187.69173962433385,43389500
2023-12-05,191.09030151367188,192.05849343193452,187.8893210956394,187.91897362196437,66628400
2023-12-06,190.00357055664062,192.41416882595195,189.79609331061306,192.1079050949125,41089700
2023-12-07,191.93006896972656,192.6512720749557,191.2582515665674,191.29777821822415,47477700
2023-12-08,193.35275268554688,193.62937898399056,191.3373152825971,191.86093042429425,53406400
2023-12-11,190.85321044921875,191.1594892758114,189.1144144313186,190.7840614125706,60943700
2023-12-12,192.36477661132812,192.3746507369947,189.4107849369075,190.75440470261375,52696900
2023-12-13,195.5756378173828,195.6151493963814,192.50309623143957,192.74019585543422,70404200
2023-12-14,195.7238006591797,197.2156075489979,193.79729107961322,195.63488831127654,66831600
2023-12-15,195.1903076171875,196.01029713155143,194.6271659416612,195.1507809689053,128538400
2023-12-18,193.53057861328125,194.26167102083278,192.0486455445977,193.72816667410518,55751900
2023-12-19,194.56790161132812,194.57777573643529,193.5305456250714,193.79729775296602,40714100
2023-12-20,192.4833221435547,195.2989855460905,192.4833221435547,194.5283816611859,52242800
2023-12-21,192.33511352539062,194.70621508029078,191.16933361068988,193.73802319308166,46482500
2023-12-22,191.26817321777344,193.05637009611317,190.64575648608493,192.8291294980345,37149600
2023-12-26,190.72476196289062,191.55464074590694,190.5074106042434,191.27801448490152,28919300
2023-12-27,190.8235321044922,191.16932243864449,188.78834689776542,190.17149315937536,48087700
2023-12-28,191.24838256835938,192.31537606668746,190.84331729052167,191.80163510638113,34049900
2023-12-29,190.21102905273438,192.0585006042798,189.4206618129017,191.56452296375952,42672100
2024-01-02,183.40403747558594,186.17031557472808,181.67511554799748,184.895844683247,82488700
2024-01-03,182.03076171875,183.6411336613478,181.22063114701328,182.00112426612563,58414500
2024-01-04,179.7189483642578,180.88472835710988,178.70135563320858,179.95604798314233,71983600
2024-01-05,178.99771118164062,180.5586821654936,177.99988188294327,179.79796753554595,62379700
2024-01-08,183.3249969482422,183.36452360523833,179.3139005382843,179.89679059145493,59144500
2024-01-09,182.91006469726562,182.9199388244019,180.5290885321457,181.70475788649966,42841800
2024-01-10,183.9473876953125,184.1548498527509,181.70472508990332,182.12955368013527,46792900
2024-01-11,183.3546142578125,184.7970355796361,181.4083411771675,184.29316874581366,49128400
2024-01-12,183.68064880371094,184.49077939116623,182.95944565085554,183.81896194364214,40477800
2024-01-16,181.41824340820312,182.04064501968628,178.75075193755313,179.96594785640553,65603000
2024-01-17,180.47967529296875,180.72666412936158,178.1283518215105,179.08666971271487,47317400
2024-01-18,186.3579864501953,186.86183815424235,183.59170899023258,183.84857190455077,78005800
2024-01-19,189.25271606445312,189.63801803091337,186.5457281731689,187.04957995238564,68903000
2024-01-22,191.55465698242188,192.97731505960866,189.94428498185601,189.9838116367789,60133900
2024-01-23,192.8291015625,193.39224330006388,191.49537099853464,192.67104017695664,42355600
2024-01-24,192.15728759765625,194.0146482092326,191.999211146671,193.06620457832125,53631300
2024-01-25,191.83128356933594,193.90599578100486,190.78405333725613,192.86863967517039,54822100
2024-01-26,190.10232543945312,192.41413683944202,189.6281111952244,191.93004847085402,44594000
2024-01-29,189.42063903808594,189.8849791703456,187.2965414692382,189.6972652775173,47145600
2024-01-30,185.7751007080078,189.4898221386195,185.21197404804863,188.6401800108733,55859400
2024-01-31,182.178955078125,184.84644650359252,182.12956937209933,184.78715652135838,55467800
2024-02-01,184.60931396484375,184.6982263171025,181.6059367135455,181.77388729281213,64885400
2024-02-02,183.61148071289062,185.07365019396582,177.09097033579843,177.6936236133024,102551700
2024-02-05,185.41941833496094,186.97051518171523,183.60158444736317,185.88375846902116,69668800
2024-02-06,187.01992797851562,187.02980210381148,184.5204024536245,184.60931480628852,43490800
2024-02-07,187.12860107421875,188.74884702540382,186.33823388644547,188.3437817688575,53439000
2024-02-08,186.05172729492188,187.25701874915856,185.09340956143063,187.10883150171134,40962000
2024-02-09,186.8134307861328,187.94113632063826,185.97259122428568,186.61557552858977,45155200
2024-02-12,185.1317596435547,186.63537211912902,184.7756412965565,186.38806813077576,41781900
2024-02-13,183.0444793701172,184.20187510350613,181.5309804501283,183.76661774979314,56529500
2024-02-14,182.1641082763672,183.5292310959524,180.472557481369,183.3215042025078,54630500
2024-02-15,181.8772735595703,182.50048453550187,179.39434657144153,181.57061898228332,65434500
2024-02-16,180.34396362304688,182.8565806751117,179.71086599707365,181.44199396902647,49752500
2024-02-20,179.60203552246094,180.46264852115328,178.0588611409836,179.82955095197704,53665600
2024-02-21,180.35385131835938,180.91769653606136,178.71174929095213,179.9779444437335,41371400
2024-02-22,182.38174438476562,182.96539328132977,180.49235334512917,181.50134277124772,52292200
2024-02-23,180.55169677734375,183.04451006700117,180.2648157032703,183.0148347964746,45119700
2024-02-26,179.2063446044922,180.78908088671756,178.70183486744935,180.2746995194681,40867400
2024-02-27,180.66050720214844,181.93658908973126,177.62360710096542,179.1470080612827,54318900
2024-02-28,179.4635467529297,181.14521076395337,178.1874648834917,180.54178846123017,48953900
2024-02-29,178.80075073242188,180.6011306821249,177.59390628342499,179.31514716008485,136682600
2024-03-01,177.72254943847656,178.58316252471684,175.46713817545924,177.61373507516265,73563100
2024-03-04,173.21170043945312,174.9922768844708,171.91581500377694,174.25036500096815,81510100
2024-03-05,168.28541564941406,170.18470849670402,167.79080766540406,168.91851326517738,95132400
2024-03-06,167.29620361328125,169.39335177885377,166.8609461620447,169.2152850514215,68587700
2024-03-07,167.177490234375,168.88882954707424,166.67299554984157,167.32586658446218,71765100
2024-03-08,168.88885498046875,171.8268279085278,167.118164861082,167.1775154100546,76267000
2024-03-11,170.88705444335938,172.49948126334272,170.1946063009313,171.07500788792643,60139500
2024-03-12,171.36184692382812,172.15322257397557,169.16578666443067,171.28270784938988,59825400
2024-03-13,169.28451538085938,171.32229764254458,168.91849524765144,170.90682879160028,52488700
2024-03-14,171.13436889648438,172.43023944819464,170.19461671040915,171.0453430786352,72913500
2024-03-15,170.75845336914062,170.75845336914062,168.45357838204507,169.3240932528417,121752700
2024-03-18,171.8466033935547,175.79358063684148,171.6487632139381,173.67665901704393,75604200
2024-03-19,174.18112182617188,174.70540499850514,171.1640105835326,172.45988088096897,55215200
2024-03-20,176.74319458007812,176.74319458007812,173.20180001631465,173.82501083363408,53423100
2024-03-21,169.52194213867188,175.57595436020992,168.9976588629672,175.14069690243886,106181300
2024-03-22,170.42213439941406,171.18383495977668,168.22607363158104,169.90773784358905,71160100
2024-03-25,169.00753784179688,170.08577952012527,167.6226265638577,168.7305586050563,54288300
2024-03-26,167.8798370361328,169.57138777241732,167.7512341389727,168.16670300567833,57388400
2024-03-27,171.4409942626953,171.72787530814264,168.27550660374618,168.57227437363676,60273300
2024-03-28,169.63072204589844,170.37263389978352,168.67118150733492,169.89781453968297,65672700
2024-04-01,168.19639587402344,169.40324060587884,167.6523240532299,169.3438900607447,46240500
2024-04-02,167.01919555664062,167.51380346702695,166.41577330219988,167.25661278755086,49329500
2024-04-03,167.82044982910156,168.83934086761522,166.76199680113655,166.969723660667,47691700
2024-04-04,166.9994354248047,170.06599565718972,166.9994354248047,168.4535689105981,53704400
2024-04-05,167.751220703125,168.55248310289795,167.12800990586356,167.76110742740823,42104800
2024-04-08,166.63340759277344,167.37531948329715,166.425680716199,167.20715459942008,37425500
2024-04-09,167.8402557373047,168.2458378687617,166.53449863101693,166.88071513080217,42373800
2024-04-10,165.97067260742188,167.26654325646084,165.30789964547978,166.97967723487736,49709300
2024-04-11,173.15234375,173.5678277091418,166.34654865134516,166.5246002673459,91070300
2024-04-12,174.64608764648438,176.43656618963917,172.33132583138607,172.38077455594663,101670900
2024-04-15,170.8276824951172,174.72519524382946,170.6397290741028,173.46888692512982,73531800
2024-04-16,167.55340576171875,171.88616144450353,166.45537543168857,169.89784277952464,73711200
2024-04-17,166.1882781982422,168.80969440593617,166.1882781982422,167.78091646807817,50901200
2024-04-18,165.23861694335938,166.8213684176903,164.75391081370103,166.21794611620325,43122900
2024-04-19,163.22061157226562,164.60550769336635,162.31053482208006,164.41756936525925,68149400
2024-04-22,164.0515594482422,165.45624419964858,162.99310629576294,163.73501821268977,48116400
2024-04-23,165.10011291503906,165.24850434331734,163.1414698344962,163.5668404824781,49537800
2024-04-24,167.197265625,167.4742448528629,164.41757152765254,164.7439994721628,48251800
2024-04-25,168.05789184570312,168.77012851479734,166.33665071301928,167.70177351115603,50558300
2024-04-26,167.4742431640625,169.49223681731962,167.35552700029277,168.04799015720317,44838400
2024-04-29,171.6289520263672,174.1316669492416,171.2332717193323,171.50034913417457,68169400
2024-04-30,168.49313354492188,173.10288291918897,168.16669051085722,171.46078102452523,65934800
2024-05-01,167.4742431640625,170.84747276952126,167.28628974114312,167.75122238913238,50383100
2024-05-02,171.1640167236328,171.5498103000238,169.04709541575278,170.64962025703286,94214900
2024-05-03,181.40243530273438,184.98339240032777,180.69019857365393,184.63716076188317,163224100
2024-05-06,179.7504119873047,182.21354970089277,178.474315136007,180.38350950373416,78569700
2024-05-07,180.43296813964844,182.9060078076493,179.36462828599997,181.47164781905605,77305800
2024-05-08,180.76931762695312,181.09576068278213,179.4932206728727,180.87813197889614,45057100
2024-05-09,182.57960510253906,182.6686309202814,180.1461270912472,180.59127127419717,48983000
2024-05-10,181.32156372070312,183.34229448527321,180.4102525825865,183.1540861312051,50759500
2024-05-13,184.52110290527344,185.33336754370364,182.87677335531396,183.68903799374417,72044800
2024-05-14,185.66021728515625,186.52201273815805,184.53098214319476,185.7394637127145,52393600
2024-05-15,187.92860412597656,188.84981551266446,185.60078753373725,186.13569714479723,70400000
2024-05-16,188.04745483398438,189.29556710780693,187.86916171755817,188.67151097089564,52845200
2024-05-17,188.07716369628906,189.0082902438942,187.3936765447615,187.72056236134898,41282900
2024-05-20,189.2361297607422,190.10782534306233,187.22529890901677,187.54228461702792,44361300
2024-05-21,190.53375244140625,190.91015403566988,189.11724727296848,189.28564024416437,42309400
2024-05-22,189.0974578857422,190.99934196064652,188.47341681604038,190.45453220558076,34648500
2024-05-23,185.1154022216797,189.1964945447871,184.86776283091424,189.17667916140735,51005900
2024-05-24,188.18612670898438,188.7804673088457,186.26444256610336,187.0370913918068,36327000
2024-05-28,188.19607543945312,191.17764887438426,187.31447963213384,189.70171236146703,52280100
2024-05-29,188.4932098388672,190.43470949642946,187.72057607583483,187.81963788738682,53068000
2024-05-30,189.48377990722656,190.36537567482878,188.8300232981759,188.9587855239753,49889100
2024-05-31,190.43472290039062,190.7517086279001,188.11682144814546,189.6323735603605,75158300
2024-06-03,192.19790649414062,193.14884852262287,190.7021698304424,191.07857147290113,50080500
2024-06-04,192.51487731933594,193.47571940906454,191.2073340206378,192.80213237542046,47471400
2024-06-05,194.0205078125,195.04078090785526,193.02995023528447,193.55494454203196,54156800
2024-06-06,192.64366149902344,194.64459232913165,192.33659102362645,193.84224299284628,41181800
2024-06-07,195.0308837890625,195.08041469163098,192.30685040959915,192.81202934049514,53103900
2024-06-10,191.29649353027344,195.43703247512377,190.33565137548777,195.04080033594326,97010200
2024-06-11,205.1940155029297,205.2039307530545,191.80168667352532,191.82148694435384,172373300
2024-06-12,211.05812072753906,218.1207863262847,204.94636687125956,205.41193016487838,198134300
2024-06-13,212.21707153320312,214.70336573665497,209.60200000148347,212.71235034689784,97862700
2024-06-14,210.4835968017578,213.13828400218216,209.3048308005582,211.83075578674166,70122700
2024-06-17,214.62413024902344,216.88260054537645,210.71143044440285,211.35528688913016,93728300
2024-06-18,212.26658630371094,216.5656178731208,210.98877362098574,215.5354294813442,79943300
2024-06-20,207.7001495361328,212.21710574149463,206.87799987381808,211.91002013114704,86172500
2024-06-21,205.53082275390625,209.8892705909824,205.15440599094305,208.40343403997312,241805100
2024-06-24,206.17466735839844,210.69160779538842,204.63929998769706,205.75863496180304,80727000
2024-06-25,207.09591674804688,209.3841027399326,206.64025353103247,207.17514806736853,55549700
2024-06-26,211.23641967773438,212.83121810497767,208.6510635966682,209.5029437835443,66213200
2024-06-27,212.0784149169922,213.70292898101007,210.34493889866226,212.66284034706985,49772700
2024-06-28,208.63124084472656,214.0297919592074,208.31427026634478,213.7326216506115,82542700
2024-07-01,214.70338439941406,215.45620282037203,209.91898882948186,210.08738182701015,60402900
2024-07-02,218.1901397705078,218.29910171758146,213.068958487467,214.10903193760322,58046200
2024-07-03,219.45803833007812,219.45803833007812,216.96182895702523,217.92267103394255,37369800
2024-07-05,224.20281982421875,224.3117817727132,219.55710192478037,219.55710192478037,60412400
2024-07-08,225.66885375976562,225.69856928044194,221.14199799041046,224.9457357840812,59085900
2024-07-09,226.52072143554688,227.23392416937492,224.23253562897796,225.77780318070188,48076100
2024-07-10,230.78013610839844,230.87919792745691,227.08536000113173,227.13489091066097,62627700
2024-07-11,225.4212188720703,230.19569903805672,223.63821202212716,229.2051413563895,64710600
2024-07-12,228.36312866210938,230.4433055423661,226.5206910327904,226.75843028372813,53046500
2024-07-15,232.1867218017578,234.99000194235262,230.88909361652622,234.2470836578572,62631300
2024-07-16,232.60275268554688,234.03905824310993,230.1362587163494,232.781045805997,43234300
2024-07-17,226.71885681152344,229.27449755440023,224.50000206743292,227.28346685481674,57345900
2024-07-18,222.06320190429688,228.26410233218343,220.17124832102243,228.10560948409145,66034600
2024-07-19,222.19198608398438,224.65848009632384,221.1717129043359,222.6971801635164,49151500
2024-07-22,221.84527587890625,225.6291978658938,220.98348053112068,224.86646431913928,48201800
2024-07-23,222.8853759765625,224.7971601400939,220.57737479075328,222.25141967209163,39960300
2024-07-24,216.47647094726562,222.67737176080064,215.07979609138368,221.88492258576645,61777600
2024-07-25,215.43637084960938,218.7646448818125,212.59346035218633,216.86276105080302,51391200
2024-07-26,215.90196228027344,217.41751434744816,213.97036267942912,216.6349653026102,41601300
2024-07-29,216.17929077148438,217.22927938341869,213.7127969665886,214.91137828370984,36311800
2024-07-30,216.7340087890625,218.24956072806748,214.07930652606245,217.1203256536185,41643800
2024-07-31,219.9830322265625,221.70660788092644,218.5467267386139,219.34907597117163,50036300
2024-08-01,216.2981719970703,222.36038006072013,214.97082835556836,222.25141811315143,62501000
2024-08-02,217.78399658203125,223.46980270062375,215.65430376795194,217.08069402896655,105568600
2024-08-05,207.29400634765625,211.4840610296135,194.14930192882554,197.21012147966275,119548600
2024-08-06,205.2732696533203,208.00721860156926,199.17144565753833,203.36150053141452,69660500
2024-08-07,207.8388214111328,211.62274392073394,204.4412006806638,204.94637966039352,63516400
2024-08-08,211.2958526611328,212.17744837655164,206.8581585633277,211.097744151489,47161100
2024-08-09,214.1981964111328,214.7330909034816,209.96851092003678,210.09728825409005,42201600
2024-08-12,215.7254180908203,217.68898821235913,213.81143620679725,214.27753840147545,38028100
2024-08-13,219.43438720703125,220.04923895369578,217.19312608520667,217.19312608520667,44155300
2024-08-14,219.8806610107422,221.17979111862692,217.8774142480331,218.7402072098891,41960600
2024-08-15,222.8557891845703,223.4805677293667,220.91204211865187,222.73678951211636,46414000
2024-08-16,224.17474365234375,224.94827173921567,221.7946444270254,222.0624088054674,44340200
2024-08-19,224.01605224609375,224.11522871504155,221.18968933533225,223.84746435464618,40687800
2024-08-20,224.63092041015625,225.28544883578485,223.57971634413767,223.8970689622142,30299000
2024-08-21,224.52183532714844,226.08872985229075,223.1830436738614,224.64085012661386,34765500
2024-08-22,222.66734313964844,226.4457337259973,222.04256465043304,225.90029338876204,43695300
2024-08-23,224.9581756591797,226.32673228874265,222.46900358067504,223.78797197411373,38677300
2024-08-26,225.2953643798828,225.39454085782168,222.0326640536948,224.87885041051024,30602200
2024-08-27,226.13832092285156,226.95152567852384,223.02437015551794,224.1251624880706,35934600
2024-08-28,224.61106872558594,227.95310672511408,223.8077756875659,226.0291983356657,38052200
2024-08-29,227.88369750976562,230.98773644426686,226.98125820388418,228.19113851748892,51906300
2024-08-30,227.10025024414062,228.4886300006117,225.59285569982603,228.28038060324323,52990800
2024-09-03,220.92196655273438,227.1002799762046,219.33523365285652,226.65401607692846,50190600
2024-09-04,219.01788330078125,219.94016096302124,215.67582978550038,219.82116129878526,43840200
2024-09-05,220.5352020263672,223.60947620664672,219.68233574260833,219.79142381839864,36615400
2024-09-06,218.98812866210938,223.37145940933704,217.94683622588397,222.09215251756703,48423000
2024-09-09,219.07736206054688,219.43437615112032,214.91220775865924,218.9881123209545,67180000
2024-09-10,218.28399658203125,219.6426263973432,214.93203178151688,217.1038662465979,51591000
2024-09-11,220.8128662109375,221.2392917639212,216.08243282408242,219.6228241682371,44587100
2024-09-12,220.92196655273438,221.6954946800681,217.99644195502805,220.65420216028613,37455600
2024-09-13,220.6541748046875,222.18139254741286,220.06907298412548,221.72521710949164,36766600
2024-09-16,214.5254669189453,215.4179946756504,212.14536768072225,214.74362792854853,59357400
2024-09-17,214.99154663085938,215.1006346980314,212.72055067344832,213.96018092212807,45519300
2024-09-18,218.8592071533203,220.86245391858552,215.7353297749969,215.7452565018275,59894900
2024-09-19,226.97134399414062,227.91347512552952,222.76652771175563,223.12354184254357,66781300
2024-09-20,226.30690002441406,231.15633305592988,225.7317097608303,228.06222073119503,318679900
2024-09-23,224.59127807617188,227.54655270637463,223.93674959465505,225.45405599040325,54146000
2024-09-24,225.48377990722656,227.44736512534206,223.85738561877668,226.75316007712865,43556100
2024-09-25,224.49208068847656,225.40444676008957,222.1615848378298,223.06402418257602,42308700
2024-09-26,225.6325225830078,226.604388370512,223.54002631267903,225.41434646896755,36636700
2024-09-27,225.90028381347656,227.61594290444046,225.41435845997736,226.56473891662026,34026000
2024-09-30,231.0670623779297,231.0670623779297,227.7448474882838,228.1316114938428,54541900
2024-10-01,224.3334197998047,227.74486962890148,221.88390914906273,227.6159583693189,63285000
2024-10-02,224.89871215820312,225.48381409525177,221.16990923527746,224.01609588855442,32880600
2024-10-03,223.79786682128906,224.92840891217833,221.4673712198949,223.27226484855484,34044200
2024-10-04,224.9185028076172,226.1085447535635,222.27065455992025,226.00936828631617,37245100
2024-10-07,219.85089111328125,223.81770763530983,219.49387702101052,222.63757729885364,39505400
2024-10-08,223.89706420898438,224.10531361949606,221.3979653574062,222.43925780658088,31855700
2024-10-09,227.63577270507812,227.84403724277382,222.96485445261254,223.36153007501719,33591100
2024-10-10,227.13990783691406,227.59609839600836,225.2854259515482,225.8903660776275,28183500
2024-10-11,225.6623077392578,227.5068782710055,225.45404318616428,227.39779019694814,31759200
2024-10-14,229.3811798095703,229.8076053434174,226.70358155060512,226.80274288926017,39882100
2024-10-15,231.9100341796875,235.51983687729248,230.44230106244424,231.67201972311165,64751400
2024-10-16,229.85719299316406,230.19436878170097,227.93328446814013,229.67869350471682,34082200
2024-10-17,230.22412109375,231.91003031839952,228.60765355789445,231.49350124327563,32993800
2024-10-18,233.05047607421875,234.2206797118992,232.0686835146529,234.2206797118992,46431500
2024-10-21,234.51820373535156,234.88514457730523,232.5050454306036,232.5050454306036,36254500
2024-10-22,233.9033660888672,234.2603802258017,230.67041566655348,231.94970749678197,38846600
2024-10-23,228.8456268310547,233.18929552056238,225.87051460694332,232.13809162252886,52287000
2024-10-24,228.65725708007812,228.9051831435476,226.51517225997247,228.0721400698136,31109500
2024-10-25,229.4902801513672,231.28526239164006,227.6655479946858,227.83413589840254,38802300
2024-10-28,231.4637451171875,232.78271346714027,230.62080565968694,231.38442210065006,36087100
2024-10-29,231.7315216064453,232.38605001867157,230.3927299983884,231.1662580738538,35417200
2024-10-30,228.191162109375,231.53320070866118,227.64572172599728,230.68033441798144,47070900
2024-10-31,224.03591918945312,227.92339818004348,223.50039040024254,227.43745763164222,64370100
2024-11-01,221.060791015625,223.4805517303345,218.44269248362247,219.13688241025088,65276700
2024-11-04,220.168212890625,220.94174084677013,217.88730565861934,219.15668564471403,44944500
2024-11-05,221.59629821777344,222.09215031274817,219.3054639601429,219.9599923572388,28111300
2024-11-06,220.87234497070312,224.19455985797964,219.3550388628842,220.76325691115125,54561100
2024-11-07,225.59286499023438,225.9895557457087,222.7070172967094,222.7665171269793,42137700
2024-11-08,225.3248291015625,227.01257809039103,224.77878865400953,225.53330763226646,38328800
2024-11-11,222.61447143554688,224.07388164377818,219.90414468405433,223.37892800863307,42005600
2024-11-12,222.61447143554688,223.96467356190874,221.75074442821315,222.9321731823864,40398300
2024-11-13,223.498046875,225.01702229393592,221.15504963584843,222.39604361529624,48566200
2024-11-14,226.5757293701172,227.2210402122622,223.3789275067786,223.3987876531247,44923900
2024-11-15,223.37892150878906,225.28508648780175,222.65418524957263,224.76882873863602,47923700
2024-11-18,226.37716674804688,228.08477571151616,223.54769435597734,223.62711979019133,44633700
2024-11-19,226.63531494140625,228.501774994788,225.02699136706502,225.34467799276683,36211800
2024-11-20,227.35011291503906,228.27340522879027,224.26251907255318,226.4168829534927,35169600
2024-11-21,226.87356567382812,228.50174921258224,224.08381355701644,227.2309725554499,42108300
2024-11-22,228.21383666992188,229.05771868234922,226.4168797117104,226.4168797117104,38168300
2024-11-25,231.19223022460938,231.5694972757357,228.08479132337303,229.79240040372403,90152800
2024-11-26,233.366455078125,233.87279036398945,231.6489234928732,231.6489234928732,45986200
2024-11-27,233.23739624023438,233.99193037541463,232.125470334311,232.78071887838198,33498400
2024-11-29,235.62008666992188,236.0966241243161,232.28429419145726,233.1182385238603,28481400
2024-12-02,237.86383056640625,239.0551819380818,235.45134517492735,235.5605532676808,48137100
2024-12-03,240.90176391601562,241.01097200063165,237.17878168890522,238.08222901174219,38861000
2024-12-04,241.25918579101562,242.35126670496282,239.5118714775545,241.12019505186365,44383900
2024-12-05,241.28897094726562,242.77816394602775,240.38553870781277,242.23213863223197,40033900
2024-12-06,241.0903778076172,242.86748966267425,240.33585892461636,241.1598807416467,36870600
2024-12-09,244.9722442626953,245.4587194212017,240.00826768189094,240.08769312504634,44649200
2024-12-10,245.98487854003906,246.4217108653419,243.57237825215392,245.11121388943334,36914800
2024-12-11,244.714111328125,248.9930565140259,244.48575750906295,246.17352158557497,45205800
2024-12-12,246.17352294921875,246.9479020514793,243.9099357862414,245.11122473397327,32777500
2024-12-13,246.34228515625,247.49391610940148,244.46590277835176,246.0345210589055,33155300
2024-12-16,249.2313232421875,249.56888515433104,245.86574781090837,246.2033097230519,51694800
2024-12-17,251.6537322998047,252.0012166921119,247.98039295462073,248.2782345553336,51356400
2024-12-18,246.26287841796875,252.4479889260113,245.95511429725673,250.34326772719038,56774100
2024-12-19,247.99032592773438,250.184410158509,245.3097817058068,245.71683140567848,60882300
2024-12-20,252.656494140625,253.1628143156686,243.91989202858784,246.25295201238012,147495300
2024-12-23,253.4308624267578,253.80811434244586,251.6239676953758,252.93446477293034,40858800
2024-12-24,256.33978271484375,256.34969006633503,253.4507293352449,253.64930053302467,23234700
2024-12-26,257.15386962890625,258.22610569445567,255.77389969170423,256.32986272653983,27237100
2024-12-27,253.74853515625,256.836144148833,251.2367643772991,255.97238682838486,42355300
2024-12-30,250.38294982910156,251.67358663649517,248.94339979921563,250.41273247360002,35557500
2024-12-31,248.6157989501953,251.4551941340452,247.63292614272083,250.6212497119267,39480700
