Date,Close,High,Low,Open,Volume
2021-01-04,26.32725715637207,26.800673487622074,26.081780968802242,26.70423611533219,51483900
2021-01-05,26.528894424438477,26.774370584339465,26.222049642604624,26.449991432762072,48507000
2021-01-06,28.185855865478516,28.59790185347533,27.493263303057446,27.966679585783748,107002800
2021-01-07,28.808313369750977,29.47460276112476,28.79077899835438,29.20282836532596,74358500
2021-01-08,28.518997192382812,28.931046500610258,28.150785478566814,28.860909025023073,44641400
2021-01-11,28.99242401123047,29.045027134053647,27.966686526558068,28.133259737824858,51868200
2021-01-12,29.509672164916992,29.781449911142836,29.10639164678016,29.29926304778417,68166200
2021-01-13,29.334333419799805,29.52720817585033,29.00995588453818,29.30803353282551,43172800
2021-01-14,29.79897689819336,30.13211984661377,29.29925578688549,29.351858889217535,48483500
2021-01-15,28.93981170654297,29.483367103573055,28.6680373523668,29.185289524160673,57684300
2021-01-19,28.72941017150879,29.457068185557482,28.229692295357214,28.49270117580446,78130200
2021-01-20,28.352428436279297,28.746943413623566,28.194622445341587,28.72064018557446,53920000
2021-01-21,27.852710723876953,28.475165833385834,27.817641982522844,28.352428582985688,49626600
2021-01-22,27.65983772277832,27.835178096189136,27.396828834831826,27.49326620742475,45314500
2021-01-25,27.317922592163086,27.44065983568344,26.800670391370826,27.41435995331167,48078400
2021-01-26,27.125057220458984,27.554639366553694,27.098755658472367,27.52833780456708,36373000
2021-01-27,26.15191650390625,26.677935944692045,26.011644875985997,26.572731387667005,63809200
2021-01-28,26.581497192382812,26.958477799895977,26.23081814080183,26.669167373320462,51223300
2021-01-29,25.994110107421875,26.73930416447225,25.941508665797638,26.651633980318735,64019100
2021-02-01,26.265884399414062,26.336021879735714,25.92397254369385,26.18698307839134,40985300
2021-02-02,27.203956604003906,27.35299542436617,26.77437451523498,26.809441587700924,53527000
2021-02-03,27.686141967773438,27.817646424511057,27.072452273438028,27.098753833653507,49404900
2021-02-04,28.49270248413086,28.519002370081413,27.861480138771228,27.87901283868168,51751900
2021-02-05,28.378725051879883,28.852142970173944,28.334890802631655,28.834608601606885,42008800
2021-02-08,29.00995445251465,29.176525969028738,28.40503367158924,28.431333557265287,46014100
2021-02-09,28.887216567993164,28.94858519613459,28.57160456935758,28.904750939510627,35868600
2021-02-10,28.91351890563965,29.299265078725952,28.808316011950602,29.036256172333484,45031900
2021-02-11,28.825849533081055,29.202830180694107,28.536537403561436,28.904752537100986,29479900
2021-02-12,29.25542640686035,29.325563888303247,28.85214592158127,28.931048916034932,37468300
2021-02-16,30.044452667236328,30.298695989781795,29.544734878420083,29.79020934469086,52802600
2021-02-17,30.167194366455078,30.298700475333895,29.6236422488119,29.842816867383746,45455300
2021-02-18,29.974315643310547,30.377599429516547,29.825278527796566,29.86034726474297,37541700
2021-02-19,30.28116226196289,30.447733746978066,29.965550316175108,29.983084684756523,54514100
2021-02-22,30.81595802307129,30.903626547882535,30.16719956871259,30.20226831637303,56783400
2021-02-23,31.140323638916016,31.464701069559503,30.807177352549466,31.052651803378204,67440700
2021-02-24,31.894287109375,32.017024344050284,31.210460117937387,31.333200696951494,58139500
2021-02-25,31.499774932861328,32.464141870434496,31.35073446034817,32.4027732477347,74762000
2021-02-26,30.430206298828125,31.587448133670467,30.403906412144313,31.3244392338135,70933300
2021-03-01,31.377038955688477,31.604979085738087,30.894855467412548,31.14032996813355,45901700
2021-03-02,31.14910316467285,31.508549491250875,31.122803274348144,31.25430941465184,41167400
2021-03-03,31.929359436035156,32.411546311746356,31.42087601847545,31.534847765856238,66047000
2021-03-04,32.15842819213867,32.48441679713002,31.64741593911727,31.84124863660122,96512800
2021-03-05,32.537288665771484,33.12759258259698,31.86768648085983,32.62539262438853,74292300
2021-03-08,32.7134895324707,33.242119837830806,32.44036197016326,32.93375271986233,65335500
2021-03-09,31.99984359741211,32.73992822655502,31.550508061588005,32.20248537717203,63946000
2021-03-10,32.92494201660156,33.06591032940004,32.04388922137364,32.19366994425622,53365600
2021-03-11,32.81041717529297,33.29499568229352,32.46680366139556,32.836847691380974,45834000
2021-03-12,33.42715072631836,33.63860493219783,33.109974458925024,33.40952926241585,46069600
2021-03-15,33.25974655151367,33.541683207047846,32.79278959596332,33.50644028486857,50131600
2021-03-16,33.1628303527832,33.23331619747501,32.57252652776456,32.968997640830786,50300400
2021-03-17,33.43596267700195,33.79719427963831,32.88971074737025,33.48001465567457,63796000
2021-03-18,34.308197021484375,35.21568374910724,33.85004913279951,33.92934402432093,95439700
2021-03-19,33.94697189331055,34.290582034453806,33.06591887050196,33.735521049968796,106252700
2021-03-22,33.18045425415039,33.8148134592292,32.95138196395544,33.55049824409647,54701300
2021-03-23,32.5108528137207,33.32141985498484,32.405124047594924,32.91613633435277,49838000
2021-03-24,32.5108528137207,33.29498934392841,32.502040402735204,32.78397705717056,43896800
2021-03-25,33.18045425415039,33.25974915478525,32.27297078317956,32.48442161090562,47517900
2021-03-26,34.07912826538086,34.14961075346026,33.550497841459446,33.788379179558895,66846000
2021-03-29,33.75314712524414,34.03508386218629,33.35667253862204,33.52407142588425,45680000
2021-03-30,34.35226821899414,34.76636096734766,34.03508850641597,34.03508850641597,56705900
2021-03-31,34.08793258666992,34.35225112290931,33.88529084024958,34.02625915780068,49270000
2021-04-01,34.79277801513672,34.81920852474519,34.11436692727056,34.21128327710142,65587000
2021-04-05,35.06591033935547,35.48881539547712,34.88969905906713,35.24212161964381,50328500
2021-04-06,34.96898651123047,35.37427337776553,34.76634475843789,34.82801818924651,42590100
2021-04-07,35.286163330078125,35.37427062505557,34.8808798560308,35.039469626040564,43136400
2021-04-08,34.97780227661133,35.10995820061205,34.5548972700986,35.06590622594514,45285900
2021-04-09,35.233314514160156,35.400713391157474,34.81040607372864,35.1628286537713,45872900
2021-04-12,35.294979095458984,35.57691574429056,35.10995543889141,35.23330566358645,45544600
2021-04-13,34.64299774169922,35.083524166045294,34.53727234092213,35.074715116376325,46770400
2021-04-14,35.13639450073242,35.532869022016044,34.29058106834388,34.343445458165185,52023800
2021-04-15,34.131996154785156,35.10115315174625,33.52406740784447,35.00423677986002,118128900
2021-04-16,34.493221282958984,34.731102600761474,34.28176711486235,34.63418960804008,60633400
2021-04-19,34.51084899902344,34.73992469170466,34.38750210032628,34.70468176037664,42321100
2021-04-20,33.55050277709961,34.361069994482314,33.383100541502614,34.361069994482314,50834100
2021-04-21,34.114376068115234,34.167237101496134,32.960195332338245,33.25975351164941,37851800
2021-04-22,33.797203063964844,34.15843476048996,33.629800796168134,34.140813292250755,48093400
2021-04-23,34.519649505615234,34.6606178213528,33.67383961118984,33.76194354816966,48674100
2021-04-26,34.722293853759766,35.10995591087706,34.60775603833533,34.66942947103695,34699800
2021-04-27,35.13639450073242,35.171634066329496,34.81040247159341,34.95137081683309,34304800
2021-04-28,35.268550872802734,35.43595309551174,35.13639493803039,35.18044691628784,34084400
2021-04-29,36.22008514404297,36.237706605302144,35.647399416445005,35.726694311636265,44008700
2021-04-30,35.70907211303711,36.0350640981755,35.65621109130116,35.98219971548954,39203400
2021-05-03,35.735511779785156,36.16722587840292,35.61216153351524,36.00863606557787,41940500
2021-05-04,36.123172760009766,36.193658612797705,35.048287031646794,35.45357396327656,53880000
2021-05-05,36.46678924560547,36.61657002840923,35.91172482148735,36.29939035748459,37471100
2021-05-06,37.01304626464844,37.057101616755816,36.33463820675445,36.54608910868332,39044400
2021-05-07,37.16280746459961,37.22448089187585,36.22008123514879,36.23770269450625,39249200
2021-05-10,37.04827880859375,37.83241545842544,37.030657344884546,37.44475333967453,41271500
2021-05-11,36.6253776550293,37.30378895565895,36.42273584226214,36.60775618944725,42964700
2021-05-12,36.281761169433594,37.49761519555965,36.158414292759275,37.33902539384972,47533000
2021-05-13,36.863258361816406,37.08352161604309,35.92934095395306,35.999826808561856,42026100
2021-05-14,37.32140350341797,37.42712891636228,36.933738054371716,37.057088290582065,30932600
2021-05-17,37.65620422363281,37.75311722406422,37.145191903966015,37.21567775258912,32656400
2021-05-18,37.14519119262695,37.84122381017486,37.12756973080863,37.620960578871106,37880300
2021-05-19,36.977787017822266,37.00421752626569,36.39629230541894,36.695850391260024,42672800
2021-05-20,36.88967514038086,37.118750721609096,36.528443672397216,36.91610900649137,36871100
2021-05-21,37.35664749145508,37.53285539772815,36.90730859198777,37.021846419825565,40243800
2021-05-24,37.559295654296875,37.69145160645689,37.22449452577981,37.515243670243535,31390800
2021-05-25,37.01304626464844,38.11436284830313,36.94256375098931,37.61216275503271,52657700
2021-05-26,37.03946304321289,37.22448333719582,36.70466201532716,37.02184158269786,41332800
2021-05-27,37.488800048828125,37.75311524541144,37.10994703471034,37.42712661499035,52981100
2021-05-28,37.347835540771484,37.62977222743043,37.04827739107756,37.58572025031817,38509700
2021-06-01,37.814796447753906,38.131976093193906,37.68264050278775,37.84123032550775,42890700
2021-06-02,37.83241271972656,38.03505449628732,37.53285458025624,37.97338105824493,34180500
2021-06-03,38.265933990478516,38.47827823061295,37.761620217143566,37.84124888530683,46981200
2021-06-04,38.283634185791016,38.38980463095767,37.894340303448224,38.25709241827375,37192600
2021-06-07,38.15093231201172,38.38981843083157,38.097848757895406,38.28364794750013,28401900
2021-06-08,37.93859100341797,38.25710582564041,37.540447475639915,37.920895360505746,41871400
2021-06-09,37.44312286376953,37.805875103171275,37.25732367714642,37.57583849712819,42366300
2021-06-10,36.885719299316406,38.00936722299522,36.82378624152375,37.83241418283111,40123600
2021-06-11,37.036128997802734,37.06267077141993,36.72646034684248,36.99189158340795,31203600
2021-06-14,36.593746185302734,37.08036446833213,36.328318337750176,37.02727754878234,36050700
2021-06-15,36.62029266357422,36.77070393407876,36.18676124438183,36.522968319441624,39247900
2021-06-16,36.823787689208984,37.15115200766703,35.983263246709086,36.52296852163319,63859100
2021-06-17,35.21351623535156,37.24846754258956,35.14273705188929,37.177688359127295,80728200
2021-06-18,34.311058044433594,34.771134538788374,34.05447971352838,34.51455283278508,102774200
2021-06-21,35.169281005859375,35.19582277941723,34.53225143968403,34.61188013545595,48119400
2021-06-22,35.36393737792969,35.62051578674455,34.75344945240342,35.28430866482187,44113200
2021-06-23,35.56742477416992,35.76207007367548,35.45240479598591,35.53203349240586,32039900
2021-06-24,36.12482452392578,36.28407853670697,35.54972802601674,35.77976460012138,37161800
2021-06-25,36.823787689208984,37.0095902449901,36.133674518046305,36.51412238807154,53178800
2021-06-28,36.77069854736328,36.78839418689495,36.36370558833127,36.68222034970496,34416500
2021-06-29,36.17790603637695,37.11575467060954,36.05403993612131,36.832631191425754,38519600
2021-06-30,36.47873306274414,36.5937530558147,36.0275059746963,36.062893885942074,29159800
2021-07-01,36.75300979614258,36.8945715638295,36.461036751795234,36.77070543899079,28045100
2021-07-02,36.40795135498047,36.691074876019506,36.36371056255051,36.60259666625819,28980800
2021-07-06,35.45241165161133,36.16907005797495,35.27545858367103,36.1071369904607,47578700
2021-07-07,35.169281005859375,35.39047145243711,34.82422444921385,35.01002361431554,43499900
2021-07-08,34.311058044433594,34.71805099623464,34.04563020637071,34.169496305793515,52793100
2021-07-09,35.425872802734375,35.60282588531024,34.859625638571075,35.080816148016076,43887200
2021-07-12,35.94786834716797,36.107125721098654,35.07195279054919,35.20466839385743,42624500
2021-07-13,35.266605377197266,35.815156740224225,35.01887315681703,35.815156740224225,54338100
2021-07-14,34.3818473815918,34.99233186703714,33.435152434911934,34.603037852780524,105651700
2021-07-15,34.35530090332031,34.79768178515489,33.90407051379401,33.966003567242986,54697300
2021-07-16,33.5501708984375,34.762297177409685,33.25820121543251,34.7003641120723,60469700
2021-07-19,32.674251556396484,32.95737504516589,32.30264986795025,32.51499417207641,83251500
2021-07-20,33.346675872802734,33.72712377209615,32.391134744997565,32.612325227140296,59462900
2021-07-21,34.0279426574707,34.30222006790212,33.60325734057936,33.66519040501567,49907400
2021-07-22,33.5855598449707,33.97485722864286,33.33782760088747,33.93946594374563,52715600
2021-07-23,33.35551834106445,33.85983226388539,33.23165223722748,33.7978992119669,48659400
2021-07-26,33.735965728759766,33.8332900591298,33.32012663539622,33.32012663539622,32258000
2021-07-27,33.60325241088867,33.833292366560784,33.14317587464284,33.37321583031495,39121400
2021-07-28,33.735965728759766,34.063326624015026,33.3997553261446,33.78904927252658,43331100
2021-07-29,34.22258758544922,34.48801545734349,33.948310205269316,34.10756760342558,43039100
2021-07-30,33.93946838378906,34.355307573481134,33.66519096876466,34.07218064904685,46210100
2021-08-02,33.5855598449707,34.46147558313437,33.54132242639851,33.97485722864286,49894000
2021-08-03,34.10756301879883,34.17834557517548,33.222801314679025,33.67403167383503,39680600
2021-08-04,33.859832763671875,34.30221364110407,33.49708057918141,33.64748845746119,42289800
2021-08-05,34.52340316772461,34.55879444700774,34.10756407389322,34.12525971353479,34754500
2021-08-06,35.52318572998047,35.75322230069776,34.921547467983565,34.921547467983565,58022300
2021-08-09,35.98326110839844,36.23984284272129,35.213519280528345,35.43470973251043,56340100
2021-08-10,36.655677795410156,36.823781304724996,35.90363169440927,36.01864828626244,44987300
2021-08-11,37.115760803222656,37.3281017601464,36.69992164785723,36.8060921263191,58458200
2021-08-12,37.292720794677734,37.41658693846373,36.95651027933054,37.363500001798606,37400100
2021-08-13,36.832637786865234,37.36349356161803,36.65568473691473,37.23962743918229,41344900
2021-08-16,36.53181838989258,36.5406645235413,35.93018004881879,36.416798401867055,38599100
2021-08-17,36.35485076904297,36.77953589102907,35.93901177715983,36.31945949843646,43526900
2021-08-18,36.08942794799805,36.74414966868369,35.97440799027302,36.0717323102636,50342500
2021-08-19,35.558570861816406,35.983256065087524,35.39931348870249,35.49663781394966,51883900
2021-08-20,35.717830657958984,35.806308857412226,35.310841065768685,35.47009844968632,40415000
2021-08-23,36.19560623168945,36.36370976389602,35.92132885010118,35.94787399999587,35364500
2021-08-24,36.69991683959961,36.876869863918245,36.31062288617718,36.363706430904024,35579300
2021-08-25,37.292720794677734,37.55814872780476,36.7530154180965,36.85918591632746,51219900
2021-08-26,37.195377349853516,37.90318593344162,37.17768171337662,37.60236686352948,41184500
2021-08-27,37.59353256225586,37.73509432351819,37.106910843761646,37.266168247069096,46468600
2021-08-30,36.85917282104492,37.717392762510954,36.832631049691734,37.717392762510954,44855600
2021-08-31,36.938804626464844,37.221928128444254,36.593748069371095,36.86802206342081,54654600
2021-09-01,36.44334030151367,36.965349941124664,36.30177853696317,36.93880816498979,52361900
2021-09-02,36.478912353515625,36.896882444806295,36.140979016038195,36.55894910732886,44538900
2021-09-03,36.505592346191406,36.63009321689075,36.17655384614395,36.478914557439914,41812400
2021-09-07,36.745689392089844,37.217014916438025,36.62118856621622,36.68343897915303,43748600
2021-09-08,36.265480041503906,36.896882609920084,36.17655182237751,36.5322714836713,36064400
2021-09-09,36.39887237548828,36.77237493193576,36.06983392446639,36.15876213531756,36266400
2021-09-10,35.81193923950195,36.77237685809945,35.78526145332796,36.65677085641616,40514700
2021-09-13,36.40776824951172,36.425554572315086,35.8830836001922,36.105407546642944,42036300
2021-09-14,35.429542541503906,36.73680836945298,35.269469036351204,36.57673486430028,53820400
2021-09-15,35.69633102416992,35.87419085345568,35.278360934207505,35.331719900711455,52358200
2021-09-16,35.97200393676758,36.292150862071715,35.749680060016715,35.99868171641187,42922000
2021-09-17,36.0164794921875,36.16765814812647,35.642976888765894,35.87419230149438,92746000
2021-09-20,34.78036117553711,35.091613365535714,34.11338928920202,35.02047146170508,67566200
2021-09-21,34.79814529418945,35.216112009641726,34.62917692256084,34.9226461622984,38271100
2021-09-22,35.69633102416992,36.03426436057345,35.34950622287944,35.34950622287944,46261400
2021-09-23,37.07473373413086,37.24370207560398,36.149868853640285,36.247688523700866,49779800
2021-09-24,37.474918365478516,37.6527781749884,37.03916539419269,37.1014158186621,39042300
2021-09-27,38.4709358215332,38.622117875532304,37.919573360983,37.95514600808801,49755400
2021-09-28,38.38200378417969,39.16458498079446,38.293075567643605,38.62211403969992,60781200
2021-09-29,38.301971435546875,38.52429539483953,38.00850557332566,38.399794520418745,44260200
2021-09-30,37.7505989074707,38.550962912225245,37.554952789858184,38.550962912225245,47410800
2021-10-01,38.31086349487305,38.62211565818659,37.697247240920426,37.7772839961145,40987100
2021-10-04,38.54207992553711,39.1912654493816,38.301969653584614,38.337542299591114,48273400
2021-10-05,39.32466125488281,39.795986942038,38.835545852294324,38.924477467489616,54070700
2021-10-06,39.34244918823242,39.386913301452886,38.72883289164908,38.99562096336626,47031700
2021-10-07,39.23572540283203,39.90269717899991,39.15568865399613,39.83155528692016,46258800
2021-10-08,39.431373596191406,39.84934368325577,39.05786761804167,39.191263337179585,39389400
2021-10-11,38.9333610534668,39.849337846434295,38.906683270504395,39.66258318851677,36283500
2021-10-12,38.719940185546875,39.12901544190122,38.47982991097517,38.835546197737706,36898300
2021-10-13,38.36421585083008,38.80886369962022,37.64388850692213,38.72882695114224,43908000
2021-10-14,40.080562591552734,40.107240380756636,38.666582093041754,39.4580548351049,82201000
2021-10-15,41.23664474487305,41.50343280282774,40.338457491533596,40.703068628963656,64264900
2021-10-18,41.15660858154297,41.699079562894255,40.93428463131009,41.16550343929307,49542500
2021-10-19,41.33446502685547,41.46786074300177,41.08546330860261,41.35225134850124,32515500
2021-10-20,41.87693786621094,42.01033358841763,40.95206945297634,41.343361762172435,40411000
2021-10-21,41.645713806152344,42.22375390002596,41.450067692204705,41.88582062840553,36848600
2021-10-22,42.30379867553711,42.348262784683826,41.788008903125885,41.788008903125885,36225600
2021-10-25,42.25043869018555,42.668408769351586,41.97475918468794,42.50833526636859,31679500
2021-10-26,42.6506233215332,43.068593409263244,42.188189124817725,42.383835275226524,35674800
2021-10-27,41.83247756958008,42.83737943686917,41.82358271134527,42.22376652205061,45790800
2021-10-28,42.49055099487305,42.686197150713284,42.063689430453216,42.32158601908004,37209600
2021-10-29,42.49055099487305,42.80180655120016,42.259335586293446,42.46387320721998,31756200
2021-11-01,42.55280303955078,42.83737742661029,42.04590470057639,42.77512699146566,36937200
2021-11-02,42.57948684692383,43.05970403446025,42.10815773296445,42.30380390828323,36283400
2021-11-03,43.015220642089844,43.29979491916703,42.33935758212978,42.50832249902155,42553000
2021-11-04,42.09036636352539,42.81958855321237,41.69018262713771,42.81958855321237,47646300
2021-11-05,41.77021408081055,42.52611395966239,41.63681838812216,42.33046784835766,38271200
2021-11-08,42.09926223754883,42.508337480975676,42.01922548188756,42.10815370266934,33815500
2021-11-09,41.690181732177734,42.11704324436326,41.27221168399048,41.485644136280115,36900300
2021-11-10,42.00143814086914,42.25933472423507,41.48564836653137,41.57457658515696,39385600
2021-11-11,42.2326545715332,42.58837081850478,41.80578964733707,42.072581073058124,31194800
2021-11-12,41.716861724853516,42.2682241165637,41.58346601106196,42.2504377952319,44268500
2021-11-15,41.841365814208984,42.143726515420454,41.70797348250621,42.02811711402938,35335500
2021-11-16,41.868045806884766,42.04590224411026,41.52121761254924,41.95697402549751,35120800
2021-11-17,41.361148834228516,41.97476514695523,41.307793253918,41.86805059393973,32963700
2021-11-18,41.19218444824219,41.6279409174204,41.094361359708635,41.53900929493785,30639000
2021-11-19,40.374027252197266,40.703065720415914,39.867128960586875,40.6408152910879,48429500
2021-11-22,41.15660858154297,41.68129323978831,40.82757008506871,41.54790090508514,53697100
2021-11-23,42.24154281616211,42.37493851885481,41.50342580807812,41.681285614203844,49362900
2021-11-24,42.357154846191406,42.668406982068475,41.98364889074507,42.170400172271314,40060000
2021-11-26,40.69417190551758,40.94317702160008,39.795984693359934,40.48074282589721,55110100
2021-11-29,40.54298400878906,41.53010260595088,40.16947811606065,41.28109754666751,50231100
2021-11-30,39.54698181152344,40.213953602494165,39.44915873939804,39.80487499247938,77193600
2021-12-01,38.98673629760742,40.64082738010676,38.960058503500974,40.2139657124287,60601600
2021-12-02,40.11262893676758,40.657710880784634,39.31734678581371,39.61222852289396,57821400
2021-12-03,39.201175689697266,40.27346750371804,38.95990977588846,40.21091746036632,74605300
2021-12-06,39.45138931274414,40.1036995085209,39.28160765867339,39.81775540650157,48193100
2021-12-07,39.951778411865234,40.13049427692407,39.701578246015835,39.81774406961232,40740800
2021-12-08,39.4603157043457,40.032203794322584,39.3977656575496,39.92497562963239,50560300
2021-12-09,39.75519943237305,39.96965577261902,39.004595424068,39.23692369412149,37316700
2021-12-10,39.782012939453125,40.05902278933422,39.37990296663305,39.95179119076707,37700200
2021-12-13,38.942047119140625,39.67477923047273,38.77226548272221,39.55861338587943,38653900
2021-12-14,39.43350601196289,40.05007216505628,38.897358418701096,38.950974200643756,47099400
2021-12-15,39.263736724853516,39.719462492534674,38.977792615561384,39.64797476085031,60057100
2021-12-16,40.2109260559082,40.53261400975106,39.39777190979318,39.94285389727997,69487200
2021-12-17,39.210121154785156,39.94285330151037,38.97778945437626,39.76413739551638,124242400
2021-12-20,38.566734313964844,38.7454501692509,38.155690232911915,38.665028204808245,56455200
2021-12-21,39.48712158203125,39.74625943598464,38.90629923654336,38.90629923654336,47845600
2021-12-22,39.56755447387695,39.83563007053452,39.21012602620487,39.38884195440232,35715700
2021-12-23,39.69264602661133,40.2734718156026,39.67477750550206,39.92497770569666,34053500
2021-12-27,39.88922882080078,40.050072760297695,39.594350537537544,39.80880685105233,33879200
2021-12-28,39.94285583496094,40.2824157370145,39.69265218721076,39.73733372308506,32492400
2021-12-29,39.88030242919922,40.318152810761305,39.853492828179476,40.07688685391753,25294900
2021-12-30,39.790931701660156,40.30026966591949,39.7462535906889,39.98751948039933,23852200
2021-12-31,39.75519943237305,39.960721512076304,39.567545873755236,39.782005622723275,24253900
2022-01-03,41.26533889770508,41.54234867776292,40.19304704337498,40.291340946257506,58587900
2022-01-04,42.882713317871094,43.27588552686238,42.03381544447988,42.05168737335065,74606700
2022-01-05,42.15891647338867,43.22227069938192,42.141044544121314,43.016748625890216,57791600
2022-01-06,43.007808685302734,43.034614871302324,42.16784516428591,42.87377093786172,52040900
2022-01-07,43.946067810058594,44.06223364412368,42.94526364774912,43.025685623836964,59082600
2022-01-10,43.72268295288086,44.750296927900884,43.19547286800737,44.598387204095324,66839500
2022-01-11,43.97288131713867,44.0086251810644,43.46354318672567,43.776296882992106,40454400
2022-01-12,43.660118103027344,44.12477797032133,43.49927417170552,43.93712444463156,41378000
2022-01-13,43.57076644897461,44.223079961419394,43.45460401741888,43.71373847980804,46337500
2022-01-14,42.811222076416016,43.097166097353956,42.167846324944854,42.46272801394301,72953300
2022-01-18,41.33682632446289,42.82016242218964,41.149176173185175,42.75761237176374,65877400
2022-01-19,41.49767303466797,43.40992876018828,41.417251048974485,43.24014711887853,84451800
2022-01-20,40.881107330322266,42.0427556000405,40.800685343487494,41.7210676527014,46265300
2022-01-21,40.139434814453125,41.12237052165666,39.90710653964335,40.720260614560765,71303600
2022-01-24,39.808807373046875,39.93390745902449,38.05739935191694,39.22798505833344,90672700
2022-01-25,40.59516906738281,40.72026919623888,39.16544843942366,39.576492693871565,73555300
2022-01-26,41.015140533447266,41.515540921259024,40.44324901938499,40.90790895715447,63735800
2022-01-27,40.63090896606445,41.774685356697255,40.29134907182439,41.4351254624572,63402400
2022-01-28,40.98833084106445,41.00620277040562,39.71945453633931,40.50580238374083,51048300
2022-01-31,41.22959899902344,41.34576484164888,40.40751065729795,40.67558279443791,44793700
2022-02-01,41.94446563720703,42.087437692982014,41.01514897903097,41.29215541968849,40326600
2022-02-02,41.899784088134766,41.96233414438445,41.37257403637143,41.74787778259194,41125600
2022-02-03,41.48874282836914,42.257218898164446,41.41725509688927,42.19466883748089,35879900
2022-02-04,43.141845703125,43.50821170566398,41.71212554900256,42.06955729189403,60297100
2022-02-07,43.34736251831055,43.57075647841232,42.88270608097362,43.392044037307954,44824800
2022-02-08,44.124786376953125,44.69667450451034,43.73161073271595,43.91926429415739,49560500
2022-02-09,44.03542709350586,44.491152792446904,43.81203307877221,43.981814711551955,33861100
2022-02-10,43.82989501953125,44.77708665326324,43.57075720340816,44.39284876279696,47082800
2022-02-11,42.82017135620117,44.17840763645888,42.44487097534298,43.454613070883,61056000
2022-02-14,42.37336730957031,43.06142115784576,41.944451288967734,42.90951489186468,44791900
2022-02-15,42.704002380371094,43.22227474271981,42.50741454876178,42.89165254214965,42397600
2022-02-16,42.6057014465332,43.106105204238204,42.275079300423286,42.391241719310564,36664600
2022-02-17,41.16704559326172,42.257209392029075,41.059817428886504,41.9980715367939,49442400
2022-02-18,41.068756103515625,41.5870318696965,40.85429975171284,41.16705001839284,37856500
2022-02-22,40.71132278442383,41.086623058993695,40.24666286682173,40.36282528968087,51905600
2022-02-23,40.01433181762695,41.202789522777195,39.82668167746278,41.05981750045374,45704900
2022-02-24,38.95991516113281,39.03140288268574,37.57487293890561,38.4237708843746,80484800
2022-02-25,40.22879409790039,40.52367242126275,38.986723936332204,39.147567897701535,68530700
2022-02-28,39.496055603027344,39.54966797563734,38.81693600771398,39.06713957853964,69955300
2022-03-01,37.95017623901367,39.08501824067259,37.46764435004585,39.05820864102628,74895600
2022-03-02,38.566734313964844,38.9062940981362,38.08420252730893,38.19143408571341,70834600
2022-03-03,38.1536865234375,39.060609513005296,37.902259581216036,38.692452181047685,48733800
2022-03-04,36.770851135253906,37.2108422993461,36.20514478460393,37.201864355857694,75572800
2022-03-07,34.427215576171875,36.016578828306336,34.31048175302833,35.854948434842576,109779000
2022-03-08,34.651702880859375,35.612503900840004,34.274564143129204,35.08271613441611,76553800
2022-03-09,36.851661682128906,37.36349003115391,36.0614691646179,36.196162277682646,78207900
2022-03-10,36.51942825317383,37.24676507069699,36.01658115251591,36.17821155640995,48804400
2022-03-11,36.2141227722168,37.15696431834252,36.178204150839676,36.85166288741351,43946600
2022-03-14,36.99533462524414,37.87532031277431,36.725951810757486,36.725951810757486,54262400
2022-03-15,37.26472473144531,37.51614828411131,36.699018312557826,37.04921638245374,41395300
2022-03-16,38.43204879760742,38.65653506795021,37.64185616689199,37.929201744288314,59477600
2022-03-17,38.63858413696289,38.64756550794253,37.56105254588456,38.081859024853834,50260200
2022-03-18,38.52185821533203,38.548795480637494,37.94717029416049,38.396142984663705,74470600
2022-03-21,38.467979431152344,38.997767331555906,38.17165581761269,38.92593005843488,47106400
2022-03-22,39.67121124267578,40.07528718660113,39.240198044284874,39.3479504875355,52360600
2022-03-23,38.69245529174805,39.51856315655084,38.638577351500075,39.25816167549096,48539300
2022-03-24,38.67449951171875,38.9977603319628,38.51286910159673,38.95286375701537,30360800
2022-03-25,39.26713943481445,39.743049249239014,38.907963444350386,39.04265315625362,38968100
2022-03-28,39.10550308227539,39.28509276284031,38.458985027785225,39.249174141649675,37428600
2022-03-29,39.00672912597656,39.85977755141243,38.71040906052773,39.73406580089545,46355800
2022-03-30,38.611637115478516,39.19530276761209,38.38715085317922,39.0067317039854,36601800
2022-03-31,37.013301849365234,38.51286867334714,36.99534253450814,38.46797209889895,67902500
2022-04-01,36.725948333740234,37.480222198125226,36.23207589098553,37.43532221213807,61929200
2022-04-04,36.66310119628906,36.941461993536954,36.06147617972296,36.34881834646268,53761700
2022-04-05,36.043521881103516,36.60024697844899,35.95372872602464,36.312904771729436,51781700
2022-04-06,35.6484260559082,35.92678688292757,35.33414317246837,35.68434468693947,54159800
2022-04-07,35.37005615234375,35.8998438865474,34.88516498706136,35.81902869233367,54585000
2022-04-08,35.621482849121094,36.00759954191002,35.307203413311015,35.45985587169658,41018900
2022-04-11,35.549644470214844,36.27698118983845,35.37005477612881,35.4508699671981,34198700
2022-04-12,35.172515869140625,35.98964938312414,34.885173646254124,35.5316953604435,42855300
2022-04-13,34.85822296142578,35.02883127013912,34.445169103243046,34.570880849177954,45484200
2022-04-14,33.73579406738281,34.99291846330287,33.60110094446695,34.56190526551587,79032000
2022-04-18,34.88516616821289,35.298223522284395,33.421518104568975,33.60110438633451,80080300
2022-04-19,35.531681060791016,35.81004522579313,35.118627209798035,35.20842033379195,53714200
2022-04-20,35.61250305175781,36.25004326002329,35.5676064811765,36.052497664387744,47064300
2022-04-21,34.93904495239258,36.106372939024666,34.678640041994754,35.91780528338025,46245900
2022-04-22,33.72681427001953,34.88516067677707,33.67293633873779,34.84924548131079,50409800
2022-04-25,33.4843864440918,33.58316099103915,32.26318009163364,33.12520689617233,64301100
2022-04-26,32.73009490966797,33.708855066019666,32.70315423124793,33.11621152160229,44809900
2022-04-27,32.550506591796875,33.1431501610044,32.478669346856144,32.568465903032056,39824900
2022-04-28,33.053367614746094,33.17907940826011,32.46970180155733,32.98153034680124,39567800
2022-04-29,32.03867721557617,33.34069812389487,31.912965466221916,32.99947807179885,47385200
2022-05-02,32.45173263549805,32.57744439085865,31.787255235623853,32.352958134746586,46652200
2022-05-03,33.34070587158203,33.7896784666867,32.622350404492366,32.63132834922327,48926000
2022-05-04,34.67864227294922,34.79537610673883,33.47539558153288,33.55621078563506,57860300
2022-05-05,33.7088623046875,34.31048392084545,33.10723726314059,34.16681283151004,48860600
2022-05-06,33.6280403137207,33.780689316713755,32.87376639064215,33.55620307086166,50440100
2022-05-09,32.65826416015625,33.2778485061663,32.379903355787825,33.10723673534549,51242000
2022-05-10,32.110511779785156,33.34069889939614,31.589705459576738,32.99947883936337,60235300
2022-05-11,31.939908981323242,33.15213357390954,31.88603103872803,32.2362325275135,54969300
2022-05-12,31.490938186645508,31.81419900975321,30.76360133465318,31.437060240997848,61231500
2022-05-13,31.580724716186523,32.08357516063738,31.21256739492077,31.903985471520045,49117900
2022-05-16,31.257469177246094,31.58072652571335,30.898289778431,31.42807750771953,39076500
2022-05-17,32.317047119140625,32.523574090443304,31.814196607237005,31.984804950820383,42635600
2022-05-18,31.32033348083496,32.04766699221519,31.068906463895676,31.984811094327753,47396900
2022-05-19,30.934213638305664,31.284411727449747,30.75462390850662,30.790542539544266,47002700
2022-05-20,30.4044246673584,31.410122320582943,29.596272626577655,31.248491912426793,62406500
2022-05-23,32.209285736083984,32.559483733076924,31.122773123519156,31.212566252095908,69081900
2022-05-24,32.011749267578125,32.290110100523975,31.392164857959532,31.850118849885384,46146700
2022-05-25,32.18235397338867,32.56847065784502,31.688484831178354,31.877052488595023,49343400
2022-05-26,32.927650451660156,33.08030292433501,32.63133030235727,32.77500140437458,60201200
2022-05-27,33.24192810058594,33.26886535753248,32.846833488685434,33.12519427816969,43365600
2022-05-31,33.40354919433594,33.6998692144261,32.87376159440477,33.062329191315584,71609200
2022-06-01,32.927650451660156,33.64600938713595,32.478677829682425,33.6370280164784,35237900
2022-06-02,33.1443977355957,33.15342739060104,32.57543300694786,32.882492953903395,35341900
2022-06-03,32.68380355834961,33.12633241190007,32.62961874228245,32.94570831973421,25235200
2022-06-06,32.64767837524414,33.604980115514856,32.60251977268084,33.14439199738128,40394000
2022-06-07,32.82829666137695,32.882484913513736,32.27739826768141,32.42189682826208,29152200
2022-06-08,32.412864685058594,32.611551503628306,32.07871239983297,32.43995708936627,33590600
2022-06-09,31.16656494140625,32.36771215832427,31.157535287609505,32.27740183988557,49419000
2022-06-10,29.956388473510742,30.74210272398763,29.82092299403111,30.416980061047937,49318200
2022-06-13,28.91780662536621,29.595144372366963,28.664933246364704,29.25195894925356,61216600
2022-06-14,28.412059783935547,29.441612605134697,28.204343288879397,28.82749449660681,49349800
2022-06-15,28.944902420043945,29.342276149661952,28.375939403907186,28.881684498535325,51540100
2022-06-16,28.764278411865234,28.899745624970468,27.8701927382998,28.448187099580306,61363400
2022-06-17,28.827499389648438,29.423558291185294,28.57462596846793,28.926841104438534,80470300
2022-06-21,29.667394638061523,30.064768357308218,29.459678123509047,29.70352014801454,53537200
2022-06-22,29.44161033630371,29.74867022818447,29.188738700090497,29.2519566091438,38305600
2022-06-23,28.971994400024414,29.270021212250818,28.231437028760016,29.242928805262384,44091500
2022-06-24,29.17971420288086,29.595147234387778,28.204346099219467,28.22240885430041,79504700
2022-06-27,29.215839385986328,29.44161868091704,28.81846906715099,29.279057312957438,47900300
2022-06-28,29.134550094604492,30.25441658246386,29.071332186310247,29.649329904471042,49863800
2022-06-29,28.77330780029297,29.297113862079083,28.59268371359786,29.107460121352275,35149700
2022-06-30,28.11403465270996,28.493343904794695,27.671507479037633,28.15016016365097,46312300
2022-07-01,28.502378463745117,28.601721907361664,27.662479188774483,27.9785705545513,40236100
2022-07-05,28.21337890625,28.21337890625,27.499917269995002,27.816006887131206,47411800
2022-07-06,27.978567123413086,28.222409151899694,27.671507174035685,28.005661256320202,35933700
2022-07-07,28.77330780029297,28.908773281475867,28.4210910034934,28.448185133265355,40137900
2022-07-08,28.710092544555664,29.125525570830607,28.50237430885908,28.90877595770729,31153800
2022-07-11,28.412059783935547,28.710090045397365,28.258531548722797,28.493340451141687,29311900
2022-07-12,28.32175064086914,28.926837397928846,27.97856520448649,28.014690712551626,39527000
2022-07-13,27.852127075195312,28.132092849383074,27.45475513203408,28.059843561768204,44153700
2022-07-14,27.21091651916504,27.292197193144283,26.795483494434766,27.174792732151545,51707800
2022-07-15,29.12552261352539,29.46870803065885,27.64441131711071,27.680535100590635,77801700
2022-07-18,29.134550094604492,30.14604351754767,28.9900515263437,29.875109132698384,56382900
2022-07-19,30.11894989013672,30.362791888030912,29.51386316749095,29.712550005430934,46874900
2022-07-20,30.12798309326172,30.2092637595072,29.757705268169627,29.965421760770763,35514900
2022-07-21,30.389892578125,30.407951888887403,29.757709902769832,29.884145748817183,31244000
2022-07-22,30.191200256347656,30.65178839021693,29.884140352062207,30.34472848593148,27115400
2022-07-25,30.46213722229004,30.68791648137471,30.200232454923476,30.507292385083353,30381000
2022-07-26,29.84801483154297,30.507289798764646,29.7667341673585,30.173137488280847,30645700
2022-07-27,30.335704803466797,30.498266163917574,29.757710386361143,30.019615183211666,30344800
2022-07-28,30.091854095458984,30.480194628558163,29.71254666040443,30.25441540908736,40176500
2022-07-29,30.53438377380371,30.65178649087489,30.118947379547524,30.22732388854527,48152500
2022-08-01,30.44407844543457,30.60663980882238,30.001552969082177,30.362797763740666,32336700
2022-08-02,29.8389892578125,30.453109150040277,29.802863747653625,30.344732619563658,37884100
2022-08-03,30.380855560302734,30.48019898227867,29.956389464630288,30.18216871635087,30065800
2022-08-04,30.164108276367188,30.407946827374452,29.956388340872657,30.272481348494622,28404500
2022-08-05,30.66985511779785,31.004010916878737,30.01961316483247,30.05573522963404,35874500
2022-08-08,30.245386123657227,30.967878945718954,30.20926062127476,30.85950243857155,33454300
2022-08-09,30.633724212646484,30.66984971620385,30.17313610020183,30.389885676428374,40196900
2022-08-10,31.672317504882812,31.99744022322401,31.112385848360997,31.157541015882064,61415800
2022-08-11,32.43093490600586,32.56640384898139,32.19612597598238,32.30449906329181,50420800
2022-08-12,32.78314971923828,32.79218281941589,32.23224774242597,32.656713877698074,31821700
2022-08-15,32.73799133300781,32.783146494098716,32.214181818023064,32.36771349987368,24908000
2022-08-16,33.0902099609375,33.36114440165311,32.602525900578414,32.68380657730493,31870200
2022-08-17,32.88249206542969,33.045053412079575,32.584465226650345,32.69283830937754,27125600
2022-08-18,32.76508712768555,32.87346365964854,32.51221544334186,32.737994717253954,23138300
2022-08-19,32.04259490966797,32.539308635179104,31.889066653377675,32.47609071257505,36485400
2022-08-22,31.356225967407227,31.446536296920325,31.112383943579967,31.383318377237508,31210300
2022-08-23,31.076257705688477,31.582004496420875,31.031102541989796,31.31106662399249,26588000
2022-08-24,31.175596237182617,31.4284678702796,30.75113018581186,30.931754257360115,31389400
2022-08-25,31.73552894592285,31.861964767202586,31.11237949313656,31.24784496802867,40576700
2022-08-26,30.733070373535156,32.04259071110887,30.724040719397053,32.00646520432056,36152600
2022-08-29,30.615673065185547,30.841452354913702,30.35376826227243,30.579547552000587,34931000
2022-08-30,30.787261962890625,30.958852971013133,30.290548248752152,30.86854263939462,48194900
2022-08-31,30.353761672973633,31.04012904889608,30.34472857407905,30.83241256085221,44917600
2022-09-01,30.426488876342773,30.444670641609388,29.690142988222018,30.308309136018348,32848900
2022-09-02,30.390125274658203,31.34464540810927,30.244674620682968,30.844659001807962,44000800
2022-09-06,30.05376625061035,30.662839678359425,29.644685271173227,30.581023482472,40762400
2022-09-07,30.51739501953125,30.608300380384566,29.662872836931474,29.82650526072123,40742600
2022-09-08,31.49918556213379,31.571909148017703,30.244671628330952,30.41739317914494,44361800
2022-09-09,31.762819290161133,32.04463148210602,31.67191392131054,31.79918282482838,37295100
2022-09-12,32.062808990478516,32.39007382337752,31.84463127927349,31.999174547172274,30534000
2022-09-13,30.90829086303711,31.562820485132224,30.73556930956949,31.435551607017473,40959600
2022-09-14,30.790111541748047,31.290097912902862,30.490121106181913,31.09010544513107,32004400
2022-09-15,31.371912002563477,31.726451173891597,30.635569685367866,30.717385883702562,44863300
2022-09-16,31.01738166809082,31.117379646455614,30.59921145658101,31.081016114719823,54281800
2022-09-19,31.53554916381836,31.69918158521035,30.571939868751294,30.653756079447287,29782000
2022-09-20,31.062833786010742,31.617365497573328,30.79920685524618,31.362827715669397,33591100
2022-09-21,30.135591506958008,31.271925976031575,30.10831712158428,31.190109755545574,51667800
2022-09-22,29.544696807861328,30.381037329869844,29.444698817660814,30.281042807487,47527500
2022-09-23,28.844711303710938,29.171976157935976,28.371995788476692,29.02652549692677,55316100
2022-09-26,28.208364486694336,28.92652689319479,27.890190522385364,28.47199315387015,40360200
2022-09-27,27.790191650390625,28.517446650246807,27.54474302291759,28.426539558526216,43396600
2022-09-28,28.244728088378906,28.462904089121995,27.626561885985797,27.75383252018414,38372900
2022-09-29,27.872007369995117,28.09018334594729,27.462926331391962,27.899280017204834,35220900
2022-09-30,27.453840255737305,28.353816907487865,27.426567605475025,27.9629175899388,42294100
2022-10-03,28.262907028198242,28.43563032839197,27.453837556299472,27.80837330530526,34591700
2022-10-04,29.435609817504883,29.56287872647469,28.781080036725662,28.835623607154318,39758700
2022-10-05,29.017436981201172,29.117433235110077,28.590175846368016,28.671992066599078,35791100
2022-10-06,28.59926414489746,28.981072583306986,28.50835877748798,28.726534780306462,40891900
2022-10-07,27.953824996948242,28.39926785387123,27.75383077564872,28.335633407726316,52304600
2022-10-10,27.872007369995117,28.22654311417883,27.590196951128792,28.09018334594729,37669100
2022-10-11,27.06294059753418,27.69928682379888,26.88112639922501,27.60838145855299,58124000
2022-10-12,27.14475440979004,27.55383371889979,26.79930781037269,26.944758462577294,36137900
2022-10-13,28.808349609375,28.881074940142053,26.6447679847151,26.735675081651074,67671000
2022-10-14,28.81743812561035,29.662871110032675,28.699258389127383,28.91743436350919,58108500
2022-10-17,30.56284523010254,30.7901120816871,29.881044675348868,30.326489230294058,88896800
2022-10-18,31.708274841308594,32.144626817881345,31.162832269729716,31.799180202663116,81937900
2022-10-19,30.8355655670166,31.66282025758109,30.699207533180427,31.435553400037097,43139900
2022-10-20,30.63557243347168,31.481005402829226,30.535574463446192,30.89011019876059,39549100
2022-10-21,31.771909713745117,31.85372592718789,30.508306447764625,30.508306447764625,54870300
2022-10-24,31.88100242614746,32.05372403241448,31.553737515058035,31.917365964672484,33765600
2022-10-25,32.17189407348633,32.34461909535829,31.39009557061727,31.581002356255585,37132300
2022-10-26,32.453704833984375,32.80824054285259,32.135529183290224,32.199163619865715,41104600
2022-10-27,32.60824966430664,33.062783406086616,32.51734430307754,32.862790917819154,35261900
2022-10-28,32.89006042480469,32.999147547173706,32.39916317241845,32.762791537404645,31659100
2022-10-31,32.762794494628906,33.02642490964877,32.55370937962545,32.726430961284635,32565500
2022-11-01,32.908241271972656,33.41731680737389,32.8264250655236,33.12641551062547,29913200
2022-11-02,32.80824661254883,33.89003570228545,32.68097771585244,32.79006484618972,57380600
2022-11-03,32.62641906738281,32.853685852157355,32.1900672567536,32.453697559367896,30046500
2022-11-04,33.44459915161133,33.635502522843076,32.92643087665782,33.180968704966816,39369400
2022-11-07,33.64459228515625,33.94458627496225,33.39005445221871,33.64459228515625,37533700
2022-11-08,33.73548889160156,34.017297542163696,33.40822410066278,33.71730712901423,32664300
2022-11-09,33.19914627075195,33.59913473142943,33.08096652207689,33.52641113304143,30164400
2022-11-10,34.662742614746094,34.74455882342831,33.76276431924175,33.908214971586006,45702800
2022-11-11,34.91728591918945,35.09000751250906,34.51729742885147,34.71728994011164,35688700
2022-11-14,34.32638931274414,34.780923089738096,34.31730016304397,34.626383270112555,35541400
2022-11-15,34.27184295654297,34.81728202983492,33.90821459580363,34.71728405724075,46082800
2022-11-16,33.9627685546875,34.30821523873696,33.817317866848455,34.19003547117463,23813000
2022-11-17,33.790035247802734,33.81730962925359,33.235507019619334,33.52640832443647,23689700
2022-11-18,33.80821228027344,34.40819657094861,33.562763688476785,34.353654751315986,32041800
2022-11-21,33.91730880737305,34.10821214522239,33.69004193817606,33.717312852778186,27935700
2022-11-22,34.08094024658203,34.36274893684646,34.02639495113547,34.17184560450918,23499300
2022-11-23,34.190025329589844,34.23547800584132,33.97184762863907,34.08093821302291,18934700
2022-11-25,34.27184295654297,34.4263827557761,34.14457407062932,34.29002472136164,16118500
2022-11-28,33.50822830200195,34.235481601865544,33.48095738694997,33.999125579841355,35428300
2022-11-29,33.63549041748047,33.771851900894184,33.38095268077922,33.617308655170866,27048800
2022-11-30,34.408203125,34.408203125,32.90824384650914,33.5445917833616,51747900
2022-12-01,33.42066955566406,34.46306473187155,33.28351431505808,34.289333365200754,46213200
2022-12-02,32.990909576416016,33.18292899036749,32.74402597786793,32.97262151488381,42295300
2022-12-05,31.51875877380371,32.817179956317304,31.21701094265832,32.7440311866434,71386600
2022-12-06,30.174617767333984,31.71078040544561,29.63513203742464,31.610197788126463,84085700
2022-12-07,29.93687629699707,30.101461892387952,29.580264290724365,29.7997175647313,49234100
2022-12-08,29.662559509277344,30.165472546999176,29.42482165442919,30.147184483073698,45491100
2022-12-09,29.60770034790039,29.808862085376393,29.333386350911866,29.360816704183204,36985500
2022-12-12,29.92772674560547,29.973445154562544,29.315092391780443,29.54368792465683,41060500
2022-12-13,29.94601821899414,30.787248201549183,29.781429137521823,30.67752330993144,54804800
2022-12-14,29.516260147094727,30.174616533097108,29.40653524545824,29.99173937164181,48819500
2022-12-15,29.0499210357666,29.251084478913768,28.793893408451137,29.031632974377167,49027600
2022-12-16,28.985919952392578,29.19622746532309,28.665885794776752,28.91276943728432,61795200
2022-12-19,29.315093994140625,29.470537290709395,29.013346199966605,29.04077829326759,38374100
2022-12-20,29.433963775634766,29.790575788024483,29.388245360125783,29.625986701718926,35561100
2022-12-21,29.88201141357422,30.05574278073648,29.6351277940754,29.73571039699248,32544000
2022-12-22,29.616838455200195,29.790573302969936,29.141361043814307,29.735709116080876,30234400
2022-12-23,29.689990997314453,29.790573596891154,29.433961610730687,29.625984522691326,21378600
2022-12-27,29.74485206604004,29.87286501687602,29.516256514378274,29.717421716029843,22776100
2022-12-28,29.964303970336914,30.147181100983925,29.74485071594227,29.7814268396899,30541000
2022-12-29,30.302629470825195,30.32091753576248,29.946020924777486,30.074033891246742,22252900
2022-12-30,30.284339904785156,30.4489289929708,30.046602048567866,30.266051840754354,28198900
2023-01-03,30.640945434570312,31.171288775288343,30.36663147713636,30.38491953937745,35221500
2023-01-04,31.217012405395508,31.838792673170833,30.933556113501208,30.99756259799939,41998500
2023-01-05,31.15300750732422,31.21701399508185,30.704962093020793,31.015848754648164,34177000
2023-01-06,31.46389389038086,31.619340690677394,30.66838228913261,31.17129184191963,34068700
2023-01-09,30.988414764404297,31.783926367572654,30.823825675736146,31.77478407957623,43818800
2023-01-10,31.19872283935547,31.33588157844919,30.759819757583845,30.85126007967687,35096000
2023-01-11,31.43646240234375,31.4913231043905,31.088996174318122,31.198721066503058,36783700
2023-01-12,31.51875877380371,31.884509598356498,31.418176163421915,31.63762596053526,44230400
2023-01-13,32.213687896728516,32.35998892468847,30.256910339729767,31.271875247242043,89667800
2023-01-17,31.564470291137695,31.84792999587983,31.226149893155117,31.719913572773436,56458400
2023-01-18,30.832969665527344,31.399885666933816,30.640946747811565,31.390743379467047,54517800
2023-01-19,30.384925842285156,30.677527922656218,30.07403569587941,30.430644263325895,42707100
2023-01-20,30.951833724975586,30.988409847340723,30.256904840493057,30.448924250773505,45004400
2023-01-23,31.381601333618164,31.555332720865685,30.860403683783826,30.915267879379147,33683300
2023-01-24,31.610191345214844,31.81135653885087,31.043275376348333,31.29015898087677,26716700
2023-01-25,31.884504318237305,31.966798850549626,31.317588366803008,31.36330677628962,28859700
2023-01-26,32.31427001953125,32.323412307600606,31.81136046151844,32.049098320329215,30035500
2023-01-27,32.414852142333984,32.71659647737705,32.25026305482266,32.40570636631028,29964900
2023-01-30,32.27769088745117,32.51543221223039,32.16796600037145,32.195396350118564,27353500
2023-01-31,32.44228744506836,32.44228744506836,32.00338430742332,32.158827642632325,38917400
2023-02-01,32.844608306884766,33.155498407254676,32.10396092665897,32.18625546758311,44438700
2023-02-02,33.03662872314453,33.26522426525967,32.40570279452842,33.00919488618873,33729100
2023-02-03,33.310943603515625,33.612687913701436,32.826322156927766,32.9360470435325,37411700
2023-02-06,33.25607681274414,33.32008328226048,32.899468343127126,33.14635193472913,29463200
2023-02-07,33.621829986572266,33.83213744944385,33.03662600500075,33.07319863778082,44100200
2023-02-08,33.37495422363281,33.68584434770539,33.228653193956994,33.29265967643443,28032800
2023-02-09,32.661739349365234,33.23779773062944,32.51543830979294,33.16464895488925,35257100
2023-02-10,32.53371810913086,32.54286039574091,32.03080514330205,32.50628427311863,32898900
2023-02-13,32.59772491455078,32.716592082157774,32.35998360315465,32.442278135854686,29163900
2023-02-14,32.57029724121094,32.9086212108238,32.42399620962679,32.579443017736544,33625200
2023-02-15,32.51543426513672,32.561152680298825,32.14967996765689,32.29598098903052,23500100
2023-02-16,32.259403228759766,32.60686944496844,32.20454252857877,32.38741617997051,22681100
2023-02-17,32.32340621948242,32.359982341053914,31.76563606192638,32.07652611910219,28562700
2023-02-21,31.564470291137695,32.049091684579565,31.335874767726867,31.921078749564042,37068900
2023-02-22,31.354169845581055,31.591907708376695,31.153004623767444,31.418176327414173,38550400
2023-02-23,31.326732635498047,31.637622723004412,30.960981848373148,31.4547490734876,28488000
2023-02-24,31.28101348876953,31.354165737331964,30.942693059396273,30.96098112153688,27046600
2023-02-27,31.28101348876953,31.71991651587054,31.244437364488316,31.500466746365635,30137500
2023-02-28,31.363313674926758,31.537048552517877,31.253588770405724,31.409032094469538,32620600
2023-03-01,31.217012405395508,31.537048315978225,31.07071137110083,31.22615818209056,29281600
2023-03-02,30.821279525756836,31.014544385664156,30.370324675258107,30.97773102833467,44607200
2023-03-03,31.437889099121094,31.557530761311664,30.968531056242956,30.968531056242956,39109100
2023-03-06,31.37346076965332,31.806008871542936,31.281430901926107,31.511509081958557,36646700
2023-03-07,30.370323181152344,31.198606126742426,30.186259914275126,31.15258767698701,52855300
2023-03-08,29.965383529663086,30.34271160572654,29.854943475170543,30.057413397692446,40045600
2023-03-09,28.106355667114258,29.80893305868302,27.89468237463901,29.707698082079965,112457900
2023-03-10,27.857868194580078,28.566509454499354,26.61544559395634,27.90388313130946,165330900
2023-03-13,26.238115310668945,27.351692836074758,25.649115743866343,26.615443377571506,218403300
2023-03-14,26.46819305419922,27.692208856096546,26.20130153274631,27.600177236445294,154255800
2023-03-15,26.219709396362305,26.28413100643145,25.474256578572255,25.658318070861643,131104400
2023-03-16,26.66145896911621,27.12161533088778,25.869991220512013,26.11847432179718,108348800
2023-03-17,25.60310173034668,26.376164620214926,25.4190402241707,26.376164620214926,130665500
2023-03-20,25.53868293762207,26.16449598956335,25.446651296685253,25.989636047319156,81441200
2023-03-21,26.31174087524414,26.670662275284926,26.238115927662513,26.34855247135635,84854800
2023-03-22,25.43744468688965,26.449789096335365,25.43744468688965,26.422179080996525,76925900
2023-03-23,24.820837020874023,25.851588188898308,24.65518218178495,25.768759891675042,105335900
2023-03-24,24.977285385131836,25.11533369037652,24.222629274079846,24.480317454465183,96872700
2023-03-27,26.219709396362305,26.366959292336706,25.6859280846158,25.704334760451907,102469800
2023-03-28,25.879196166992188,26.366960817359963,25.750351184044483,26.118475945272234,63416500
2023-03-29,26.38536834716797,26.477399979289164,25.98963355779701,26.2197117604213,62666400
2023-03-30,26.04485321044922,26.744291194009786,25.86999503107718,26.61544795544987,67427100
2023-03-31,26.32094383239746,26.394568778914156,26.008037370862215,26.339350507865934,56482100
2023-04-03,26.31174087524414,26.670662275284926,26.072459356764547,26.357755809223704,51996800
2023-04-04,25.750350952148438,26.366960579911012,25.455851145818368,26.274928951593537,56233300
2023-04-05,25.43744468688965,25.68592955886727,25.271788105571236,25.45585136378221,47799400
2023-04-06,25.62150764465332,25.777960885690824,25.419039467281323,25.51106933995031,41216600
2023-04-10,25.713537216186523,25.860787107109054,25.44664569179121,25.465052366995817,40572700
2023-04-11,26.42218017578125,26.45899353109171,25.731945561926683,25.787165594892375,58761200
2023-04-12,26.210506439208984,26.698272823808317,26.109273231354216,26.394569689529515,44313300
2023-04-13,26.284130096435547,26.35775504187374,25.98963031468277,26.284130096435547,52261400
2023-04-14,27.16762924194336,27.48973901331389,26.91914441071263,26.96515934004112,81110800
2023-04-17,27.949899673461914,27.986711271576482,27.057195160699305,27.397711658884926,83704400
2023-04-18,28.124757766723633,28.465274264065883,27.42531985070608,28.345632620935916,114498800
2023-04-19,27.664602279663086,27.79344726532082,27.41611915770627,27.729023894813274,65594200
2023-04-20,27.517351150512695,27.821054290851006,27.39771126416736,27.462132876457716,43193800
2023-04-21,27.489742279052734,27.590975486673166,27.066397506438378,27.37930397804461,44759000
2023-04-24,27.388511657714844,27.51735489985091,27.232058397110684,27.41612167618294,28020300
2023-04-25,26.54182243347168,27.176838784271336,26.523415755394605,27.103213827320467,49718800
2023-04-26,26.173696517944336,26.63385291784666,26.04485153232868,26.468196333024647,45848400
2023-04-27,26.58783531188965,26.762695229349706,26.24732057065182,26.24732057065182,33060100
2023-04-28,26.94675636291504,27.084802916203166,26.238115165916902,26.25652184111723,45592500
2023-05-01,26.72588348388672,27.186039865452063,26.68907013078999,27.149226512355334,34076800
2023-05-02,25.916006088256836,26.5602256952321,25.50186466157885,26.55102235737734,70797700
2023-05-03,25.63991355895996,26.228913152243386,25.593896868636413,25.916006679472254,51139500
2023-05-04,24.839242935180664,25.593899170795332,24.69199302361475,25.382227642339004,82173800
2023-05-05,25.50186538696289,25.66752196234608,25.280990538237727,25.419038854628557,50087100
2023-05-08,25.483463287353516,25.906806355438945,25.455853269947198,25.84238473684833,34245500
2023-05-09,25.45585060119629,25.61230383938152,25.069319174818496,25.234975751174304,32188800
2023-05-10,25.1429443359375,25.76875729393304,24.86685120993113,25.73194394094164,44446400
2023-05-11,25.207368850708008,25.29940048842581,24.738009078168965,24.85765073380935,34897300
2023-05-12,24.9312744140625,25.35461746834852,24.73800780923298,25.327009207199588,38142000
2023-05-15,25.44664764404297,25.6031008845708,24.876054711781897,24.940476324583248,38722800
2023-05-16,25.179758071899414,25.67672605734095,25.152148056735932,25.566289507401635,33347500
2023-05-17,26.2933349609375,26.38536658691898,25.520272111264692,25.529475449398568,61750400
2023-05-18,26.20130157470703,26.228911587253766,25.768755243617733,26.173693317517444,51146100
2023-05-19,25.8699951171875,26.385369828500103,25.79637015842856,26.192103214659454,50062500
2023-05-22,26.0816650390625,26.18290000934601,25.777961883569343,26.044851684283998,36473700
2023-05-23,26.302541732788086,26.762698167410242,26.04485349747098,26.063260176141668,51400400
2023-05-24,25.860788345336914,26.23811642831221,25.76875672026452,26.07245985425335,50606900
2023-05-25,25.925212860107422,25.989634478266648,25.658321293039258,25.759556267493725,40517800
2023-05-26,26.054054260253906,26.136882550723392,25.57549294964472,25.95282104829134,57879100
2023-05-30,26.008039474487305,26.219710993423917,25.722743003078943,26.063257750001785,41819600
2023-05-31,25.57549285888672,25.916007602624177,25.29019463478988,25.860789327626243,61905200
2023-06-01,25.770296096801758,25.95582631999123,25.36212677480219,25.751742543673547,57426100
2023-06-02,26.633018493652344,26.855657620958024,26.085702761232906,26.122808102874224,66578100
2023-06-05,26.475317001342773,26.735059685437808,26.25267788731227,26.735059685437808,34757800
2023-06-06,27.115398406982422,27.300930410189178,26.391827487077556,26.40110249481001,46297900
2023-06-07,27.347314834594727,27.505016519822195,26.911316890431475,27.180336371487474,44502600
2023-06-08,27.115398406982422,27.254546524705333,26.8927610647529,27.161782292466267,41483100
2023-06-09,27.152509689331055,27.273104271398573,26.976254436126602,27.087574009035883,32692000
2023-06-12,27.02263641357422,27.4215290410804,26.818552595267033,27.18033810888214,41011300
2023-06-13,27.273101806640625,27.644164067196495,26.929869879138106,27.022634117253755,42718800
2023-06-14,27.01336097717285,27.579230300144314,26.892764628299005,27.430805385656924,38322800
2023-06-15,27.245271682739258,27.338035915542722,26.61446499123549,26.80927200335995,42044900
2023-06-16,27.078296661376953,27.532848183253886,27.050466326393426,27.393700047065362,53050200
2023-06-20,26.781444549560547,26.939146228962656,26.512423309077494,26.91131589635132,39040900
2023-06-21,26.50314712524414,26.90203972145366,26.475318561373808,26.69795591915866,39553400
2023-06-22,25.937273025512695,26.466038678754337,25.881614134937237,26.438208348784496,50742900
2023-06-23,25.74247169494629,25.872343058021414,25.594046774470545,25.733194916245978,55181100
2023-06-26,26.05787467956543,26.234129933343624,25.7795784004332,25.788853409621627,47519300
2023-06-27,26.197023391723633,26.345448313086912,25.928003885264424,26.06715202787192,39081800
2023-06-28,26.03931999206543,26.224852016342506,25.88161830223927,26.206298460041896,37803800
2023-06-29,26.586639404296875,26.9020428063341,26.345448463364605,26.43821448208696,68376400
2023-06-30,26.614465713500977,27.004081517687652,26.595912158691046,26.846379840531988,50479000
2023-07-03,27.087568283081055,27.22671639278014,26.57735618836546,26.623740071174627,30995800
2023-07-05,26.976247787475586,27.291651102057905,26.85565323513018,27.031906675530067,37492000
2023-07-06,26.234127044677734,26.73506064583037,26.067148587838727,26.71650709076728,52098000
2023-07-07,26.466041564941406,26.73506103986354,26.2434042089962,26.252679217300045,34288000
2023-07-10,26.586639404296875,26.762894662932887,26.41038414566086,26.521703722000616,36086000
2023-07-11,26.92059326171875,26.976252158792377,26.363998982889186,26.586636340548125,40978700
2023-07-12,27.23599624633789,27.727653074110705,27.15250701721337,27.375144371757283,41855500
2023-07-13,27.52356719970703,27.70909919918805,27.28237630812742,27.384419084778408,39589000
2023-07-14,27.00408172607422,27.922461463880307,26.948421061214905,27.829695458479165,58720300
2023-07-17,27.273101806640625,27.421526710862974,27.01335910893373,27.041187672622655,49477200
2023-07-18,28.47905921936035,28.627484138458033,27.755486411735696,27.829698871284535,98253800
2023-07-19,29.249011993408203,29.406713679488657,28.46978034093589,28.65531059144177,70619800
2023-07-20,29.397436141967773,29.499477157831837,28.99854354810851,29.06347922257594,42128800
2023-07-21,29.66645622253418,29.787052565602593,29.146969046836098,29.56441520458913,70872400
2023-07-24,30.28799057006836,30.473519066218675,29.66645878403126,29.685012341392138,64548600
2023-07-25,29.82415771484375,30.417857305150594,29.74994349669105,30.390025203978986,51208800
2023-07-26,30.06534767150879,30.18594400995228,29.824158533350598,29.907647761699355,41814600
2023-07-27,29.638626098632812,30.371475588265763,29.518029761910352,30.083900797228736,45529500
2023-07-28,29.592241287231445,29.83343218377733,29.415986061031703,29.824157176040153,33296500
2023-07-31,29.68501091003418,29.91692505776882,29.480927096998926,29.592244897067417,29093400
2023-08-01,29.33250617980957,29.62935604624987,29.146974128601997,29.536590020646084,32712000
2023-08-02,28.933609008789062,29.017098241912542,28.553269955388544,28.905778674626404,38855100
2023-08-03,29.137691497802734,29.267562845948984,28.646032899390715,28.70169356519432,27933400
2023-08-04,29.035648345947266,29.37888203660391,28.91505377696025,29.09130901104687,30768100
2023-08-07,29.573692321777344,29.59224587885916,29.1376943465422,29.1376943465422,31745200
2023-08-08,29.00782585144043,29.044931199905186,28.274976198590295,29.035654420447806,45951800
2023-08-09,28.62748146057129,29.01709727909821,28.599651127332066,28.961436612619767,30732100
2023-08-10,28.70169448852539,29.05420320313299,28.57182136683672,28.76663016468749,26062600
2023-08-11,29.026378631591797,29.12841966415574,28.52544317052172,28.571825297199446,35720700
2023-08-14,28.692420959472656,28.859399442433514,28.525442476511802,28.80373876853678,32563700
2023-08-15,27.774036407470703,28.33990567545689,27.681270402588982,28.29352355769822,43406100
2023-08-16,27.17106056213379,27.681270944932965,27.09684634128287,27.597781715840096,47220400
2023-08-17,27.161785125732422,27.40297604731429,27.004083437365992,27.310210036034416,37202200
2023-08-18,27.00408172607422,27.226719077418327,26.88348538824342,26.939146053102736,31430400
2023-08-21,27.04119110107422,27.180339245254192,26.71651091841119,27.106126783733895,34959000
2023-08-22,26.382556915283203,27.124681563932842,26.36400335672578,27.022638761231743,37564200
2023-08-23,26.391830444335938,26.447489343788934,26.141362742750694,26.391830444335938,44686600
2023-08-24,26.549535751342773,26.707237462417144,26.317621574431328,26.345450143267257,31934800
2023-08-25,26.438215255737305,26.70723654096793,26.252683212863445,26.56808662413019,34253200
2023-08-28,26.679401397705078,26.902038747429042,26.503146165661967,26.614465725206138,33075200
2023-08-29,27.059741973876953,27.14323120597391,26.642295813392185,26.799997499645933,30428200
2023-08-30,26.93914794921875,27.152508538103724,26.83710515915876,27.106124647456223,33366400
2023-08-31,26.817546844482422,27.098162246357933,26.686593228155076,27.060747692025497,37243000
2023-09-01,27.107515335083008,27.24782303086609,26.901730833541762,26.901730833541762,35228600
2023-09-05,26.798837661743164,27.23847070125977,26.65852996611177,27.070100752858444,46543600
2023-09-06,26.55563735961914,26.714653226974733,26.30308421602665,26.564991444064667,45022600
2023-09-07,26.312437057495117,26.705299691740798,26.24696024913904,26.574346075028643,35023600
2023-09-08,26.527578353881836,26.54628473969571,26.15342209185581,26.30308566713179,36513900
2023-09-11,26.639822006225586,26.901731015135336,26.564991115695538,26.667884259215292,34168300
2023-09-12,27.098163604736328,27.257179482866068,26.56499324398053,26.621115970347113,42284000
2023-09-13,27.01397705078125,27.30394831903429,26.845608881481382,27.238471511399474,37215700
2023-09-14,27.313302993774414,27.537795675134436,27.219763930513764,27.28524073956345,44634800
2023-09-15,26.976560592651367,27.210407337189533,26.892375621888903,27.079453731163063,61661100
2023-09-18,26.9017333984375,26.939147954962607,26.649178451483078,26.939147954962607,25752300
2023-09-19,26.798837661743164,27.070100752858444,26.667884050368418,26.901730804457117,34888100
2023-09-20,26.705299377441406,27.098162007063415,26.686592992494983,26.94850022283686,26641100
2023-09-21,26.237606048583984,26.742715912143677,26.209545578903477,26.527577318750126,39906000
2023-09-22,25.854095458984375,26.368559366513658,25.816680907661905,26.256312144328103,41284400
2023-09-25,25.81668472290039,25.83539289338089,25.582837944222142,25.723145654607222,32749200
2023-09-26,25.414466857910156,25.72314452079533,25.26480506888154,25.573482731766713,42237400
2023-09-27,25.508005142211914,25.8260368802017,25.32092701959115,25.47058880404408,38296300
2023-09-28,25.779266357421875,25.854097249357864,25.414465982247584,25.414465982247584,36734300
2023-09-29,25.610897064208984,26.18148374498597,25.508005700215033,26.087944681629363,40645900
2023-10-02,24.974836349487305,25.592191694386155,24.862589112183283,25.508006712435463,50388600
2023-10-03,24.23587989807129,24.806466606573615,24.15169491537064,24.77840435097029,62144500
2023-10-04,24.263940811157227,24.329417619832842,23.92720089898636,24.207816303055928,55696400
2023-10-05,24.37618637084961,24.404248625028856,23.908492839184216,24.1142791349469,49044100
2023-10-06,24.38553810119629,24.5351998741509,23.824305560561964,24.104922722933658,58177300
2023-10-09,24.61003303527832,24.656803458717686,24.0581545274584,24.09557086620989,39953700
2023-10-10,25.26480484008789,25.536066161204786,24.853234031931684,24.89065037090463,51960100
2023-10-11,25.27415657043457,25.667019172507455,25.161909348081284,25.41446426029437,38508200
2023-10-12,25.16191291809082,25.330282883454792,24.89065158375612,25.227389730374735,44249800
2023-10-13,25.03095817565918,25.928928905351892,24.806465493236004,25.65766758313152,55089700
2023-10-16,25.246097564697266,25.423821612894415,25.040313045385883,25.40511344274539,56817500
2023-10-17,25.835391998291016,26.069238768867436,24.993542196928484,25.302219862724986,95344200
2023-10-18,25.54541778564453,26.228251633262495,25.451878731330243,25.76055814580012,68371100
2023-10-19,25.218036651611328,25.985055611559467,25.143205751141924,25.48929978088129,58611000
2023-10-20,24.61003303527832,25.199327881849737,24.544556226572436,25.068372480328737,62058400
2023-10-23,23.917848587036133,24.516495778279758,23.871079944261233,24.441664879374304,59857200
2023-10-24,23.82430648803711,24.198462719098526,23.7588296828341,24.076861408770824,55975700
2023-10-25,23.899137496948242,23.99267655518139,23.553045300827485,23.740121633184636,45522400
2023-10-26,24.432310104370117,24.656802778356912,23.796246636019607,23.843015274059248,60921000
2023-10-27,23.5436954498291,24.385543557076268,23.3472632138094,24.385543557076268,64709300
2023-10-30,24.030092239379883,24.114277211092055,23.646583716739595,23.68399826855106,41891900
2023-10-31,24.638093948364258,24.67550850097016,24.058153218045152,24.076861386402673,50106700
2023-11-01,24.694217681884766,24.90000397403721,24.460370920154592,24.731634020134013,44046300
2023-11-02,25.835391998291016,25.87280655384642,24.871942661236822,24.984188112012312,63278300
2023-11-03,26.58370018005371,27.060747792297118,26.31243707767425,26.34049933160947,62613600
2023-11-06,26.499515533447266,26.911086342426625,26.209546042263945,26.71465413064427,45548000
2023-11-07,26.340497970581055,26.43403702808935,26.144067555511853,26.237604828911017,33081900
2023-11-08,26.087942123413086,26.37791336979455,25.882157631495428,26.340497034477302,31896000
2023-11-09,25.75120735168457,26.265669539972304,25.629606030308658,26.25631545493498,32267900
2023-11-10,25.891517639160156,25.975702628775952,25.57348585263592,25.96634854280648,32858500
2023-11-13,25.91022300720215,26.0505307133418,25.648313980727995,25.760561216105284,28521800
2023-11-14,27.33201026916504,27.50973431673667,26.630469948029404,26.658532203154174,66676300
2023-11-15,27.70616340637207,27.809054761994567,27.31330079952584,27.31330079952584,46968900
2023-11-16,27.631332397460938,27.780994172354895,27.33200706356393,27.52843925818043,36952800
2023-11-17,28.042905807495117,28.06161397833359,27.640689055014835,27.790350853503867,38493300
2023-11-20,28.070964813232422,28.29545748497049,27.82776397282222,28.042902560224224,46783400
2023-11-21,27.74357795715332,28.052255592227294,27.64068481742563,28.052255592227294,41611900
2023-11-22,27.715517044067383,27.865180610950766,27.612625683478356,27.81841018876559,41422700
2023-11-24,27.80905532836914,27.958717106967317,27.575208576295854,27.575208576295854,15815600
2023-11-27,27.65003776550293,27.771639068205367,27.603269131607544,27.687454099906457,42039500
2023-11-28,27.621980667114258,27.73422611579433,27.42554845576027,27.621980667114258,29705800
2023-11-29,28.351585388183594,28.632202617221385,27.883891790563432,27.949368608772737,57954900
2023-11-30,28.747583389282227,28.80415405715494,28.32330068271321,28.48358394196105,52547700
2023-12-01,29.19072151184082,29.275578406798996,28.615582532884165,28.662724453039157,46133300
2023-12-04,29.05872344970703,29.228437244021062,28.775868324749663,28.785297068694778,37811300
2023-12-05,28.832435607910156,29.030435610833333,28.596722431979448,28.9267212379522,45723100
2023-12-06,28.785293579101562,29.718717536322274,28.700436692231605,29.021006754107262,49803100
2023-12-07,28.90786361694336,29.16243427736048,28.794722300101622,28.841864215727544,32699600
2023-12-08,29.19072151184082,29.36043530175717,28.860724474057893,28.917295137913683,34794300
2023-12-11,29.087005615234375,29.303861300608947,28.955005016805213,29.15300501527457,32254000
2023-12-12,28.983291625976562,29.096434740640188,28.709865279591725,29.011577854229667,34566700
2023-12-13,30.208999633789062,30.29385651577657,28.879575748767675,28.99271885753392,60311100
2023-12-14,32.00041580200195,32.12298764651341,30.70870875301843,30.755850663462155,107190000
2023-12-15,31.679851531982422,32.07585156439858,31.38756947610403,31.88728029166222,83771800
2023-12-18,31.519561767578125,31.858989268946864,31.50070428453574,31.78355933677731,40694700
2023-12-19,31.594985961914062,31.74584221933278,30.92556154441206,31.142417189657913,44534800
2023-12-20,31.09528160095215,31.783563640050854,31.066997170907616,31.472424119468137,44711400
2023-12-21,31.30270767211914,31.53842082688405,31.010422065399627,31.34042264008888,32325700
2023-12-22,31.519561767578125,31.74584437069253,31.30270610763635,31.31213305080898,37265900
2023-12-26,31.924999237060547,32.01928308680883,31.462999741217995,31.53842969837528,24845400
2023-12-27,31.90613555908203,32.00984993170712,31.736421785095082,31.868420587818793,24498600
2023-12-28,31.9438533782959,32.02871027285478,31.840138996424162,31.887280916357334,21799600
2023-12-29,31.745851516723633,32.047567716621415,31.632710189698177,32.000422200054366,28060700
2024-01-02,31.962705612182617,32.12298883295065,31.368707447900654,31.481848756483814,36668600
2024-01-03,31.61385154724121,31.84013778972157,31.340426983312113,31.726996466830293,45988700
2024-01-04,31.868419647216797,32.34927652488645,31.623279534636346,31.651563963900145,39834600
2024-01-05,32.462425231933594,32.70756540034454,31.783570001413526,31.868426905228535,49242400
2024-01-08,32.20785140991211,32.33985022605429,31.717567523742613,32.33985022605429,40253900
2024-01-09,31.708139419555664,31.906137636533156,31.594994498398933,31.887280149673703,39268800
2024-01-10,31.679851531982422,31.708139560746496,31.340427557094404,31.585567693963174,34904000
2024-01-11,31.255577087402344,31.585574184983926,30.906718902303403,31.453575345951293,48790600
2024-01-12,30.92557144165039,31.293283461995355,30.133574937561992,30.40700311560754,74344300
2024-01-16,30.2844295501709,30.65214154995846,30.00157444238799,30.557857712930105,58420800
2024-01-17,29.98271369934082,30.161856207266805,29.483002943305998,29.907285558900732,48811300
2024-01-18,29.916715621948242,29.954430593007608,29.605574304103683,29.935573107477925,35484400
2024-01-19,30.378713607788086,30.38814055176413,29.76585794511938,29.98271362354282,49493600
2024-01-22,30.689857482910156,31.10471501087948,30.473001773607074,30.51071674827664,43903400
2024-01-23,30.89728355407715,30.94442546995653,30.538998519338097,30.68042786367388,30003400
2024-01-24,31.09528160095215,31.434709148277015,31.029282199716494,31.142423516592245,36403900
2024-01-25,31.481847763061523,31.538420213916616,30.9538526085363,31.312134007193492,46204000
2024-01-26,31.519561767578125,31.74584437069253,31.415847409193553,31.49127734136311,30839800
2024-01-29,31.68928337097168,31.72699834640235,31.340428839983005,31.491285145007677,30269300
2024-01-30,32.80185317993164,32.89613703103879,31.906142207620196,31.962714676303513,60315700
2024-01-31,32.06642150878906,33.09413118425229,32.05699456352335,32.59442036111717,54716000
2024-02-01,31.632709503173828,32.292707157111295,31.048141796748236,31.990994560459516,57084800
2024-02-02,31.55727767944336,31.783560289339515,31.274419022027306,31.462990261405597,40416000
2024-02-05,31.104713439941406,31.387568542281706,30.982141576804764,31.21785476153797,43573000
2024-02-06,31.151853561401367,31.453566132727975,31.000997275738065,31.03870864963072,27188000
2024-02-07,31.283855438232422,31.359281790132744,30.765287130062266,31.170714112032986,29660100
2024-02-08,31.22728157043457,31.37813786413917,30.925568983025364,31.161282166732416,36852200
2024-02-09,31.180139541625977,31.349853321024483,30.963283844994045,31.20842397262648,36176000
2024-02-12,31.698711395263672,32.02871204646574,31.095286154628976,31.11414364298608,34160400
2024-02-13,30.87842559814453,31.406424399366678,30.501283083457626,31.22728008637649,43801500
2024-02-14,31.23670768737793,31.283849598102325,30.99156399689549,31.095278358507503,27833900
2024-02-15,32.122989654541016,32.28327647610596,31.41585016358981,31.41585016358981,41683100
2024-02-16,32.14185333251953,32.198425797507426,30.63329023315706,31.981566480069567,33290700
2024-02-20,32.0192756652832,32.14184751890455,31.84013495360392,31.849561897714413,30372900
2024-02-21,31.774133682250977,31.81184864986534,31.27441935310386,31.453563650923446,37847100
2024-02-22,31.68928337097168,32.12299479833035,31.462997115085663,31.462997115085663,42756900
2024-02-23,31.981557846069336,32.104129688770215,31.576134544884262,31.80241715035048,30586000
2024-02-26,31.68928337097168,32.26442415784636,31.61385342011033,31.858997163711685,31129200
2024-02-27,32.32099151611328,32.462420869029835,31.783565729746943,31.80242321658234,40536300
2024-02-28,32.34927749633789,32.6227020463931,32.160706236622225,32.26442060930072,39548600
2024-02-29,32.776546478271484,32.899981762014235,32.42523457134756,32.59614384975025,43863400
2024-03-01,32.61513900756836,32.89999029346135,32.311301016514754,32.78604833029033,38432300
2024-03-04,33.37472915649414,33.6310894536301,32.52018275926211,32.55816340403546,49136400
2024-03-05,33.602603912353516,33.91593878125791,33.108866423858785,33.16583738785052,47591600
2024-03-06,33.6310920715332,33.982407629983186,33.298770458982055,33.84947898496273,49149700
2024-03-07,33.83048629760742,34.08685021882256,33.46967741344904,33.80199900278329,35900700
2024-03-08,33.802005767822266,34.30524036071625,33.70705775816233,34.05836974034538,42769900
2024-03-11,34.077354431152344,34.11533507754904,33.48866890013874,33.60260721729503,34131500
2024-03-12,34.143821716308594,34.32422799134211,33.97291241471585,34.08685436380042,29260400
2024-03-13,34.25775909423828,34.60907100195343,34.14381716035746,34.14381716035746,38289600
2024-03-14,33.887454986572266,34.390689498699764,33.688062025067275,34.10583827136828,40178100
2024-03-15,33.62160110473633,34.19129637294527,33.46018877348966,33.49816580187853,69646400
2024-03-18,34.19129180908203,34.26725309978878,33.60260629423948,33.85897021732423,50617900
2024-03-19,34.21028518676758,34.55210378140528,34.03937588944873,34.07735653819381,46113800
2024-03-20,34.893917083740234,35.017352362423516,33.92543241983322,34.02987737702419,40519000
2024-03-21,35.615535736083984,35.70099038268968,35.01735683187802,35.064830830651424,43219500
2024-03-22,35.17877197265625,35.71049021883838,35.1312979700765,35.52059058648517,29001100
2024-03-25,34.99836730957031,35.397153254841484,34.979376985219204,35.226243957715546,30480200
2024-03-26,35.21675491333008,35.359180552364066,34.94140060961608,35.13130025431658,33673400
2024-03-27,35.900390625,35.93836765466183,35.35917901545017,35.36867236735705,36350200
2024-03-28,36.00482940673828,36.08079070469292,35.5300821606239,35.81493340591977,42262500
2024-04-01,35.625030517578125,36.41310899043284,35.549069226586305,36.023816429184045,33908000
2024-04-02,35.41614532470703,35.68200625669168,35.28321666973181,35.3117003466453,34806800
2024-04-03,35.549068450927734,36.09977693250117,35.3876561441426,35.51109142829417,33338500
2024-04-04,35.05533218383789,36.04280724812357,35.0078581873313,35.79594029306904,42888200
2024-04-05,35.235740661621094,35.45412395693881,34.87493174577558,34.950893042599475,30823500
2024-04-08,35.60604476928711,35.68200607003799,35.254732808399716,35.32119713553965,29470300
2024-04-09,35.824424743652344,35.86240539049498,35.32119385010584,35.61553480805168,30967300
2024-04-10,34.79897689819336,35.3496818567721,34.70402526944924,35.30220785341718,37610700
2024-04-11,34.51411819458008,34.893917383623396,34.22927061381434,34.893917383623396,38604000
2024-04-12,33.9824104309082,34.26725806829197,33.73553982235051,34.00140075633835,47126100
2024-04-15,34.13433074951172,34.903419038373144,33.9539244618751,34.4951397027506,44392000
2024-04-16,32.928466796875,34.34321145526035,32.425235912997046,34.27674713557963,95566100
2024-04-17,33.45069122314453,33.94442880402905,32.99493429202824,33.127862944182894,65951400
2024-04-18,33.96342086791992,34.17231083030667,33.40321893227443,33.74503755362209,44506200
2024-04-19,35.102813720703125,35.24523572612065,34.238773848513794,34.27675087673797,56273700
2024-04-22,35.824424743652344,35.99533403241037,35.00785894670485,35.131294237926504,43867100
2024-04-23,36.432106018066406,36.47958002265645,35.919381697645804,36.02382305893015,39180300
2024-04-24,36.38462448120117,36.54604040983256,36.08078656828358,36.09977689059513,28670600
2024-04-25,35.99533462524414,36.33715320838986,35.49210372340956,36.01432494897823,41116000
2024-04-26,35.919376373291016,36.37513326946014,35.87189875370424,36.01432436839689,28668700
2024-04-29,35.65351867675781,36.13776291267601,35.558570673104995,35.928872958198816,26438800
2024-04-30,35.14079284667969,35.767459125214884,35.112309168302666,35.46362114907869,30283800
2024-05-01,35.083824157714844,35.6155387847456,34.912914849873744,35.33069114568852,32272000
2024-05-02,35.017356872558594,35.59654907555521,34.79897358032009,35.48260713192595,34860300
2024-05-03,35.3686637878418,35.634521041156084,35.2072514903391,35.3686637878418,34082700
2024-05-06,35.78644943237305,35.88140106363641,35.47311810428991,35.75796575401123,28422300
2024-05-07,35.92887496948242,36.223219592538115,35.79594630811352,35.79594630811352,29119500
2024-05-08,35.80543518066406,35.90988015068259,35.62503253738092,35.7959418297687,32803300
2024-05-09,36.34664535522461,36.479573994925914,35.56806021808799,35.634524537938645,26855400
2024-05-10,36.50806427001953,36.82139557173872,36.39412594412474,36.53654794598471,27359100
2024-05-13,36.28018569946289,36.82139730041431,36.25170202216047,36.66947831807767,24060600
2024-05-14,36.546043395996094,36.83089100987693,36.432101452816624,36.46058874962845,27594800
2024-05-15,36.94483184814453,37.2581667801853,36.82139654564052,36.84038687079761,34084400
2024-05-16,37.23917770385742,37.372106362380705,36.75493345119769,36.95432643898261,32554200
2024-05-17,37.30564498901367,37.49554463996538,37.18220967258987,37.457563985368125,25537300
2024-05-20,36.859371185302734,37.47654397514637,36.83088751322901,37.27714740452955,28369800
2024-05-21,37.64745330810547,37.74240129651597,36.8118972463654,36.8118972463654,31799200
2024-05-22,37.751895904541016,37.79937352236194,37.35310999348794,37.41957431199679,42837600
2024-05-23,37.19169998168945,37.82786321701295,36.97331666867819,37.76139888792405,39033900
2024-05-24,37.69492721557617,37.770884881723084,37.09674474827234,37.1821993864586,22166300
2024-05-28,37.33412551879883,37.732915114352174,37.134732532039294,37.647460459736045,31217900
2024-05-29,36.76443099975586,36.93534031253841,36.61251201306407,36.87836933426611,26677500
2024-05-30,36.67897033691406,37.14422057282949,35.69149527410656,36.77391832978512,50989100
2024-05-31,37.970279693603516,38.055734327831985,36.70745050134209,36.74543114367328,58188400
2024-06-03,37.86583709716797,38.16017803848795,37.372099582203994,38.01775605392353,31898600
2024-06-04,37.67593765258789,38.1127042023245,37.42906708306118,37.61896668530473,26974200
2024-06-05,37.941802978515625,37.97029027922261,37.52402666250223,37.80887431533111,34140300
2024-06-06,37.69492721557617,37.97977480218585,37.42906632897804,37.89432016399959,38676400
2024-06-07,38.00061798095703,38.17256677541,37.52298325060186,37.52298325060186,25928700
2024-06-10,37.895538330078125,38.05793603576695,37.456115246084124,37.809567575615866,37176200
2024-06-11,37.12177276611328,37.5898527730366,36.739663514529276,37.5707505901149,44629000
2024-06-12,37.64717102050781,38.09614885365084,37.35103616229757,38.019725544152465,38964700
2024-06-13,37.503875732421875,37.58985012577033,37.18863871951996,37.53253629291379,40018700
2024-06-14,37.48477554321289,37.71403817495198,37.16953486949186,37.35103475662396,32347900
2024-06-17,37.74269104003906,37.76179686464301,37.236399442256385,37.3414796555464,26135400
2024-06-18,38.20121765136719,38.22987456182219,37.69492248759725,37.790451595885386,30804500
2024-06-20,38.20121765136719,38.506903509763475,37.971951435538536,38.000608345993534,29383300
2024-06-21,37.72358703613281,38.124798401232965,37.608952094049975,38.06748093019154,72244900
2024-06-24,38.229881286621094,38.53556719878883,37.876432633939054,37.99106393998608,31064900
2024-06-25,37.618507385253906,38.27764191371087,37.58984682727695,38.00061293233462,30596000
2024-06-26,37.25550842285156,37.58985127158499,36.74921678217988,37.41790247964673,44310200
2024-06-27,37.494319915771484,37.589845387867925,36.62502500106644,36.96892253111471,29464200
2024-06-28,37.991065979003906,38.268094990544185,37.561194003176524,37.962409061969986,52028200
2024-07-01,38.22032928466797,38.53556995391502,37.895537524260604,38.12480379680971,26770500
2024-07-02,39.09918212890625,39.12783904868705,38.17256951931052,38.21078117506096,35626100
2024-07-03,39.070518493652344,39.35709857439487,38.92722663124936,39.18514979713667,17100700
2024-07-05,38.60243225097656,39.12782963694261,38.487800955362545,39.0991727240549,23489000
2024-07-08,38.803035736083984,39.204250714150284,38.62153589128196,38.78392991388436,26728500
2024-07-09,39.56725311279297,39.95891702860687,38.78393256929163,38.93677551329035,34697200
2024-07-10,39.87295150756836,39.89205369125879,39.23291903201776,39.43352475734363,25333400
2024-07-11,39.93981170654297,40.02578609137561,39.53859669596956,39.90160005904773,33824600
2024-07-12,39.72965621948242,40.04489324027805,39.252021498711564,39.63413073295374,31856600
2024-07-15,40.016231536865234,40.34102325390423,39.834731676544116,39.9780198891987,36648100
2024-07-16,42.15604019165039,42.41396337029887,40.33147575963802,40.61805585455958,75953300
2024-07-17,42.012752532958984,42.45217563215156,41.697515490169174,41.697515490169174,65713600
2024-07-18,41.08612823486328,42.26111260185836,41.00970859089993,41.66884305184344,48549200
2024-07-19,40.981056213378906,41.6115338330895,40.78044688214931,40.942844565138664,43903000
2024-07-22,40.40789031982422,40.95239352469924,40.08309861480551,40.73268202484292,42838300
2024-07-23,40.51298141479492,40.86643012747763,40.26461293551997,40.33148151240415,36705100
2024-07-24,40.302818298339844,40.837770522307935,40.1881869803695,40.38879269783357,36567200
2024-07-25,39.81563186645508,40.407897918489,39.796526039736065,40.14042363255055,41593900
2024-07-26,39.80607604980469,40.08310506360958,39.55770759733172,39.72010529800015,52049300
2024-07-29,39.252017974853516,40.00668164049668,39.14693776266733,39.911152518480414,37133100
2024-07-30,39.43351364135742,40.01622846938205,38.98453956991366,39.21380215021196,44163200
2024-07-31,38.50691223144531,39.52905023523039,38.420937836544525,39.38575836237451,50851600
2024-08-01,37.73313903808594,38.64064564249814,37.23639854257544,38.63109090839531,60107800
2024-08-02,35.89902877807617,36.80653186807998,35.51691952876435,36.3002402101961,76728000
2024-08-05,35.01062774658203,35.306758951886664,33.56816879741175,34.05535827075784,76075200
2024-08-06,35.2685432434082,35.64110135715979,34.90554350805554,35.01062372136521,40614100
2024-08-07,35.63154602050781,36.8638443563866,35.60288910611266,36.39576077157332,44952400
2024-08-08,36.5008430480957,36.701448748337526,35.97544560476843,36.12828856362843,36557800
2024-08-09,36.567710876464844,36.73010856676021,36.214262224499876,36.45307957065038,26411200
2024-08-12,36.46263122558594,36.99758340110752,36.309788267445995,36.77787187653532,33040600
2024-08-13,36.73965835571289,36.758764180015724,36.414866630691435,36.65368396838182,21553500
2024-08-14,37.07400131225586,37.17907786989901,36.71099797292441,36.79697235213283,25658900
2024-08-15,37.28416442871094,37.905091011538225,37.22685059550843,37.66627365569137,37379800
2024-08-16,37.58029556274414,37.65671521417995,37.245952755093825,37.25550384499956,26886600
2024-08-19,37.895538330078125,37.962410545877425,37.68538152350839,37.71403844166248,27268900
2024-08-20,36.95936965942383,37.48477071461268,36.62502684617943,37.37013576944601,44440800
2024-08-21,37.01668930053711,37.24595556023809,36.672791733017434,37.131320608355814,33751100
2024-08-22,37.48477554321289,37.53253828781988,36.844743104474965,37.045348818262624,35421600
2024-08-23,37.991065979003906,38.3731715676898,37.51343126009875,37.51343126009875,45616600
2024-08-26,38.13435363769531,38.40183155424369,37.8859851909686,38.21077694072733,44659500
2024-08-27,37.895538330078125,38.334965058135985,37.83822449376995,38.21077900602851,32323900
2024-08-28,38.16300964355469,38.46869553107137,37.57074369199902,37.58029478170626,40700500
2024-08-29,38.373172760009766,38.53557046439662,37.76180088386499,38.25854144424858,34810800
2024-08-30,38.92722702026367,39.03230723453417,38.3349610282686,38.37316903376958,49098200
2024-09-03,38.87946319580078,39.070517794230106,38.43048543610138,38.764831894368534,48489300
2024-09-04,38.688411712646484,39.118283682710846,38.478251273045316,38.84125467488452,39629600
2024-09-05,38.344512939453125,39.108727726783975,38.220326897742,38.97499059450902,34214500
2024-09-06,37.26763916015625,38.34451893377622,37.07534260641565,38.2387536285259,47007600
2024-09-09,37.9503059387207,38.18106327525496,37.59454923751265,37.73877532371286,37610200
2024-09-10,37.767616271972656,38.30605613031044,36.854196686540625,38.30605613031044,53983900
2024-09-11,37.4984016418457,37.527245392482605,36.54651752478803,37.488788280907336,41190000
2024-09-12,37.286869049072266,37.81569556823224,37.04649469229832,37.546473794526726,39921600
2024-09-13,37.1618766784668,37.584934222035216,36.95995943311176,37.383020644501755,31887300
2024-09-16,37.594547271728516,37.70031257370207,37.29648542197201,37.315715810314614,26336400
2024-09-17,38.027217864990234,38.267592192414725,37.70030863298008,37.76761315123325,27769400
2024-09-18,38.09452819824219,38.57527692647581,37.90222797338439,38.09452819824219,42527800
2024-09-19,39.29639434814453,39.469464158759465,38.469506068055665,38.498353481705614,57977800
2024-09-20,38.71950149536133,39.16178942773383,38.69065774650012,39.05602412481397,70725000
2024-09-23,38.334896087646484,38.88294925184163,38.2195174393478,38.66180531434369,31714800
2024-09-24,37.93107223510742,38.440664670931,37.738772026250146,38.31566898500056,32534900
2024-09-25,37.73876953125,37.892608954600846,37.44070404383597,37.73876953125,28866000
2024-09-26,37.99837875366211,38.190678972618755,37.604164955320705,37.87338306116705,39601400
2024-09-27,37.882999420166016,38.3637481251538,37.83492161541,38.12337377265991,27861100
2024-09-30,38.15221405029297,38.25797934261955,37.517625964154696,37.71953952160297,35055200
2024-10-01,37.709930419921875,38.03683969319554,37.44070864510605,37.98876188738518,26291200
2024-10-02,37.71954345703125,38.017608978520755,37.54647362749819,37.73877384562621,23302700
2024-10-03,37.73876953125,37.7579999176465,37.238790488404454,37.47916481662897,26030200
2024-10-04,38.56565856933594,38.700267608950455,38.09452326286389,38.392588756168344,34209900
2024-10-07,38.42143630981445,38.882954634722005,38.18106195301959,38.66181066660932,27177500
2024-10-08,38.39259338378906,38.6041239960064,38.27721471704401,38.50797205053412,26023600
2024-10-09,38.642578125,38.83487833328643,38.1906768535215,38.33489925887027,27421000
2024-10-10,38.431053161621094,38.58489260255063,38.23875294350377,38.469510270987286,26182300
2024-10-11,40.334815979003906,40.54634290929526,38.844495767861844,38.94064403910142,50660700
2024-10-14,40.296356201171875,40.55596094133262,40.11367301416462,40.34443033798204,28098900
2024-10-15,40.51749801635742,41.6905259649989,40.43096310755893,41.565530281663,61490000
2024-10-16,41.1520881652832,41.440536652972504,40.52711705325997,40.58480455010492,42437800
2024-10-17,40.95978927612305,41.344389717366745,40.83479725036724,41.18093691392224,31708600
2024-10-18,40.69056701660156,41.007862898429615,40.488653456068036,40.796332310544244,30593500
2024-10-21,40.15212631225586,40.77710103493901,40.13289959361374,40.62326161105378,26589500
2024-10-22,40.67133712768555,40.777102422923186,39.96944450307913,40.04636605155061,37104400
2024-10-23,40.709800720214844,40.834796411223664,40.402121840671256,40.57519166889222,28569400
2024-10-24,41.00786590576172,41.017479265997295,40.35404737509636,40.690570000664614,28392000
2024-10-25,40.277122497558594,41.32515473216848,40.180974231852495,41.26746357205209,27466900
2024-10-28,40.97901916503906,41.10401485709161,40.39250514981742,40.45019631564665,24527600
2024-10-29,40.892486572265625,41.161708360268086,40.83479907098223,40.95017774137082,22313500
2024-10-30,40.68095779418945,41.24824142753731,40.03675260548925,40.104057132511734,38100500
2024-10-31,40.209815979003906,40.911708553663885,40.19058559325446,40.661720874563215,28138200
2024-11-01,40.15212631225586,40.79633142140231,40.1425129529348,40.52711334655846,31220000
2024-11-04,39.73868942260742,40.40212131019595,39.52715882026549,40.00790752171787,31110100
2024-11-05,40.26750946044922,40.39250147330343,39.78676079242798,39.91175280528219,30851400
2024-11-06,43.66159439086914,43.796203432629525,42.305883277991796,43.07508042220921,110086700
2024-11-07,43.04623794555664,43.488525858053514,42.79624657392178,43.30584267710604,48339700
2024-11-08,43.39237594604492,43.74812893456683,43.2193061315594,43.40198930559578,38331800
2024-11-11,44.30580139160156,44.72885892182952,43.825052697688285,43.84427941776194,43293500
2024-11-12,44.094268798828125,44.661552378708585,44.07503841180254,44.363486881543835,38155900
2024-11-13,44.103885650634766,44.69039966398177,44.065428541359786,44.42118155994901,36903900
2024-11-14,44.13273239135742,44.38272010301267,43.9692759251116,44.18080652808095,35733100
2024-11-15,44.95000457763672,45.03653949252043,43.863511461390424,43.863511461390424,40488900
2024-11-18,44.92115783691406,45.20960631137555,44.70001388423288,44.950001584013805,32360300
2024-11-19,44.62309265136719,44.82500621814019,44.18080474286783,44.21926551782118,28534100
2024-11-20,44.28656768798828,44.844234223908245,44.151954982800945,44.776929705225164,28021000
2024-11-21,44.671165466308594,45.238449042734864,44.517326038861874,44.60386094603948,45336500
2024-11-22,45.190372467041016,45.40190304378097,44.49809324703467,44.58462814953546,37996200
2024-11-25,45.6711311340332,45.90189214728889,45.3442218381504,45.440370120777516,42718600
2024-11-26,45.911495208740234,45.99803011082033,45.39228579625963,45.68073424725294,30301500
2024-11-27,45.930728912353516,46.1326424758521,45.81535025718595,45.9788030463549,23278400
2024-11-29,45.68073654174805,46.228793394331035,45.67112318228786,45.959571647769636,23262000
2024-12-02,45.22883224487305,45.978798938185314,45.04614541704089,45.90188106421992,35891500
2024-12-03,45.01730728149414,45.65189540901125,44.853854486564956,45.54613010978816,38123800
2024-12-04,44.58462905883789,44.97884280764347,44.353871759343534,44.8923079033778,24941300
2024-12-05,45.190372467041016,45.421133429650155,44.70962382377462,44.76731498138217,31572100
2024-12-06,45.200042724609375,45.49976626081133,44.86164815811052,45.49976626081133,28931700
2024-12-09,44.38789367675781,45.20004435385334,44.37822684089118,45.01634496659308,34660900
2024-12-10,44.23320007324219,44.755297746165795,44.07850487625272,44.38789527023165,35665800
2024-12-11,44.5522575378418,44.62960328622825,43.962480992470475,44.4749081012312,36790500
2024-12-12,44.5522575378418,44.929326820758114,44.397558664620604,44.61026592707561,24017300
2024-12-13,44.15584945678711,44.57159347918615,43.87546695535174,44.561926643229484,32902300
2024-12-16,43.96247863769531,44.16551536558661,43.66275511921964,44.078499098172635,27330400
2024-12-17,43.55640411376953,43.691761940506005,43.140660109807975,43.691761940506005,33054600
2024-12-18,42.057796478271484,43.923809352710215,41.912768118573894,43.64342315768122,41771900
2024-12-19,41.941776275634766,43.00530529290436,41.87409735752985,42.51221550553649,38583600
2024-12-20,42.70558166503906,42.92795946784519,41.67105684631246,41.76774364932043,74222200
2024-12-23,42.43486022949219,42.64756747899506,41.36166083532612,42.444530752591724,35374800
2024-12-24,42.90861511230469,42.94728613897934,42.473533790256575,42.473533790256575,12054400
2024-12-26,43.07298278808594,43.10199067219006,42.6475719328765,42.74425504462546,16077400
2024-12-27,42.86994552612305,43.29535637622838,42.599229865894586,42.7732624155341,17972500
2024-12-30,42.454200744628906,42.676574845544536,42.1061356516395,42.43486338521569,16109800
2024-12-31,42.49287414550781,42.76358979244793,42.260829527970515,42.57989041605629,16110400
2025-01-02,42.82160568237305,43.11165871395733,42.34784956981334,42.6765773224687,25610600
2025-01-03,43.324363708496094,43.363034739304865,42.68624559734876,43.26635162994663,23455700
2025-01-06,43.89480209350586,44.61993646495216,43.60474539434803,43.66275747182442,30518500
2025-01-07,44.5522575378418,45.10335936490782,44.136513536620186,44.74562375292001,41111200
2025-01-08,44.677947998046875,44.726289555233436,44.175187689212926,44.378228130555534,40246000
2025-01-10,43.614418029785156,44.52325182490822,43.25668608858689,44.47491026878267,40741300
2025-01-13,43.566078186035156,43.836793861558256,43.208342542551684,43.60474921952098,34353600
2025-01-14,44.262203216552734,44.397561049668596,43.73043872007285,44.08817066305396,36379000
2025-01-15,45.53843688964844,45.88650197682115,45.28705859792599,45.55777424873849,57154800
2025-01-16,45.09369659423828,45.934851576766654,44.30088317379089,45.44176174238099,56339300
2025-01-17,44.98733901977539,45.325737301268035,44.552261310780416,45.06468846293638,44486100
2025-01-21,45.1130256652832,45.58678173834351,44.997005199967575,45.07435094743663,52089100
2025-01-22,44.271873474121094,45.180707268299855,44.24286558989645,45.05501627192456,40296200
2025-01-23,44.85197448730469,45.3353973702258,44.523246779389375,44.523246779389375,35324100
2025-01-24,44.9776725769043,45.306400336764916,44.619940619716836,44.6972863753299,24655100
2025-01-27,45.528770446777344,45.57711200080723,44.84231079017016,45.00667281151661,44260000
2025-01-28,45.28706359863281,45.86716968249463,45.161372594780424,45.51910824511226,27156600
2025-01-29,45.200042724609375,45.81882346804966,45.093689092788544,45.200042724609375,23681500
2025-01-30,45.17103958129883,45.606117266003686,44.86164920237686,45.54810887509597,31199900
2025-01-31,44.76496505737305,45.277395899520315,44.62960721959906,45.151704898062555,30388900
2025-02-03,44.677947998046875,44.938996832723596,43.61441898704486,43.9141388545362,36497700
2025-02-04,45.16136932373047,45.56744650360109,44.73595847225939,44.813304223334015,32894000
2025-02-05,45.5481071472168,45.56744450619388,45.093688431815536,45.422416157977786,27696600
2025-02-06,46.157230377197266,46.38927135538269,45.60612475550096,45.867173622128206,39793400
2025-02-07,45.828495025634766,46.37959686820756,45.80915766593801,46.253905874290744,26504700
2025-02-10,45.12269592285156,45.98319186319161,44.8616507781491,45.90584242163208,26725200
2025-02-11,45.23872375488281,45.37408160036762,44.745630245502824,45.00667909960552,20314900
2025-02-12,44.677947998046875,45.03568363532113,44.41689916337015,45.02601311094917,29777100
2025-02-13,44.793975830078125,45.026016798869044,44.445910688667055,44.97767523772299,26815400
2025-02-14,45.40308380126953,45.5287748043565,44.938998199361315,44.938998199361315,25960500
2025-02-18,44.98733901977539,45.10336318451687,44.629607065716954,45.016346905072986,37824100
2025-02-19,44.48457717895508,44.53292242338563,43.91413796398324,44.358889870463756,38967800
2025-02-20,43.79811477661133,44.65860696370713,43.54673648698608,44.378224479800835,40001100
2025-02-21,43.324363708496094,44.00115285045221,43.063314887359795,43.74977455318625,43485900
2025-02-24,42.9859619140625,43.88512877239729,42.966624556136345,43.53706370617429,35512200
2025-02-25,42.48320388793945,43.35336659887156,41.91276470815598,43.05364306772292,38119000
2025-02-26,42.48320388793945,43.07298042665742,42.40585814042554,42.57989068261196,32251700
2025-02-27,42.65723419189453,43.29535225035457,42.483201658839626,42.62822999912668,28477700
2025-02-28,44.571598052978516,44.66828486358854,42.73459291008449,42.85061339459182,62621100
2025-03-03,44.049495697021484,45.403077595521786,43.72076797957267,44.67794325011034,46946000
2025-03-04,41.25531005859375,43.35336744093722,40.6365293135673,43.24701380884377,78278100
2025-03-05,40.887916564941406,41.313327459906894,40.327144137363376,41.23598170092437,52588900
2025-03-06,40.085426330566406,40.501170323230895,39.602003426372725,40.2111173183595,58103500
2025-03-07,40.280025482177734,40.601096207250926,39.51139611416929,40.192460064157785,50651400
2025-03-10,38.75249481201172,39.5211203993586,38.12007754860646,39.3070745057365,77498400
2025-03-11,38.5384407043457,39.560034562299116,38.20763849485135,38.62600610425595,50608400
2025-03-12,38.830326080322266,39.40436512818042,38.13953439723006,39.219506479768235,42290700
2025-03-13,38.59681701660156,39.10275005020995,38.26601850272233,38.888704171317464,37766100
2025-03-14,39.7838134765625,39.910297661518484,39.08329025095927,39.17085565415968,35979900
2025-03-17,40.31893539428711,40.640009789731586,39.49193166120198,39.81300234514699,37242800
2025-03-18,40.52325439453125,40.698385196224,40.17299279114575,40.59136040502296,37644500
2025-03-19,41.0681037902832,41.54484959045286,40.18272191411041,40.591361701612875,42471100
2025-03-20,41.330806732177734,41.56431575042165,40.523262288396566,40.630283388945934,41018100
2025-03-21,41.321075439453125,41.50593410114319,40.75676419087354,41.019460422643384,65011000
2025-03-24,41.90484619140625,41.982683768586,41.593503305687186,41.768634142841655,30646100
2025-03-25,42.109161376953125,42.352398221711866,41.87565608442457,42.1772673965656,25445300
2025-03-26,41.66160202026367,42.53725605239878,41.57403661705016,42.28428768244895,30012100
2025-03-27,41.40863800048828,41.924298876532745,41.3697192181266,41.661602662840465,25619200
2025-03-28,40.13407897949219,41.46701583607602,39.88111429656009,41.291885012700085,34253000
2025-03-31,40.60108947753906,40.766492444827506,39.50165801385487,39.67678882086649,36390000
2025-04-01,40.367591857910156,40.57190993430413,39.8616587319584,40.202188859281684,25578500
2025-04-02,40.71784210205078,40.83459844769703,39.715707593332716,39.77408576615584,28216100
2025-04-03,36.21310043334961,37.78927405232387,36.01851022707513,37.584956005910435,115497900
2025-04-04,33.459659576416016,34.8217873837364,32.759136279908425,34.3353136970505,107761200
2025-04-07,34.61746597290039,35.63905987368512,32.632652632719065,34.02396753879231,137329100
2025-04-08,34.082340240478516,36.32012183613411,33.40128014945199,35.862835450874194,79116300
2025-04-09,36.14499282836914,36.82605295313035,32.1753661563359,33.128854042500905,161173500
2025-04-10,34.88016128540039,35.41528530128071,33.693168032946765,35.3374477311528,90451800
2025-04-11,34.97745895385742,35.249883031803,33.86829953765076,34.24774842093202,63671900
2025-04-14,35.677978515625,35.98932509069249,35.28880179191511,35.50285140243035,46830600
2025-04-15,36.9622688293457,37.70170712966787,36.77740647064066,36.77740647064066,84677800
2025-04-16,36.320125579833984,37.12766993307419,35.969863947489024,36.835786476619894,52872700
2025-04-17,36.39795684814453,36.845511696984765,36.23255759546415,36.49525008954484,47144400
2025-04-21,35.92121124267578,36.27147285191952,35.50284733330051,36.067154817027095,34928300
2025-04-22,37.28334045410156,37.44874342603517,36.38823071445898,36.553629974893155,42288900
2025-04-23,37.70170974731445,39.044378127212894,37.62387217792923,38.343854848744215,54428400
2025-04-24,38.50925827026367,38.62601091418297,37.55576659184059,37.61414476955005,42457100
2025-04-25,38.61627960205078,38.71357656550434,38.25629011602174,38.470339724119924,32694200
2025-04-28,38.7038459777832,38.99573316391711,38.39250310997347,38.723305370958784,37428000
2025-04-29,38.90816116333008,39.05410102019006,38.41195600010843,38.55789956846753,33792500
2025-04-30,38.8011360168457,38.91788864355663,37.76981063165179,38.29520301909958,40994600
2025-05-01,39.08329391479492,39.3459901490224,38.50925853183445,38.7427638212591,33569100
2025-05-02,39.95895004272461,40.11462148068641,39.59896053834416,39.8032786047628,41613000
2025-05-05,40.007591247558594,40.36758441463647,39.52111760593921,39.744895035704204,32829200
2025-05-06,39.73516845703125,40.15353609902186,39.46274439675809,39.55030980348867,29541800
2025-05-07,39.822731018066406,40.221639239889114,39.75462500786491,39.929755808811386,30925900
2025-05-08,40.474609375,41.00973340123773,40.134079277848436,40.17299806366567,41861700
2025-05-09,40.65946960449219,40.84432826011138,40.56217264508774,40.60109142884952,27222800
2025-05-12,42.18699645996094,42.77076336834252,41.77835665489424,42.14807767633563,44875100
2025-05-13,43.08211135864258,43.28643314132308,42.24537596828413,42.24537596828413,43232500
2025-05-14,43.529666900634766,43.70479401238863,42.936168411997755,42.99454287874916,42419500
2025-05-15,43.17940139770508,43.76316828207991,42.81940823122458,43.393447275842874,47379400
2025-05-16,43.481014251708984,43.57831121028879,42.4788797030835,43.14048417542833,49488100
2025-05-19,43.55885696411133,43.918846474632936,42.91671180762688,42.91671180762688,37915700
2025-05-20,43.481014251708984,43.695063849085095,43.208590190684454,43.38372100462864,33424300
2025-05-21,42.07997131347656,43.28642761540825,41.98267806671571,43.16967126549588,55594100
2025-05-22,42.13835144042969,42.3913161206258,41.79781763799305,42.011867244581815,29026200
2025-05-23,42.03132247924805,42.25509990422689,41.20431507928354,41.330799262619145,34875100
2025-05-27,43.02373504638672,43.02373504638672,42.12862151192899,42.60536736911296,36322000
2025-05-28,42.86806106567383,43.237778381982956,42.77076410493493,43.014000939532835,35673800
2025-05-29,43.04319381713867,43.25723971738074,42.71239155876488,43.1696743045318,28545100
2025-05-30,42.93617248535156,43.10157177217151,42.53726417487402,42.99454695764095,66537500
2025-06-02,42.88751983642578,42.95562585220644,42.18699657525383,42.692929629266956,28582600
2025-06-03,43.44209671020508,43.519930561144804,42.751301333806516,42.819407345191,31320200
2025-06-04,43.15994644165039,43.87019758483899,43.14048704863841,43.39345173479474,30591700
2025-06-05,43.17940139770508,43.3739915963298,42.81940823122458,43.247507410498834,32020900
2025-06-06,44.01128387451172,44.20701707940811,43.68831736636383,43.73725066758794,37013000
2025-06-09,43.91341018676758,44.432113593590636,43.825328757938856,44.1482952414346,32414000
2025-06-10,44.12872314453125,44.23637864383279,43.79597148004078,43.8449047797129,32229100
2025-06-11,43.77639389038086,44.441897165802224,43.60023103904161,44.236375083696814,47873500
2025-06-12,43.66874313354492,43.69810610086525,43.08153605434013,43.45343586230133,30165400
2025-06-13,43.15004348754883,43.51215439582555,42.72921037791444,43.061962052198105,43281700
2025-06-16,43.463218688964844,43.9329850737093,43.404496490857525,43.68831484831918,34103600
2025-06-17,43.287052154541016,43.717670370670334,43.120678207413,43.326200283290326,27489600
2025-06-18,44.099365234375,44.23637997091595,43.26748418150681,43.31641748264692,37684700
2025-06-20,44.52998352050781,44.676787157330644,44.304887348518626,44.34403548278759,64591600
2025-06-23,45.31292724609375,45.381434613935774,44.14829825940785,44.43211663096568,42683600
2025-06-24,45.665252685546875,46.183952391049885,45.577171251275466,45.753334119818284,45437600
2025-06-25,45.8511962890625,45.97842584479518,45.4695113552356,45.586955745160154,33532400
2025-06-26,46.44819641113281,46.56564081169415,45.900137475332556,45.94907077554736,40127000
2025-06-27,46.115447998046875,46.65372180514725,45.909925882614836,46.438414522330156,56705000
2025-06-30,46.311180114746094,46.604783639500916,46.0273617563555,46.604783639500916,47921200
2025-07-01,47.12348937988281,47.38772995182351,45.939282589400875,46.017578857658535,48540900
2025-07-02,47.67154312133789,47.691117186266,47.03540281134466,47.32900631852393,48003600
2025-07-03,47.88685607910156,48.25875586134649,47.76941541805575,47.90643014483775,21620300
2025-07-07,47.62261199951172,48.160885742805924,47.33879364515559,47.700908262798094,35567900
2025-07-08,46.144805908203125,46.77116108659026,45.76311722133782,46.48734272970504,88086500
2025-07-09,45.84141159057617,46.43840751197955,45.714182033546464,46.15458916682529,46227900
2025-07-10,45.96864700317383,46.21331724912068,45.78269522689635,45.900139632978444,44225000
2025-07-11,45.73375701904297,45.81205328136642,45.26399064521609,45.64567559061472,31653000
2025-07-14,46.06651306152344,46.06651306152344,45.55759850798877,45.81205765144192,36381200
2025-07-15,45.1661262512207,46.007788711976765,44.97038931924686,45.880562879559506,55145000
2025-07-16,45.048683166503906,45.56738661137573,44.05042814434319,45.26399417129491,61296600
2025-07-17,46.017574310302734,46.213311228233025,44.471256765361744,44.666993683292034,56480700
2025-07-18,46.311180114746094,46.36990231304561,45.90013592676362,46.00778769025567,48314200
2025-07-21,46.46776580810547,47.01582842219956,46.19373636774399,46.52648800248484,32199700
2025-07-22,46.7515869140625,47.14305703297675,46.4481944918726,46.585209220161154,34749400
2025-07-23,47.11369705200195,47.28007474325922,46.79073430236452,46.986467492025376,31380100
2025-07-24,47.358367919921875,47.9553638633148,47.182205060121625,47.45623824946165,42967600
2025-07-25,47.417091369628906,47.514957968381374,46.91796200922559,47.358369170354564,24461200
2025-07-28,47.2017822265625,47.505174668007655,47.05498232266703,47.41709323232174,20590400
2025-07-29,46.92774963378906,47.475808545302826,46.869027436110585,47.35836788331721,26216500
2025-07-30,46.937538146972656,47.466026763649275,46.72223087354157,47.23114168955802,32265900
2025-07-31,46.262245178222656,47.006040996824815,46.18394891659546,46.74179671388989,40016300
2025-08-01,44.68656921386719,45.42057988014843,44.353817562484835,45.37164658240394,52310400
2025-08-04,44.872520446777344,45.126979586635166,44.66699834153403,44.98017594953476,31038900
2025-08-05,44.58870315551758,45.019321407576356,43.795970282370476,44.97038810924239,36798300
2025-08-06,44.45168685913086,44.96060140001518,44.42232762537438,44.735505230015264,27916800
2025-08-07,43.962345123291016,44.78443724521848,43.82533039186501,44.73550394590511,30609900
2025-08-08,45.02910614013672,45.31292449445964,44.02106601735619,44.18744371013461,37131600
2025-08-11,45.17591094970703,45.528236676935,44.83337412233063,45.07804435141989,35559400
2025-08-12,46.487342834472656,46.64393162942234,45.37164720378473,45.48908786665415,35481200
2025-08-13,46.23289108276367,46.74180190638988,45.988220838055376,46.66350936943648,29465100
2025-08-14,46.69286346435547,46.7124375297821,45.89034544872001,46.086082369615035,21073800
2025-08-15,45.93928146362305,46.80052172649412,45.90013706382504,46.73201436013328,26276900
2025-08-18,46.89838790893555,47.01583230739942,45.79248115701978,45.91970698863184,43125100
2025-08-19,47.05498123168945,47.09412563179772,46.61457406347081,46.80052209744246,33783400
2025-08-20,47.31922149658203,47.46602512950641,46.849455097944066,47.14305863042136,30822200
2025-08-21,47.23114013671875,47.45624003645081,46.79073670400584,47.240929036727,28713200
2025-08-22,48.425132751464844,48.60129562038325,47.426877738717764,47.48559993948107,45078900
2025-08-25,48.425132751464844,48.60129562038325,48.16088844808725,48.337051317005646,34715700
2025-08-26,49.17871856689453,49.18850373387608,48.200037600389166,48.200037600389166,40609300
2025-08-27,49.305946350097656,49.550616582852484,48.92426138433955,48.963405784218004,42428200
2025-08-28,49.41360092163086,49.56040081850329,49.20807509261522,49.47231938703127,32949400
2025-08-29,49.658267974853516,49.83442709316329,49.433168093972526,49.433168093972526,32496500
2025-09-02,49.345088958740234,49.39402599021195,48.61107828712046,49.149355766338694,52719800
2025-09-03,48.99277114868164,49.491896805246625,48.640445398931455,49.32552283084885,38344200
2025-09-04,49.54082489013672,49.74635071142718,49.05148445221218,49.16892884534138,34796900
2025-09-05,48.97987365722656,49.98368103299653,48.44844556050067,49.639235227724505,40063300
2025-09-08,48.67479705810547,49.11765383565335,48.10400679803925,49.00939953957086,48033100
2025-09-09,49.49162292480469,49.75733699523411,48.67479777265455,48.71416365437827,40060100
2025-09-10,49.334163665771484,49.826225930030546,49.176703891374075,49.57035145029903,31706300
2025-09-11,49.94432067871094,50.150985932250606,49.19638767603239,49.344004105359055,28055200
2025-09-12,49.77702331542969,50.12146541855341,49.658925662240954,49.895117214481054,27851100
2025-09-15,49.78685760498047,50.27891984509527,49.65892037139227,50.0427283180199,29043600
2025-09-16,49.85574722290039,50.0722558151061,49.4128904452692,49.836064282323775,31624400
2025-09-17,50.58400344848633,50.81035164483366,49.98368687141256,50.05257528968621,38337900
2025-09-18,51.30241394042969,51.361459010894386,50.485588760387124,50.6725748278913,35246900
2025-09-19,51.42050552368164,51.823996421644566,50.938282863122495,51.32209457457344,98970700
2025-09-22,51.09574508666992,51.51891894559339,50.93828530805681,50.93828530805681,27468000
2025-09-23,50.879234313964844,52.04050145384129,50.702091614381196,51.174470895225326,28278200
2025-09-24,50.879234313964844,51.42050200529852,50.643042796474376,51.02685072752668,27010400
2025-09-25,51.026851654052734,51.49923469761102,50.62336077637173,50.66272665569107,22957900
2025-09-26,51.381141662597656,51.78463257642512,51.15479346743953,51.28273070962011,20025800
2025-09-29,51.58780288696289,51.71574011915067,51.282726704078776,51.52875782144309,23701000
2025-09-30,50.7709846496582,51.73542623850082,50.21003396792461,51.64685488064093,29945000
2025-10-01,49.875431060791016,50.85955558250491,49.75733716934374,50.485587213095236,27709100
2025-10-02,49.67860794067383,50.042732981130534,49.275117016346854,49.845911070053816,22757200
2025-10-03,49.836063385009766,50.31828603511162,49.74749203107828,49.81638044478755,24565700
2025-10-06,49.59003448486328,50.50527059844169,49.097972219676485,50.12146263225794,25386300
2025-10-07,49.49162292480469,50.10177907497386,49.334163152046926,49.74749364773463,24107300
2025-10-08,49.04876708984375,49.70812872785759,48.98971826611559,49.5998781822284,24014200
2025-10-09,48.99956130981445,49.48178022778932,48.8814636630908,49.20622656037511,21816900
2025-10-10,47.877662658691406,49.34400619098875,47.77924794751004,49.13734092871394,31831900
2025-10-13,48.08432388305664,48.61575201639692,48.0351184086667,48.418926364700106,34462800
2025-10-14,49.2947998046875,49.69829072775726,47.75956412576636,48.07448368747265,42462600
2025-10-15,51.45003128051758,52.01098198467492,50.41670123360338,50.75130373732332,69992200
2025-10-16,49.63923645019531,51.922404898871264,49.20622303894191,51.764945135312125,49027700
2025-10-17,50.46590042114258,50.94812305180461,49.53098520016689,50.141141305910466,48915400
2025-10-20,51.21384048461914,51.450028265086196,50.55447510969634,50.623363525177325,25786000
2025-10-21,50.70209884643555,51.53860323834715,50.6233670779963,51.26304955708447,27303400
2025-10-22,50.28876495361328,50.76114805957371,49.6392428755894,50.68241629053452,34955000
2025-10-23,50.93828582763672,50.977651711225846,50.298607112931165,50.66273215078739,26028800
2025-10-24,51.73542404174805,51.981455163785704,51.02685320895575,51.02685320895575,38923900
2025-10-27,52.17828369140625,52.22748916770151,51.696061013783435,51.96177509074247,27345800
2025-10-28,52.030662536621094,52.43415344132585,51.50907774018588,52.158599775909074,29575200
2025-10-29,51.74527359008789,52.16844371689924,51.489399090188066,51.82400160642345,29158800
2025-10-30,52.1881217956543,52.591612696380025,51.72558582671417,51.833836369819586,37548600
2025-10-31,52.60145950317383,52.78844182171144,51.932254489061826,51.951937431140095,39295700
2025-11-03,52.70970916748047,52.78843717472577,51.8732010964099,52.41446881643379,31252300
2025-11-04,52.69002914428711,53.14272553488767,51.88304731612535,52.17828392938061,47226600
2025-11-05,51.617332458496094,52.22748861722815,50.91860494171123,52.11923431803725,54353600
2025-11-06,52.44399642944336,52.89669280642169,51.93225122993594,52.57192991371738,55296000
2025-11-07,52.35542678833008,52.729395168327805,51.87320410721691,52.30622131167867,40537700
2025-11-10,52.57193374633789,53.13288821591636,52.493205731363425,52.562094152267605,26094600
2025-11-11,52.77859878540039,53.12304086396156,52.43415295270212,52.89669267603035,22244300
2025-11-12,53.250980377197266,53.82177066807658,52.91637787766896,53.034471773344464,40536700
2025-11-13,52.030662536621094,53.34938954904541,51.93225158586857,52.93605905092026,37716100
2025-11-14,51.7747917175293,52.06018872998184,51.2039976926242,52.02082284809795,32363100
2025-11-17,50.6627311706543,51.745270423588565,50.57415981136092,51.745270423588565,35546800
2025-11-18,50.8201904296875,51.351618580029545,50.33797150944678,50.465904996126135,35189500
2025-11-19,51.194156646728516,51.65669636039817,50.84971082122283,50.84971082122283,28112300
2025-11-20,50.19035339355469,52.109397068253365,50.16083085758831,51.666540258071,36661600
2025-11-21,50.74146270751953,50.95796755382041,49.895115001229456,50.475748630837494,43867200
2025-11-24,51.10558319091797,51.410663123113615,50.583998431679255,50.83002954515214,52852100
2025-11-25,51.646854400634766,52.04050571060616,51.03669824890251,51.420506211349206,41310100
2025-11-26,52.14875793457031,52.404628647979614,51.71574075999568,51.8633609338983,32045600
2025-11-28,52.79828643798828,53.08367971963482,52.207809423869286,52.266858251522414,18920800
2025-12-01,52.39479064941406,53.0443126769047,52.36526436125284,52.6506613706098,30536500
2025-12-02,52.3455810546875,52.78843783263993,52.129076216461804,52.68018353645855,46073500
2025-12-03,53.23129653930664,53.37891672201848,52.33574335772655,52.40463177522216,37134400
2025-12-04,53.3001823425293,53.82176712202392,53.14272257395713,53.34938781630741,38529600
2025-12-05,53.36943435668945,54.239965562888344,53.16169511303355,53.3496491277251,33986500
2025-12-08,53.319969177246094,53.626630769107166,52.914381447973156,53.319969177246094,34386600
2025-12-09,52.963844299316406,53.69587887100708,52.69674938035476,53.3892172694798,47189300
2025-12-10,53.4980354309082,53.962975094880214,52.765997067869264,53.013306764705234,54424400
2025-12-11,53.972869873046875,54.0619015153107,53.17158509267246,53.36943360588613,35686900
2025-12-12,54.54662322998047,54.704901276593596,53.76512372385789,54.19049668168935,40539400
2025-12-15,54.734580993652344,55.46661554397275,54.47737680942906,54.81371813011977,32881300
2025-12-16,54.220176696777344,54.75436274839496,54.10146533095448,54.54662351867443,32931900
2025-12-17,53.962974548339844,54.97199855404874,53.87394290743475,54.526840349523276,35304100
2025-12-18,53.67609405517578,54.556519731247164,53.19136917061767,54.210283897202075,87452700
2025-12-19,54.675228118896484,54.71479857598547,53.79480620372222,53.93329902988718,73001900
2025-12-22,55.278663635253906,55.50618809997334,54.74447379270579,54.77414974829854,33408800
2025-12-23,55.36769485473633,55.61500454585286,55.2094168033676,55.2094168033676,22274600
2025-12-24,55.64468002319336,55.89198971218533,55.2885534672615,55.525972429098196,13634400
2025-12-26,55.56553649902344,55.94144826523921,55.42704368348242,55.67435336084744,15259400
2025-12-29,54.754364013671875,55.6446804096854,54.6752268749409,55.50618758667139,21040100
2025-12-30,54.68511962890625,55.041246200510436,54.57630275717758,54.892862644773054,17427600
2025-12-31,54.40813064575195,54.823609104787465,54.3388842359127,54.72468674034462,16293000
