Date,Close,High,Low,Open,Volume
2021-01-04,66.63200378417969,67.60737320035302,65.98700055718085,66.9781051259067,9234900
2021-01-05,68.43330383300781,70.17953392549086,67.11183289825334,67.24555170683367,13414800
2021-01-06,70.63575744628906,71.40661199146041,69.0783072000726,70.00648328593424,13916800
2021-01-07,70.96614837646484,71.43810116037102,70.2503486199297,71.09986723168397,9286600
2021-01-08,71.64259338378906,72.70448830919317,71.14703801771803,72.42918310648889,11152100
2021-01-11,72.05160522460938,72.44490001950484,69.6682397277352,70.10086640260114,10635000
2021-01-12,73.42027282714844,73.87649625062198,72.1381338969065,72.88539764249991,10923900
2021-01-13,73.34950256347656,73.56187917969886,72.31907179369404,73.31017067100373,9723300
2021-01-14,75.1114501953125,75.76432109896697,73.7742500804665,73.89223973794192,13950200
2021-01-15,72.43705749511719,74.18328794856696,72.13815550805631,74.1124977415806,10244600
2021-01-19,74.3405990600586,74.74962309011897,73.38095860348193,73.54614173107575,9574800
2021-01-20,75.02493286132812,75.16651926518334,74.17542043940075,74.72603089816886,8735400
2021-01-21,72.37413024902344,74.4585944501013,71.75272357768603,73.8293202003104,10393100
2021-01-22,72.15386962890625,72.38984291793189,70.65934812693328,71.10770397740491,7810600
2021-01-25,71.50100708007812,71.6032615837195,70.26606145399485,71.2807629176485,7689400
2021-01-26,70.2896499633789,73.08204555617927,70.218853775906,72.52356163665709,7827800
2021-01-27,69.37720489501953,71.0683738467944,68.23665230027983,68.850191268551,10178500
2021-01-28,70.02222442626953,70.91107478002026,69.41655289423775,69.7469191844369,8155500
2021-01-29,67.01744842529297,68.70075011382526,66.7972042419267,68.29959363749553,14699800
2021-02-01,67.96922302246094,68.66928741826185,66.52189476514877,67.63885076730264,8073600
2021-02-02,68.48049926757812,69.5109358840756,68.06360767516762,69.22776310409802,9233100
2021-02-03,69.97501373291016,70.31324751853846,68.34677341632806,68.47263063944683,9256500
2021-02-04,70.00648498535156,70.51776950290098,69.18056337998688,70.40764742234612,7917600
2021-02-05,70.21100616455078,71.16277908798574,69.72331833550646,70.7458874604948,8017300
2021-02-08,71.95721435546875,72.39770258113097,70.80092676190344,71.02117087473455,9886600
2021-02-09,71.5481948852539,71.79203575991818,70.64361557434702,71.65831695776053,7605500
2021-02-10,72.77528381347656,72.83034485803478,71.26503287599103,71.87857194426928,8778800
2021-02-11,72.3819808959961,72.7123531279096,70.85600097267533,72.65729208945785,8572400
2021-02-12,72.79888153076172,72.94046792146843,71.85497025898259,71.9965566496893,7858300
2021-02-16,74.29060363769531,74.87293362420404,73.87579782171467,74.22679157172179,14006000
2021-02-17,76.51622009277344,77.15438951262033,75.14416010032686,76.11736572687778,14342300
2021-02-18,75.78230285644531,76.40451447455408,75.22390937507397,76.38058419478567,9030600
2021-02-19,76.42047119140625,76.8831374624627,75.503105265739,75.88600190978794,8913900
2021-02-22,78.48652648925781,79.48366195749824,76.94694908285332,77.36973354762216,13178700
2021-02-23,79.47569274902344,79.89848335078396,77.21818240220925,79.74691679381259,14874000
2021-02-24,82.4112548828125,82.99358470698506,79.6192754141628,80.03408720054026,16116000
2021-02-25,81.64545440673828,83.72747384016209,81.03919431208554,83.67961328317419,13219200
2021-02-26,79.77085876464844,80.61642792002297,77.86433572705602,80.0101737753558,14454100
2021-03-01,81.40615844726562,82.80214838379176,80.88764668220644,81.73321578194309,10439900
2021-03-02,81.71725463867188,82.41125708723952,81.13492479892251,81.2785125617352,10643500
2021-03-03,82.63462829589844,84.35768173779628,82.48306780527416,82.49104659510705,14958200
2021-03-04,83.36054992675781,85.81749391156298,82.26768693770282,83.37650142113776,22994200
2021-03-05,86.95023345947266,87.05393338180093,84.67676526971147,85.32290725889797,23638200
2021-03-08,87.54850006103516,88.0909420360619,86.2003708688292,87.63624847508598,18033600
2021-03-09,87.34909057617188,88.29836574548932,86.05680046982629,87.00607563914373,19010700
2021-03-10,88.84080505371094,89.35133804830579,87.50862712509515,87.90748140749946,17389900
2021-03-11,88.69720458984375,89.78208856978819,88.45788962019653,89.064149746879,10989500
2021-03-12,88.99237823486328,89.90176564156184,88.32230586615243,89.0561963897979,10930300
2021-03-15,87.94734954833984,89.27154839027234,86.86246565659795,88.96841530856,10488000
2021-03-16,85.8653564453125,86.85451344241145,85.41864156004857,86.57531663912148,11698400
2021-03-17,86.17645263671875,86.59923718932164,85.0357291806236,85.52233187709984,9168600
2021-03-18,83.05741882324219,85.77760189281177,82.73035538697081,85.362796112649,13246600
2021-03-19,82.46709442138672,83.67163584190698,81.9565615185236,82.91381527591614,18491000
2021-03-22,81.79703521728516,83.36054324056408,81.61355957344651,82.21184098426396,12508500
2021-03-23,81.34234619140625,83.2010086735028,80.32128016626429,80.92753431492135,14781700
2021-03-24,83.52009582519531,84.36567115906806,82.0922026528758,82.15601472147995,11026800
2021-03-25,83.81523895263672,83.96680552800842,81.42211324988395,82.04432495883432,11138200
2021-03-26,85.73771667480469,85.7855772397398,84.04657237671016,84.98786869864425,9820200
2021-03-29,85.2909927368164,85.77759541655774,84.3177873773337,84.87618698797168,7542300
2021-03-30,84.50126647949219,85.2192053877443,84.23004240924885,84.60496639944903,6284600
2021-03-31,83.59188079833984,84.73260428347659,83.4403142242902,84.19814100850506,8954400
2021-04-01,84.35767364501953,84.44542206666293,83.12920182804471,83.96679818517435,8515800
2021-04-05,83.3685302734375,84.42150541715085,83.0973061756449,84.34173577169439,8692700
2021-04-06,82.62662506103516,83.82318748042675,82.52291908962792,83.16108814771592,8125100
2021-04-07,83.11326599121094,83.41639308650991,82.37139670505317,82.53891479082634,7699300
2021-04-08,82.17993927001953,82.65856931035427,81.4221185162125,82.5787935796093,8283000
2021-04-09,82.10016632080078,82.70642655106488,81.4460455228431,82.2597116898353,7163700
2021-04-12,81.1907730102539,82.85000820922725,80.97539438553737,82.69844164136886,7845900
2021-04-13,81.55772399902344,81.84489957641003,80.79990327794039,81.01528191796358,6829900
2021-04-14,83.17706298828125,84.02263814055655,81.84489124798499,81.88477910757612,10194800
2021-04-15,82.49901580810547,83.17706685040802,82.10814032730123,82.96966701179616,7860500
2021-04-16,82.13206481933594,83.24885791464585,81.7092802963906,82.80214311093499,7459700
2021-04-19,82.37138366699219,82.826077280987,81.53378728467031,82.37935637026658,7068700
2021-04-20,80.8318099975586,82.15600304491315,80.177689220569,82.0283728398103,9783800
2021-04-21,81.9486083984375,82.15600825563808,79.88253992837231,80.03410651220128,8264400
2021-04-22,80.5286865234375,82.06029177090436,80.46487445623669,82.06029177090436,9899400
2021-04-23,81.00730895996094,81.50188438588265,80.34520937606125,80.64833644633693,6756000
2021-04-26,80.98336791992188,81.90073395378968,80.77596808244668,80.7839407858651,5639700
2021-04-27,81.92466735839844,82.24375200225677,80.97539830261248,81.21470722098118,6898900
2021-04-28,83.93489074707031,84.44542370872327,82.4591312146037,82.59474020122306,8718400
2021-04-29,85.27503204345703,85.87331336356637,84.35766613541627,84.89212932073285,9740300
2021-04-30,82.2198257446289,84.0705094663794,82.14005610126704,83.7434521027856,13730000
2021-05-03,84.18218994140625,84.33375652718101,82.33948497133974,82.94574522840495,7938100
2021-05-04,84.64486694335938,84.96395162661643,83.63975232121157,84.52520942638371,8704300
2021-05-05,86.9183120727539,87.38098443488651,85.21121647484772,85.4265950787191,12872400
2021-05-06,86.9661865234375,87.05393495392815,85.68985401543718,86.91034716640102,9654900
2021-05-07,87.76388549804688,88.28239723438028,85.91320204245082,86.2243078670443,10273000
2021-05-10,87.40491485595703,90.22880350680543,87.36502699893775,88.89663185240354,13586500
2021-05-11,85.11549377441406,87.41289812946965,84.72461831690696,86.99808630490337,12754800
2021-05-12,85.64997863769531,87.86760767717278,85.13146680588137,85.35482425071595,11661900
2021-05-13,85.09954833984375,86.0488234616781,84.11039144213761,84.61294563756172,9706300
2021-05-14,87.32515716552734,87.60435394473171,85.99298532901409,85.99298532901409,9124100
2021-05-17,88.39405822753906,88.44989756727851,86.92627781951262,87.02199892419077,12692900
2021-05-18,85.73749542236328,88.06301577103204,85.56792680782263,87.96612294016936,12759900
2021-05-19,83.33122253417969,84.21137142804577,82.33803405822408,83.83185808044954,14762700
2021-05-20,83.62191009521484,84.03372309047975,82.33803085657752,83.22625001142815,9706300
2021-05-21,84.07410430908203,84.9461706053592,83.71881416137548,84.05795139662388,10352800
2021-05-24,85.2691650390625,85.46295687382091,83.97720920645409,84.74430624941589,6785600
2021-05-25,83.87224578857422,85.2853239271019,83.66230102590121,85.13190204354872,7884000
2021-05-26,84.07410430908203,84.71200881949558,83.7026674094484,84.39708863187228,9232400
2021-05-27,83.17780303955078,84.71200311155347,82.82251291578388,84.07409864412227,11703400
2021-05-28,83.80764770507812,84.07411535085424,83.12936698496908,83.6703787338111,7278200
2021-06-01,86.11701202392578,86.74684009044537,85.02692451183177,85.02692451183177,10260600
2021-06-02,87.27168273925781,87.65926632678837,85.76170602148952,86.56917901612988,9141800
2021-06-03,86.87602233886719,87.27975886315348,86.04432608452233,86.85179913309489,8809300
2021-06-04,87.5704574584961,87.74810253070015,86.5691925139735,87.40088884244612,6699300
2021-06-07,87.00523376464844,87.77233080926574,86.8598883481331,87.5058693460971,6748600
2021-06-08,87.79656219482422,87.99843049125619,85.83440210708426,86.92448967571057,10559500
2021-06-09,87.02944946289062,88.44252738351604,86.92448017800669,88.06301404200599,10146900
2021-06-10,87.53815460205078,89.02390202804938,86.6014829252453,88.06300714590071,13526200
2021-06-11,87.13442993164062,87.99034949296512,87.09405381022557,87.88537404149848,7731700
2021-06-14,87.1828842163086,87.98228097610841,86.26236524186476,87.35245285259754,9051900
2021-06-15,89.06428527832031,89.20963068255242,87.52200870227233,87.53816161414859,10540200
2021-06-16,88.55558013916016,89.23386079826568,87.93382851546716,88.84627097012948,9283300
2021-06-17,86.4561538696289,88.8059038004181,77.767740654172,88.20836920656626,14337800
2021-06-18,83.1939697265625,85.8101813871098,83.09707687724764,84.98656136527288,22284500
2021-06-21,85.6325454711914,85.94745956366444,83.92069986655588,84.0579688482939,13591500
2021-06-22,85.91515350341797,86.36733654400204,84.2275312374692,85.05115738771234,10230100
2021-06-23,85.81016540527344,87.3120658952514,85.77787190187112,86.69031430599561,7792800
2021-06-24,86.51268005371094,87.0294624202094,85.88285192957419,86.51268005371094,8724600
2021-06-25,86.64187622070312,87.25555141284578,86.22198670973019,86.87603802580423,8102300
2021-06-28,83.96914672851562,86.39964308607291,83.70268522156319,86.35926695686646,11348400
2021-06-29,83.78341674804688,84.76045853170089,83.6622945420252,84.4536147883751,7225500
2021-06-30,84.5747299194336,84.6877756594555,83.75111007634106,83.84800290462795,7927500
2021-07-01,85.76171875,86.4803693290476,85.38220540050793,86.35924712976892,10873200
2021-07-02,85.64867401123047,85.91514162066228,84.81697767924426,85.34990673757684,7107700
2021-07-06,83.96914672851562,85.56794657289215,83.48466398070019,85.56794657289215,10162800
2021-07-07,83.11320495605469,84.70392792054051,82.45915372801907,83.94490124862608,8245000
2021-07-08,82.84674835205078,83.24240849158768,81.73243756373945,81.95852907204625,8695500
2021-07-09,84.03372955322266,84.16292821286187,82.6529512211172,83.5411704442777,8567900
2021-07-12,84.20329284667969,84.8008212083819,83.36352009374454,83.6219112361453,9898600
2021-07-13,83.92068481445312,84.44554359461307,83.34737961661206,83.9772076885915,6738000
2021-07-14,82.33804321289062,85.04307720154667,82.13617491283374,84.36480267041068,9216600
2021-07-15,81.79701232910156,82.56410916766998,81.43364580515096,81.59514409152779,9665700
2021-07-16,79.63298034667969,82.1119219260108,79.39881246426692,82.06346936240614,12199100
2021-07-19,77.48511505126953,78.28451166555217,76.32235185919977,77.3720693143217,17385500
2021-07-20,77.94538116455078,79.16466733005535,76.75032436807561,77.42859884815105,12114600
2021-07-21,80.60196685791016,81.12682561974803,78.89012162007108,79.1162192692631,11478100
2021-07-22,79.79450225830078,80.27091465503555,79.043551927591,80.26283819799757,7694300
2021-07-23,79.82678985595703,80.03673458347907,79.08391609460918,79.77834344211762,7570800
2021-07-26,81.51441192626953,81.76473279161748,80.29513190687798,80.31127865922403,10227500
2021-07-27,81.23986053466797,81.32868305916331,79.8913820781008,80.78767761762275,8332100
2021-07-28,81.70013427734375,82.20884014849774,80.97340720388712,81.47404277905308,8546100
2021-07-29,82.8225326538086,83.07284739491828,82.31382671397955,82.66911076188607,8681300
2021-07-30,82.20882415771484,84.01756811327637,81.36905149846059,83.21816540770361,12295300
2021-08-02,82.0634994506836,83.96106640725922,82.00697657286209,82.42686608856329,8911800
2021-08-03,82.84674835205078,83.09706923098894,81.2883248434714,82.03119870234562,8437300
2021-08-04,80.98955535888672,82.28151110216915,80.82805704064458,81.10260110139075,10389800
2021-08-05,81.74051666259766,82.70948206109716,81.28832747083703,81.50634868984507,7986100
2021-08-06,82.32188415527344,82.83059617619166,82.03926978839174,82.37840702864978,6475600
2021-08-09,80.94918060302734,81.86162301447727,80.69078945001748,81.4821158214089,9243100
2021-08-10,82.42686462402344,82.6206564644637,81.21565484034159,81.34484734712458,9762600
2021-08-11,83.04861450195312,83.14551350037726,82.03927303702775,82.39456320405154,7079800
2021-08-12,82.87903594970703,83.37159501844538,82.18460861215888,83.05668101194455,7377600
2021-08-13,82.32994079589844,82.79827658288373,82.07154969972203,82.5479619411118,6572600
2021-08-16,81.49018096923828,81.7162724437731,80.67463760188491,81.41751134979378,9476600
2021-08-17,81.3367691040039,82.10386609450912,80.44854375432722,80.90880318073654,10937500
2021-08-18,79.1353759765625,81.36131523250954,79.01262702343861,80.76391618201103,12893600
2021-08-19,77.16312408447266,77.99784809306811,75.99286965751632,77.58866831082588,17423400
2021-08-20,77.17131042480469,77.6459542332077,76.2792952413326,76.53298471165043,9707600
2021-08-23,79.15992736816406,79.3808817144171,78.61162168748376,78.63617147666874,10277800
2021-08-24,80.06829833984375,80.69843871308578,79.70003902614302,79.7900590794633,8924900
2021-08-25,80.61660766601562,80.78846243645552,79.15174320149843,79.5609230102377,9342300
2021-08-26,79.56092071533203,80.79664545028534,79.54455002704516,80.28926025439216,8124800
2021-08-27,80.72299194335938,81.39404657807583,80.24016276731668,80.31381213576181,10281200
2021-08-30,80.51839447021484,81.27128374695579,80.17468496260543,81.09124364956386,8127200
2021-08-31,79.19266510009766,80.53478074674716,79.08628058722189,80.31382013223497,15676900
2021-09-01,78.32521057128906,79.43818032577472,78.12880598037671,79.26632552827773,10557300
2021-09-02,79.96190643310547,80.51839114589255,79.01261265457899,79.0862620130598,12340100
2021-09-03,79.78189086914062,80.55115103777655,79.69187079648793,79.70824148801903,9097000
2021-09-07,79.42998504638672,80.1828806639722,79.16811021005786,79.39724991139704,9237800
2021-09-08,78.88168334960938,80.58387285933858,78.8489482155467,79.79006302818658,10775900
2021-09-09,78.56251525878906,79.88825995147272,78.0305803130068,78.47249521056801,10219400
2021-09-10,78.61982727050781,79.95375152284677,78.4725222538896,79.87191678996774,11006000
2021-09-13,80.1746826171875,80.78026690958191,79.42997246223162,79.55272763809756,11500900
2021-09-14,78.7261962890625,80.80483056134621,78.54616240963303,80.51022058615081,15294100
2021-09-15,80.3956527709961,80.63297782611609,79.37270317664552,79.37270317664552,11623400
2021-09-16,79.64276123046875,80.68207524325551,79.30723701919314,80.4611208839851,10616700
2021-09-17,79.18447875976562,80.51021735128872,78.86531900672574,79.47090337870034,16006100
2021-09-20,77.56413269042969,77.94876275496651,76.36114291192996,77.449562829962,15796100
2021-09-21,77.62139892578125,78.47249357254977,76.95034437169673,78.21061877689696,10958400
2021-09-22,79.90463256835938,80.83756203299914,78.75892785492452,78.75892785492452,13292800
2021-09-23,81.88507843017578,82.05693323651074,79.99466931690154,80.39566386501645,10094900
2021-09-24,82.32698059082031,82.62977591287238,81.54954141084465,81.54954141084465,8225300
2021-09-27,84.2665023803711,84.92937176359115,83.95552168713562,83.95552168713562,12697500
2021-09-28,84.58564758300781,85.83773675467792,84.19283223327396,85.03574785420408,15560800
2021-09-29,84.56112670898438,85.30583094263848,83.75094594379951,84.4629212770737,10268100
2021-09-30,83.02257537841797,84.65929450854814,83.02257537841797,84.63474472057027,15319800
2021-10-01,85.37947845458984,85.55133326139078,83.37449322139956,83.65273879687943,10854900
2021-10-04,85.6986312866211,86.63156087238909,85.19943135555008,85.92777101034106,13305400
2021-10-05,86.63154602050781,88.19460957853828,86.27146580577093,86.77885099530126,13017300
2021-10-06,85.8704833984375,86.21419297328644,84.76569905437213,85.25671362466908,10630100
2021-10-07,86.48423767089844,86.9916228406294,86.10779302635787,86.4269527520246,8830900
2021-10-08,88.42375946044922,88.73473386843482,87.23713426500075,87.40898903601293,10586700
2021-10-11,87.67085266113281,89.71675145019341,87.49899791208225,89.65946653384322,9794800
2021-10-12,87.6872329711914,88.03912785127244,86.88523781068521,87.55629243739925,9085000
2021-10-13,88.21098327636719,88.6610773165573,87.1389341832073,87.37625297619411,9220700
2021-10-14,89.04571533203125,89.33214621666887,88.47286604993381,89.10300026024099,7648600
2021-10-15,89.70038604736328,90.04409554178712,89.55308108638341,89.83132032179675,9968100
2021-10-18,89.65948486328125,90.35509558863835,89.1684703022442,90.19960525093421,10677400
2021-10-19,91.41077423095703,91.41077423095703,89.85589582579283,90.15050581160241,10362800
2021-10-20,92.60558319091797,92.61376229222846,90.65788318175048,90.91157268132892,10811400
2021-10-21,91.4435043334961,92.31914889767255,90.73153544330829,92.2373141824725,9372600
2021-10-22,92.31097412109375,92.3764381501674,91.20618356157782,91.83632400967389,8673800
2021-10-25,93.17024993896484,93.57942978607808,92.72015585329368,92.90837508655594,9579800
2021-10-26,93.37482452392578,93.78400430382342,92.89199538056877,93.27662537264663,7463000
2021-10-27,91.71356201171875,92.94928678138159,91.36985247109891,92.65467681982504,9096100
2021-10-28,92.57283782958984,92.69558677157654,91.3125633286255,91.3125633286255,7538200
2021-10-29,93.69398498535156,94.348675135742,92.59738616357379,93.9722304845233,15294200
2021-11-01,93.72673034667969,94.18500975581736,93.33392120844415,94.1359101744351,11213800
2021-11-02,93.15387725830078,93.44848722166857,92.6464920450366,93.4403018772449,9189700
2021-11-03,92.48283386230469,92.69560289448145,91.63173900283009,91.87724317309308,10416000
2021-11-04,92.89201354980469,93.50578333970161,92.40099896660499,93.4730482016764,9673000
2021-11-05,93.8985824584961,94.1522781901401,93.23571315430543,93.51395243235487,8102100
2021-11-08,94.23412322998047,94.92154239948631,93.85767850711927,94.18501740102349,7695900
2021-11-09,94.92971801757812,95.02792342183992,93.66944342570034,94.33231273459889,10945900
2021-11-10,93.41575622558594,95.10157512340933,93.01476174130137,94.73331577468107,10305100
2021-11-11,93.42394256591797,93.8413015006338,92.94110711580308,92.96565690683475,7317500
2021-11-12,93.48123168945312,93.54669572061349,92.95747573504694,93.12933676716139,8682800
2021-11-15,95.60078430175781,95.7071688199593,93.51396447333144,94.07044934467251,11050400
2021-11-16,95.97721862792969,96.63190884451183,95.63350907383895,95.8380989860723,10566300
2021-11-17,95.54674530029297,96.46562372069626,94.91760821203913,95.09144922187897,11108000
2021-11-18,94.74376678466797,95.51363777088643,93.88284162969791,95.07489524506033,8368600
2021-11-19,92.64110565185547,93.66759809530485,91.97056884778618,93.13779513637941,13532600
2021-11-22,94.29676055908203,95.35636669135208,92.5914510189436,92.73217857681524,9947100
2021-11-23,96.27523040771484,96.72224654423135,95.24873159921462,95.35635197512579,10366800
2021-11-24,97.01200866699219,97.68253933119136,96.58981965231995,96.69743373553985,8500900
2021-11-26,94.79342651367188,95.05832798070381,93.23712486857877,93.8331547483379,11861800
2021-11-29,95.07489776611328,96.99543530841484,94.95900374926536,96.3083448401377,12003800
2021-11-30,93.4358139038086,95.91098779566371,93.07985193415053,93.91594351285343,24451200
2021-12-01,92.79840850830078,96.0765674533094,92.7901285588226,95.15768884950953,12302700
2021-12-02,95.31495666503906,95.77853268825284,92.65766184783209,93.7503812709429,11392400
2021-12-03,94.71067810058594,96.85472408946737,94.03186115068381,96.63948960085818,10445100
2021-12-06,96.19245910644531,97.22723171437072,95.24047335975457,95.99378453413385,9833900
2021-12-07,97.6163101196289,98.22890006902357,97.05339355159794,97.05339355159794,11419600
2021-12-08,98.05504608154297,98.7255830007561,97.40107537599951,98.00537901928664,8827900
2021-12-09,97.79842376708984,98.17921931159762,97.33484768086306,97.5583557750794,8334700
2021-12-10,97.96397399902344,98.67589794729763,96.74708690747316,98.45238987783935,9090700
2021-12-13,95.92756652832031,97.55836932120093,95.70405840306954,97.23552074264349,8533000
2021-12-14,96.20902252197266,96.78849267729346,95.58815893452136,95.81166704707339,12245300
2021-12-15,95.66265106201172,96.29179454332527,94.32986350704839,96.29179454332527,11069500
2021-12-16,96.55667877197266,97.8397990355813,95.9606488770254,96.18416324550529,11344700
2021-12-17,94.04013061523438,96.40769077870023,93.98218360350272,95.9606682671629,22727900
2021-12-20,94.08152770996094,94.1311947745943,91.66430038962423,92.59973256280739,13464400
2021-12-21,95.5881576538086,96.08484725396465,94.61133203667626,94.72722606618764,11368200
2021-12-22,96.1344985961914,96.58980100605653,94.71065699281749,95.54674859529726,8345200
2021-12-23,96.36629486083984,97.61629547338482,96.35801491256305,96.44907539635773,7416600
2021-12-27,98.33650970458984,98.36134323627363,95.53848688995429,96.08484353424969,7745500
2021-12-28,98.1461181640625,98.79181531265482,97.71565550358473,98.22890503193436,6516000
2021-12-29,97.64112091064453,98.22059724274672,97.09476436890478,97.74874128207395,6957400
2021-12-30,97.21066284179688,98.25371523493942,97.13615594155466,97.79013288479285,6016000
2021-12-31,97.14444732666016,97.75703091791306,96.96232634434834,97.16928085774802,5706600
2022-01-03,98.72557067871094,99.0815326505379,97.09476830349793,97.20238236353873,10717700
2022-01-04,100.52191925048828,100.97722158283922,99.05668447176143,99.29674608436594,16413100
2022-01-05,101.1759033203125,102.51696425730238,101.05172937391548,101.19245689914911,15487100
2022-01-06,102.036865234375,102.91435043768902,100.69579758008749,102.33488026866111,13318500
2022-01-07,103.50209045410156,103.9242794307574,101.78022738312337,102.27692326895402,14164600
2022-01-10,103.56830596923828,104.04844190408232,102.5335335143588,103.60141944568441,12626100
2022-01-11,105.93588256835938,105.96071610067534,103.33653425677475,104.18918588362725,14609000
2022-01-12,105.40605163574219,106.31664372017435,104.69412775733242,105.95240814955132,12469200
2022-01-13,104.96733856201172,106.0435046281104,104.67759717177296,105.2487936870139,9691300
2022-01-14,106.75541687011719,106.954085109739,104.93421344599766,104.93421344599766,13281000
2022-01-18,107.10309600830078,107.61633912203351,105.85308907008867,107.35971756516714,12905500
2022-01-19,106.7140121459961,107.74049829271013,106.40771092317088,107.5749372333852,12064300
2022-01-20,106.3332290649414,108.32827365457797,105.86137301545382,106.18422787476177,11370400
2022-01-21,105.05839538574219,106.29183623868418,104.49547883966922,105.76203948939572,13055700
2022-01-24,105.28189849853516,105.73720094648375,101.6891649235191,103.02195247215,19513700
2022-01-25,109.76039123535156,109.88457152064049,103.7007634162281,105.2322318476186,19984500
2022-01-26,109.84319305419922,111.51538926482341,108.93258803071511,110.01702779318089,17266500
2022-01-27,112.06172180175781,113.41106922217483,110.5882067304131,111.30013073589991,20654100
2022-01-28,108.12130737304688,109.32164092329761,106.01865525198353,107.61633789765175,24817800
2022-01-31,108.71735382080078,109.15609640825261,107.06171760203857,107.7736416813664,16401800
2022-02-01,111.58155822753906,112.36799526052195,108.03849897393316,108.30340673904266,16169700
2022-02-02,112.0948486328125,112.4176971769911,109.9342429505399,111.21736349383997,10906700
2022-02-03,111.09318542480469,112.04518380954599,110.25709369918987,111.63127476352847,9447700
2022-02-04,112.48393249511719,113.41108476645564,111.76372212652176,111.76372212652176,13034700
2022-02-07,114.69418334960938,115.42265458064784,111.61469946169701,112.03688208303181,18422500
2022-02-08,112.9474868774414,114.59483656859838,111.76370060117041,114.38788207421183,11021600
2022-02-09,114.06503295898438,114.52033537050289,112.66603119486359,113.17927429612092,10140800
2022-02-10,112.6163558959961,114.89285541083073,112.07827924508986,113.8746428010157,11012700
2022-02-11,114.909423828125,115.43095325227424,112.81504512970203,113.2951811242122,12821200
2022-02-14,113.13788604736328,114.28027894462113,111.7968249116261,114.18921845815129,15945000
2022-02-15,112.30973815917969,112.79491510274258,110.56979721940502,111.32266327560374,11746800
2022-02-16,112.34320831298828,113.89911621531708,111.89148611585944,112.88693428510739,11348800
2022-02-17,111.76600646972656,112.5774215001397,110.79565263234939,112.23444962870349,10073900
2022-02-18,111.60707092285156,112.01696508098892,110.46105724944188,111.10517299390942,10691800
2022-02-22,110.75382995605469,114.60177797170117,109.18120109852595,114.60177797170117,19428700
2022-02-23,113.38882446289062,113.832173317175,110.88765736311562,111.19716168218879,16134200
2022-02-24,112.80328369140625,115.63067643279068,110.18500550994031,115.37972109112205,22108900
2022-02-25,117.42916870117188,117.52954572332179,113.2884378398389,113.73179947060919,28028000
2022-02-28,120.45733642578125,120.45733642578125,115.98200666820371,116.50065110185984,24394300
2022-03-01,125.24217224121094,125.44293906640874,121.04289202068534,121.30220785899155,31159900
2022-03-02,128.9395751953125,130.2863560152485,125.51825436719385,125.64372568788392,31329500
2022-03-03,130.67947387695312,131.43232708375146,126.94027657067754,127.36689168598087,22492900
2022-03-04,132.71218872070312,133.79965330929267,129.73421780348013,130.31977173145347,29034400
2022-03-07,135.5479736328125,135.59817491721932,130.26124101531764,133.75784407923936,34824700
2022-03-08,142.64996337890625,145.55265235211556,137.2712134446267,137.4468732909365,57231000
2022-03-09,139.08644104003906,142.01422435110717,134.85370492401157,136.15865772897092,43430000
2022-03-10,142.89251708984375,146.18835283323722,140.77613693134998,141.15257630745774,34913600
2022-03-11,142.95944213867188,144.69938311020348,138.76017441153851,138.7685349099162,28423600
2022-03-14,139.4628448486328,140.82635922249167,137.43849368081572,139.03622965993472,25156200
2022-03-15,132.4027099609375,134.00044601633905,129.87644793888003,133.09701431115053,28534400
2022-03-16,131.92588806152344,134.25974340544306,130.67112410446322,132.82930687818205,22299700
2022-03-17,134.20957946777344,134.66966222244284,132.10157205991086,133.79968523831863,15750700
2022-03-18,135.28866577148438,135.28866577148438,132.8209655198255,134.58600091766465,23214700
2022-03-21,137.722900390625,138.50922123054647,136.1168039526262,136.36775931321475,13180600
2022-03-22,137.2628173828125,138.2415317992079,135.99969284830965,136.92821874552374,11063900
2022-03-23,138.7434539794922,139.9898576199676,137.97386683886418,138.8605647886286,10755000
2022-03-24,139.1114959716797,140.03164852223279,138.02403135364543,139.22023349860007,9024800
2022-03-25,141.62940979003906,141.94728745849417,138.1579007553293,138.20808927895465,10254700
2022-03-28,139.15330505371094,139.38752659937123,138.13276284871242,138.77686571721975,9992000
2022-03-29,137.45523071289062,137.58906251613774,134.2597586786216,136.7776473771373,15102600
2022-03-30,138.4255828857422,139.15335480090158,136.90314229467924,138.22482878290222,9906000
2022-03-31,136.20880126953125,138.9943785742832,136.1167847424391,136.74416667330797,10395900
2022-04-01,137.37155151367188,138.81870895757345,135.79054952496182,136.16697613863215,8795300
2022-04-04,137.49703979492188,138.40047143788837,136.35102605310433,138.0240447776823,8718600
2022-04-05,136.6521759033203,140.2993573927809,136.43468805470806,138.0491450676708,9538200
2022-04-06,137.86509704589844,139.70541497116423,137.46357615190496,137.88183080601624,9269000
2022-04-07,139.78070068359375,140.28259857477434,136.70234000838968,138.10768218475536,8018400
2022-04-08,142.1480255126953,143.12675266943157,139.7137930427037,139.73888730168468,10801200
2022-04-11,138.4924774169922,141.18603837928376,137.94875147861637,141.01037857450586,10206100
2022-04-12,141.37841796875,144.4484052590739,140.65901953258978,141.34496321632943,9528400
2022-04-13,143.6035919189453,143.94656389545156,140.77618557507284,142.9845702611625,7330700
2022-04-14,143.53662109375,144.6659137022363,142.6750175756764,142.78376786417138,9421100
2022-04-18,145.46058654785156,146.0043124306913,143.77083436352424,144.71609385879586,7639000
2022-04-19,143.73736572265625,145.29327321916742,143.06815586404952,144.78300213794287,6970200
2022-04-20,144.32293701171875,145.20127425957793,143.42787876935714,143.56171054596626,7495000
2022-04-21,137.67271423339844,144.2476784202021,137.04533220322298,143.66212441152902,14594800
2022-04-22,134.6361846923828,138.4172107351053,134.56090191015463,137.50541855713183,12160100
2022-04-25,131.74188232421875,132.4696414857748,126.61407513804512,130.26961747346598,15449800
2022-04-26,130.93882751464844,134.15102084541618,130.82171669834298,132.85444136636372,9810600
2022-04-27,130.6962127685547,132.10154221353557,129.2574158049113,131.39887749104514,10396600
2022-04-28,135.33883666992188,136.35101855887197,129.60038224945612,131.70838930051596,9366400
2022-04-29,131.05593872070312,135.88260199502315,130.73806103373374,134.91224793467995,14713200
2022-05-02,133.63238525390625,133.8415126173709,129.78443666050833,130.75479069037337,11559000
2022-05-03,135.92437744140625,136.71068532669656,133.2224436756152,133.48177223600095,8827200
2022-05-04,140.19061279296875,140.44156817565695,136.7441980140219,137.9989621633419,9183200
2022-05-05,139.07803344726562,141.78832820990058,136.05823432408883,141.5875613801842,9807600
2022-05-06,142.7837677001953,143.01798927197828,138.37536032392612,140.75941682171782,10418100
2022-05-09,133.21409606933594,140.32442458795043,132.56998038252019,140.32442458795043,14110700
2022-05-10,134.49395751953125,137.3464571535357,132.05971251464936,135.69017239616338,11636000
2022-05-11,136.48487854003906,140.0818715595805,135.94113976450475,136.83621096090766,9105500
2022-05-12,137.78147888183594,137.89858969576375,132.88789343131523,136.535075190366,8936400
2022-05-13,140.42483520507812,141.19442235597387,137.9236801556972,139.27882136008742,9229900
2022-05-16,144.7244873046875,146.3640513517632,141.25297838580505,141.37008919173044,13296300
2022-05-17,145.5777130126953,146.93285399934194,144.3898713338625,146.25528350601863,12827600
2022-05-18,141.74029541015625,146.8596851743779,139.82579415563401,146.85124302777973,13107500
2022-05-19,140.72821044921875,143.0728361943369,137.3293460464351,138.84745228729827,10958700
2022-05-20,141.5379180908203,144.25362592922184,138.3920596328307,142.43191070836835,9615000
2022-05-23,144.8271026611328,145.87291212760275,142.6258516498707,142.89573007627,10216400
2022-05-24,145.60301208496094,146.39580163153096,143.21621416869414,143.95840231767448,9782700
2022-05-25,147.93923950195312,148.4284078960275,145.88136310933936,146.02473805549658,10174500
2022-05-26,148.93443298339844,150.06457398188235,147.60187348568712,148.85010159389896,11213900
2022-05-27,150.35971069335938,150.41875422649838,148.17533161141762,148.8753475192416,10512300
2022-05-31,147.30667114257812,152.62003687190597,146.30303382081203,151.77664589484203,20547600
2022-06-01,148.7067108154297,150.2332465024859,147.54282708977325,149.05249135307523,8824100
2022-06-02,148.4368133544922,148.86693812394117,146.8343756307017,147.37414534631665,7441900
2022-06-03,149.78623962402344,150.3344386003017,148.43680894055035,148.43680894055035,8435300
2022-06-06,149.1368408203125,150.12360680388562,148.02355845784473,150.03926255128917,6734200
2022-06-07,151.9790496826172,152.3670151898599,149.2127283403318,149.67659594601605,9668300
2022-06-08,152.76336669921875,153.8344636581409,152.02117874037026,152.61154967621738,8715200
2022-06-09,149.71875,152.350125381416,149.6091050693999,151.83565643885728,9764600
2022-06-10,147.9307861328125,150.60434710621294,146.4548517842332,148.7488764869837,9529700
2022-06-13,141.1246337890625,145.06326866730396,138.3667412988344,144.7343466542769,14614900
2022-06-14,141.31011962890625,145.3077834597596,139.86791581570694,142.8450840682091,10269300
2022-06-15,138.53543090820312,141.56321503180948,136.57877005811073,140.66078028998066,11565300
2022-06-16,131.1304473876953,135.39800438455674,129.67138435730692,134.8919774353704,18125900
2022-06-17,125.14236450195312,131.12200378512043,122.95797196502095,130.6244061685855,35575100
2022-06-21,130.37982177734375,131.58587769341966,127.7231450676446,128.2376141325631,13772000
2022-06-22,124.71221160888672,127.18335370409179,123.41339525047503,124.88090008870897,13735800
2022-06-23,120.1241683959961,125.85922950452299,118.20123803447895,125.48813542262937,15713700
2022-06-24,122.09773254394531,124.05439319428139,120.2675754103302,122.46038453796325,11108300
2022-06-27,124.4592056274414,125.51344428918044,122.79772446701078,123.01700147576774,9242400
2022-06-28,126.45802307128906,128.35565243821927,124.91461630855775,127.25081251031067,9183300
2022-06-29,123.96159362792969,128.28819315900688,123.21097622504705,127.88336912138315,9082900
2022-06-30,122.10616302490234,124.75441057707273,120.95072133037914,121.91218667431039,10685000
2022-07-01,123.56521606445312,123.94475232599373,120.15792194107065,123.6411310382368,7684600
2022-07-05,120.31815338134766,121.9037195816286,117.57713285385948,121.15310216732757,11513100
2022-07-06,118.73258209228516,120.82418813619607,115.37588956817306,119.4747702787899,12421200
2022-07-07,121.0434799194336,122.54471486985493,120.67238582038556,121.53264824371279,12741800
2022-07-08,120.41092681884766,122.6712083366846,118.99402336286276,122.19048219797273,7915500
2022-07-11,119.34825134277344,120.47840502131827,118.01569206798915,119.68561545171401,7056800
2022-07-12,117.16389465332031,117.75426587260117,115.76386228393474,116.80967192175181,8653900
2022-07-13,116.37953186035156,118.69041502641024,115.66264434337491,116.05903915359131,9414600
2022-07-14,114.65058135986328,114.8361284203348,111.78304406929294,113.27584983067695,10150200
2022-07-15,116.0927505493164,117.19760342231544,115.06381263674766,117.19760342231544,7051900
2022-07-18,117.72051239013672,119.87959120058065,117.29881690781174,118.54703193213874,7943900
2022-07-19,121.9627456665039,122.30009684318031,117.58554529932229,117.81326442159623,9152100
2022-07-20,123.57363891601562,124.19773994903218,120.874790595761,121.8699856857733,7856600
2022-07-21,122.6290512084961,122.68809475806256,119.33983132320992,120.70612068030943,6724200
2022-07-22,121.60855102539062,123.3881065600527,120.95913634842378,122.76399258369655,5889500
2022-07-25,125.22666931152344,125.33631423971106,121.60008609697972,122.88204378728604,6210900
2022-07-26,124.24836730957031,127.08214869268515,123.5820812181562,126.08695349777581,6112800
2022-07-27,125.8845443725586,126.67733402417619,123.69173534866279,125.10862614541459,6223000
2022-07-28,126.83757781982422,127.74844168609125,124.84717445334277,127.09059770530828,6574300
2022-07-29,138.13058471679688,138.87277295664617,131.48465914501273,132.024428900596,17143700
2022-08-01,135.37266540527344,136.51124823999228,134.22565329464598,135.9377357501168,8017800
2022-08-02,134.21725463867188,136.18235738007343,133.50880922701788,135.69318901418094,5928300
2022-08-03,131.02920532226562,134.90880844953972,130.17738518136284,134.36059666572746,8751400
2022-08-04,127.47014617919922,131.0967309336789,127.12435269663904,130.99552810722363,10640000
2022-08-05,129.57861328125,130.73405501642617,125.68215036124535,126.20504874607647,7170200
2022-08-08,129.38462829589844,130.70874559570984,129.16533837949385,129.53643251267712,5966900
2022-08-09,131.0713653564453,133.08706882353601,130.38822087772115,131.51836144423078,5842200
2022-08-10,131.41720581054688,131.96540487135266,128.9797932062787,131.569010029554,6145800
2022-08-11,134.62205505371094,135.9208842822512,132.93527320717754,133.34853939246292,7888600
2022-08-12,134.81605529785156,134.86665669834116,132.53046004577712,133.4666245622107,7244700
2022-08-15,132.25213623046875,133.0786557794876,129.40991277358899,130.87740482829844,8975200
2022-08-16,131.91477966308594,133.18829534621347,131.41718209839945,132.75817060084245,7218400
2022-08-17,133.0027313232422,134.38589176974037,131.1557033463983,132.10030982704487,6741100
2022-08-18,135.3346405029297,135.87931466336906,133.69209916866242,133.7431603421323,6477500
2022-08-19,134.20274353027344,135.9474072979943,134.14316350089993,134.85805892309733,6834200
2022-08-22,133.5303955078125,134.24529088766695,131.4197847797174,133.35168140239102,9147000
2022-08-23,137.8623046875,138.16016593101705,135.07084733981114,135.40275803096745,10354800
2022-08-24,138.883544921875,139.0197167183195,136.7388845790742,137.58143296026026,9468100
2022-08-25,140.1005401611328,140.33883430150152,138.38992587075964,139.50480481021106,8050700
2022-08-26,139.07078552246094,141.38565424474191,138.26228653907455,139.72608797993124,7765800
2022-08-29,140.1090545654297,141.98137117432765,139.26650624770028,139.47926979384906,8462600
2022-08-30,136.69631958007812,138.34736678328042,135.113358270272,138.14312208914825,8814300
2022-08-31,134.5176544189453,137.36869181167347,132.89213742206377,134.13468254175808,13582700
2022-09-01,132.37298583984375,133.51340852062782,130.40705239948872,133.1729789942525,8244400
2022-09-02,134.3389129638672,135.42826131962875,133.377217545868,134.67082358810615,7526600
2022-09-06,133.71762084960938,136.16015503504545,132.51764439481818,136.0750444275599,8550000
2022-09-07,132.0070343017578,132.61128857461665,129.88790439875825,131.1134246806829,9442100
2022-09-08,132.72189331054688,133.08785335114675,130.5346908777689,132.4155132942993,9232500
2022-09-09,136.14317321777344,136.72188397566097,134.0665984068884,134.81553043338715,8261100
2022-09-12,138.2963409423828,140.02398034727057,137.23252293513372,138.56016573041103,8920800
2022-09-13,135.6665802001953,138.43250690191735,135.0963753307828,137.36868893971655,10308300
2022-09-14,138.95167541503906,139.2069943687999,136.46659776962719,136.96871682085126,11160800
2022-09-15,136.69631958007812,137.61545966184198,135.81122893804053,136.74738075361117,9665000
2022-09-16,133.14744567871094,137.1388925146399,132.43256316703784,136.61124299212764,43741600
2022-09-19,133.5303955078125,133.5729508139792,130.04108116509846,130.15170937786445,6813800
2022-09-20,133.0027618408203,133.4878690137328,131.35171445983488,132.79850413863753,8955200
2022-09-21,131.92193603515625,135.1304147146515,131.87087484963558,134.73041811332712,6877000
2022-09-22,131.81980895996094,134.70488271345536,131.69215600071473,134.1261719834607,6981100
2022-09-23,123.20713806152344,127.8113320827149,122.26246724290155,127.4453849568813,13919700
2022-09-26,119.96463775634766,123.44544724648773,119.90505771314263,122.18589033049264,9444000
2022-09-27,120.01570129394531,122.35610101426217,119.53911288321406,121.09653108754645,10121000
2022-09-28,124.0666732788086,124.62837213595915,120.33905193633498,120.91777551262653,8279800
2022-09-29,123.20713806152344,123.75181230917562,121.07950225256047,122.9858556263139,8197600
2022-09-30,122.27098083496094,123.52203180854417,121.26674290300119,122.57736093024783,9402700
2022-10-03,129.13046264648438,129.6496062782471,126.21135269084297,126.78155750178598,9597400
2022-10-04,134.15171813964844,134.36448175378297,130.74750031349583,131.428333489878,9520200
2022-10-05,134.91766357421875,135.93892633710078,131.74323404935643,132.6283249809047,10633100
2022-10-06,137.37721252441406,137.81976448985705,133.78576158199078,133.90490868967998,9498300
2022-10-07,136.1942138671875,139.51332032766467,135.3686901859303,138.30482482189973,9972500
2022-10-10,133.73464965820312,137.4197157148702,133.13891434575189,137.01971922235523,5904500
2022-10-11,133.7602081298828,136.10911341697755,131.1559839453507,131.70065819972305,7533300
2022-10-12,134.16021728515625,135.1559493910728,132.3559860832623,132.88363566433097,4942000
2022-10-13,140.66226196289062,141.26651626540158,133.06235284887399,133.06235284887399,10227500
2022-10-14,136.28782653808594,140.8154413635381,136.10909943242558,139.60693290557364,7327900
2022-10-17,137.28355407714844,140.3473544619357,137.10483996323566,138.96863779575304,5890400
2022-10-18,138.48353576660156,138.98565461092005,135.2835767580996,138.17715574554933,5631200
2022-10-19,142.97711181640625,144.0068931570443,139.22395951457187,139.22395951457187,9766800
2022-10-20,143.7941131591797,146.22812851819103,142.92603430058043,144.08346845002757,8871500
2022-10-21,147.39407348632812,147.94725350130327,143.70050151254247,143.95580737418882,7971300
2022-10-24,147.34303283691406,148.65365072478903,146.04942668481434,146.44942323851583,7007700
2022-10-25,148.87493896484375,148.9345190057546,146.52603351150583,147.283471403007,7280600
2022-10-26,150.7132110595703,151.89617608140614,149.07918827311025,149.206854216682,6865300
2022-10-27,151.40257263183594,154.38126303313953,151.04513134200667,153.09617556355857,9177400
2022-10-28,153.1727294921875,155.6237697151189,150.23659513366715,154.44080491036783,10773900
2022-10-31,153.95571899414062,156.45782073533934,151.53872787809408,151.53872787809408,13281000
2022-11-01,155.0791015625,157.0195041521625,154.80675797781768,156.48333583610471,9185600
2022-11-02,151.91317749023438,155.65781084459056,151.717438656735,153.98123300091183,8087500
2022-11-03,154.15147399902344,155.05358950549797,150.9855508720376,151.46213921613295,6607800
2022-11-04,156.10032653808594,157.7854098588707,153.7003609583081,157.30882168620866,7491900
2022-11-07,157.96417236328125,158.61948774076905,154.98548262968157,155.31739325198328,7578000
2022-11-08,157.73440551757812,158.50886807017233,156.4748487523652,157.71739378103604,6308200
2022-11-09,151.42807006835938,156.4322730023711,150.8238288485926,156.26206475677722,8021700
2022-11-10,154.296142578125,155.17272744205528,151.52169733192522,155.08761682017445,6981500
2022-11-11,158.6875762939453,159.2322504777705,156.5003607053296,156.63653249780012,8428300
2022-11-14,158.76416015625,161.42795091383036,158.44926127857636,158.5599024777095,9722400
2022-11-15,160.04074096679688,160.37265157718255,157.67481138793372,159.24925382753494,7747300
2022-11-16,157.43655395507812,159.84503940152175,156.32166181235988,158.75567785124156,7941100
2022-11-17,157.8824920654297,158.00256079792487,154.6063234579122,155.6697856352952,6550500
2022-11-18,156.93910217285156,157.2993083784904,154.07458277018176,155.19809896900864,7661500
2022-11-21,155.43824768066406,155.8327536592468,150.78985332909227,154.14320649309198,8432900
2022-11-22,159.42623901367188,160.00085458509432,157.01627966203853,157.59089523346097,9018000
2022-11-23,158.0111541748047,158.79159443537375,156.58747263570467,157.12778850468493,5831200
2022-11-25,157.5480194091797,158.92024475942023,157.2135412794538,158.56861021402585,2796400
2022-11-28,152.96823120117188,155.63548445735083,152.62518142192147,154.61489369729213,9365500
2022-11-29,155.25811767578125,155.96138671680782,154.07457372210723,154.59773312763605,6985400
2022-11-30,157.2135467529297,157.23927483407275,154.04886190722172,156.8190407843954,10936700
2022-12-01,156.5102996826172,158.27703115029226,155.60977753153188,158.0283089029912,5217400
2022-12-02,155.25811767578125,157.48798044051296,154.31471117843094,155.68693643157505,6852300
2022-12-05,151.4244842529297,156.90478769274446,149.76925005728398,156.6646502248426,8162200
2022-12-06,147.52223205566406,152.71094191347075,146.75893515035605,150.52396351711297,8765000
2022-12-07,147.95962524414062,149.72635640125335,146.5273721887482,146.70746873540003,6936300
2022-12-08,148.83441162109375,151.28725548732464,147.53938365825718,151.15861509206314,8076600
2022-12-09,144.08309936523438,148.5342400644662,144.02305845897425,147.77094321628934,10754300
2022-12-12,145.58395385742188,146.24433834326558,143.83437925690458,144.88068488274257,9364900
2022-12-13,148.82583618164062,149.62344587155957,147.92531417812307,148.86014901051342,7838800
2022-12-14,147.79669189453125,150.01797017859033,146.88759811566607,149.64919228533847,7045500
2022-12-15,146.6903076171875,146.97332955364575,144.1345516119863,146.31295812175247,7272900
2022-12-16,144.70062255859375,145.92703809286763,143.31125378012703,144.5376693144009,23876000
2022-12-19,145.69546508789062,146.50164644501334,144.29751175217746,145.89271805191748,7131600
2022-12-20,148.08824157714844,148.61997255337096,145.45530168344172,145.63539820083625,6199100
2022-12-21,149.82928466796875,150.90991640898807,148.50852853468092,150.2495317990886,5479400
2022-12-22,147.58226013183594,150.26666965016375,144.36611955997716,150.2237851585704,5755000
2022-12-23,152.14488220214844,152.2992637519958,148.96305451148228,149.31468901554254,6079100
2022-12-27,154.0574188232422,154.57199343964024,152.14487789376156,152.96821560111087,5168000
2022-12-28,151.78466796875,153.7743930783253,150.88414605426993,153.3970305170949,4494400
2022-12-29,152.93392944335938,153.68864156507098,151.5016632632542,151.5016632632542,4142100
2022-12-30,153.93734741210938,154.3318533024647,152.40216908007253,152.68519100307108,5005100
2023-01-03,149.22035217285156,153.5171113032114,147.09340176714585,152.6937735515657,7565400
2023-01-04,147.63372802734375,149.47764353390505,146.5273813407091,146.61313724420583,7684500
2023-01-05,150.29237365722656,151.10712652097268,146.861824263342,147.0848052628018,6088200
2023-01-06,151.4244842529297,153.8516000981261,150.6869154339424,151.8190032853459,7191200
2023-01-09,150.24093627929688,152.94250235169955,149.5548367242519,152.8824614430525,8385600
2023-01-10,150.97850036621094,151.5531290097155,148.9887881629688,151.28725039094795,8307000
2023-01-11,150.25811767578125,152.77957452796608,149.48624900477103,152.56516510973964,6962600
2023-01-12,151.8704376220703,152.9767841483225,150.85841865003707,150.93561596445684,6891400
2023-01-13,152.28211975097656,152.65091069874902,150.66975698552653,151.87902905961406,5726300
2023-01-17,154.79498291015625,155.50682354034768,152.81382947392038,153.03682357886498,10697700
2023-01-18,151.9990692138672,156.4159095733731,151.7503601316968,155.07799735423225,8899200
2023-01-19,153.51708984375,154.3318427312058,151.08140284397416,151.46733704471555,5907200
2023-01-20,155.14663696289062,155.54115601786464,152.24783076703872,153.35417751552308,10477900
2023-01-23,154.94076538085938,156.56169943413875,154.40044966759717,155.4124685363655,8381300
2023-01-24,155.08660888671875,156.09004330903835,153.25983660975905,155.30958995173046,5989000
2023-01-25,153.58570861816406,154.40046153858518,151.24436215819358,153.76580514542655,6727500
2023-01-26,161.0557861328125,161.07294255191042,157.35936955127423,158.65441091964152,14307800
2023-01-27,153.90304565429688,158.00255182798486,152.5908613356253,158.00255182798486,19654700
2023-01-30,149.40045166015625,152.95107042893855,148.94590482666916,152.65947681623172,11476000
2023-01-31,149.24609375,149.76925319170158,147.01623083108916,148.15689037075032,14481300
2023-02-01,146.9647674560547,148.93733638956218,145.40386087214117,148.63715801988337,11526400
2023-02-02,144.94931030273438,147.02479149866042,143.07109515564525,146.76751071584673,10463400
2023-02-03,145.3267059326172,147.12775034075332,144.50338106745016,145.67834053106967,8404900
2023-02-06,145.48963928222656,145.90130165848174,143.54279830157512,145.42102670509888,7659500
2023-02-07,149.3061065673828,149.56340043008908,145.46389430023382,145.85841330125132,10256500
2023-02-08,145.79840087890625,149.28899240500348,145.34385397014591,147.92533859221047,9784700
2023-02-09,144.46044921875,146.3644053393901,144.08308665984714,145.99561444355012,10123400
2023-02-10,147.4879150390625,148.13971479750128,146.46732436784913,146.4844807812712,11602400
2023-02-13,146.66461181640625,147.42790881186,145.60114949126435,146.93049048420392,9442900
2023-02-14,147.78810119628906,148.80867883493798,145.7812194881197,146.21003824077394,8077300
2023-02-15,146.23069763183594,146.67196788951514,144.92422134444732,146.56813260419182,8885700
2023-02-16,144.1195831298828,145.92788827315806,143.97248423299757,145.52123415164849,6727500
2023-02-17,140.90098571777344,142.62276388838,140.0357663107308,142.52758922551732,9612100
2023-02-21,139.30029296875,141.67964579896156,139.0407245650147,140.32124530065875,7259700
2023-02-22,138.7379150390625,139.87135016888863,137.49199717958396,138.67734335318863,6205900
2023-02-23,140.10496520996094,140.89231799936076,138.91961890653903,140.38184174336737,6445500
2023-02-24,140.52027893066406,140.68467272083637,137.69965537760157,139.1013197133552,5330200
2023-02-27,140.87501525878906,141.35087532046032,140.09630995367428,141.03939583885423,6386800
2023-02-28,139.10128784179688,142.1728184956429,138.6773257012401,142.1728184956429,10854200
2023-03-01,140.2087860107422,141.54121788391166,138.94556006156728,139.23108400628897,7470400
2023-03-02,140.65005493164062,141.45471578946962,139.81079110890047,140.14822612613213,5582000
2023-03-03,142.7265625,143.26299416974675,138.79846000870168,139.1878060013307,6007500
2023-03-06,143.7735137939453,144.3186062697676,141.73159537278045,142.19016062310044,7703600
2023-03-07,141.92189025878906,144.1455097195367,141.53254429780333,143.36680459536925,7393000
2023-03-08,141.0220947265625,143.01208850212305,139.62909116235105,141.2297389036584,5435800
2023-03-09,138.8763427734375,143.1851443211401,138.59947946719956,141.7142609739187,6214700
2023-03-10,138.14955139160156,142.47564749531125,137.28433217085964,139.24838349855915,7385800
2023-03-13,137.31893920898438,139.2570216852671,133.0707099488808,135.35488801178306,10106100
2023-03-14,139.0926513671875,141.91327476403904,136.6008287346707,136.9296030946076,10035200
2023-03-15,133.0707244873047,136.66137912622057,131.52197462264402,134.6194611497672,14063100
2023-03-16,133.49464416503906,134.51560953020862,129.7049936254786,129.9212983924337,12849600
2023-03-17,131.80752563476562,134.43780011190262,130.30205226641303,132.91500545602304,33161800
2023-03-20,133.74562072753906,134.78388140041196,130.8990414169734,131.28840072122637,8469200
2023-03-21,137.83807373046875,138.06303918018372,135.38085428024277,135.97785766264366,9753500
2023-03-22,135.03475952148438,138.48697549192786,134.91361616597746,138.32258174053595,6315000
2023-03-23,133.69369506835938,137.36221659187567,132.49968816378887,135.85674340145127,7859400
2023-03-24,135.026123046875,135.5365992698886,131.3662490719315,131.59986198162542,6600100
2023-03-27,136.4018096923828,137.1199432552562,134.7059873529934,136.18550487954857,7006800
2023-03-28,137.9938507080078,138.59950166446185,135.56257303634123,136.08170997170222,5605400
2023-03-29,139.17916870117188,139.57717536404687,137.85538430848027,138.9715113289504,7569700
2023-03-30,140.5029754638672,141.03940725809912,139.80214987406092,140.38184527800192,6322400
2023-03-31,141.16917419433594,141.6536948557919,140.29529431359768,140.77116753545548,7041400
2023-04-03,147.0440216064453,148.03903175126536,146.15284675809468,146.91424398860752,12868200
2023-04-04,146.2566375732422,148.07360304758166,145.11455517392312,148.07360304758166,7521400
2023-04-05,146.98345947265625,147.46798017016346,145.13189069164002,146.44701452710282,6478100
2023-04-06,145.05397033691406,146.57676433411086,144.60406593064695,146.52485330278736,5803200
2023-04-10,145.60772705078125,146.81038115859005,144.75981596813105,145.78078144504173,5923500
2023-04-11,146.4123992919922,147.38144060578387,145.41740245745237,146.28262168825142,5469600
2023-04-12,146.93153381347656,148.0563082341667,146.6287018065538,147.47661294286095,6157900
2023-04-13,148.89559936523438,149.22438695307875,146.93156088574287,147.30359888066153,6856600
2023-04-14,149.19842529296875,149.57912391540808,148.14285664064138,149.2503363410833,4930700
2023-04-17,147.88327026367188,149.28492120158066,147.27761943878522,149.15514359703272,7006000
2023-04-18,147.5371856689453,149.15514139197992,147.19975069991142,147.7967540764016,8045600
2023-04-19,147.67559814453125,147.7275223833621,146.3085635058383,146.6200429278409,5506800
2023-04-20,146.95750427246094,147.13919293332572,145.37415135964486,146.01440519610023,5851100
2023-04-21,146.32589721679688,147.59777076066803,146.08363684674524,146.94020878512785,7179000
2023-04-24,148.3677978515625,149.1465031218048,145.85866723035582,146.30858495079372,7177600
2023-04-25,146.21339416503906,147.433343176705,145.7288603337837,147.3641372601512,5807200
2023-04-26,143.6090850830078,146.17878726989505,142.96017065606048,145.53853348471364,5927400
2023-04-27,144.44833374023438,144.82903227670977,142.82173072374374,143.99841608783652,6417200
2023-04-28,145.858642578125,146.1701219931377,141.93920097382974,142.32854694204656,10036300
2023-05-01,144.69931030273438,145.98847887598396,143.9379129371309,145.10596451370884,6099800
2023-05-02,138.4696807861328,143.08996154223402,137.09398536876796,143.03805050040106,10701700
2023-05-03,135.69232177734375,138.06302701683376,135.61445522185525,136.83440419776466,7538100
2023-05-04,135.1645050048828,136.8776348239417,134.47232720659645,135.93454933990063,7500400
2023-05-05,138.61676025390625,139.4040996150622,137.37949005403954,137.82940769055432,5802000
2023-05-08,138.07168579101562,140.42508314398532,138.01977474976152,139.79347680506407,5028200
2023-05-09,137.6736602783203,138.79844775947046,136.62675255058056,136.79979373178924,5019800
2023-05-10,135.91729736328125,138.81578731397784,134.8703893981608,138.81578731397784,6161200
2023-05-11,135.1645050048828,135.25103218049114,133.1485432733882,134.43772425766917,6666100
2023-05-12,135.51063537597656,136.64407048669275,134.59350507882294,135.83942291729505,4898900
2023-05-15,136.01248168945312,136.84309808974862,135.1732178482899,136.03843721425613,5096700
2023-05-16,132.81982421875,135.85675273649318,132.66409106512225,135.3895268712095,7007700
2023-05-17,134.7233123779297,135.33761073040438,133.20917849766712,133.9272989486559,6169600
2023-05-18,134.55726623535156,134.75822494341148,132.39051435381575,133.56125813943376,7477700
2023-05-19,135.62319946289062,136.68037260225142,134.53982996268235,135.32614739550974,8100900
2023-05-22,133.1856231689453,135.27374671254125,132.87982560752386,134.3650994812498,11661000
2023-05-23,137.03860473632812,137.76375741332646,134.4087831075566,134.67089339145673,10436200
2023-05-24,137.40548706054688,138.54128885144348,136.54925966026136,137.99959097276815,7064000
2023-05-25,135.03781127929688,135.97266796535848,134.11170004395194,135.14265003605902,7037700
2023-05-26,134.61843872070312,135.97266372304153,134.0767540523595,135.6755983690176,7736200
2023-05-30,133.77969360351562,133.9020099309,132.1109522795174,132.51284307028897,7814800
2023-05-31,131.59547424316406,133.16812238361126,131.36831914067537,132.39926921906354,13346400
2023-06-01,132.94097900390625,134.3214139749438,130.82664594643825,132.18960334451828,9887700
2023-06-02,136.5230712890625,136.951185056034,134.207793429319,135.0552755134089,9464300
2023-06-05,135.86781311035156,138.43646925055484,135.63192591244027,138.43646925055484,6443800
2023-06-06,136.11244201660156,136.43571705361342,133.84958341491415,133.96316761695718,6176400
2023-06-07,139.64219665527344,139.97420388775635,136.7328006393359,136.77648790647558,9900000
2023-06-08,139.12672424316406,140.21883928526898,137.24827837185413,139.93051931437537,7142200
2023-06-09,138.794677734375,140.13142510117981,138.5849869062861,139.16162668492154,6669500
2023-06-12,137.4579315185547,139.20531510615754,136.49686521278161,137.22203100141425,7159600
2023-06-13,138.4888916015625,140.29744014659326,138.27921408780574,138.4976370522889,7660800
2023-06-14,137.24826049804688,140.46345369566083,136.4269879603009,139.77322961330805,7721100
2023-06-15,138.28793334960938,139.6072031330946,137.44919670960505,137.44919670960505,7705400
2023-06-16,137.39678955078125,139.12670918895682,137.39678955078125,138.54133718950666,22908100
2023-06-20,134.2689666748047,136.79394909941607,133.01086151961462,136.42698676456996,10438700
2023-06-21,135.3173828125,136.26097150441413,133.2379921767182,133.38651817477717,7328200
2023-06-22,133.36033630371094,134.190340974909,132.77496430757165,133.9806634428477,7088600
2023-06-23,132.23326110839844,132.53904524377947,131.16735603100148,131.93619576032785,15172700
2023-06-26,134.55726623535156,135.39601620998272,132.39924647228324,132.46914341445907,7371800
2023-06-27,134.13792419433594,135.16888762906927,133.51761037464524,134.11171450231978,6581700
2023-06-28,135.35235595703125,135.4397304850516,132.96718065466598,134.05929559751397,5773800
2023-06-29,136.505615234375,136.53182492254848,134.93296728656944,135.79791365925308,5633500
2023-06-30,137.47543334960938,137.97343082759636,136.8201643886131,137.57153999714808,6346600
2023-07-03,137.35308837890625,138.130673517275,136.90749704616434,137.32686536096992,3272600
2023-07-05,136.5667724609375,137.78120361269924,135.52707701482524,137.78120361269924,6318700
2023-07-06,133.5699920654297,136.1473799277063,132.47787743467882,135.5969498877351,9203000
2023-07-07,134.7407684326172,136.28720685767658,132.7662295006094,132.92348764647272,6602200
2023-07-10,135.6406707763672,136.11245854799867,134.47865892130724,134.48739104118684,5167900
2023-07-11,138.1481475830078,138.40152567876672,135.99887315166723,136.2959251736445,5060500
2023-07-12,139.4761962890625,140.0877780488223,138.33166185333724,139.10924723320664,6464000
2023-07-13,137.61520385742188,140.31492191106207,136.793944684858,139.65090754703658,8143900
2023-07-14,134.18157958984375,137.18708132104294,133.93694696813944,137.1783358714605,7065700
2023-07-17,134.0592803955078,134.67086202785453,133.36032424504882,133.9806513280946,4351700
2023-07-18,134.33010864257812,136.3570799330749,133.1244097428351,133.38651993818945,6798300
2023-07-19,135.15138244628906,136.103703278937,133.91947384727928,134.40000698853967,5653100
2023-07-20,136.64535522460938,137.33557902553085,136.0425192441198,136.43567778147397,5866600
2023-07-21,138.6461639404297,138.7684802680504,137.22204193696845,137.632678179298,8760100
2023-07-24,141.38082885742188,143.3204125994891,139.79943532892312,140.20133946650122,9722100
2023-07-25,142.02735900878906,142.85736368184286,140.36734966268148,141.4594645828788,6767600
2023-07-26,140.96145629882812,141.61672526265477,140.27124552278246,140.55956546664393,6056400
2023-07-27,139.49362182617188,141.94869340189655,139.1091953401622,141.61668628552863,6470100
2023-07-28,138.80340576171875,138.9169899566872,136.74149267312765,138.401515017409,6542300
2023-07-31,142.9884033203125,143.26797776420304,140.33237278021832,140.7779641307785,13056300
2023-08-01,141.80020141601562,142.97094539036428,140.27124055457378,142.97094539036428,7531400
2023-08-02,139.55479431152344,140.8565999565711,138.09573053388883,140.8129126981371,7067100
2023-08-03,139.50238037109375,141.27597381450752,138.785959964476,139.7120712208619,6680700
2023-08-04,139.18785095214844,142.42925368540307,138.9519504122723,140.36734032004898,10185400
2023-08-07,139.69459533691406,140.99640104841507,138.98690704118837,140.67312598468487,13927400
2023-08-08,139.4849090576172,139.60722539259868,136.4881521848305,137.99090334687767,6451300
2023-08-09,139.6683807373047,141.048815470589,139.1878475498513,140.54207259395454,10531500
2023-08-10,140.515869140625,141.95745543548045,139.45869608131207,140.0790231929136,8647100
2023-08-11,143.41650390625,143.43398147509686,139.9479463872297,140.22753416286366,6682600
2023-08-14,143.31167602539062,143.50388930284737,142.07103517274786,143.08452093906897,6060100
2023-08-15,139.12672424316406,142.7700184238482,139.00440789170761,142.7612729713626,7876500
2023-08-16,138.59373474121094,141.38954583977954,138.45394085341277,140.2450117128248,7920500
2023-08-17,140.91363525390625,143.0218261913083,140.22560731347224,140.41083835764948,8270500
2023-08-18,141.9280548095703,142.29854387764692,139.51114058387898,139.70520115873651,5999200
2023-08-21,141.4517059326172,142.9600831208942,140.64900220400426,142.19265700844372,6802300
2023-08-22,140.287353515625,142.23677508396221,140.22561431768278,141.56639264840334,6080800
2023-08-23,140.4725799560547,140.6137173326256,138.22325180800928,139.49346127794556,4975600
2023-08-24,139.3170623779297,141.03713229229996,138.98186443475916,139.13181786733477,5989600
2023-08-25,140.35791015625,141.054767570613,139.06123905521665,140.31381650133724,5291800
2023-08-28,141.3193817138672,142.72189897235106,140.44610939426016,140.71955463161987,4386100
2023-08-29,141.098876953125,141.97213592037886,140.34028033392963,141.9368583039613,5374800
2023-08-30,141.2929229736328,142.23676408585007,141.07240085877103,141.65458247231055,5534900
2023-08-31,142.1044464111328,142.22793824856393,141.0723911402289,142.02504822595503,7003700
2023-09-01,144.92713928222656,145.27115324944333,143.46286918192874,143.46286918192874,6663000
2023-09-05,146.8324737548828,147.80276313566216,145.72103350869773,145.79160221159867,9755800
2023-09-06,146.98240661621094,147.69689612606297,146.05621102730564,146.6736702667085,7195500
2023-09-07,146.9912109375,148.10263747982341,146.67365857403604,147.4322551389999,7925900
2023-09-08,147.4940185546875,148.62309071617995,147.05297432099195,147.67924959546258,7434400
2023-09-11,144.45079040527344,148.7112789590004,143.66573227381653,148.26141872398603,7155100
2023-09-12,147.14117431640625,147.47637223932068,145.63281058249495,145.80922558312292,7521100
2023-09-13,146.6030731201172,147.97031268032018,146.05618267987572,147.67040588790385,5759500
2023-09-14,147.5116424560547,148.6318985162303,147.4146121916363,147.92622508951493,8822800
2023-09-15,146.8677215576172,148.5172225917625,146.3208310456762,146.61192183869028,17439700
2023-09-18,147.5028533935547,148.50843383616046,146.77953429749607,148.0762055865935,7027600
2023-09-19,147.4851837158203,149.03766797636246,146.80597185183314,148.79950033010178,6615100
2023-09-20,147.03533935546875,148.64073348256272,146.95595461799988,147.37053730425222,5939100
2023-09-21,145.71217346191406,148.07616372693397,145.58868163403392,147.41459747909036,7150000
2023-09-22,146.67367553710938,147.67925589444226,146.3737686757089,146.62956841993815,5963000
2023-09-25,148.81712341308594,148.87886259525936,146.4178421539035,146.71774894640149,5510000
2023-09-26,148.01443481445312,148.55250927175697,147.29111587267388,147.69688245506725,5659200
2023-09-27,150.8723907470703,151.03998969297757,148.9053374263494,149.39930476611784,9124400
2023-09-28,150.4754638671875,151.45458257473865,149.4522380456815,150.4401862517845,7151800
2023-09-29,148.7377471923828,150.39607775268126,148.03208721401023,150.38726171381208,7396100
2023-10-02,146.9029998779297,148.6936517574261,145.74746619864374,148.49076172945288,6839600
2023-10-03,147.24700927734375,147.62631428608466,145.994445371931,146.3561048440884,6168600
2023-10-04,143.81568908691406,145.5269427634981,142.44846281298447,145.2799590843624,9664700
2023-10-05,144.5742950439453,145.32407562829627,142.36025782671902,142.3867194040865,8073000
2023-10-06,143.1011962890625,144.9888649125079,140.24323850866148,144.9359417624413,10190400
2023-10-09,147.06179809570312,148.35846928774146,145.50049765760753,146.7618912313194,8183500
2023-10-10,146.9029998779297,147.66159645923517,146.14440329662423,147.10588990590293,6512900
2023-10-11,142.1044464111328,145.6151544691896,141.55754245142288,145.6063384306591,12570700
2023-10-12,142.2191162109375,144.00975467742214,141.92802540895113,144.00975467742214,7397000
2023-10-13,144.7154541015625,145.40348213535725,143.16298300523658,144.14210189326818,8042800
2023-10-16,145.8974151611328,146.25907463341667,144.5301889164512,145.8444920109646,5446000
2023-10-17,147.82920837402344,148.3672828970047,145.23586603242856,145.39464896130292,7538300
2023-10-18,149.00238037109375,149.69040828999974,147.82038507036825,148.60544325781748,6893500
2023-10-19,149.16119384765625,150.1050216899173,147.75866268602414,148.80835031721867,6580200
2023-10-20,147.15882873535156,149.16117343530476,146.51490788737814,148.55253020574523,7458300
2023-10-23,141.7339630126953,145.0417946378191,141.35467144695644,144.04504386064406,16232400
2023-10-24,138.1791534423828,142.08681236349625,138.0203839783909,141.91921340065906,17689900
2023-10-25,137.49111938476562,138.8495431054068,136.87366017520205,138.43496046621382,10502400
2023-10-26,136.50320434570312,136.88249596502024,135.51526946785089,136.7325425253179,10830400
2023-10-27,127.3294677734375,133.41587243800873,126.98545383082437,132.94836665598578,24524300
2023-10-30,128.8643035888672,129.1730399425671,127.30301666077918,128.4850120007922,13857100
2023-10-31,128.5467529296875,129.24361037986048,127.22362018387288,128.87313482618467,14261300
2023-11-01,127.00309753417969,128.7937360993397,126.8619736045077,128.76727452130106,10819600
2023-11-02,131.219482421875,131.43118851057042,126.87079251095999,127.49706781816313,11099100
2023-11-03,130.205078125,131.04305947011838,128.91722305111574,130.81372131596441,13160000
2023-11-06,129.66702270507812,131.72229073453556,129.39357739576727,131.1930321967958,10634200
2023-11-07,127.38240051269531,128.44090399582421,126.3503586071745,128.04396687210112,15054600
2023-11-08,125.6093978881836,127.59409702696207,125.47708999610602,126.91489856816054,12654100
2023-11-09,125.2036361694336,126.94135148469205,125.06249878777976,126.1827548828046,10359500
2023-11-10,126.09455108642578,126.5267793061492,125.018402016586,126.39445795255094,11988200
2023-11-13,127.020751953125,127.28538121161465,126.00635549845174,126.27097129733819,8747700
2023-11-14,127.94694519042969,128.34388234080023,126.89725767616777,127.44414826291818,11224400
2023-11-15,128.3968048095703,129.34946204110184,127.38240837967436,127.77934552791179,10052100
2023-11-16,126.36454772949219,127.91546169150327,125.44647390579645,127.47871631171427,14031300
2023-11-17,128.76222229003906,129.4128928408604,126.92606130440682,127.41629813065114,11075600
2023-11-20,128.69093322753906,129.85857973425627,128.59288584754879,128.91376694563596,8062400
2023-11-21,128.38784790039062,128.61960363350406,127.19346263216565,128.2006752243867,6783300
2023-11-22,128.64637756347656,128.69985548544577,125.42865778497003,126.33782326052354,7216100
2023-11-24,129.1544189453125,130.08141483886308,128.53048724812902,128.6196261765942,3861000
2023-11-27,128.67311096191406,129.0831310137733,127.32720011466758,128.9315921071552,9850800
2023-11-28,129.6981658935547,130.59842305169778,128.40573271481912,129.04749507679853,9746500
2023-11-29,128.27200317382812,130.5716487484232,127.51436310132887,130.48250982200307,16417100
2023-11-30,127.9957046508789,130.14381155040834,126.59630224677623,129.22573763716204,16276000
2023-12-01,129.07423400878906,130.5895009628048,127.10439104877688,127.89767874592417,11906500
2023-12-04,129.127685546875,129.86749516277968,127.68372732826357,128.3522285184639,11842800
2023-12-05,127.33610534667969,129.30596147527802,127.13110212628156,129.02963622955195,9597600
2023-12-06,127.0419692993164,128.3789717239362,125.99020058694767,126.48042392875467,18079700
2023-12-07,126.94392395019531,128.3611432788941,125.6693214799132,127.91547579686112,14786700
2023-12-08,128.6285400390625,128.9494211540656,127.56784930889424,127.91546938342327,10821700
2023-12-11,128.66419982910156,129.60009060499644,128.19179341437837,129.10094523100148,9849600
2023-12-12,127.01521301269531,127.98676471122329,126.34671189157586,127.6124057154792,9863900
2023-12-13,128.89593505859375,128.95832142663306,126.25757788029833,126.7210758171659,10641300
2023-12-14,133.63784790039062,133.63784790039062,130.00121312672573,130.00121312672573,14960500
2023-12-15,133.12086486816406,133.53979333439878,131.31145621642276,131.31145621642276,30850900
2023-12-18,133.4149932861328,135.58985248754587,133.09412579807884,134.44003651994788,11561700
2023-12-19,135.1620330810547,135.33138889992964,133.24566835321016,133.6645968733665,8738100
2023-12-20,133.923095703125,136.42774510056327,133.75373986189854,135.61662691400176,9370000
2023-12-21,134.3330841064453,134.41330098049858,133.00499025523686,134.39547047492317,7264700
2023-12-22,134.63613891601562,135.83052441386548,134.3687357267694,135.2511621710746,6396100
2023-12-26,135.84835815429688,136.3831509448306,135.39376864154798,135.5453075462586,5165600
2023-12-27,135.40267944335938,136.3474922020784,134.89461205384612,135.72356053129135,5337200
2023-12-28,133.49522399902344,135.5007274071116,133.16542085677943,134.75199579823396,8148000
2023-12-29,132.9514923095703,133.9052134034671,132.5147333932617,133.7269491766413,7658600
2024-01-02,133.23672485351562,135.019394490413,133.02281320152952,133.69131431536604,8879700
2024-01-03,135.7770538330078,136.54360242989964,132.523673122646,133.15652691803595,10255300
2024-01-04,134.2884979248047,137.57752535843358,134.22609796340447,136.9625021992101,8220300
2024-01-05,134.0567626953125,135.5096429255989,133.54870887779634,135.46507346073474,7455400
2024-01-08,133.25457763671875,133.43284191007425,130.65188116379034,132.2919342397684,10038200
2024-01-09,129.8675079345703,133.65568171825262,129.76946053967083,133.65568171825262,11784700
2024-01-10,128.7978973388672,130.15273024017557,128.45027726031935,130.15273024017557,8490400
2024-01-11,129.49313354492188,130.2864210641056,128.90484924511608,129.7427062295623,8612500
2024-01-12,131.2668914794922,132.3632295728109,130.2864176720098,131.7660368357774,9386900
2024-01-16,128.07591247558594,130.65186976276078,127.97786509369246,130.5894697921508,9380400
2024-01-17,127.56783294677734,128.37004243173772,126.60518972523874,126.9439013033791,8167000
2024-01-18,126.40912628173828,127.63025078343152,124.44817855548268,127.46089497064658,11187800
2024-01-19,126.7834701538086,126.79237860579258,125.68711852872741,126.32888068951492,11192500
2024-01-22,127.00627899169922,127.15780424989835,125.60687706488616,126.48930326336183,9184600
2024-01-23,126.64977264404297,127.75503281600564,126.48041683697622,126.56064731448078,6767200
2024-01-24,129.1722412109375,129.22571912432875,126.76563990350061,127.1934768113207,8100000
2024-01-25,132.42562866210938,132.53258449469044,129.44855984859157,130.3309862694579,9773600
2024-01-26,132.93368530273438,133.04064113759657,131.00839867106814,131.94430302818571,9151900
2024-01-29,132.88018798828125,133.00497431096863,131.12425741859403,132.88909643965565,10494800
2024-01-30,133.80718994140625,133.97654574738488,131.65908318328962,132.07799807085365,9902900
2024-01-31,131.4095001220703,134.03894900451377,131.32928324380572,134.0300269509123,10428000
2024-02-01,131.81951904296875,132.8267318415576,130.5983945708328,132.086922235594,8641100
2024-02-02,135.69683837890625,136.7129596830803,133.2991451750213,134.466791789388,12839100
2024-02-05,135.7770538330078,136.8288225400009,134.4043904010264,135.14420003761785,8277800
2024-02-06,135.79486083984375,136.855537816482,135.3135324363505,135.92855561820878,6198200
2024-02-07,135.59877014160156,137.06946715023426,134.74308273247837,136.39205758516712,6252000
2024-02-08,137.31906127929688,137.53298656519485,135.17094076907384,135.43834397627327,9237000
2024-02-09,134.62722778320312,138.4421539645697,134.57374986115414,137.63994433175793,9194500
2024-02-12,135.55419921875,136.02660557888612,134.93917602518303,135.14417922280873,6713000
2024-02-13,134.23507690429688,136.4366757779841,133.34374176841362,136.0355640862808,6987100
2024-02-14,134.6004638671875,135.66115446014766,133.7715290277284,134.841128072481,5995100
2024-02-15,139.17787170410156,139.7455307178013,134.86178232336198,135.07804188754642,8950300
2024-02-16,139.33103942871094,140.3582482167349,138.84445888490657,139.99781563815816,7570200
2024-02-20,138.7633819580078,140.2140905920782,138.61020325119276,140.08794261298942,6977900
2024-02-21,140.06092834472656,140.17807067803892,138.85350986739965,139.27700965034418,6628900
2024-02-22,140.05189514160156,141.13317926762193,138.61020588873907,139.50226116797623,8874900
2024-02-23,139.3581085205078,139.59237944925766,138.0876091107972,139.547323645894,6561600
2024-02-26,139.16885375976562,140.16002625299862,138.61020039945154,139.24994594127608,6900800
2024-02-27,137.10545349121094,138.65527960644692,135.06904670655638,138.04255093923473,15093800
2024-02-28,137.2676239013672,138.63724041585007,136.76303196158378,137.28564897038777,6715900
2024-02-29,136.97027587890625,138.07859079384346,136.49271465504532,137.7812390178188,9334400
2024-03-01,137.69113159179688,139.07877325529486,137.18653962292487,137.90739118521344,7459100
2024-03-04,134.14993286132812,137.4928606440521,133.0596432717032,137.41176847391617,12503200
2024-03-05,134.78970336914062,135.71779504191807,133.6273408005015,134.1049020010919,6985500
2024-03-06,133.65438842773438,137.33071919549604,133.483184626801,135.90704107348782,14692100
2024-03-07,134.59149169921875,135.83496041316107,133.76251713962426,133.80757294430794,8739300
2024-03-08,135.05101013183594,135.15012737936146,133.70842446064432,134.59146028008212,7528400
2024-03-11,136.9612579345703,137.03334445705926,134.7896978477978,135.6096665733739,7577100
2024-03-12,136.86215209960938,137.4748807173201,135.87097951909178,136.8080906405083,6432900
2024-03-13,138.66427612304688,139.55633145875356,137.99748603633785,138.07859197529277,8065600
2024-03-14,140.29519653320312,140.32222726358015,137.64607496345576,138.55615538314848,9047200
2024-03-15,140.16004943847656,141.50262160701172,139.14184604964075,139.8356669096767,20387200
2024-03-18,140.03387451171875,141.1692062696366,139.61037479864112,140.59252785701355,7242700
2024-03-19,141.12416076660156,141.32239527437386,139.67345209559454,139.93476746906663,7736700
2024-03-20,139.2589569091797,140.95294195526154,138.97061083804388,140.34923283655556,8449100
2024-03-21,139.53829956054688,140.28618180051225,139.13282488201355,139.61939174643373,7899100
2024-03-22,139.3581085205078,139.91676198473482,138.90757798507292,139.73655252038103,5974700
2024-03-25,140.98899841308594,141.74588626012323,139.90772809601867,140.09694318322897,6058700
2024-03-26,139.90774536132812,141.34042905196998,139.34907819177428,141.03407161166288,6677900
2024-03-27,140.88087463378906,140.96196681351992,139.52928330854937,139.5472946268687,7416900
2024-03-28,142.13336181640625,142.53883650154285,140.89889894281805,141.6017253968146,8331600
2024-04-01,143.34080505371094,143.80034127662645,141.41253480103376,142.61094774415625,6285700
2024-04-02,143.97154235839844,145.26907255036875,143.28674086779247,144.2148327066682,8815400
2024-04-03,144.5662384033203,145.02577459340827,143.91747334137222,144.25988094326166,7819700
2024-04-04,144.79148864746094,145.92682051354217,144.00757000772145,144.8906059035624,9269700
2024-04-05,145.6114501953125,146.12504777026479,144.04359924458214,145.36815989712537,7432800
2024-04-08,145.31411743164062,146.42241865850772,144.46711785615997,145.65651127665384,7253200
2024-04-09,145.9718780517578,146.44943926891278,144.5842501988942,145.83672440505333,6576200
2024-04-10,146.57557678222656,146.66568837299036,145.07981236977733,146.16109646254927,7525800
2024-04-11,145.8727569580078,147.43158855509924,143.98954286825756,147.43158855509924,7682500
2024-04-12,143.232666015625,147.65686518151506,142.4036777767042,146.23318711776855,11071000
2024-04-15,141.99818420410156,144.61126906858217,141.7909440464508,144.11568282281016,7236900
2024-04-16,140.81781005859375,142.19643226985428,140.04289705920354,141.73689611580062,5541900
2024-04-17,140.9259033203125,142.10630451504048,140.24110206344534,140.55647884241253,6733900
2024-04-18,141.9801788330078,142.40366482539125,140.91691977489322,141.59271547950118,4979200
2024-04-19,144.1697540283203,144.84554975032808,142.5027857477282,143.04342782497406,7734700
2024-04-22,145.89981079101562,146.60263734489132,142.76412203148556,144.12471933468566,6779200
2024-04-23,146.73777770996094,146.73777770996094,144.71039062077935,145.35013618053696,5597600
2024-04-24,147.3865509033203,147.6298274682471,145.4762922788581,145.86375564927758,7610300
2024-04-25,148.92735290527344,149.21569900920727,146.57558327282172,147.50367495257288,9702600
2024-04-26,149.47698974609375,150.4591428115083,147.14324535242505,148.8822862618784,9736400
2024-04-29,149.8734588623047,150.57628525366334,148.39571955879444,149.49501493996527,6364000
2024-04-30,145.31411743164062,149.6842552159882,145.02577129994495,149.54910155994355,8457300
2024-05-01,143.83636474609375,145.4762885357993,143.17858034913635,144.8725793454226,7713700
2024-05-02,144.8275146484375,145.7736313435262,144.07062679200584,144.53918230988657,8597100
2024-05-03,144.39500427246094,144.7644425285733,141.50259283306323,144.7644425285733,11664500
2024-05-06,146.24220275878906,147.79202877563282,144.8275303920365,144.8275303920365,8430300
2024-05-07,146.57557678222656,147.0080821698763,145.98989268955708,146.25119430421466,6869900
2024-05-08,146.45843505859375,146.94501565213605,145.5573741436916,145.92681241858511,6706400
2024-05-09,149.08053588867188,149.13459734743373,146.62964893140517,146.89096431422,6683300
2024-05-10,149.41395568847656,149.9545840899226,148.69310407078078,149.6121764779694,5490900
2024-05-13,148.2515411376953,150.3960703688995,146.85489406484464,150.00860705233436,6848300
2024-05-14,147.42257690429688,148.85526045986066,146.89095426404594,148.0803475227277,4924000
2024-05-15,146.91796875,147.59376436177635,144.32290920106777,146.9900552651478,7603100
2024-05-16,146.61761474609375,147.44586336104084,146.06241680384656,147.018087214329,6409400
2024-05-17,148.05569458007812,148.3287453005805,146.7086619503195,147.21834922169106,5497900
2024-05-20,146.6631317138672,148.356029290739,146.59942775737022,148.1011856888817,4913800
2024-05-21,145.59825134277344,146.95439432358464,145.38891849604929,146.1534493268172,4783300
2024-05-22,143.4138641357422,145.18867269321652,142.4581937161993,145.18867269321652,6260500
2024-05-23,142.8404998779297,144.35136867623638,142.28530177194654,143.73245270972717,6718400
2024-05-24,143.57769775390625,144.6880937382201,143.16812865200515,143.87805213208316,4477700
2024-05-28,144.75180053710938,145.09766568626742,143.75972974266045,143.91445523361654,6928300
2024-05-29,142.8040771484375,144.25124188745565,142.38541138811925,143.8234656402148,5909600
2024-05-30,144.04188537597656,144.22392844686615,142.72215643964583,142.7585706089983,6369600
2024-05-31,147.7189178466797,147.97376144432852,144.2694049054693,144.3786335101291,10334200
2024-06-03,143.31378173828125,147.1546436797097,142.40362185242077,146.9817249672639,9009900
2024-06-04,142.10324096679688,142.30347721544126,140.2647144510325,141.73007214996548,6360500
2024-06-05,141.05654907226562,142.91328267245555,140.64697997714393,142.1305447602059,7058500
2024-06-06,141.92120361328125,142.00312854587904,139.60940395144743,140.61968183275357,5215100
2024-06-07,142.05775451660156,143.52311246633087,141.19310541561688,141.7209998080345,5887700
2024-06-10,142.65846252441406,143.98728815272062,142.27619704690377,142.35810810181226,7074700
2024-06-11,142.430908203125,142.66754474499083,140.60147816691975,142.13965040888766,5132000
2024-06-12,140.36485290527344,143.46850132084725,138.70835531528257,143.34107949761236,10017400
2024-06-13,139.1088104248047,140.24651009241387,138.55361243149397,139.9552661992323,6163000
2024-06-14,138.86306762695312,139.5183698129671,138.31696626935133,139.37275482048312,6159100
2024-06-17,139.42738342285156,140.10089279352235,138.28057317473807,138.79937093230114,6321400
2024-06-18,139.55479431152344,141.93940838124195,139.10881104019097,139.7550305649433,6942900
2024-06-20,142.5674285888672,143.2682555140137,139.48198746410205,139.90066707713322,8336000
2024-06-21,141.32960510253906,143.50488635311672,141.2749977395185,142.71305181344746,21289800
2024-06-24,144.99755859375,145.20689146357125,142.1578644016123,142.2306788537103,7971600
2024-06-25,144.2239227294922,145.04306096427695,143.50488873661732,144.82461762063093,5985400
2024-06-26,141.9394073486328,144.22391716295706,141.79377845848958,144.22391716295706,8637800
2024-06-27,142.27618408203125,142.84047870389608,141.65726820726735,142.62203535610834,5568700
2024-06-28,142.3671875,144.3331359079016,142.13964756078738,143.36836878770984,11283400
2024-07-01,142.45822143554688,144.44236321204284,141.9667273468063,143.04072317513567,5584100
2024-07-02,142.66754150390625,143.55039757671966,141.48433104558495,143.51398340929924,7216800
2024-07-03,142.6311492919922,143.5686127810258,142.49461698834654,142.84048215872508,3264200
2024-07-05,140.44674682617188,142.48550963716983,139.87334174759283,142.48550963716983,6183100
2024-07-08,140.46495056152344,141.32959951367286,139.54569424851294,139.54569424851294,4990700
2024-07-09,139.23623657226562,140.85631983840673,138.6628453657132,139.25444365613683,5301600
2024-07-10,141.19308471679688,141.47523201374045,138.61733098957538,138.79936015973877,5416600
2024-07-11,141.3114013671875,142.60382657839455,140.36484131388656,141.07476482584624,8322500
2024-07-12,141.6117706298828,142.38541207340884,140.67430707621008,142.1305684212223,6446300
2024-07-15,143.8416290283203,145.18867534758846,142.3216640365445,142.84955831497103,5661200
2024-07-16,143.59588623046875,144.08736631147855,142.12141821157223,142.90415603535345,6924200
2024-07-17,146.74505615234375,146.97259609534592,144.06918420056834,144.260323863382,7296600
2024-07-18,147.4185791015625,149.52104594881496,145.8440065876186,146.74505587190623,6577700
2024-07-19,144.85194396972656,148.08301442443263,144.17843452531181,147.88277813340716,6427700
2024-07-22,142.88600158691406,144.69721082213658,142.75857976188365,144.0054943273911,5577300
2024-07-23,140.24652099609375,142.53103099454435,140.01898104488146,142.30349104333206,6238700
2024-07-24,141.13848876953125,141.71188000752383,139.6367167463683,140.79262359669312,5971700
2024-07-25,143.38656616210938,144.04188231717382,140.72890126120848,141.41152109873929,5432100
2024-07-26,143.65960693359375,144.7517958204773,142.94968346272267,143.5594888088332,5232500
2024-07-29,142.53103637695312,144.03279455649056,140.94735325705383,144.03279455649056,5072000
2024-07-30,145.23419189453125,145.70746494540745,142.38538755213642,142.4035946349963,5740900
2024-07-31,146.0533447265625,147.16374079747118,145.67107927578127,147.16374079747118,6209200
2024-08-01,138.90858459472656,145.17048847922396,138.37159364442854,144.45146834603773,16689900
2024-08-02,135.20423889160156,138.3806876542003,133.81169553104814,137.55245280436162,13278600
2024-08-05,131.66372680664062,132.6740047923781,130.52602699783432,132.44646483061686,13037200
2024-08-06,130.3621826171875,132.05508037930136,130.26206448493585,131.5089928389675,9692700
2024-08-07,129.61585998535156,132.63758328876656,129.4975347676371,131.5909050777022,8867900
2024-08-08,131.5089874267578,131.80934181115177,129.8889041809497,130.21656224683986,7531100
2024-08-09,131.96408081054688,132.98345539191357,130.32579031339534,131.25415724310406,7653100
2024-08-12,131.9913787841797,133.55685475951165,127.1402253579161,132.7377026024083,8442200
2024-08-13,131.1995086669922,131.5635808616248,130.19834137960436,131.13580471289035,7794800
2024-08-14,131.6728057861328,132.19160349573727,130.54420272715956,131.41796217409615,5874200
2024-08-15,133.6114501953125,134.2667663073062,132.41003269401233,132.51015081912067,6304200
2024-08-16,134.0392303466797,134.35777792659786,132.555665509204,132.9288343400189,6874400
2024-08-19,135.13442993164062,135.96273586793907,134.26930228422736,134.3797393308357,5967400
2024-08-20,133.16488647460938,134.8399091623433,133.0452369814256,134.67425359642834,7497600
2024-08-21,133.7447052001953,134.95955477877823,133.03603475405768,133.8459297919905,5985000
2024-08-22,134.12205505371094,134.67426842094895,133.5698557298422,133.77233302827153,4027000
2024-08-23,135.86151123046875,136.2940750987591,134.66507231991542,134.85833717139946,4824100
2024-08-26,136.6714324951172,138.13477981607008,135.7971062743613,137.10399640156803,5780300
2024-08-27,135.244873046875,137.6377788154605,135.0516082066384,136.82786965500966,5100000
2024-08-28,134.3705596923828,135.41975391180773,133.8919756846225,134.7755143109977,5614400
2024-08-29,135.6774444580078,136.37690256254157,133.85516278871617,134.79391990947772,4466700
2024-08-30,136.16522216796875,136.28487167196488,134.09444314669506,134.57302711931052,6414800
2024-09-03,133.13729858398438,134.15888353454173,132.7875624975361,133.95640622590008,7944700
2024-09-04,130.7536163330078,133.93800692855646,130.38546935671496,133.1188992159403,9820700
2024-09-05,129.70440673828125,131.7659876556218,129.4007047953898,131.7659876556218,9371100
2024-09-06,127.52316284179688,130.79039454816834,126.88812173868574,129.83324071215006,7836400
2024-09-09,129.12457275390625,130.70756931790174,127.50475447817041,127.59679471415298,9892300
2024-09-10,127.2194595336914,129.84245199092652,126.17026535947123,129.67678236164468,8202500
2024-09-11,126.89734649658203,127.44954582514134,124.58726840216194,127.20106244680589,9534000
2024-09-12,128.1213836669922,128.3606685916033,126.47395632347863,127.21943439954269,6591500
2024-09-13,129.40989685058594,130.25661378131025,128.58159077843857,128.72883551694295,5900700
2024-09-16,130.77198791503906,131.76596349417167,129.83324490422092,130.40385505315373,6864300
2024-09-17,131.9868621826172,132.65871102875212,130.44988559422563,130.50510412358335,7338800
2024-09-18,132.49305725097656,134.00242459531225,131.78438668000723,131.9040361908302,6180300
2024-09-19,133.44102478027344,135.08843859779088,133.38579220183277,134.19570149850964,7247400
2024-09-20,134.0760498046875,134.28773957685263,132.01448296417786,133.66189675500448,23162900
2024-09-23,135.7878875732422,136.59779681499947,134.32454031964264,134.60064701963898,6960600
2024-09-24,135.70506286621094,137.2236427290834,135.2080820295975,137.02116541403373,6014200
2024-09-25,132.50225830078125,135.66825182847307,132.06969441511578,135.24488635021982,7888400
2024-09-26,130.6799774169922,131.8119994444548,129.4283058755301,129.6767892676318,8046200
2024-09-27,133.9011688232422,134.15886462639958,131.46224305593182,131.5910909575105,8049200
2024-09-30,135.53939819335938,135.73266304445818,132.78755780915915,133.79073186622875,7491700
2024-10-01,137.77584838867188,138.53053915074466,133.86437632729098,134.692696483959,9489100
2024-10-02,138.92625427246094,140.15031638772746,137.37086696777362,139.59810305757006,8105400
2024-10-03,139.20237731933594,140.04909422675163,138.07035530699832,139.2575958501763,6553300
2024-10-04,138.73300170898438,140.35280608756221,138.18078832998057,140.3343952300302,7892400
2024-10-07,139.0827178955078,140.58288674549163,138.68697575710686,139.432453957067,5895900
2024-10-08,136.90150451660156,137.6838044454727,135.96274741063004,137.3156575199107,5892700
2024-10-09,137.72982788085938,138.39247838701337,135.62224088446052,135.760287221838,4973500
2024-10-10,138.62254333496094,139.47847262317748,137.91388685590496,138.6777618612906,4420900
2024-10-11,139.35882568359375,140.19634413064747,138.2820222702543,138.40167177508172,5051300
2024-10-14,139.69015502929688,139.800592087259,138.21759538741074,138.530523790586,4214700
2024-10-15,135.96273803710938,138.01512014177823,135.80628087079543,136.94751519630495,6704600
2024-10-16,136.883056640625,137.1591632492835,136.4044868318734,136.533334710132,4303700
2024-10-17,139.1563262939453,139.27597577977602,137.1039584410428,137.37085262862647,6593100
2024-10-18,138.74220275878906,139.0459187186893,137.48133283953612,138.80663373969358,5208200
2024-10-21,138.86184692382812,140.33439250024503,138.5029124474685,139.89263023165688,5074000
2024-10-22,138.8986358642578,139.59809386548088,138.25439638374084,139.20235177150883,4416400
2024-10-23,138.4936981201172,138.9722820965666,137.3984838487085,138.38326106530928,5248600
2024-10-24,138.46609497070312,139.38644125039323,137.48133175398698,139.09193774344467,5474300
2024-10-25,138.7974090576172,140.00306034034446,138.4752963115901,139.33121154221564,6839900
2024-10-28,138.54891967773438,138.6961784496117,136.3585051303794,136.44133292329687,8892000
2024-10-29,136.68983459472656,138.43848692417976,136.09160108164107,138.08875084094117,6014700
2024-10-30,136.25726318359375,137.72980873663255,135.89832871293257,137.20521868414426,5784000
2024-10-31,136.96592712402344,137.65618676847583,136.1099978623509,136.91069455603778,8400900
2024-11-01,140.87741088867188,143.509587750428,139.61652694391978,140.3343959141023,11728000
2024-11-04,141.70571899414062,142.11987201479576,140.46324588880537,142.11987201479576,6130000
2024-11-05,141.1903076171875,142.34993872187061,140.3988093587431,142.22109082135026,5978900
2024-11-06,145.15699768066406,145.9761052024692,143.68443820526775,144.58638755454777,12118900
2024-11-07,144.28268432617188,145.4239046787779,143.94214666705662,145.35948774437392,8143200
2024-11-08,144.42996215820312,145.02819577879973,143.2703306827985,144.1262601868183,6041500
2024-11-11,144.0341796875,145.35948045680317,143.48196635250085,144.62320069126048,7771700
2024-11-12,142.92056274414062,144.9269248683336,142.76410556710687,144.77046769129987,5681900
2024-11-13,146.07736206054688,146.35346875204038,142.2211089168943,143.63845004632182,8824000
2024-11-14,148.91200256347656,148.93961182315087,146.96085927183503,147.1081180190093,10111200
2024-11-15,148.56231689453125,149.4458556336232,147.95488488911627,148.65435715354752,9022800
2024-11-18,149.46412658691406,150.17073395005275,147.8928870570308,149.27818250747583,6075400
2024-11-19,148.38565063476562,149.15731788309816,147.59537053520296,148.73894014252798,4657400
2024-11-20,149.99407958984375,150.0963509598105,148.55298817181148,148.67385820539684,6391300
2024-11-21,150.27301025390625,151.22132934615348,149.95688970319947,150.63560618603006,7945200
2024-11-22,150.9517059326172,151.18413957601018,149.8267208564806,150.1614258704315,7005900
2024-11-25,149.09222412109375,151.70477578105266,148.59946597388696,150.75644262430907,10702400
2024-11-26,151.1097412109375,151.49093574574468,150.05913672751063,150.90519849404694,7369500
2024-11-27,150.71926879882812,153.10867922052927,150.25440152280765,151.3235905830054,7674500
2024-11-29,150.55191040039062,151.31429954870995,149.37115772427194,150.84943226899043,5077000
2024-12-02,150.81222534179688,151.5002197278285,148.8597774002762,150.88659161059385,6229600
2024-12-03,150.54261779785156,151.7326768961252,150.0498596174706,151.52813415861348,5900100
2024-12-04,147.19557189941406,150.4682271039204,146.76788779006085,150.45893486616453,7862700
2024-12-05,148.13461303710938,149.38045397543465,147.53958347054925,148.0974157092234,6358400
2024-12-06,144.33200073242188,147.669744456559,144.26691250250127,147.59536398805992,9701700
2024-12-09,146.042724609375,148.8319286373922,145.80099870079863,145.96834413289952,9404500
2024-12-10,145.96832275390625,148.31125776654193,145.68939955463145,147.88357363610416,9126200
2024-12-11,145.2338409423828,146.12637816983616,144.85264637040086,145.83816272791634,13764700
2024-12-12,143.8392333984375,145.53134284270126,143.43014794100895,144.91771465655845,7621500
2024-12-13,143.0582733154297,144.07169491719182,142.31449690698588,143.9880080126101,5816200
2024-12-16,138.86517333984375,143.0768703346598,138.76290195686613,143.0768703346598,11961200
2024-12-17,137.70298767089844,138.20503809636793,136.58730902470336,137.6007163007775,11909300
2024-12-18,133.95614624023438,138.22362411965298,133.86316711712774,137.37756233389862,10174500
2024-12-19,131.23204040527344,134.58838306518282,131.0460963122691,134.41174539813488,16544300
2024-12-20,132.8125762939453,132.8125762939453,130.67418415018486,130.92521643232507,32209200
2024-12-23,132.9241485595703,133.27745222512988,131.5946207879173,132.4685735269605,8156500
2024-12-24,133.73301696777344,133.91896104420366,132.26403464671446,133.04502246631927,3556100
2024-12-26,133.86318969726562,134.17000383132432,132.85907458215306,133.57497422829,4492600
2024-12-27,133.88177490234375,135.47162722142338,133.31463626063973,134.15139167913003,5296500
2024-12-30,133.0171356201172,133.86318332166576,132.34772557525795,133.68653147835232,6194800
2024-12-31,134.66275024414062,135.1276175240665,133.24956392753487,133.4355080021805,6137800
2025-01-02,136.40138244628906,137.6658221906178,135.25779856460812,135.25779856460812,7170300
2025-01-03,137.46127319335938,138.06559503908252,136.9499163003341,137.17304353610888,5809000
2025-01-06,136.9127197265625,139.76701191737027,136.55012377979986,137.97261666222445,5888700
2025-01-07,139.0789794921875,139.92504128614897,137.2567078292486,138.07486453670947,7736000
2025-01-08,139.73912048339844,140.55727732703608,137.62861885940305,137.63791109870152,7640900
2025-01-10,142.37954711914062,143.49522573162614,140.2690457376619,142.6305794176024,11074700
2025-01-13,144.43426513671875,146.29373419963565,143.17911784460063,143.2720969723957,11774100
2025-01-14,145.87538146972656,145.88468789697814,143.606840520768,144.30414160654416,6830200
2025-01-15,147.2048797607422,147.53958478157043,145.39190014234933,145.8567674386872,7900000
2025-01-16,148.1811065673828,148.66455834984095,146.92595917019986,146.92595917019986,5578900
2025-01-17,150.12425231933594,150.4031755465495,147.64186255172183,147.94867668299432,9260400
2025-01-21,147.1212158203125,150.05916652642932,146.423914834248,149.82673286440783,10131400
2025-01-22,145.41978454589844,147.30714454974773,145.2896222762062,146.60053721145547,7232200
2025-01-23,145.04788208007812,146.84227713913893,144.68528617293867,146.5540616984157,5979800
2025-01-24,144.7131805419922,146.40530427360363,144.35989105132919,145.46627746251764,8003800
2025-01-27,146.18215942382812,146.79578763203577,144.59232128675418,145.34540400290746,7141000
2025-01-28,145.2338409423828,147.7534136395594,144.27620129993784,146.62844277357416,6425400
2025-01-29,144.75038146972656,145.57784469240792,143.93221048581725,144.77827237266675,5630600
2025-01-30,145.33609008789062,146.38668032650818,144.59229972099465,145.55921726732453,6931900
2025-01-31,138.7070770263672,143.52309439561282,138.205012507233,142.9559558456996,16726800
2025-02-03,138.84654235839844,140.25974272518891,137.41475751657413,138.53043604335727,7605000
2025-02-04,142.4539337158203,142.6119868922843,138.27012809896868,138.27012809896868,8458100
2025-02-05,142.24009704589844,142.99317977813263,141.589271497259,142.24009704589844,6533700
2025-02-06,141.22666931152344,144.35057789711567,140.44569571178116,143.38366022885708,6420500
2025-02-07,141.89608764648438,143.00247407111803,141.24527627511867,141.76592537221123,4724900
2025-02-10,144.8247528076172,144.85264370879867,143.23490050715753,143.4487354784232,5653800
2025-02-11,146.37741088867188,147.55817774803197,145.1501544641483,145.36400362657568,6011800
2025-02-12,144.01588439941406,146.40530913985452,143.7090844645056,145.73589909044216,6693500
2025-02-13,144.9270477294922,145.42909821898127,142.54692919767265,143.9043338978703,7836400
2025-02-14,146.02688598632812,148.01038557318716,145.59447243316137,145.78247894949376,5828800
2025-02-18,146.7977294921875,147.87877770539743,145.5004601611535,146.0268841378115,5981500
2025-02-19,147.80355834960938,148.8658158524433,146.64730477061593,147.13613313616466,4945800
2025-02-20,149.27003479003906,149.42044573039703,147.65316738510975,148.0573806503479,6256200
2025-02-21,147.5121612548828,149.4204553587131,147.41816516908477,148.64962434166733,6689800
2025-02-24,148.4239959716797,148.83761887904095,147.35234314077854,147.67195562592985,5925000
2025-02-25,147.04212951660156,149.45805685485806,146.13969255505674,148.51800998592904,6810900
2025-02-26,145.8388671875,147.29594266832282,145.1432273572811,147.23013250396124,6005200
2025-02-27,147.2771453857422,148.80001676626608,145.5286575864833,146.35590344453442,7517200
2025-02-28,149.11024475097656,149.1572499679443,145.63207385503964,147.30535630244677,8828500
2025-03-03,143.9117889404297,150.49211781025065,142.66152473388627,149.8998979658722,9059800
2025-03-04,142.8871307373047,144.90822586211635,141.05404212624663,142.14449998758593,8826300
2025-03-05,141.7684783935547,142.29490239110893,138.88254171268474,141.1480439633037,9288300
2025-03-06,143.78016662597656,144.13738902845856,140.50880751812008,141.4864499565222,7314700
2025-03-07,146.96693420410156,148.01038687449488,144.49462052183725,144.72022260582852,8562600
2025-03-10,148.12318420410156,150.75530382299428,146.80711005067909,147.76596182269063,11750300
2025-03-11,144.84242248535156,149.31704039289187,144.5698008622418,148.93161773620668,10466300
2025-03-12,143.51698303222656,145.50987821078752,143.09396472371805,144.4288298286013,9710200
2025-03-13,144.4005889892578,145.17141990354781,142.8119076080802,143.13152007634739,9022800
2025-03-14,147.60617065429688,147.8129821231777,143.8365733438601,144.75782964850285,6671500
2025-03-17,149.2042236328125,149.89045375469414,147.3617256627488,147.79415348583706,7615200
2025-03-18,151.16893005371094,151.43214202140734,149.29824602215257,150.16308739372315,9289500
2025-03-19,154.21470642089844,154.67532025044775,151.25354989504106,151.31936006724996,11503900
2025-03-20,154.89151000976562,155.3991289532351,152.6729990630956,153.34983388370512,9545900
2025-03-21,154.8727264404297,155.0043324323863,153.33105010151925,154.62831941078954,21625500
2025-03-24,155.1265411376953,156.45199634547853,154.46851118631764,154.81632394405074,8068000
2025-03-25,155.9913787841797,157.75867147717855,155.21113816639777,156.12298477127683,7869200
2025-03-26,157.89968872070312,158.8303403731788,157.2228537632623,157.33565480817634,10076100
2025-03-27,156.65879821777344,158.13467862349364,155.90677223022243,157.22283205241297,6862700
2025-03-28,156.1324005126953,157.11005741107965,155.38976970486567,156.70582974809997,4923000
2025-03-31,157.2604217529297,158.79270261620877,156.16997837403224,156.22637888659884,10675300
2025-04-01,158.4073028564453,158.49191798148618,156.19820117947995,157.2604444554422,6378600
2025-04-02,156.4896240234375,157.90908981859258,155.90679947803244,157.36386084154512,7044900
2025-04-03,146.76010131835938,151.67655639301847,146.45929380226715,150.5202885053548,15501000
2025-04-04,134.68992614746094,143.3195646264853,134.19170241037324,142.66152028484208,20374700
2025-04-07,131.74755859375,137.42544952727795,129.05902406360397,130.41269380521265,17817000
2025-04-08,128.7206268310547,135.8273940899157,126.7841323360869,135.50776721344266,12904400
2025-04-09,137.27503967285156,138.62870942513175,125.85347623994643,126.92512906983883,16846800
2025-04-10,126.88751983642578,135.01893369785836,125.44924930299346,134.63351104668328,20991200
2025-04-11,127.49855041503906,128.8992109486689,124.12377154553063,126.9157116527195,17224400
2025-04-14,127.20714569091797,130.2340833291825,126.06028739484023,130.17768281363385,9628200
2025-04-15,126.47389221191406,128.43860095720106,126.20128494684205,126.26709510901782,9334800
2025-04-16,127.24473571777344,129.30344050959883,126.71831180358492,127.28233127851153,8637200
2025-04-17,129.60427856445312,131.83219976447657,128.26941351210746,128.49502996162278,8434400
2025-04-21,125.71247863769531,128.118996611815,124.39641860309193,127.86519425484198,9967500
2025-04-22,129.0684356689453,129.95208200500227,126.84992452411302,127.15073205793308,7984700
2025-04-23,128.48562622070312,130.24352398973875,127.04735535584301,128.98386436262908,10002000
2025-04-24,130.73231506347656,131.0425178840716,128.99322274984553,129.65125263955227,7745800
2025-04-25,130.41270446777344,130.71352636560457,129.0214390502484,130.03669143946212,6878500
2025-04-28,131.7005615234375,132.03897894289892,130.36568245380164,130.6383040565772,6715500
2025-04-29,130.9485321044922,131.6159573508123,130.2623019044234,130.37510293896156,7343800
2025-04-30,127.90277862548828,129.8674731994257,126.09789030290692,129.72647190234017,13858000
2025-05-01,128.0907745361328,129.67945595705288,127.01912173503527,127.30113864984538,10199800
2025-05-02,130.19650268554688,131.39976163505028,127.17894566213435,129.613678166125,12393200
2025-05-05,127.37635040283203,128.78642070249438,127.07552852046184,128.57021393952633,9665000
2025-05-06,127.47036743164062,129.07783962391602,126.94392911021664,128.17540261800153,9916200
2025-05-07,127.64897155761719,128.12840469175978,126.54911832560869,127.91219790529104,8422100
2025-05-08,128.8240203857422,130.563112881868,128.28820111360236,128.4950125783517,8669300
2025-05-09,130.18710327148438,131.01433480817624,129.44445817116213,130.5725116077257,5965700
2025-05-12,133.1294403076172,135.09414927312844,132.14240251615215,133.9096809730061,8028200
2025-05-13,133.815673828125,134.64290529599597,132.47139938387286,133.04482853181688,8536800
2025-05-14,133.1764373779297,133.70286132624454,132.292791031554,133.2610381530567,6453600
2025-05-15,133.73106384277344,133.91908469375517,131.14593492552217,131.60656306006413,7545400
2025-05-16,133.58067321777344,134.4267097091209,132.2645989219269,134.14469276401252,8200100
2025-05-19,131.77284240722656,132.75288328700415,130.4692814699087,132.7053055268929,7713600
2025-05-20,130.61199951171875,132.0202110308136,130.38363500104435,131.58251601502738,6503900
2025-05-21,128.98492431640625,130.47878149800607,128.91832707957542,129.99350876117722,9073200
2025-05-22,128.72801208496094,129.39407154477448,127.28174721814898,128.44257462354463,8877600
2025-05-23,129.9174041748047,130.15527844344945,127.55769549508261,127.87169127193688,7025900
2025-05-27,131.14483642578125,131.27804542825706,129.7937123953288,130.71666566915846,8348900
2025-05-28,129.42262268066406,132.05825884950238,129.08008318871543,132.04874910647578,6876300
2025-05-29,131.22096252441406,131.24950627460885,129.4987551754285,129.87934819048758,7554300
2025-05-30,130.0696258544922,130.78324854336324,128.65190473789713,130.24090284954045,12858900
2025-06-02,131.1543426513672,131.96312090672177,129.81272840040148,131.77282441095952,9076600
2025-06-03,132.7814178466797,133.7709684024939,129.97450441876887,130.9735647184694,9001300
2025-06-04,130.7071533203125,133.80904319005998,130.66909982414774,132.6577252990378,8735600
2025-06-05,130.2599334716797,131.58251372072039,130.06963697544853,131.44930472148937,6342600
2025-06-06,133.40940856933594,133.79000158414283,131.3922249385194,131.3922249385194,6563500
2025-06-09,133.93270874023438,135.24577920942122,132.91461452848304,133.73290250630083,7159500
2025-06-10,136.3970947265625,137.90997140518328,135.0269367841545,135.32189851812177,9841500
2025-06-11,137.75772094726562,138.08122641095628,135.69297440261795,137.19634125697468,9256700
2025-06-12,137.9385223388672,138.15736258535853,136.47320881684857,137.4913175838465,6999400
2025-06-13,138.83291625976562,140.44094834487126,137.52935563315208,139.94616589129478,14148000
2025-06-16,138.94711303710938,139.74636707454894,136.7681911810364,138.6616610183973,10105100
2025-06-17,141.63035583496094,142.70553773605508,139.39433173682428,140.18407610938544,11330300
2025-06-18,141.00233459472656,142.88629448048863,140.5360958649736,142.19170577591066,9841900
2025-06-20,142.29637145996094,142.629386680506,140.72639278473574,141.31633076513455,23705900
2025-06-23,139.7368621826172,144.77027536319162,139.22306014604985,144.7417316121986,10540600
2025-06-24,136.58738708496094,139.28963487929553,136.21630386333536,137.52935975286923,10778400
2025-06-25,136.2829132080078,137.2058664727989,135.59783419664345,136.45419022019502,7386100
2025-06-26,137.43423461914062,138.04319214327754,136.44466956823524,136.73012158363844,7415700
2025-06-27,136.81576538085938,137.65308749785328,135.654952244155,137.53891248869738,9213500
2025-06-30,136.24485778808594,137.11072354279506,135.4931670274248,136.10212452683396,6980300
2025-07-01,138.50942993164062,139.17547495037152,135.59783681771563,136.387581096601,8508200
2025-07-02,140.8025360107422,140.83107976208817,138.4142835297363,139.87958266737283,8228700
2025-07-03,141.17359924316406,141.75401296924014,140.2125925407426,140.66930701609533,5173300
2025-07-07,140.2506561279297,140.98331290476645,138.51893908658843,140.2506561279297,9460900
2025-07-08,145.80738830566406,145.80738830566406,140.11742646345715,140.17452847242205,14082100
2025-07-09,145.5980682373047,146.49247769872,145.08425175072122,145.52194673860006,9495900
2025-07-10,146.69229125976562,147.7484535141997,144.32305849476703,145.3792207492011,8395100
2025-07-11,147.77699279785156,148.32886278534656,146.1213973540582,146.80646181855403,8333200
2025-07-14,144.29452514648438,147.3868906301664,143.8092668665438,147.3868906301664,10706300
2025-07-15,143.38107299804688,144.92249336031847,142.96241203083957,144.24693867852642,7346300
2025-07-16,142.64842224121094,144.13275517311752,141.98237727416202,143.44767620166965,7923400
2025-07-17,144.03761291503906,144.47529338150528,141.39245255593733,141.92528852486555,8359600
2025-07-18,142.76260375976562,148.34790103296075,139.42285451022545,147.5010692821188,45782600
2025-07-21,142.42005920410156,144.31354339718817,141.8967474866444,143.86633866072395,17982200
2025-07-22,142.76260375976562,143.61895977258837,141.27827075996998,142.0204372598678,26196500
2025-07-23,145.69320678710938,145.71224079114032,143.17174570392692,143.59040668046086,13162800
2025-07-24,148.27178955078125,148.4335423097731,144.817850554899,145.28408934401173,15701000
2025-07-25,147.32977294921875,148.6238092826778,146.4924655701736,148.27176008417098,7875500
2025-07-28,148.69993591308594,148.95684414398437,147.43444328071513,147.86261398641878,8755400
2025-07-29,149.41355895996094,149.5848359538746,147.91019209645523,149.0805292332176,6446000
2025-07-30,146.1118621826172,148.72847866731647,145.29357426483634,148.56672593595974,9191700
2025-07-31,144.28500366210938,146.46392539124275,143.80925516486968,144.62754316086964,10237100
2025-08-01,144.05662536621094,147.1489903022379,143.0575652326008,145.14133125533124,10706500
2025-08-04,143.71409606933594,144.7036610493521,142.5532831222537,143.91391682141145,10116600
2025-08-05,145.6171112060547,145.6742132283103,142.629410863867,143.70460724326205,8604100
2025-08-06,145.3697052001953,147.63427262363976,144.8368692226064,146.98724713750215,7840900
2025-08-07,145.7312774658203,147.6247471189013,145.41728172766562,146.33071067621438,6510400
2025-08-08,147.49154663085938,148.1956596465997,146.05479136920098,146.52103013189702,6332800
2025-08-11,146.0072021484375,148.36691048808765,145.5695216876761,147.8055307794762,6169700
2025-08-12,146.94921875,148.4811297066056,145.92160010966575,146.6161889477707,6641600
2025-08-13,148.30984497070312,148.4430539809372,146.7208465919489,147.07291038368368,6581900
2025-08-14,147.63427734375,148.14807933322598,146.62569285125463,148.14807933322598,7337300
2025-08-15,148.95684814453125,150.85031775406486,147.75795271393343,147.93873945465475,11617000
2025-08-18,147.78652954101562,148.89977935304296,147.2441692507318,148.5572398325197,8174300
2025-08-19,146.23753356933594,148.10398864926844,146.09322608596537,147.6421900221689,8567500
2025-08-20,147.41128540039062,147.67105355435203,146.17018230504144,146.64161122440635,8076300
2025-08-21,149.65296936035156,149.76841535998858,146.9398709263589,147.026470106402,7533600
2025-08-22,152.1832733154297,152.77014835592857,149.4317121029629,149.4317121029629,9084300
2025-08-25,152.20249938964844,152.31796006934934,151.21154874741447,151.9138697108691,7030000
2025-08-26,151.39434814453125,153.93426289508758,150.6150582874753,151.53865564386928,10270000
2025-08-27,153.2030792236328,153.92464607526583,151.25003945297138,151.43282405725364,7483000
2025-08-28,153.28004455566406,153.47245944223368,151.86577238488942,152.9817845991191,6502000
2025-08-29,154.51150512695312,154.9925496451811,153.40509392684058,153.64561618595457,6934800
2025-09-02,155.69488525390625,155.723746753304,153.33776982776166,154.39605905974747,8947300
2025-09-03,152.0677947998047,155.7141205659748,151.06722863460408,153.9342499290446,9556100
2025-09-04,151.7118377685547,153.5975242487173,151.52903848438976,152.0678060501505,7243000
2025-09-05,147.83460998535156,150.77860019002173,147.671056605127,150.14361788069291,11011700
2025-09-08,148.16171264648438,149.15266318651302,147.08417761584673,148.07512815587538,9462000
2025-09-09,148.97950744628906,151.03837759442493,148.7389851641222,149.0372304451587,7769200
2025-09-10,151.8080291748047,151.93310545265888,149.12380710623083,149.17191449619892,7440800
2025-09-11,152.25059509277344,152.89519300704197,150.09551029438285,150.56693922286917,6417400
2025-09-12,151.15382385253906,153.72260006886842,151.14420824614925,152.82786422421762,5546300
2025-09-15,151.3462371826172,152.3179565896314,150.56694734393668,151.41359046759698,5030500
2025-09-16,153.49169921875,154.03048148364707,152.1255343634712,152.25061065286178,8011000
2025-09-17,154.02085876464844,154.57887227047402,152.5969708382445,153.16459995129733,5736800
2025-09-18,152.8182373046875,154.21326363833322,152.09667044104503,153.96312574385072,6244200
2025-09-19,150.28794860839844,152.97217080660977,149.65296626290672,152.97217080660977,16734000
2025-09-22,150.13401794433594,151.1634457226759,149.2681288829748,149.72031196738973,5244000
2025-09-23,151.45205688476562,153.77069502459435,151.03836563873622,151.16342723294932,7181400
2025-09-24,153.1453399658203,154.4056890518157,152.25060412556724,152.31795741091017,6285200
2025-09-25,154.626953125,154.9059524898634,153.30889582561053,153.39548031674258,6311000
2025-09-26,154.08819580078125,155.1849768019575,153.4628290693882,154.48265586023174,7015200
2025-09-29,150.18211364746094,153.09724243177547,149.66257731502623,153.09724243177547,8315100
2025-09-30,149.40281677246094,149.8261383448415,148.09437494888252,149.01798698683243,7755700
2025-10-01,148.71974182128906,149.21040200040986,147.38243849672193,148.9602641075804,6768400
2025-10-02,147.55560302734375,150.66316144193732,147.5075103157943,148.12324676283893,7562400
2025-10-03,147.72879028320312,148.4311112444401,146.45882557271025,147.7576517829584,7249300
2025-10-06,148.18096923828125,148.7870753966262,147.12266534225859,148.13286184658662,4778900
2025-10-07,149.0372314453125,149.08533883813172,145.54484318711204,147.8249897396547,5479600
2025-10-08,147.91159057617188,148.81594204185663,147.0457015366692,148.50808114893135,5678000
2025-10-09,145.8911895751953,149.0949480187166,145.81422068606486,148.28679670331874,6178600
2025-10-10,143.2550506591797,145.61218052634322,143.24543505379498,144.9868138488109,7796600
2025-10-13,146.17982482910156,146.21830193498084,143.7649717162757,144.31336956718226,5978800
2025-10-14,146.61276245117188,147.64220487045804,143.98626322748603,144.13057072536952,6419400
2025-10-15,146.34336853027344,148.3637614425702,145.31392618230214,147.10341243366625,5824900
2025-10-16,145.9585418701172,146.93986216917875,144.53463945131608,146.37223313103863,5276800
2025-10-17,147.276611328125,148.3445308898529,146.4299681641416,146.4876911652649,7735500
2025-10-20,148.62351989746094,148.85442656612554,147.37280113274488,147.61332340748586,5676500
2025-10-21,147.95968627929688,149.40282002731658,147.40168748207367,148.87368273062853,6304900
2025-10-22,149.67222595214844,150.06667137254126,147.78652463483553,148.7870909572783,6036700
2025-10-23,150.62466430664062,152.57770396838467,150.20134276177336,152.2024898136731,9810900
2025-10-24,149.66258239746094,151.65411393890074,149.5375061131246,151.45206876268935,4979900
2025-10-27,149.39320373535156,150.56695368611585,148.998743656093,149.89349420952541,4884400
2025-10-28,148.28680419921875,150.3071825898435,148.0558975201551,149.02760226895685,5066500
2025-10-29,149.22003173828125,150.23021359273608,148.02703591775182,148.02703591775182,7344400
2025-10-30,147.69992065429688,149.34508477106124,147.4305368845306,149.34508477106124,8971200
2025-10-31,151.74070739746094,153.1453493862585,149.2296540379802,149.8261446348409,11136100
2025-11-03,148.2001953125,151.74069075800304,147.74802695112896,151.44244549227744,8512200
2025-11-04,147.57485961914062,147.93082792017708,146.38186374386325,147.6133367272327,6976800
2025-11-05,146.87252807617188,148.54655374379956,146.87252807617188,147.70954090998572,5894700
2025-11-06,147.14190673828125,148.92176273407097,146.89175418123983,147.11304524020946,6466300
2025-11-07,149.14306640625,150.24946307340983,147.61333347750156,147.61333347750156,9835900
2025-11-10,149.74916076660156,150.06665192747334,146.59350973045798,149.52788438671436,8436800
2025-11-11,150.31680297851562,152.0004588666608,149.9896815346371,150.80746312386194,6361400
2025-11-12,147.50750732421875,149.88385388672117,146.314511559627,149.6818233974292,11670900
2025-11-13,149.68182373046875,150.2783142739345,148.09436790949832,148.1617211929552,7998700
2025-11-14,151.6444854736328,151.96197665131263,148.94101734042863,150.30718215691093,8484800
2025-11-17,148.95065307617188,151.90425920878755,148.58505449207854,151.74070581072363,8745000
2025-11-18,149.44679260253906,150.0888667695961,147.63732030536994,148.3572229936708,10813400
2025-11-19,147.57894897460938,147.8318953734624,146.16834231710902,147.05362502455012,7539900
2025-11-20,146.2266845703125,148.8825173865797,145.97375305971028,148.3961003586195,7623400
2025-11-21,145.90567016601562,146.90768821138548,144.70908824815808,146.35318043258204,9248400
2025-11-24,145.68191528320312,146.0418591717995,143.7265239679138,145.75002079957068,14181100
2025-11-25,144.49505615234375,145.8278341972732,144.2421246154602,144.85500004026866,11447900
2025-11-26,145.4484405517578,146.37264494674568,144.1740300840659,144.2323977628499,7578900
2025-11-28,147.02442932128906,147.40383404468054,145.20521937309888,145.3997980778297,3848600
2025-12-01,148.3961181640625,149.76781791011962,147.38437715598926,147.62758569915096,8209000
2025-12-02,146.1683349609375,148.3183050216261,145.20522378264818,147.89025560905304,9196300
2025-12-03,147.471923828125,148.35720645879925,146.87849440851897,146.93686208187842,8060200
2025-12-04,148.12371826171875,148.78525318454777,147.1119773050205,147.6275782028,7254700
2025-12-05,145.9251251220703,148.48368373271077,145.7597450949112,147.87079345703125,12659800
2025-12-08,144.67018127441406,145.99323638805848,143.64870238948086,145.19550521406066,10237200
2025-12-09,144.45616149902344,146.02242521764913,144.1934920980863,145.0009462978024,8916700
2025-12-10,147.29681396484375,147.67621866832454,144.66042703451396,145.12738324396642,10976300
2025-12-11,146.6255645751953,147.81242342816253,146.02241215112943,146.73257692568487,8414200
2025-12-12,145.9154052734375,147.43302423237643,145.56518437181532,147.04388165042306,5848100
2025-12-15,145.73056030273438,146.02241351992083,144.39776740791288,145.76946713769934,7503000
2025-12-16,142.76339721679688,144.7771708308965,142.5104657070619,144.50476363944477,11290500
2025-12-17,145.4581756591797,145.798658727108,143.3471271986448,143.49304639286095,8805300
2025-12-18,143.67788696289062,145.21496679721116,143.0844575005534,144.80637821000272,6998800
2025-12-19,143.73623657226562,144.9620021798076,143.19145185780252,143.94053826232437,21701400
2025-12-22,145.73056030273438,146.40181824898184,144.6604367878078,144.76744913930045,8143600
2025-12-23,146.4212646484375,146.9757872470493,145.77920538198077,145.96403140391342,4663700
2025-12-24,146.41156005859375,146.88825420272286,146.02243228186157,146.29482469442874,2227600
2025-12-26,145.944580078125,147.03414955161077,145.58462135656427,146.29480095806983,3706900
2025-12-29,146.8882293701172,147.52056561147387,146.01266975408024,146.89795236739613,5589100
2025-12-30,148.17236328125,148.5225841602042,147.3551861784471,147.3843700146707,5150500
2025-12-31,148.2696533203125,148.4058495047457,147.54975072015372,148.2501924813161,4953100
