Date,Close,High,Low,Open,Volume
2021-01-04,85.65679168701172,87.26312774905557,84.64620103674103,87.10898446595759,38038000
2021-01-05,86.2852554321289,86.61980734911019,85.15001596611494,85.4962144674521,22906000
2021-01-06,86.00621795654297,86.63616201590953,84.20756945501576,84.38748648791446,52042000
2021-01-07,88.58150482177734,88.63849745097242,86.09343926027003,86.24262139980057,45300000
2021-01-08,89.5707778930664,89.70112887180485,87.90174689981127,88.61768656703295,41012000
2021-01-11,87.56397247314453,88.9316670211408,87.25668418595048,88.52301564787511,24194000
2021-01-12,86.56429290771484,88.1250334528433,85.51157786068451,86.92957212703958,27140000
2021-01-13,86.953369140625,87.48046783891343,86.14102743900293,86.16928175033348,21882000
2021-01-14,86.24857330322266,87.97485402671433,85.91253157193304,86.91469734544232,23590000
2021-01-15,86.05081176757812,87.03265647624049,85.32520699682466,86.1499362840226,26844000
2021-01-19,88.76042175292969,89.67312813751977,86.31200756228237,86.84679746392635,34692000
2021-01-20,93.52045440673828,94.35360856960604,90.47876787428183,90.77267770337184,49806000
2021-01-21,93.73606872558594,95.89750844156228,93.53087708111225,94.07062064865032,41278000
2021-01-22,94.22176361083984,94.71244016141313,93.26569266793015,93.95560896087567,25442000
2021-01-25,94.1399917602539,95.6357986500771,92.56042022911615,95.19419654321186,38546000
2021-01-26,95.0241928100586,95.40880228405905,93.38886139940963,93.61660502258192,26262000
2021-01-27,90.73947143554688,93.67410021365589,89.6594928936985,93.30386744882472,54966000
2021-01-28,92.34134674072266,94.11173307436628,91.32679332444133,91.39122009820021,35462000
2021-01-29,90.98480987548828,92.05239308309584,89.71897007422065,91.50175174857779,32252000
2021-02-01,94.23664093017578,95.2795470733854,91.73767745120871,91.86852000625667,32044000
2021-02-02,95.53321838378906,96.93337215978379,94.88790690755727,95.28787629677852,45474000
2021-02-03,102.59891510009766,104.90012104789055,100.03699963965283,102.74413437494876,82364000
2021-02-04,102.21727752685547,103.01920525379813,101.23692263899956,102.5404323857468,37046000
2021-02-05,103.98321533203125,104.20674654418703,102.06661121002247,102.59544928805532,30702000
2021-02-08,103.73094940185547,105.24941447618987,102.6945848693677,104.37527023050166,24838000
2021-02-09,103.26504516601562,104.33659891229057,103.01871992503064,103.01871992503064,17798000
2021-02-10,103.85334777832031,104.49717691051146,102.25296364769227,103.79536443531757,22710000
2021-02-11,103.8786392211914,104.18295537452418,102.95824904805707,104.05805710984835,18914000
2021-02-12,104.2860336303711,104.5194795459831,103.24620556502322,103.59908945346342,17114000
2021-02-16,105.16777038574219,106.69332155041313,104.2984361284602,104.2984361284602,22676000
2021-02-17,105.48544311523438,105.75060702485774,104.02878859944647,104.0823174954682,21418000
2021-02-18,104.934814453125,105.70477454903315,104.26620987440927,104.59729044683503,22432000
2021-02-19,104.13883209228516,105.5954867976591,103.95396150263319,105.0374113048308,29148000
2021-02-22,102.3416976928711,103.6570962026634,102.20589398199361,102.4467665214739,27350000
2021-02-23,102.63806915283203,103.19069951762096,99.22614971508457,100.36560904756054,33348000
2021-02-24,103.84294891357422,104.1209997472014,101.01587693201483,101.19925768090762,24966000
2021-02-25,100.68034362792969,103.82858934322356,100.181242108584,102.46906992922709,36568000
2021-02-26,100.95292663574219,102.64550029728606,99.92201499983882,101.62995610035973,41670000
2021-03-01,103.16592407226562,103.41423075324937,101.41089732146217,101.92734012690237,28090000
2021-03-02,102.88489532470703,104.29892665824069,102.65790039238483,102.90224419609625,22692000
2021-03-03,100.44986724853516,103.51325896810097,99.62166661258446,102.45716343607829,29684000
2021-03-04,101.55907440185547,103.5490291063258,100.13066646649789,100.28431816218371,42360000
2021-03-05,104.50559997558594,104.9799183848455,101.42649317847557,102.75007432070196,43904000
2021-03-08,100.32398223876953,105.51025134575659,100.19709497795097,104.1383518479457,32948000
2021-03-09,101.73802185058594,102.99394718924289,101.49665016483928,102.59546005132846,33946000
2021-03-10,101.8534927368164,102.84326325035669,100.77995757603279,102.68267652955811,25372000
2021-03-11,104.81439208984375,105.35611705729985,102.71341642240814,102.79668193443077,24782000
2021-03-12,102.19497680664062,103.59959252868136,101.48275800600537,103.33889057491976,34516000
2021-03-15,102.42147827148438,102.44972501607036,101.28251810330815,102.21380608772772,25962000
2021-03-16,103.71160888671875,105.2500469460827,102.5954502335247,103.04102280678816,29832000
2021-03-17,103.64022827148438,104.56705421419312,101.80242783831503,102.89430248992838,25980000
2021-03-18,100.92120361328125,102.86804340013933,100.78887120478154,102.14938116545532,27228000
2021-03-19,101.26715087890625,101.75781986304548,100.00230183051968,101.21015069189241,46298000
2021-03-22,101.03865814208984,102.00018179173426,100.4181297719705,101.19974398240309,39096000
2021-03-23,101.75090026855469,102.70954267274013,101.06990031928333,101.68844735417572,27340000
2021-03-24,101.3593521118164,103.00236750073037,101.18563650283075,102.36597999246194,23080000
2021-03-25,101.32466125488281,102.04381513297412,99.65785356944589,101.34696370710267,28378000
2021-03-26,100.88798522949219,101.65324127921579,99.82089364392917,101.05204321548514,29870000
2021-03-29,101.89909362792969,102.02201046452284,99.90021463147201,100.50785624039037,24596000
2021-03-30,101.8787841796875,102.63412573403714,101.30831325917825,101.98237072383607,20732000
2021-03-31,102.52753448486328,103.75159020456246,101.9384745913335,102.05618825474075,29198000
2021-04-01,105.95333099365234,106.21056920952837,103.92818695157311,103.98072513836945,33980000
2021-04-05,110.30496215820312,110.88782822438391,106.64077343446716,106.70619848848916,43298000
2021-04-06,110.26532745361328,110.90518619827041,109.77217028127119,110.15380763789219,27060000
2021-04-07,111.50093078613281,111.76460489071017,110.29407251541852,110.3337238370964,25798000
2021-04-08,112.28204345703125,113.20217644345813,111.89743396425405,112.90257188026278,27166000
2021-04-09,113.29510498046875,113.45172882910866,111.70086175667151,111.84885654634002,20888000
2021-04-12,111.75419616699219,112.77172181248811,110.94507629066592,112.32218640133256,31318000
2021-04-13,112.37274169921875,112.86539214879267,111.81862149350997,112.08527529906593,23310000
2021-04-14,111.75666809082031,112.90405312433464,111.47664340235018,112.76379499182681,20220000
2021-04-15,113.82939910888672,114.3219058784051,112.30979984718752,112.8539977821875,27472000
2021-04-16,113.88391876220703,114.3141238754837,113.22423815007909,114.1436300005833,22596000
2021-04-19,114.11390686035156,114.90939126181928,113.39251439862029,113.59745647016446,24688000
2021-04-20,113.67923736572266,114.47075888720768,112.59281525845317,114.38600351805124,21774000
2021-04-21,113.66236114501953,113.76297551492375,111.94153324796781,113.26387409115428,23930000
2021-04-22,112.40495300292969,114.18138953638675,111.83646366637802,113.65938821302895,21096000
2021-04-23,114.75326538085938,115.27466934554911,112.91497305797371,113.17567504031858,28670000
2021-04-26,115.32025146484375,116.03991197289054,114.6808918770929,114.98272744216457,20834000
2021-04-27,114.34783172607422,115.85107284381077,114.20657531113694,115.77921191358622,31972000
2021-04-28,117.95552062988281,121.54725125812809,117.70473339279063,119.30536718417467,59728000
2021-04-29,120.43267059326172,120.7612705910687,119.06423499825172,119.4632211912161,39554000
2021-04-30,119.45281219482422,120.29638022814062,119.05829555078574,119.17377822445188,39142000
2021-05-03,118.71186065673828,119.92764301898141,118.18302255494322,119.08606388691861,33788000
2021-05-04,116.6837387084961,117.92330575704455,114.57482983512415,117.45146787437508,35120000
2021-05-05,116.8071517944336,118.06902890720526,116.5429860963777,117.38604751511454,21806000
2021-05-06,118.02689361572266,118.09430010868064,116.093341428123,116.50481371229871,20618000
2021-05-07,118.88630676269531,119.76456493700525,118.45560254083081,118.95123267698492,23272000
2021-05-10,116.05973815917969,117.86085958370218,115.71626982884389,117.70671629699916,26006000
2021-05-11,114.42910766601562,115.08531694947015,113.15236242932883,113.5914915197158,32110000
2021-05-12,110.97557067871094,113.26984181643944,110.52801666257322,112.09718207845329,34934000
2021-05-13,112.11006164550781,112.83521269642391,111.15597204723466,112.06643989798022,26670000
2021-05-14,114.79586791992188,115.04269227145842,113.16822025200835,113.59000046800689,26624000
2021-05-17,115.05608367919922,115.15173691156677,113.74712122573543,114.45686699986817,19842000
2021-05-18,114.16494750976562,116.13359071090044,114.15156150134483,115.82411678401493,17302000
2021-05-19,114.4266357421875,114.82561440477434,112.18688436270966,112.2304985477718,19350000
2021-05-20,116.77491760253906,116.98556192305593,115.04021212510841,115.38467870001604,23832000
2021-05-21,116.23023223876953,117.4147880812339,116.09492767851307,117.26560593626608,22832000
2021-05-24,119.28182983398438,119.86716894384901,116.97417285799465,117.31565974611614,21244000
2021-05-25,119.40076446533203,120.58135728965246,119.0994205046008,119.94248933736786,18838000
2021-05-26,120.61309051513672,121.07967986773825,119.57152295812017,119.58738197446492,21856000
2021-05-27,119.07565307617188,120.93376716169931,119.05037091467051,120.78210444355736,38962000
2021-05-28,119.52420806884766,120.34595779679334,119.33239487193728,120.0396601865711,24108000
2021-06-01,120.42871856689453,120.83320289058072,119.19311439951414,120.04162849091753,19166000
2021-06-02,120.00594329833984,121.03288452088951,119.15940310622467,120.70131235784183,17158000
2021-06-03,119.17971801757812,119.43422609027564,118.10023866142483,118.70440889622292,18346000
2021-06-04,121.51661682128906,121.62064954283319,119.83196888925907,120.06739623890059,25948000
2021-06-07,122.22686767578125,122.32153776535533,120.9869526849073,121.49482693521465,23850000
2021-06-08,123.05754089355469,123.63469715525575,122.33342592755342,122.91133089817407,25060000
2021-06-09,123.48129272460938,124.15535001723153,123.27957240724791,123.88275192780424,20126000
2021-06-10,124.97809600830078,125.06037079178914,123.61015200265925,123.61065114189174,31234000
2021-06-11,124.59795379638672,125.245246655623,123.82278297293935,125.14265085087479,25240000
2021-06-14,125.24772644042969,125.30670806541305,123.95413136775662,124.57119608467758,22550000
2021-06-15,124.93150329589844,125.75326042278563,124.55036511200447,125.41623555965785,22182000
2021-06-16,124.59795379638672,125.41772195586535,123.06491564361433,125.14413314320345,26316000
2021-06-17,125.26656341552734,126.08484931551105,124.41804177591209,124.42597506527514,25756000
2021-06-18,124.47008514404297,125.28440820894977,123.51401408324529,124.6068795606078,53306000
2021-06-21,125.3498306274414,125.92649531328948,124.04061854594865,124.6410755374934,26256000
2021-06-22,125.88956451416016,126.15770061864372,124.9250686232251,125.34486743929556,20984000
2021-06-23,125.35626220703125,126.67909461560616,125.1485900351794,125.4439897086147,19694000
2021-06-24,126.16959381103516,126.42088017782795,125.85040937938348,125.94309046479732,18934000
2021-06-25,125.88511657714844,126.3906539334085,125.33892961896906,125.84744668558378,33484000
2021-06-28,125.71114349365234,126.22411496807746,124.8728315327348,125.89006223256858,28110000
2021-06-29,124.91714477539062,125.89006554685616,124.34072209720667,125.66455290774036,20950000
2021-06-30,124.22077178955078,124.70054290172499,123.6671507599696,124.55536901390683,24006000
2021-07-01,125.26409149169922,125.35727172524521,123.75861171156227,123.75861171156227,17120000
2021-07-02,127.59404754638672,127.72193309129815,125.66109270168447,125.7309797697227,21160000
2021-07-06,128.6368408203125,128.7493589114114,127.28674473058427,128.31814796113062,21350000
2021-07-07,128.94064331054688,129.49812127449832,128.62591336850326,129.20184435673832,16680000
2021-07-08,128.0480499267578,128.89607249479124,126.92097823166611,127.12914957622154,19780000
2021-07-09,128.4420623779297,128.7146680593955,127.81658034132889,127.81757861991606,15106000
2021-07-12,129.4229278564453,129.62713634722823,128.46736340835238,128.69881280661625,16944000
2021-07-13,129.8496856689453,130.8880316902982,129.49529671527813,129.73766669366321,16618000
2021-07-14,130.9281463623047,131.83366061386502,130.74524963572966,130.74872848514352,17912000
2021-07-15,130.1192626953125,131.43615839405658,129.45661753868265,131.34198745716597,16586000
2021-07-16,130.6932373046875,131.02778166387637,129.67818452411032,130.4905262321742,14856000
2021-07-19,128.12437438964844,130.09995269015585,127.41364537521233,130.00926058837544,25710000
2021-07-20,129.95570373535156,130.84768063265506,128.0593226145956,128.86779200918573,19084000
2021-07-21,131.44161987304688,131.4582275989619,129.46009734005494,129.64397723436196,14742000
2021-07-22,132.1632537841797,132.33771051280502,131.24285614298154,131.49067121509853,13608000
2021-07-23,136.61154174804688,137.59537559015067,133.5232760492349,134.07788033070804,26378000
2021-07-26,138.42405700683594,138.49195507388194,136.44797973633214,137.04174371939246,23052000
2021-07-27,135.60093688964844,138.78735119655704,133.91927620849248,138.78735119655704,42164000
2021-07-28,135.18959045410156,138.45529275857675,135.15837155736574,137.35103016458848,54688000
2021-07-29,135.34716796875,135.95283560896715,134.94818934542886,135.1886685755518,19284000
2021-07-30,134.03919982910156,134.5847438947588,133.63595582360026,134.32667378141056,23954000
2021-08-02,134.8009796142578,134.83169936289886,133.49250890256997,134.30038837790948,20140000
2021-08-03,135.08895874023438,135.14396993832906,133.01078481298242,134.81140705339433,19064000
2021-08-04,134.8396453857422,135.34468351792717,134.23149719224827,135.05870699905262,16528000
2021-08-05,135.7432098388672,135.75311699831278,134.4149244523131,134.83967689742926,11866000
2021-08-06,135.83834838867188,135.88201551240275,134.85749433958995,135.10382713386807,13560000
2021-08-09,136.79591369628906,137.1126251384003,135.2364210496758,135.7521226886644,12374000
2021-08-10,136.8895721435547,137.34059738691133,136.02718053836261,136.87272241280922,16034000
2021-08-11,136.4861297607422,137.63425587862778,136.14960403851845,137.07444853873733,15204000
2021-08-12,137.18002319335938,137.20827750207,135.58360937491005,136.5094371244698,14646000
2021-08-13,137.19639587402344,137.46204386602918,136.79889947648823,137.14831212030333,12580000
2021-08-16,137.70191955566406,137.77576191562815,134.97571165727643,136.7939247357123,18040000
2021-08-17,136.10057067871094,137.50617736094372,135.59205355123146,136.98327594470064,21272000
2021-08-18,135.37643432617188,137.08536621500676,135.22873447579948,135.91715341997238,14934000
2021-08-19,135.71690368652344,136.25069525641123,134.17302073841807,134.28354225951892,18296000
2021-08-20,137.22708129882812,137.40303542499598,135.2742975445923,135.8849111501451,15564000
2021-08-23,139.86634826660156,140.93443073430424,137.53535262573024,137.7837122394055,21090000
2021-08-24,141.1539764404297,141.75766266709394,140.11811125619684,140.3064531306813,15126000
2021-08-25,141.7006378173828,142.06047179211285,141.1946014382921,141.63422205517014,12838000
2021-08-26,140.88087463378906,141.88382679240712,140.84965574562324,141.37204273233985,14922000
2021-08-27,143.28717041015625,143.74364079129933,140.77878406407504,140.870474426595,24562000
2021-08-30,144.19815063476562,145.20924046509765,143.33625807710695,143.4398370433749,16916000
2021-08-31,144.19070434570312,144.8350174593446,143.73273654311058,144.60951240719942,26756000
2021-09-01,144.56736755371094,145.5373160370774,144.34186250999284,144.37704426139723,15824000
2021-09-02,142.95855712890625,145.04615401224612,142.84705245039112,144.67393227681757,21844000
2021-09-03,143.50970458984375,144.10644825452738,142.2508148929482,142.886204036132,19104000
2021-09-07,144.24720764160156,144.54954990425566,143.2777581952785,143.48443209977125,15170000
2021-09-08,143.6172332763672,144.27889516456247,142.93970481323268,144.12277048722902,15486000
2021-09-09,143.64700317382812,144.39639272351542,143.171701585184,143.61726657367302,14798000
2021-09-10,140.6806640625,144.74284095381356,140.50272847516052,144.17237014353682,32896000
2021-09-13,142.21116638183594,142.93081935860877,141.03900582596071,141.949481265479,20176000
2021-09-14,142.1526641845703,143.46260205833164,141.65653495187883,142.90105534046012,18916000
2021-09-15,143.93690490722656,144.30912657642526,141.01269069584652,142.50256052549176,20648000
2021-09-16,143.11172485351562,143.93099387588092,142.16293675723705,143.85268951459992,20292000
2021-09-17,140.22715759277344,142.98880441337624,139.82866295123725,142.54174200846145,60040000
2021-09-20,137.80203247070312,138.14451762607175,135.85519274968732,137.78537937013954,34918000
2021-09-21,138.42601013183594,139.5809274290522,137.69148902298508,138.892402751403,18130000
2021-09-22,139.70675659179688,140.3461086397524,138.25282435593874,138.82651689975006,22068000
2021-09-23,140.58700561523438,141.00923210218252,139.86337460722532,140.37189169449726,17272000
2021-09-24,141.38645935058594,141.65460306918132,139.6195362391874,139.7142063392939,14950000
2021-09-27,140.2643585205078,141.2546207382182,139.2720997454011,140.34810805310997,18844000
2021-09-28,134.99383544921875,138.38642536252962,134.51405662003145,137.8729470619858,42190000
2021-09-29,133.34530639648438,136.19765997583596,133.0766787606307,135.91138096323448,26338000
2021-09-30,132.100830078125,134.40500859382666,131.83764750927674,133.15106465674455,35294000
2021-10-01,135.26986694335938,135.87305410284495,132.2118370647147,132.38729209242433,28388000
2021-10-04,132.59593200683594,134.51401824675966,130.0201466219527,134.5135191075148,31530000
2021-10-05,134.98684692382812,136.16148788193988,132.82887145671867,132.82887145671867,24126000
2021-10-06,136.15357971191406,136.64722846150278,133.31113275703282,133.44892544964407,19764000
2021-10-07,137.96905517578125,138.92953517747364,137.35199808771898,137.64937918901305,18250000
2021-10-08,138.8319549560547,139.09067547228446,138.2107837101895,138.68327195842016,18924000
2021-10-11,137.634033203125,139.53343976320886,137.59339116336497,138.5782081372301,16584000
2021-10-12,135.51817321777344,138.47412137248665,135.0592222183902,138.4171136172655,22536000
2021-10-13,136.69479370117188,137.339121992083,135.77937228699494,136.546110701579,16380000
2021-10-14,140.17613220214844,140.41354102767477,138.12125112412178,138.72888521865985,21426000
2021-10-15,140.4368133544922,140.9572189889702,139.83164479565173,140.9572189889702,21250000
2021-10-18,141.7110595703125,141.74897902693485,139.97933379921162,139.97933379921162,16564000
2021-10-19,142.56503295898438,142.84753062522162,141.845364973785,142.0391671153226,15316000
2021-10-20,141.1703338623047,142.98707979248542,140.67173911038583,142.9620472019495,17940000
2021-10-21,141.5326690673828,141.6010662824149,140.39915387682134,140.94931130768418,14850000
2021-10-22,137.4134521484375,140.32131626970926,135.97166580894276,139.1243652827816,30182000
2021-10-25,137.56016540527344,137.98918316834994,135.5533684178351,137.59734371798118,21082000
2021-10-26,138.45130920410156,139.60860139837445,137.7906303254033,139.3771520347792,28258000
2021-10-27,145.14781188964844,147.81478924467265,138.6798276249566,138.6798276249566,51850000
2021-10-28,144.85186767578125,146.1360470306337,143.49830796827857,146.01164035948744,32418000
2021-10-29,146.9746856689453,147.31420631272172,143.89782426568743,144.24823522280278,28954000
2021-11-01,142.51747131347656,147.10254969039428,142.32466741929483,146.87008691094192,32272000
2021-11-02,144.5882568359375,145.63651011947607,143.37693621646122,143.54386053882547,21150000
2021-11-03,145.507080078125,145.62654072823915,143.78576071057103,144.996581673212,17886000
2021-11-04,147.38356018066406,148.63948534062936,145.35345488499934,145.9135193986106,24700000
2021-11-05,147.93667602539062,149.25481203480683,147.35281923055575,148.04819583441935,20408000
2021-11-08,148.04620361328125,149.7144932484363,147.81672057798045,148.68903442004924,18388000
2021-11-09,147.94410705566406,149.06422083042546,146.21782651785716,148.4372566000881,16876000
2021-11-10,145.3445281982422,147.40039185353228,144.054888607296,146.7161778740096,22708000
2021-11-11,145.4654998779297,147.20441065890915,145.4124701021863,145.821355991425,12464000
2021-11-12,148.337646484375,148.5497806809216,145.17404118802602,146.53950476930524,17048000
2021-11-15,148.0823974609375,149.16188442867957,147.35332138001854,148.68904829396303,16248000
2021-11-16,147.7731475830078,148.52303635922385,147.05349454973532,147.86681939693952,17254000
2021-11-17,147.75926208496094,148.31834350756205,147.2646301372862,147.92480996176664,15290000
2021-11-18,149.39186096191406,150.28498753659937,147.69631503494537,147.8425174714531,26658000
2021-11-19,148.64195251464844,150.52287550030653,148.57751817812073,149.6802982349045,19766000
2021-11-22,145.7930908203125,149.4270516019873,145.72071562587195,148.8295667679663,24608000
2021-11-23,145.47438049316406,146.40318781426174,143.62319415900308,145.82727191610493,18126000
2021-11-24,145.43524169921875,145.7152739629577,143.93001912396514,145.07096077451914,16464000
2021-11-26,141.55795288085938,144.02718023173077,141.24025823291018,143.74814619700564,16992000
2021-11-29,144.83700561523438,145.57846940720174,143.03736661496774,143.03736661496774,26276000
2021-11-30,141.20700073242188,145.34699758510342,140.82437270365327,144.17905717725165,41590000
2021-12-01,140.3802947998047,145.21878422121605,140.26332983769018,142.95211730119058,28476000
2021-12-02,142.51995849609375,143.41060453293966,139.74987144640286,140.58452312776336,21250000
2021-12-03,141.27490234375,143.9438754686924,139.9163814707678,143.23264743291554,26688000
2021-12-06,142.53976440429688,143.08992177110022,139.41779944965904,142.3192204688129,22198000
2021-12-07,146.74270629882812,147.00390738431344,144.4291050922199,144.67443959952038,23258000
2021-12-08,147.42071533203125,147.8528942461823,145.91349647376214,147.03510761714773,18964000
2021-12-09,146.8115997314453,148.29749189238427,146.2396466565278,146.88098008672765,18580000
2021-12-10,147.3756103515625,148.09426490712136,146.0696202236991,147.79689895333422,21634000
2021-12-13,145.42234802246094,147.26411139234938,145.0808611410493,147.14664728635466,24104000
2021-12-14,143.70350646972656,144.17088231447653,140.99933638390345,143.5047582949688,24778000
2021-12-15,146.08055114746094,146.22799386482097,141.45830968573367,143.10428951631962,27280000
2021-12-16,143.57269287109375,147.2532407709329,142.83321031896136,146.78288509648698,27400000
2021-12-17,141.55494689941406,143.1975688935225,140.54881823987355,141.4672193895998,43404000
2021-12-20,141.15695190429688,141.36412493491144,139.02425098514053,139.45009237405213,20264000
2021-12-21,142.96006774902344,143.42748899134267,140.49628603975955,141.89891277709864,19548000
2021-12-22,145.6647491455078,146.01564412086478,142.70483757075962,142.8406488550275,18438000
2021-12-23,145.8565216064453,147.27412246393868,145.6665461813083,145.80397585589387,13818000
2021-12-27,146.76995849609375,147.1292933751193,145.96307722082767,146.1747122600719,13256000
2021-12-28,145.1680908203125,147.07775227233543,144.6600729264541,147.07775227233543,18624000
2021-12-29,145.22410583496094,145.89741447841328,144.23284546750517,145.14976433248833,17022000
2021-12-30,144.7264862060547,145.77721971730963,144.4846154226943,145.1700697507742,12978000
2021-12-31,143.41506958007812,145.08584014533076,143.41308814822392,144.27201616887373,17298000
2022-01-03,143.8065948486328,144.27794871002374,142.24834251386997,143.21283085983964,25214000
2022-01-04,143.1543426513672,145.32866878647042,142.55923255428652,144.27843445959797,22928000
2022-01-05,136.45045471191406,143.03688457937403,136.32158603124802,142.92090276677456,49642000
2022-01-06,136.34884643554688,138.46519694933468,135.56823799024903,136.29581666924227,29050000
2022-01-07,135.80711364746094,137.04643094308852,134.60223695769824,136.69974094439345,19408000
2022-01-10,137.3629150390625,137.42833253415026,131.97689981922537,133.91827931737623,34096000
2022-01-11,138.79379272460938,139.1030624332411,135.61779988412613,136.97284196302226,23502000
2022-01-12,140.4100341796875,141.56610118620915,139.87872313538554,140.31736065879366,23642000
2022-01-13,137.91506958007812,141.93413987304632,137.6999707578909,140.60089321103132,26566000
2022-01-14,138.5648193359375,139.96646297738798,136.29830342554695,136.29830342554695,23826000
2022-01-18,135.09939575195312,136.1907715839378,134.43178925937272,135.40620009504752,27382000
2022-01-19,134.4664306640625,137.18993095430727,134.31576624261018,135.7417011555704,20796000
2022-01-20,132.33970642089844,136.70670639851258,131.98087064123405,135.32092932478682,21930000
2022-01-21,128.9550323486328,133.58273391834695,128.86483939718505,131.84951065716953,41920000
2022-01-24,129.2325897216797,129.63554637527668,123.5526267178376,124.9260613868278,55148000
2022-01-25,125.62788391113281,128.20813925032962,125.27351011926257,127.31303119496705,36008000
2022-01-26,128.11048889160156,131.64679978934083,126.04222218187327,129.4511618159636,39630000
2022-01-27,127.9925308227539,131.45099126137504,127.81807408194668,130.2129443436922,30248000
2022-01-28,132.12460327148438,132.2048890688023,127.56976068807809,128.86384734239766,30518000
2022-01-31,134.5125274658203,134.65626443383368,131.1179573029971,133.02513798633672,34056000
2022-02-01,136.67347717285156,136.99217002041328,133.39216600293983,136.63036969228438,51204000
2022-02-02,146.74270629882812,150.7706995972964,144.28536811177133,150.53625540104753,89750000
2022-02-03,141.40379333496094,147.81448156846176,140.96219116981342,144.02518226638006,56930000
2022-02-04,141.76608276367188,143.2720463118763,138.59553527124012,141.76706591669384,49224000
2022-02-07,137.72372436523438,142.58931855501405,137.48681473123284,142.45302329152761,44610000
2022-02-08,137.99632263183594,138.61496794140365,135.67677707540824,137.7765198485632,34256000
2022-02-09,140.21676635742188,140.93295565764288,139.15016612756583,139.61878232396384,28628000
2022-02-10,137.3911590576172,140.1949454330574,136.84349738235358,138.28082189669502,33018000
2022-02-11,132.95774841308594,138.06595460698603,132.12359597636294,137.53736614289497,38808000
2022-02-14,134.11752319335938,134.9764511004413,132.1369840016216,132.1999209241808,26792000
2022-02-15,135.23321533203125,136.69481634903008,134.35495695952486,136.2700638885681,26578000
2022-02-16,136.28591918945312,136.74040821714294,133.6453512489569,135.23815015570287,25610000
2022-02-17,131.15219116210938,135.64358314019836,131.046615627387,134.96011011906668,30968000
2022-02-18,129.3272705078125,132.65444247359721,129.16822656940113,131.8748171039847,31858000
2022-02-22,128.27154541015625,130.74797163059685,126.62456754291871,128.84895871632216,38906000
2022-02-23,126.46995544433594,130.5975575810972,126.38917050595404,129.93293092364752,26432000
2022-02-24,131.5139617919922,131.8742949430465,123.67409527557949,123.90753362032183,43166000
2022-02-25,133.3438262939453,134.20573380818203,130.61339876055874,132.35851039474687,26236000
2022-02-28,133.71212768554688,134.45507392767942,131.6644311687988,132.11966138621904,29676000
2022-03-01,132.99539184570312,134.92140355206135,132.21278699162667,133.30466150518598,24640000
2022-03-02,133.57382202148438,134.4302694393548,132.26634930376272,133.43182445231696,23966000
2022-03-03,133.1342010498047,135.51898276008464,132.264866764264,134.79010324923786,19780000
2022-03-04,130.96730041503906,133.02615927362388,129.26877475452406,132.21679733647423,24446000
2022-03-07,125.3592529296875,130.75122042015911,125.30523244376818,130.75122042015911,39178000
2022-03-08,126.16613006591797,130.0994533159502,124.76076566466169,125.14711457764885,35250000
2022-03-09,132.69606018066406,133.02565849415632,128.9510785630642,130.25160868049826,32258000
2022-03-10,131.52243041992188,132.37143619189598,130.25261993073107,130.31357543234435,24266000
2022-03-11,129.33518981933594,133.02714169352703,129.157753361994,132.8283935007495,26600000
2022-03-14,125.6333236694336,129.880877842223,125.30819493763482,129.43183400562268,30254000
2022-03-15,128.52731323242188,129.37656085279806,125.46183440282367,126.62507842505924,30292000
2022-03-16,132.52210998535156,132.6018966496122,128.07184429712046,129.85511783828895,32058000
2022-03-17,133.42413330078125,133.56192599177672,131.55907670847736,132.1558204008862,23994000
2022-03-18,135.6059112548828,135.716931938303,131.77023739531847,132.71391320438985,45900000
2022-03-21,135.2857208251953,136.38007608151847,133.43503346696508,135.65149914733792,26632000
2022-03-22,139.05149841308594,140.26331763191723,135.3070166555244,135.3070166555244,29776000
2022-03-23,137.29299926757812,138.80120127518398,136.9589541446957,137.9224591649689,25302000
2022-03-24,140.0769805908203,140.16074523739468,136.83298365244158,138.05531524933818,20544000
2022-03-25,140.28466796875,140.7188435628648,138.47858522475192,140.5151342125238,19270000
2022-03-28,140.7093963623047,140.7356692373456,138.60609919214602,139.45495355033347,23774000
2022-03-29,141.998046875,142.90257800561594,141.23873502442558,141.90933621179371,28678000
2022-03-30,141.39784240722656,142.22653463524617,140.92550538275776,141.62136605739948,21046000
2022-03-31,138.42901611328125,141.3978359849294,138.39878037391185,141.20354980573987,29516000
2022-04-01,139.47032165527344,139.71813673110918,137.58395341901516,138.78634962589769,23480000
2022-04-04,142.3871307373047,142.7848691519828,139.5937504452006,139.5937504452006,19076000
2022-04-05,139.83016967773438,142.33507757584036,139.71170728343233,142.14625166541305,19256000
2022-04-06,135.9771270751953,138.6262710120673,135.22586195086694,137.94527864876952,23574000
2022-04-07,135.27236938476562,136.49807420581897,133.67867783446346,135.42403213022075,19448000
2022-04-08,132.83929443359375,135.05922394412897,132.58355361703886,135.05922394412897,16434000
2022-04-11,128.66212463378906,131.77735889950998,128.48468817442233,131.73850166107223,24188000
2022-04-12,127.2525405883789,131.26614950943943,126.46101918631918,131.26614950943943,23004000
2022-04-13,129.14735412597656,129.51387364429752,127.31610269800372,127.50235729310955,19542000
2022-04-14,126.14085388183594,129.5678912671287,126.00059574301706,129.50767691895246,23484000
2022-04-18,126.8426742553711,127.58711785547051,125.47221163900296,126.29649484134393,14918000
2022-04-19,129.3902130126953,129.75969708694345,126.33762083819697,126.95765014528786,22720000
2022-04-20,127.12468719482422,130.7705368579504,126.7763106432585,130.13662993181907,22610000
2022-04-21,123.8455810546875,129.16864391050677,123.56059523713984,128.21952308408018,30158000
2022-04-22,118.56861877441406,124.35560195570865,118.0992614566477,123.9075488106107,46410000
2022-04-25,122.1728286743164,122.2005838409631,117.73123817655832,118.38571559388944,34522000
2022-04-26,118.46155548095703,121.6772073061034,118.12041647623758,121.6772073061034,49394000
2022-04-27,114.01526641845703,116.47309638579071,112.13559101242998,113.37342622036772,62238000
2022-04-28,118.36787414550781,119.38589886099847,114.13757083499824,116.09144379779701,36790000
2022-04-29,113.96173095703125,117.92032887391979,113.69161342251412,116.55041089872682,33694000
2022-05-02,116.1330795288086,116.31398725436168,112.40841929060487,112.91099200888189,30280000
2022-05-03,117.09707641601562,118.25734820675407,115.60770550361262,115.74449989906874,21216000
2022-05-04,121.50373077392578,122.06676742255586,114.72698509771935,116.97218911888818,33232000
2022-05-05,115.7261734008789,120.1737160552426,114.17584682734919,119.1698108537917,43090000
2022-05-06,114.64917755126953,116.4716031393066,113.14542970751592,114.50940342649268,35310000
2022-05-09,112.09567260742188,114.55290473626259,111.56782531963322,112.31325193101749,34520000
2022-05-10,113.58307647705078,115.6711651660785,112.39237215455056,115.02634527678873,31158000
2022-05-11,112.96502685546875,115.65134167624763,112.6567478305693,112.71672017478961,36502000
2022-05-12,112.17201232910156,113.85268984811408,109.15114589425238,110.95970137939482,41464000
2022-05-13,115.49720001220703,117.05297934413852,113.00368165888769,113.8417894542764,29738000
2022-05-16,113.78924560546875,115.58837781704256,113.33573980585449,114.37557537797808,23282000
2022-05-17,115.68156433105469,116.20296821909585,114.32948684915958,116.20296821909585,21576000
2022-05-18,111.41866302490234,114.68451639671322,111.16192391499435,114.23037525290574,27982000
2022-05-19,109.77761840820312,112.59478308047197,109.5025472995803,110.86354880760791,29192000
2022-05-20,108.3576431274414,111.56635230691289,105.4433353596284,111.10591146366372,37586000
2022-05-23,110.69056701660156,111.02660874276785,108.20027805318017,109.14172276402795,31558000
2022-05-24,105.00025939941406,105.46515475333149,101.31475065977388,105.44781344270986,60386000
2022-05-25,104.91448974609375,105.61352666861697,103.30047012160159,104.22308360354745,37900000
2022-05-26,107.34953308105469,108.00302742382456,104.5660752306155,105.123659201264,30288000
2022-05-27,111.81317901611328,111.88156865908103,108.59257361671678,108.82898412641175,29924000
2022-05-31,113.0423355102539,115.41590903945942,111.58865293673742,112.09072652383227,51302000
2022-06-01,113.13948822021484,116.37298064258923,112.55811194412158,113.92704683903948,28630000
2022-06-02,116.7169418334961,116.8676138282516,112.3177249482232,113.19003888503391,27472000
2022-06-03,113.562744140625,115.34750722200333,112.67457125119873,114.97875676930337,25052000
2022-06-06,115.98786926269531,118.35499950363368,115.50988289650353,115.72221372284406,23786000
2022-06-07,116.2049560546875,116.7195686521711,114.11934795030164,114.63728058026761,26414000
2022-06-08,116.21338653564453,117.60908590745517,115.67686472294142,115.8550498917262,22544000
2022-06-09,113.91365051269531,117.31565507826107,113.86309375678752,115.32470961127908,23142000
2022-06-10,110.45365142822266,112.50506830457249,109.89210466429391,111.79557213399156,31324000
2022-06-13,105.94243621826172,108.2639631611865,105.65650505020588,106.50695515709816,36756000
2022-06-14,106.25715637207031,107.50961018600047,105.42251235956631,105.95581239517377,25480000
2022-06-15,109.42572021484375,111.08360362863755,107.17382329514972,107.94774624521392,33192000
2022-06-16,105.70405578613281,108.33535205267404,104.86792931261074,107.20432497668162,35314000
2022-06-17,106.92279052734375,108.29468989789292,104.70538707070985,105.60392092138662,43516000
2022-06-21,111.03601837158203,111.6882647846773,108.33830693894201,108.74323742414532,39010000
2022-06-22,111.05487060546875,112.77520724199822,109.75661677337293,110.19148813243373,23922000
2022-06-23,111.69967651367188,112.20720283218014,110.05864273499675,111.96285147318207,24710000
2022-06-24,117.50202178955078,117.60064717308863,112.61014680197275,112.61014680197275,39122000
2022-06-27,115.60325622558594,118.20779518098458,114.98694023209232,117.89554575477695,32840000
2022-06-28,111.58766174316406,116.82646850636334,111.4612736345962,115.3341253352535,28232000
2022-06-29,111.27542114257812,112.67111291470273,110.57906133031314,111.16836332743853,18628000
2022-06-30,108.4166259765625,110.35682581937664,106.37215139594988,109.53377536139816,38046000
2022-07-01,108.12767028808594,108.84668040612429,106.16894191565952,107.39016932891914,31028000
2022-07-05,112.89167022705078,113.05581898669575,105.32091465107848,106.57486597061106,36398000
2022-07-06,114.20657348632812,115.33511980725181,111.26947165706461,113.094876897038,28852000
2022-07-07,118.26332092285156,118.81446149997912,114.52428329874799,114.9941473543542,32184000
2022-07-08,119.11827850341797,119.38244419762943,116.48697492046105,116.5226633805522,29082000
2022-07-11,115.50413513183594,117.75628183029939,115.21865014976669,117.61304398133936,26718000
2022-07-12,113.84575653076172,116.81953753955206,113.61330132327477,115.81737176654475,24970000
2022-07-13,111.20653533935547,114.15058015854204,110.84571809969653,111.6545885224113,38958000
2022-07-14,110.46604919433594,111.0087648084066,108.37002737400046,109.85740938629277,32366000
2022-07-15,111.78145599365234,113.0041808582073,110.84521438961647,111.97574217835538,34330000
2022-07-18,108.94943237304688,113.796695043009,108.34476293413641,112.448580316525,33354000
2022-07-19,113.6182632446289,113.80659756716412,109.5342679086254,110.75352145818985,30992300
2022-07-20,113.69756317138672,115.31332243960075,112.27015335916981,113.06315712979774,26780100
2022-07-21,114.03459167480469,114.2031041194054,110.93194949907256,114.0841501547198,27267800
2022-07-22,107.4129638671875,112.19083808409249,106.65960394158678,110.83280878649478,44455300
2022-07-25,107.26427459716797,109.61356419661585,106.0747652795352,107.92841717346766,28289900
2022-07-26,104.51850128173828,106.79839571396627,103.84444389248894,106.49110740331565,36626600
2022-07-27,112.60717010498047,113.40018138089451,107.47244137836292,108.64212885084231,41474600
2022-07-28,113.5885238647461,113.69756311209201,110.87346324380916,111.814174431135,23303800
2022-07-29,115.62060546875,115.87833527474658,112.24041164148979,112.40892408426146,31336200
2022-08-01,114.47074890136719,116.0964152754024,113.6876523149074,114.52030738139145,22856200
2022-08-02,114.88707733154297,116.05676485981884,113.26141094481602,113.42992339110344,17911000
2022-08-03,117.74189758300781,118.3763035719251,115.13488570863572,115.32322002356321,25302800
2022-08-04,117.83112335205078,118.45561466494495,116.6812576883792,117.26610524151326,15757700
2022-08-05,117.18679809570312,117.82120410552957,115.68999287124562,115.90807135513276,15615700
2022-08-08,117.10749816894531,119.80372755457819,116.80020987782504,118.07893664804281,17061100
2022-08-09,116.47309112548828,117.16697034540468,115.54130397641516,116.95880657942975,15424300
2022-08-10,119.59556579589844,120.71568729744143,118.316839004199,118.54482465540326,20497000
2022-08-11,118.77281188964844,121.27078458211875,118.50517492937938,121.01306234266443,16671600
2022-08-12,121.57807159423828,121.57807159423828,119.3477360240482,120.10109593420609,16121100
2022-08-15,121.80606842041016,122.18275219149204,120.50751978906892,121.14192580458801,15525000
2022-08-16,121.4393081665039,122.15102783749656,120.47283083325728,121.25096627904998,15626200
2022-08-17,119.26844787597656,121.08245617512615,119.14949390853977,119.87311730902643,17589200
2022-08-18,119.80372619628906,120.62647409971393,118.50517756121542,119.17923489998142,15652000
2022-08-19,117.0876693725586,118.95123601420339,116.64159769987579,118.82237489776573,20187000
2022-08-22,114.06432342529297,115.48182596931335,113.66781778924998,115.08532033327036,19316000
2022-08-23,113.76695251464844,114.91681820606638,113.30106648041874,113.32088836077709,14390700
2022-08-24,113.69756317138672,114.70568085192761,112.78560543194213,113.44974807505614,16051200
2022-08-25,116.67134857177734,116.75065122054008,114.04451450528394,114.14363903487894,14874700
2022-08-26,110.32727813720703,115.58095336682116,110.24797549547978,114.79785679587586,31698700
2022-08-29,109.37567138671875,110.98151599371998,108.85030457283722,109.81182839268085,20386100
2022-08-30,108.94943237304688,110.3966716253307,107.84913274242072,110.05963916235143,20548200
2022-08-31,108.1960678100586,110.79316506519726,108.09694328843096,110.65438922237533,25898000
2022-09-01,109.58383178710938,110.24797438879705,107.24445681865134,108.24562430022252,22784400
2022-09-02,107.73017883300781,110.69900640559354,107.18498259673446,110.36692752177106,20618100
2022-09-06,106.5406723022461,107.92843082747751,105.57914849353807,107.18994666141867,20565100
2022-09-07,109.51445007324219,110.01998742171664,106.67448364033939,106.8182206305124,22987200
2022-09-08,108.46371459960938,109.61358033025277,107.11559980775287,108.22581421361026,21660700
2022-09-09,110.80308532714844,111.0211638232645,109.0386430407062,109.08820908535681,21732900
2022-09-12,110.89230346679688,111.65557064579893,109.96051627243985,111.01124987443963,19732900
2022-09-13,104.38961791992188,108.41413980912984,104.08232965244561,107.93833154598086,33015000
2022-09-14,104.94473266601562,105.17271830420144,103.58670330678432,104.51849042645514,22115800
2022-09-15,102.99195098876953,105.28175995744031,102.40710345470403,104.09225057279176,26494900
2022-09-16,102.72430419921875,103.12080983960833,100.96482318207336,102.07007632088461,64540100
2022-09-19,102.9423828125,103.11089525200045,101.47532177269501,101.64383421219546,19738600
2022-09-20,100.9400405883789,102.26832579217736,100.23624666600145,101.98085939074723,24001700
2022-09-21,99.13594818115234,102.58552991044783,99.11611873933923,101.34645449219477,26596800
2022-09-22,99.69105529785156,100.79135491565997,98.54119719907884,98.5808409587637,21272700
2022-09-23,98.30327606201172,99.23506310650781,97.15341811767111,99.18549706948401,25657000
2022-09-26,97.94644165039062,99.5622010076315,97.5201993587078,97.74819258748944,22437900
2022-09-27,97.23272705078125,99.58201687412073,96.48928176573014,99.03682820271315,24225000
2022-09-28,99.85956573486328,100.51380119723433,96.94526544286548,97.16333636760619,24617000
2022-09-29,97.23272705078125,98.43215876585425,95.67644855658291,98.43215876585425,21921500
2022-09-30,95.30968475341797,98.62446113883124,95.19073078810577,96.87587793113846,26277800
2022-10-03,98.4321517944336,99.09629438698964,96.17207193526565,96.37032853486774,24840000
2022-10-04,101.51497650146484,101.82226479119078,100.1569470936632,100.1569470936632,22580900
2022-10-05,101.32664489746094,101.84209700635007,98.86831564201552,99.81001761168504,18475500
2022-10-06,101.3464584350586,102.82344183623366,100.61292787647545,100.61292787647545,17156200
2022-10-07,98.69979858398438,100.53362882739174,98.34294423186311,99.77036164034816,24249900
2022-10-10,97.84730529785156,99.1161172976527,97.01465025900059,98.9773414578442,16529900
2022-10-11,97.19307708740234,99.2449856406713,96.40006580887531,97.39132612567609,21617700
2022-10-12,97.4408950805664,98.77711360406128,96.81639622216805,97.41115091749141,17343400
2022-10-13,98.83856201171875,99.65139514210331,94.43736393061825,95.09159934817245,32812200
2022-10-14,96.33067321777344,100.40475352727451,96.18198266492067,99.74556454104261,22624800
2022-10-17,99.89921569824219,100.88056131574014,98.64031839601482,98.65022555424358,23311600
2022-10-18,100.5038833618164,103.30915188587447,99.77035284168623,103.03160020597203,21610500
2022-10-19,99.41349792480469,100.77052900077092,98.76422362834491,99.81991072144835,21573700
2022-10-20,99.65139770507812,102.09981187960416,99.09629435182123,99.93886410236215,25125100
2022-10-21,100.59310913085938,100.73188498240941,97.37151281768823,97.59949847549899,28988700
2022-10-24,102.0700912475586,102.19895238537546,99.42342762218934,101.1977771985916,24680800
2022-10-25,104.01294708251953,104.18145952413974,102.11963621568823,102.39719546171206,29910200
2022-10-26,93.99130249023438,97.67879206125822,93.7434874122109,95.91434991576565,71504300
2022-10-27,91.79070281982422,94.33824150364586,91.09682363073505,93.48575703549861,54036500
2022-10-28,95.73593139648438,96.01348309888293,91.5161321159903,91.72132374513139,35696900
2022-10-31,93.83270263671875,95.50792738337242,93.55514340296992,94.94290932085073,29868700
2022-11-01,89.70906829833984,95.32455950321499,89.6396803712255,94.75458022225288,43220600
2022-11-02,86.30903625488281,90.50207076012538,86.24956305541087,90.11547983812552,43553600
2022-11-03,82.76033020019531,85.79359222261678,82.72067887594022,85.59038202182825,48510400
2022-11-04,85.94226837158203,85.9720125344355,83.14691451793607,84.76267371074536,40173300
2022-11-07,87.8752212524414,88.16268762781351,86.19998903699258,86.57666520331702,26899900
2022-11-08,88.13296508789062,89.61489453387718,86.88397487633817,88.38078018590487,30172000
2022-11-09,86.63614654541016,88.7078768182666,86.59649522825828,87.77113619336035,26743900
2022-11-10,93.34699249267578,93.7236762946595,90.84901954698381,91.53298409821265,42371200
2022-11-11,95.8846206665039,96.50911198841588,93.33708177164883,93.88227044746247,30569100
2022-11-14,95.19072723388672,96.33067811340389,94.28174170277006,94.66536047479416,24170100
2022-11-15,97.85722351074219,99.54236309010463,96.17207636866341,97.80765746787775,31831000
2022-11-16,98.12486267089844,98.9773472007372,97.04637392103429,97.16333889449542,24660200
2022-11-17,97.63914489746094,98.61058337225928,96.25137888891315,96.33068153230819,21818700
2022-11-18,96.94526672363281,98.29338142507163,95.8945255940689,98.14469085777597,24969900
2022-11-21,94.99247741699219,97.85721911072903,94.8338721371305,96.70735351987976,18696900
2022-11-22,96.47937774658203,96.69546725281786,93.58489915764692,95.31960487921455,18868900
2022-11-23,97.95633697509766,98.2031613202823,96.48926848689915,96.48926848689915,17568900
2022-11-25,96.74701690673828,98.07530982174696,96.6776289788233,97.60445506512711,8567800
2022-11-28,95.4088134765625,96.97500672322975,95.05195912763283,96.3505078312445,19974500
2022-11-29,94.60589599609375,95.54759036096118,93.5650695400051,95.16099940589208,20220000
2022-11-30,100.56336212158203,100.56336212158203,93.84261798223852,94.28868968907493,39888100
2022-12-01,100.39485168457031,101.69340038310222,99.79018223806692,100.51380565465377,21771500
2022-12-02,99.94877624511719,100.2659792334706,98.3032805436667,98.50153713808496,18821500
2022-12-05,98.9971694946289,100.86073614755388,98.48667104199517,98.94264987528375,19955500
2022-12-06,96.45953369140625,99.3341899642338,95.91434508484375,98.79890851513773,20877600
2022-12-07,94.31842803955078,96.45954655883867,94.19452049025098,95.92426503833754,26647900
2022-12-08,93.12890625,95.032131857251,92.98022324864279,94.8537046929061,25593200
2022-12-09,92.25660705566406,93.66419503806131,92.20704100954039,93.07935501992942,21885300
2022-12-12,92.74232482910156,93.05457428939641,91.0968364227488,92.27643120984163,27380900
2022-12-13,95.01229095458984,98.9277733768844,94.54639743929141,97.21288986182863,34788500
2022-12-14,94.4770278930664,96.37033891901655,93.11900596236268,94.70502111649667,26452900
2022-12-15,90.40293884277344,93.20820738464596,89.63967171819472,92.72249194173223,28298800
2022-12-16,90.06591796875,90.94813909445821,89.22334816543183,90.40294286499068,48485500
2022-12-19,88.37086486816406,90.40294412053998,88.14783279399941,90.08574109973067,23020500
2022-12-20,88.84664916992188,88.99533971274356,87.27054907907153,87.95452103842214,21976800
2022-12-21,89.46125030517578,90.12043937284517,88.13296501108101,88.94579822935069,20336400
2022-12-22,87.4886245727539,88.40058211254913,86.18016145309102,88.15276707047119,23656100
2022-12-23,89.02508544921875,89.31255184479825,86.85423052690912,86.85423052690912,17815000
2022-12-27,87.16151428222656,88.71779257573928,86.76996981018546,88.52945070774416,15470900
2022-12-28,85.70437622070312,87.74637029478305,85.61516641174248,86.73528797964435,17879600
2022-12-29,88.172607421875,88.58398138544919,86.22973799240216,86.26938931496893,18280700
2022-12-30,87.95452880859375,88.05365332499343,86.26938177893565,86.60145306836833,19190300
2023-01-03,88.91604614257812,90.74988375306502,88.24198883411617,89.04491482208975,20738500
2023-01-04,87.93470001220703,90.44258735280854,87.03265707482767,90.2146017196898,27046500
2023-01-05,86.01166534423828,87.4390828027708,85.80350155865513,87.30030694571536,23136100
2023-01-06,87.38951110839844,87.6967993793261,84.82214301552322,86.59649984848183,26612600
2023-01-09,88.02392578125,90.03618316575376,87.80584728510773,88.41547030825699,22996700
2023-01-10,88.46006774902344,88.6930145263698,85.94226565972788,85.9620951010045,22855600
2023-01-11,91.45367431640625,91.6420086244184,88.95569420938985,89.2728971922013,25998800
2023-01-12,91.10673522949219,91.81052911508529,89.77844253240194,91.59245064521109,22754200
2023-01-13,91.98896026611328,92.16738742533943,90.13530075430361,90.72807399921969,18630700
2023-01-17,91.35455322265625,92.15747164861544,90.04608236151395,91.969129770836,22935800
2023-01-18,90.97787475585938,92.77007215816556,90.60119854111935,92.1277404051443,19641600
2023-01-19,93.08926391601562,93.5749793742201,90.58136885581224,90.59128357695987,28707700
2023-01-20,98.4123306274414,98.55110647747289,95.07178794247635,95.11143170301396,53704800
2023-01-23,100.32545471191406,100.51379659021549,97.88695526548462,98.26363145937151,31791800
2023-01-24,98.34294128417969,100.20650807395339,97.83739637337473,98.67997374562184,27391400
2023-01-25,95.8846206665039,96.86596633314176,94.42944811773769,96.35050669621924,31000900
2023-01-26,98.29338836669922,98.34294685082006,95.97383501613933,97.42107434374267,24542100
2023-01-27,99.829833984375,100.69223325502125,98.10504300579916,98.18434565285743,29020400
2023-01-30,97.09394836425781,98.54019685348891,96.66770611078012,97.88200609103939,24365100
2023-01-31,98.9971694946289,99.03682081439956,96.93534624285067,97.00473416177032,22306800
2023-02-01,100.54353332519531,101.29689327670276,97.55983768108167,98.868300984902,26392600
2023-02-02,107.84912872314453,107.86895060247916,105.6088782225177,105.85669330914007,46622600
2023-02-03,104.3004150390625,107.07593947616452,102.39719698572691,102.60536075130584,36823400
2023-02-06,102.56571197509766,103.78495799841876,101.3167217879132,101.78756895241064,25573000
2023-02-07,107.09576416015625,107.72025542914791,102.6430185181117,102.72430258906685,33738800
2023-02-08,99.12602996826172,102.67474365617731,97.59453462030389,101.79252259447705,73546000
2023-02-09,94.6257095336914,99.73070171009665,93.03969452930662,99.6613137899897,97798600
2023-02-10,94.03095245361328,96.1720707642328,93.70383474028993,94.90325879309295,49325300
2023-02-13,94.16973114013672,94.51667074232031,93.22803685382179,94.17964586097514,43116600
2023-02-14,94.12015533447266,94.34319493525999,91.84026135470339,93.83269652442495,42513100
2023-02-15,96.25138092041016,96.48928129290009,93.53532960989361,93.91200582989572,36964500
2023-02-16,94.94291687011719,97.02456213109988,94.13999839182642,94.70501649927482,35642100
2023-02-17,93.7633285522461,94.91319438059057,92.63329216933792,94.23913692738942,31095100
2023-02-21,91.24551391601562,92.59858211204688,91.19594787577937,92.42510853393593,28367200
2023-02-22,90.99769592285156,91.55279925466432,90.07582356811066,91.13051989855494,29891100
2023-02-23,90.27407836914062,91.32481190374311,89.22334483453814,91.32481190374311,32423700
2023-02-24,88.56909942626953,89.34228119029522,88.08338403448435,88.84665107871821,31295600
2023-02-27,89.31255340576172,89.65949300555377,88.82683796605286,89.30263868499165,22724300
2023-02-28,89.51081085205078,90.650754181734,88.73762144172767,88.7574508834549,30546900
2023-03-01,89.71898651123047,90.40295108719548,89.0647509763663,89.37204686215878,26323900
2023-03-02,91.50323486328125,91.67175486008588,88.98543282153685,89.0746501801647,23328600
2023-03-03,93.19828796386719,93.28750532145524,91.85018094415247,91.92947601868929,30242500
2023-03-06,94.74466705322266,95.45837572267853,93.47585500206395,93.53532820361315,28288200
2023-03-07,93.34699249267578,95.2502106953665,93.02384516343223,94.5860680250604,24101500
2023-03-08,93.82280731201172,95.3989078680791,93.57994576829378,93.57994576829378,25395200
2023-03-09,91.85018920898438,95.08169255928668,91.54785449463071,93.66418993238995,24438900
2023-03-10,90.21461486816406,92.36564821044425,90.00645108304504,91.69159080794205,32850100
2023-03-13,90.8589096069336,92.2664972146084,89.15394092711799,89.77347852514896,31508600
2023-03-14,93.42626953125,94.00120223572463,91.96911589457439,92.2565822468117,32303900
2023-03-15,95.70619201660156,96.40007125245812,92.22686599059747,92.72249617698543,38367300
2023-03-16,100.18667602539062,101.07881178840482,95.03212560331085,95.72600477303536,54499500
2023-03-17,101.56453704833984,102.58553402388534,99.86948271572791,99.95869251931546,76140300
2023-03-20,101.03915405273438,101.68347470525238,99.90911801225707,100.17675494280579,26033900
2023-03-21,104.91498565673828,105.03393961433508,100.96977393039249,101.0887278879893,33122800
2023-03-22,103.30914306640625,106.57039015228044,103.29922834648013,104.22110066900818,32336900
2023-03-23,105.3313217163086,106.16496745494507,104.48875197288588,104.96455268231041,31385800
2023-03-24,105.13307189941406,105.23220398609433,103.82460852002833,104.81586888509983,25236200
2023-03-27,102.15929412841797,104.47884739077506,101.73305185505883,104.39954474393693,25393400
2023-03-28,100.47415161132812,102.09981801154315,99.40358859770853,102.09981801154315,24913500
2023-03-29,101.00943756103516,101.92139532561623,100.14703827945627,101.82227079689513,26148300
2023-03-30,100.43448638916016,100.72195276392429,99.41348956038274,100.55344033956044,25009800
2023-03-31,103.09107971191406,103.27942160453397,100.55345555445932,100.82109252996227,28108000
2023-04-03,103.99313354492188,104.03277730624616,101.48523834766358,101.77270477492362,20719900
2023-04-04,104.20128631591797,105.17271718278973,103.685826720556,103.92372707695291,20377200
2023-04-05,104.03276824951172,105.60887610138671,103.19217991608376,105.19254857927487,21864200
2023-04-06,107.94824981689453,108.67186561172926,103.89895233761352,104.84560019078181,34684200
2023-04-10,106.01529693603516,107.0263867808839,104.67709690629225,106.45145393284965,19741500
2023-04-11,105.19254302978516,106.28292781895637,104.35988046677292,105.98554671158435,18721300
2023-04-12,104.3004150390625,106.64672507646728,104.05259995203288,106.45144817942773,22761600
2023-04-13,107.24446105957031,107.31880256168554,105.50975542486168,105.53949202570777,21650700
2023-04-14,108.50335693359375,108.62231089809501,106.64969735770971,106.7488294428189,20758700
2023-04-17,105.48992919921875,105.77739562069078,104.39954427955291,104.50858352779116,29043400
2023-04-18,104.20128631591797,106.11441901316735,103.86425387853268,106.06485297267317,17641400
2023-04-19,104.10215759277344,104.80099794761642,102.89282633049744,103.30419271646079,16732000
2023-04-20,104.97447967529297,105.95384393878233,103.72548943228311,103.73540415401405,22515300
2023-04-21,104.98439025878906,105.70800609957132,104.56310157307371,105.1628098666122,22379000
2023-04-24,105.84677124023438,106.38205269770543,104.4391834609859,105.12315547265155,21410900
2023-04-25,103.69573974609375,106.50100818736911,103.64617370640983,105.67826032999733,31408100
2023-04-26,103.5371322631836,106.08467085670995,102.36744484109471,104.63743176882296,37068200
2023-04-27,107.42290496826172,108.1960869616193,103.50742138781075,104.31034754936618,38235200
2023-04-28,107.2741928100586,107.34358072980093,105.11324501459067,106.85786529160453,23957900
2023-05-01,106.7686538696289,107.73017764148547,106.5604900988223,106.77856859091963,20926300
2023-05-02,105.05376434326172,106.78846977614923,103.58669584956776,106.71908186134235,20343100
2023-05-03,105.19254302978516,107.18497073594426,104.69691289264226,105.29166754467059,17116300
2023-05-04,104.29048919677734,105.37096679361989,103.78494435558623,105.23219096469926,19780600
2023-05-05,105.28671264648438,105.50975227159712,103.82361445193798,104.39953797598555,20710600
2023-05-08,107.29402160644531,107.47244877767461,104.86543669616779,104.87039027549875,17266000
2023-05-09,106.99665069580078,109.6284458649774,106.78352577579433,107.82930580714213,24782400
2023-05-10,111.29871368408203,112.51796727280806,107.53192879708025,107.60131672081481,47533500
2023-05-11,115.87833404541016,117.4048758605547,113.9255499860193,114.84742239507685,57115100
2023-05-12,116.88941192626953,117.22644435847515,115.53139016510502,115.97745427183342,31293800
2023-05-15,115.93779754638672,117.75675919155348,115.46199686309188,115.47190402040371,22107900
2023-05-16,119.04044342041016,120.1407429364614,115.80894035207834,115.80894035207834,32370100
2023-05-17,120.4183120727539,121.21131582452256,118.41596190690157,119.12967057739483,26659600
2023-05-18,122.44046783447266,122.8171515852454,120.42821065348551,120.49759857135693,27014500
2023-05-19,122.1728286743164,125.37360440593724,121.64746193954453,123.11452290878876,30268900
2023-05-22,124.76993560791016,125.93962305433467,122.3710799549271,122.43056071506113,29760200
2023-05-23,122.21247863769531,124.3238602736647,121.97457829232081,123.83814486273305,24477900
2023-05-24,120.57691192626953,121.67721155224811,119.69469079375935,120.81481229972755,23087900
2023-05-25,123.26321411132812,124.87897320532153,121.82588973267809,124.1156985558028,33812700
2023-05-26,124.33378601074219,124.89880410776867,122.21248946662755,122.98071775046859,25154700
2023-05-30,123.55067443847656,125.27546512078531,121.81596903630941,125.18625533020581,27230700
2023-05-31,122.29180145263672,123.80842869406501,122.02415690255121,122.61891164548352,41548800
2023-06-01,123.28305053710938,123.94719314624126,122.22240228159318,122.42065132342724,25017700
2023-06-02,124.13553619384766,125.63729500983469,123.26322225107968,123.401998094208,19367500
2023-06-05,125.5232925415039,126.8714071918434,123.29295680475761,123.52095000766454,22672500
2023-06-06,126.7921142578125,127.75363800172934,124.86906676997882,125.49355806425233,19450100
2023-06-07,121.86554718017578,128.41777855519717,121.55825133575857,126.46003335664938,34179300
2023-06-08,121.597900390625,122.64864146168156,120.9436725187558,121.51364417181618,24815000
2023-06-09,121.79615783691406,123.19879209258669,121.35008615676428,121.4888619960866,20304500
2023-06-12,123.26321411132812,123.65971973524681,121.28069355445042,122.31655873036725,22255700
2023-06-13,123.34253692626953,124.7600396588351,122.76265047604502,124.5518758738353,19287700
2023-06-14,123.29295349121094,123.69937384464352,121.09236197611122,122.71802826440971,24659600
2023-06-15,124.69064331054688,125.05741237137997,122.06380180779765,122.79733236674737,24517100
2023-06-16,122.97576904296875,125.59269602671827,122.70813204898582,125.59269602671827,56699200
2023-06-20,122.7676010131836,124.08102560205782,121.75651871642499,122.45535912478051,22698000
2023-06-21,120.20023345947266,122.33144474758176,119.80372780263806,122.15797115936775,22612000
2023-06-22,122.78742218017578,122.85184896022785,118.55473625389503,119.60547736671288,20781900
2023-06-23,121.94483947753906,122.36117455359009,120.79498145555897,120.97340861309057,29573100
2023-06-26,118.0491943359375,121.64747433450019,117.95006981105865,120.40443600328874,23185000
2023-06-27,117.96989440917969,118.84715435918481,115.88824922134144,116.81011407130286,27221700
2023-06-28,120.02179718017578,120.21013149176899,116.57220805913326,116.92906236692096,19753100
2023-06-29,118.96115112304688,119.85328690860845,118.16813985527747,119.04044619965106,18517500
2023-06-30,119.91276550292969,120.9634990516996,119.82354813900069,120.04162662558682,23871800
2023-07-03,119.50634765625,119.96232651842465,118.6588242759494,119.26844728527114,13888300
2023-07-05,121.55825805664062,122.29179618528852,119.0107191745893,119.0107191745893,17830300
2023-07-06,119.87312316894531,120.09120167188182,118.20780535700463,119.58565673895781,17732500
2023-07-07,119.09001922607422,120.68594901311299,119.04045318291247,119.83346449720223,20997700
2023-07-10,115.84860229492188,118.02937208629082,115.62060908196992,118.02937208629082,32960100
2023-07-11,116.6812515258789,117.1917499863888,114.81768484420216,115.73955724562396,18286600
2023-07-12,118.5745620727539,119.90284727001382,117.95997795244072,118.25735907320556,22059600
2023-07-13,123.73902893066406,124.23961267522864,120.00197324776718,120.4777815342303,31535900
2023-07-14,124.60140991210938,125.97926104919796,123.80840625284324,124.03639187433,20499800
2023-07-17,123.9670181274414,126.16761733536083,123.4119147462424,124.95827848684898,20675300
2023-07-18,122.99560546875,123.89764859710455,122.22242348366967,123.81339236157322,21045800
2023-07-19,121.70694732666016,124.37344014877951,121.39965903125155,123.69938279296451,22313800
2023-07-20,118.48536682128906,123.61018181140665,117.64775048545765,121.05273545900654,27541700
2023-07-21,119.25852966308594,120.23988284959584,118.02936895309175,119.81364059882225,56514600
2023-07-24,120.81480407714844,122.27195794549935,120.31917392125851,120.86040725463891,22276100
2023-07-25,121.71685028076172,122.60898604231465,120.4678602145876,120.81479979888161,31820800
2023-07-26,128.5268096923828,130.2218562766415,127.58511546496895,129.22068885334926,46216900
2023-07-27,128.7349853515625,132.43239759257187,128.05101324463493,130.64812581915945,35931600
2023-07-28,131.84751892089844,132.89826747941441,129.77578865185853,129.82535468888597,26971000
2023-07-31,131.94667053222656,132.66037921989317,130.9752395894599,131.8475384434933,18381900
2023-08-01,130.7373504638672,131.7583475979142,129.60731406669694,129.71139218703973,22154300
2023-08-02,127.51573944091797,129.28018177318555,126.7326428039432,128.70524891625976,22705800
2023-08-03,127.64459991455078,128.63586026773422,126.6582931405554,127.24808669801783,15018100
2023-08-04,127.4166030883789,130.77697518470515,127.19357857726641,128.4673518006525,20521900
2023-08-07,130.78689575195312,130.90584215631836,128.29882254080576,128.37812518552687,17621000
2023-08-08,130.687744140625,130.7868762130748,128.99269762991997,129.83525974402082,16836000
2023-08-09,129.0125274658203,131.31225871955155,128.37317543551842,131.03470703381606,17745200
2023-08-10,129.072021484375,131.48771953535993,128.89854789178122,130.81663431814823,17855700
2023-08-11,129.03237915039062,129.30002372399804,127.62479103711121,128.072836674828,15205500
2023-08-14,130.67784118652344,130.75714382194775,128.4574127709359,128.7151501174227,17526200
2023-08-15,129.13148498535156,130.83645393078487,128.68442259185096,130.43994073101433,14769200
2023-08-16,127.98163604736328,129.75400414839368,127.33732281136596,128.1501485071559,17548400
2023-08-17,129.31982421875,131.33306455250042,128.71515483622414,129.30990193556374,23665600
2023-08-18,126.99036407470703,128.69533308716038,125.89006448091948,127.9320583823518,23627200
2023-08-21,127.8031997680664,128.1303175244768,126.048679700184,126.73264425310396,21851100
2023-08-22,128.55654907226562,129.80553158903305,127.79823555754405,128.00144573148012,15557900
2023-08-23,132.04579162597656,132.89827609162649,129.36937670736575,129.7064167057348,26497000
2023-08-24,129.2801513671875,133.79038822894879,129.16120498525896,133.54951575537146,18680400
2023-08-25,129.54782104492188,130.25160744210342,126.92097197153018,129.00262481267583,20678100
2023-08-28,130.63816833496094,132.07550765084227,129.70639650059383,130.925642248309,16715500
2023-08-29,134.3058624267578,136.09507999385735,131.81778941321838,131.8356374226288,30803300
2023-08-30,135.7332763671875,136.05048694851394,133.8409636927365,134.38517677284926,21773400
2023-08-31,136.14962768554688,137.19043904873914,135.62426086160454,135.85224652802023,28147900
2023-09-01,135.60443115234375,137.3688735246666,134.7519465693334,137.22017538347723,16671600
2023-09-05,135.51522827148438,136.16944869969106,134.3752696324847,135.24758370400656,17730200
2023-09-06,134.18692016601562,136.2784802876392,133.51287033082474,135.81754781574244,15814300
2023-09-07,135.00962829589844,135.38631198994167,132.78921525841258,133.42362114418415,16976000
2023-09-08,136.0009307861328,136.3131802481158,134.68255257189034,134.68255257189034,17810700
2023-09-11,136.53619384765625,137.05561628167808,135.35659171654487,136.17933954854215,17180800
2023-09-12,134.8808135986328,136.4370846042188,134.7420226183988,135.93154723146802,15212900
2023-09-13,136.2982940673828,136.4965431063944,133.75074778351595,134.71227150442587,16394900
2023-09-14,137.77528381347656,138.33038719876208,135.86214344051092,137.18052154328046,19064600
2023-09-15,137.09129333496094,138.14202676253095,135.98107158801173,137.58692345177175,48958800
2023-09-18,137.7455291748047,138.70703768920123,136.42715124467608,136.42715124467608,16233600
2023-09-19,137.6166534423828,137.95863941659954,136.29827557990376,137.04172071943051,15479100
2023-09-20,133.41371154785156,137.6265675513162,133.34433119654796,137.61666039411023,21473500
2023-09-21,130.21194458007812,132.0259526182903,129.944300082524,131.23294140821596,22058400
2023-09-22,130.10293579101562,131.84754876103784,129.36939760311375,130.52917052997012,17348700
2023-09-25,131.014892578125,131.06445862598295,128.89359580853846,129.62713399070734,14650000
2023-09-26,128.31863403320312,130.2565496022058,127.06965158578622,129.76984349027143,20378800
2023-09-27,130.3111114501953,130.56883373398065,128.249287803608,128.30876101329426,18764200
2023-09-28,131.9665069580078,133.00731831761533,129.5478290690914,129.5478290690914,18201400
2023-09-29,130.6977081298828,133.71113351354077,130.17234125419716,132.9082148969433,23237300
2023-10-02,133.9886474609375,134.17698933031062,130.9107885903251,130.9999983835762,19210400
2023-10-03,132.135009765625,134.0580572950464,131.65424788326965,133.75075387633277,19628700
2023-10-04,135.0790252685547,135.37640633950565,132.26383493903907,132.49183566451157,22848000
2023-10-05,134.80148315429688,135.3070204228095,133.27989508207622,134.94025898048253,15922900
2023-10-06,137.51754760742188,137.9695711717365,133.76067744084898,133.76067744084898,20826700
2023-10-09,138.28082275390625,138.74671634167808,135.5052906699599,136.7840250280342,16599100
2023-10-10,137.9834442138672,139.50999369523043,137.22016947318556,138.29073251681564,19554900
2023-10-11,140.46157836914062,140.97703794882742,138.617833647022,138.62775593007828,20146300
2023-10-12,139.06390380859375,141.13564937526945,138.23124876887368,140.91757089456675,18173100
2023-10-13,137.36886596679688,140.10473918421,136.7641965269364,139.42076709849843,19438700
2023-10-16,139.26217651367188,139.67354291701528,138.10240368177273,138.5088089430675,17345600
2023-10-17,139.75779724121094,140.01551947792626,137.3183070583131,138.80618068372837,17424000
2023-10-18,138.06275939941406,140.7490819739879,137.4927876445582,139.5199135251287,18304900
2023-10-19,137.76535034179688,139.7726614966231,137.38868171833207,138.578191036693,21831200
2023-10-20,135.54495239257812,137.82483920973235,135.05426820982132,137.37877505530798,24970300
2023-10-23,136.69479370117188,137.80501555805037,133.9291840307185,135.0393907621647,20780700
2023-10-24,138.89540100097656,139.48025612638187,137.5373791068708,137.9437994968581,26535200
2023-10-25,125.56295013427734,128.96298109247005,124.98801730058946,128.6358633530218,58796100
2023-10-26,122.36119079589844,124.36353355157561,121.25097638358501,123.38218783624532,33907400
2023-10-27,122.32152557373047,123.35243721888715,120.39847812385011,122.94601685567899,37367700
2023-10-30,124.65098571777344,125.44399700189938,122.79732618969078,123.37225899254629,24165600
2023-10-31,124.20491790771484,125.45390043344618,122.8419350029773,125.16643404055745,21123400
2023-11-01,126.45507049560547,126.62358292399404,123.83319044732032,124.24455679817606,26536600
2023-11-02,127.45624542236328,128.95304296248602,126.99035189240783,128.4276762372905,24091700
2023-11-03,129.23060607910156,129.5874604076053,127.88249140757996,127.9617940500733,19529400
2023-11-06,130.30117797851562,130.41021722872426,128.79445791893266,129.0819319083161,15360400
2023-11-07,131.24285888671875,132.11517279894508,129.99387634229356,130.82653137191036,19223800
2023-11-08,132.09535217285156,132.37290386791256,131.0049748352357,131.2032238852174,15093600
2023-11-09,130.53907775878906,132.78924298577664,130.36064303077296,132.1944807262997,17976500
2023-11-10,132.88832092285156,133.09649219016893,129.72619891853782,130.38043418676028,20872900
2023-11-13,132.4720458984375,132.93793951985074,131.6096541473013,132.19449418254462,16409900
2023-11-14,134.2463836669922,136.0405776289328,133.91928105766561,134.46446215683176,22317300
2023-11-15,135.1881103515625,135.64408170633195,134.14728381285923,135.4458326335872,15840900
2023-11-16,137.48780822753906,137.66624295668237,134.89071093731067,135.76302488993875,17615100
2023-11-17,135.7432098388672,136.79394350660203,134.29596291179467,136.61552388397578,25565300
2023-11-20,136.714599609375,137.2151908308882,134.3058446780111,134.31575183446782,19569400
2023-11-21,137.40850830078125,137.75049434008739,136.5015117131212,136.73445850619305,17648100
2023-11-22,138.79627990722656,139.8668429115791,137.7851901044326,137.88432219065203,17306400
2023-11-24,137.0120086669922,138.45627574277992,136.2685633942913,138.3204644817207,8828600
2023-11-27,136.84349060058594,138.4096837258101,136.33793815563348,136.36768988071788,17886400
2023-11-28,137.40850830078125,137.44816718601172,135.84231509370323,136.4271702101053,17046900
2023-11-29,135.20790100097656,138.44932646818887,135.103822902957,137.7703155720554,21014700
2023-11-30,132.74960327148438,135.76304363736008,131.629474075403,135.2079250564837,29913500
2023-12-01,132.1548309326172,132.3332505270531,130.99702449863227,132.1548309326172,24268000
2023-12-04,129.48834228515625,130.30116789390306,128.2690811838875,130.14654059904797,24117100
2023-12-05,131.23297119140625,132.3729146658635,128.59621474780792,129.23062083475907,19235100
2023-12-06,130.2813262939453,132.1449003883007,130.1623799050906,131.73848005913922,16360600
2023-12-07,137.23997497558594,138.7764313477363,135.03937606846594,135.40615263660638,38419400
2023-12-08,135.44583129882812,136.78403899617842,134.38519045110684,134.47440026414765,23016100
2023-12-11,133.52276611328125,133.611975914673,131.7285872999396,132.65046729061874,24502900
2023-12-12,132.4720458984375,133.36417425303122,131.66912735421636,132.10528437217206,26584000
2023-12-13,132.7991485595703,133.6020670124811,131.7880587806967,133.3691202282659,25414500
2023-12-14,132.03585815429688,133.85482731146956,129.9145618905162,133.59214395843472,29619100
2023-12-15,132.67027282714844,133.6516259538092,131.470856353328,131.75831518059928,58594000
2023-12-18,135.99099731445312,137.170599442404,132.6008890446678,132.69009883784952,25699800
2023-12-19,136.89305114746094,137.55719372209188,136.24872288818145,136.79391906897746,20661000
2023-12-20,138.43942260742188,141.82754972090044,138.19160752261357,139.10356521965628,33507300
2023-12-21,140.5607147216797,140.78870035743472,139.24531640687348,139.53971781431304,18101500
2023-12-22,141.47267150878906,141.99803825880454,140.81347493772975,140.8878315607238,18513500
2023-12-26,141.57183837890625,142.68700649267558,141.2546277441139,141.73042857086685,11170100
2023-12-27,140.20387268066406,142.06744706329366,139.81826488481673,141.5817240246161,17288400
2023-12-28,140.04525756835938,141.0266107357022,139.59721201537732,140.61028321406857,12192500
2023-12-29,139.6983184814453,140.19890981487515,138.67732149724236,139.45050338575658,14881000
2024-01-02,138.3402862548828,139.38607374573135,136.53620035836758,138.37994513747063,20071900
2024-01-03,139.13330078125,139.85691658836782,137.2201604755854,137.38868804237762,18974300
2024-01-04,136.8335723876953,139.4058942121626,136.80383578715845,138.6277663308711,18253300
2024-01-05,136.1892547607422,137.59684260010025,135.65398084312855,137.14285275474793,15439500
2024-01-08,139.30181884765625,139.41085809357833,136.67498491239655,136.79393131688138,17645300
2024-01-09,141.3140869140625,141.5519948665153,138.5682912405603,138.83593579639043,19579700
2024-01-10,142.54322814941406,143.26188276132598,141.21494303357457,141.27441622899556,16641900
2024-01-11,142.4143829345703,145.37825703985988,140.97209720630954,143.6286830010192,17471100
2024-01-12,142.97938537597656,143.4750155060751,142.10707150686517,143.07850232673755,13998700
2024-01-16,142.82078552246094,144.5653982014382,141.80573292045227,142.17645725363013,19198900
2024-01-17,141.64120483398438,142.15666450215429,139.28200012720103,141.6610342780693,17884500
2024-01-18,143.72286987304688,144.31267109918346,142.09720320679222,142.18641302450143,18876800
2024-01-19,146.67678833007812,146.74616868610383,144.52575528637146,145.02633145438332,27181000
2024-01-22,146.4190673828125,148.70391514242215,146.2901987020772,147.41032769509755,21829200
2024-01-23,147.38058471679688,147.55901944882223,145.90361644411632,146.4289832307713,14113600
2024-01-24,149.03599548339844,150.24533428643957,148.53044303883223,148.97650715870722,19245000
2024-01-25,152.2972412109375,153.40744797476847,149.89839295312683,150.41385257580524,21495100
2024-01-26,152.44593811035156,152.76314871489296,151.46459994409915,151.53398031044625,19494500
2024-01-29,153.4867401123047,153.84359442274217,151.5835221651153,152.2972307859903,20909300
2024-01-30,151.71238708496094,153.68498533855714,151.43978143592582,152.6639884722658,26578900
2024-01-31,140.5607147216797,144.3175846344028,140.31289964464057,144.11933559785788,43908600
2024-02-01,141.4627685546875,143.35606429240525,141.0166893051946,142.43419944437557,25526900
2024-02-02,142.28549194335938,142.62253192916722,136.9624291544448,139.6586582883197,42136100
2024-02-05,143.66334533691406,145.38814367187132,142.6522707400995,142.78112429140046,29254400
2024-02-06,144.13914489746094,145.45752273813375,143.2569239514985,144.68434101584893,21517700
2024-02-07,145.3980712890625,145.7152818839841,143.94093238562164,144.84296787338337,21436100
2024-02-08,145.933349609375,146.3199405399897,145.140338306069,145.68553452243142,18241300
2024-02-09,148.9071502685547,149.37800504594722,146.1415250637003,146.65698474756667,21877700
2024-02-12,147.43016052246094,149.27390553983022,147.2616480632658,148.2330790561577,17236100
2024-02-13,145.0907745361328,146.74617752779247,143.8417919235302,144.79340852748894,18138500
2024-02-14,145.85406494140625,146.5380370857318,144.2829104413661,146.08205061436996,16651800
2024-02-15,142.68202209472656,143.49484774439102,140.64002812373158,143.19748172953396,26724300
2024-02-16,140.5210723876953,143.21730195343935,140.28317956599855,142.9496725290305,21865100
2024-02-20,140.9572296142578,142.07636045764275,139.5694710674195,139.7082469221033,18625600
2024-02-21,142.58287048339844,142.7216463131413,140.66974546441276,141.3933612105411,16440800
2024-02-22,144.04995727539062,144.92225607359086,142.751393548008,144.8429534327668,23024700
2024-02-23,144.02020263671875,144.67939920785616,143.52457248566944,143.70300720527175,14519400
2024-02-26,137.53738403320312,142.58289596871347,137.52747687410462,142.19630500779965,33513000
2024-02-27,138.8755645751953,139.26215546071884,137.28954215357376,138.1915925949389,22364000
2024-02-28,136.2289276123047,138.06276564613705,135.44583844744758,137.88434601063875,30628700
2024-02-29,138.55838012695312,138.7268925830936,136.36770307169343,137.1408849883067,35485000
2024-03-01,136.8732452392578,138.7764634949942,136.76916712675813,138.38987252313265,28551500
2024-03-04,133.02713012695312,135.43590053733016,131.69884494614968,135.34667561440364,43571500
2024-03-05,132.6107940673828,132.84870197080213,130.40028796113228,131.57989007009436,28447600
2024-03-06,131.4014434814453,133.56239848053488,130.79677418300685,133.06676840396005,23175200
2024-03-07,134.0580596923828,134.63299252979053,131.50060608823114,132.7198521246574,24107300
2024-03-08,135.09889221191406,137.77034662486247,133.62192368900847,133.8548705207026,26495200
2024-03-11,137.72572326660156,138.756627433927,135.87207114702375,135.87207114702375,22536400
2024-03-12,138.39974975585938,139.05398514382955,137.00208431392602,137.0417280683041,19019700
2024-03-13,139.53973388671875,140.94732187137737,138.78636628546928,138.8359323316726,19637000
2024-03-14,143.07850646972656,143.46509737738032,140.24846258003785,141.05634213556044,36117900
2024-03-15,140.92747497558594,143.07850801061278,139.8965709192175,142.15664319221491,41039500
2024-03-18,147.18231201171875,151.59341692910596,146.84528716981288,148.06453299519617,47676700
2024-03-19,146.62722778320312,148.3123673373286,145.72517724305058,147.6779613242896,17748400
2024-03-20,148.371826171875,148.4511288065056,146.37443738374924,147.48960515907723,17730000
2024-03-21,147.44007873535156,149.98264898003012,146.71644774619688,149.0062719972135,19843900
2024-03-22,150.44357299804688,151.22666194358663,148.77824790595494,148.9269460193268,19252900
2024-03-25,149.82901000976562,150.13233546352012,147.49955704241367,149.63076094611947,15114700
2024-03-26,150.3741912841797,151.8610818014104,149.71004866820186,149.91821999580446,19312700
2024-03-27,150.6121063232422,151.3555516169593,148.81792743447417,150.81531651857685,16622000
2024-03-28,150.92930603027344,151.33572643237886,150.00744110033216,150.67158376635552,21105600
2024-04-01,155.13226318359375,155.62789341740714,150.32464386543003,150.50307861482872,24469800
2024-04-02,154.5077362060547,154.62669772587404,152.11881040798872,153.39752952395162,17598100
2024-04-03,155.0033721923828,155.18180691612167,152.78494017610268,153.56604774610545,17266200
2024-04-04,150.6121063232422,154.81504070344573,150.55263311981412,153.72466334792054,24184800
2024-04-05,152.59463500976562,153.48676335825857,149.76061269108496,150.35437672839188,16297300
2024-04-08,154.775390625,155.28588910082973,152.6441869201805,152.66896237878643,16641500
2024-04-09,156.7578887939453,158.49259415911658,155.2709984809414,155.97479988428597,21521500
2024-04-10,156.2821044921875,156.77773464841636,154.83485778080913,156.50018297096275,16339200
2024-04-11,159.38473510742188,159.71185281762675,156.5497300777447,156.95615042606875,17841700
2024-04-12,157.7987518310547,160.2868100897842,157.21391180167973,158.0118691955065,16989800
2024-04-15,154.96372985839844,159.42440136223684,154.78529513302007,158.8792051533479,21140900
2024-04-16,154.63661193847656,155.85585791287042,153.694917647271,154.27975761360125,15413200
2024-04-17,155.50892639160156,157.294181175049,154.77042715579861,155.816214675771,16237800
2024-04-18,156.0838623046875,157.09989811937365,154.8447868597372,155.55353438414494,14016100
2024-04-19,154.3590545654297,156.6092196733784,152.56487584901492,156.37131175708697,21479900
2024-04-22,156.56954956054688,157.79375654380567,154.29957029980665,154.64650230340214,17243900
2024-04-23,158.5223388671875,159.07744219237898,156.5844232450211,157.20396090714215,16115400
2024-04-24,159.69204711914062,159.97950596308132,157.43197474980064,157.69960415178363,19485700
2024-04-25,156.56954956054688,156.89666724994652,151.43284742229648,152.01966875653784,36197800
2024-04-26,172.17201232910156,174.87814884504073,169.9020176610835,174.45191415544764,56500800
2024-04-29,166.4326171875,169.8822143128753,165.5999620712095,169.27754485630953,35914600
2024-04-30,163.20114135742188,168.38542995796277,163.06236548117874,165.91720079296445,29420800
2024-05-01,164.12298583984375,167.3346597411215,163.45882808512903,164.72764014188147,25223200
2024-05-02,166.9877166748047,167.05709703053094,164.2419214106304,165.21335226882078,17041100
2024-05-03,167.51309204101562,168.36557654728412,163.53812835606752,168.0582731333302,22767100
2024-05-06,168.3457489013672,168.41512926140294,166.42270138121285,167.74107947622002,15147900
2024-05-07,171.46823120117188,171.95395427474645,168.51427924713778,168.63322566293795,21102400
2024-05-08,169.6641082763672,170.40655518653858,169.03168375189819,169.25768794314988,14569900
2024-05-09,170.08045959472656,170.93294413546204,168.44487087535623,169.65420976164222,11937700
2024-05-10,168.8017120361328,169.84253838981095,166.4425227766186,168.2069649236253,18740500
2024-05-13,169.40635681152344,169.45592284505344,164.31128014849432,164.3975253493451,19648600
2024-05-14,170.42738342285156,171.26996076413488,168.93058575085828,170.09035853651122,18729500
2024-05-15,172.3603515625,172.52490114080777,170.52651389606083,170.79415842112346,20958200
2024-05-16,173.89675903320312,174.7988093903597,172.5288303258205,173.074026427697,17247300
2024-05-17,175.74053955078125,175.94374973614293,173.45073057857905,174.01575623428218,16546400
2024-05-20,176.90032958984375,178.37729783836116,175.67612244653048,175.7603711064543,17495100
2024-05-21,177.9708709716797,178.2484377763249,175.7603646960069,176.84083481333153,14706000
2024-05-22,176.44435119628906,177.28891001821344,175.23501229827983,176.84084930610737,16189400
2024-05-23,173.530029296875,178.33764790175584,173.01456969506367,177.21751889938662,14928400
2024-05-24,174.78892517089844,175.75441170555666,173.66879622600166,174.97726704221006,11403600
2024-05-28,176.4641876220703,176.94989555700215,174.1446266990051,174.2041150307218,15655300
2024-05-29,175.84957885742188,176.67232675744165,174.7195426710375,175.26473888495815,15023800
2024-05-30,172.04315185546875,175.14580173410954,171.71603410983985,175.14580173410954,18826300
2024-05-31,172.43966674804688,172.89563806420742,169.47579269126953,171.88454821575706,28085200
2024-06-03,172.89559936523438,174.3230164493303,170.9428155939962,172.36032552141342,20742800
2024-06-04,173.5994415283203,173.65891473322262,171.70613050328433,172.92537658008243,14066600
2024-06-05,175.52244567871094,176.41457378213167,173.75798865954332,174.99211785730546,15233900
2024-06-06,176.791259765625,177.14811403667844,175.66122376152745,175.87928708648727,14255800
2024-06-07,174.41226196289062,177.85193671375097,174.25365667096185,176.90033521304463,14716300
2024-06-10,175.28555297851562,177.11154384444797,173.0526792690724,175.1069152075853,17099800
2024-06-11,176.83367919921875,177.03215383697466,174.10461128780346,176.36725547203804,14402400
2024-06-12,178.19325256347656,180.6940754855594,176.42680248353363,178.38180877582633,18600400
2024-06-13,175.3946990966797,177.15121533979712,175.3153062221244,176.48631705086936,15956900
2024-06-14,177.01229858398438,177.3695589824505,174.51347462372152,174.51347462372152,12361600
2024-06-17,177.41917419433594,178.55049621958756,175.14661171245663,175.632872274822,15272900
2024-06-18,175.10693359375,177.54821576850503,174.28324938844045,177.42911886116502,15640300
2024-06-20,176.3573455810547,177.37950440051273,175.11686010669837,175.36495720156964,16753200
2024-06-21,178.88792419433594,181.12278173915973,176.70467278360766,177.1314076618197,58903200
2024-06-24,179.41390991210938,180.69409955456464,178.8581747759864,179.90018572754036,18198300
2024-06-25,184.1674346923828,184.33613889740573,179.72649069957316,179.76619471407545,18797000
2024-06-26,183.95901489257812,184.5147499194687,182.58952933135316,182.79792239511522,13375700
2024-06-27,185.43768310546875,186.07281102807215,184.03841193230306,184.23193492424144,13025700
2024-06-28,182.02386474609375,185.15981548718554,181.92958664381152,184.30636092201863,23032400
2024-07-01,183.0857391357422,183.92926017987347,181.33912588173848,183.0758055605703,11815900
2024-07-02,185.18959045410156,185.5269988586025,181.66660878583306,182.07349164324893,12555500
2024-07-03,185.96365356445312,186.19189864656363,183.9739100635362,184.88195388983746,7409100
2024-07-05,190.49888610839844,190.79659051769158,185.89420448537044,185.89420448537044,14303400
2024-07-08,189.03012084960938,190.21999951997353,187.87896191963213,189.90839419432572,12097600
2024-07-09,188.99044799804688,191.3920260921458,188.78203977273944,190.2904743701383,10198500
2024-07-10,191.19354248046875,191.83858884866817,189.1690617736268,189.29807710432445,12052900
2024-07-11,185.87435913085938,190.94546470016857,185.39801691629347,189.88360179352713,16452000
2024-07-12,185.35829162597656,187.25375697623758,184.72316369856355,185.49722538689053,14449100
2024-07-15,186.75758361816406,188.45455937678614,185.07052629262512,185.07052629262512,12186000
2024-07-16,184.08804321289062,188.89119930453398,183.71093078546045,187.52171364663334,12760100
2024-07-17,181.22996520996094,183.82009954606394,180.23757680750992,183.27428289618683,17376600
2024-07-18,177.8558349609375,182.64907233775912,176.85352821450437,182.1429446060013,17877200
2024-07-19,178.0245361328125,180.58489975819873,177.49857154640128,178.99707242469538,14485900
2024-07-22,181.95440673828125,182.89717262519915,180.5154315426945,180.96201840623203,16303900
2024-07-23,182.20249938964844,183.8101636028194,181.934550306572,182.44066289225518,23772600
2024-07-24,173.04273986816406,176.59549173446084,172.24884135676385,174.05498015563583,31250700
2024-07-25,167.87242126464844,173.86644039100563,167.7632579376176,172.92367446263643,28967900
2024-07-26,167.3960418701172,168.54721586835882,164.60248168072974,167.48536832056084,25150100
2024-07-29,169.82740783691406,170.8495665336485,168.4281367556062,169.2021983872567,13768900
2024-07-30,170.55184936523438,171.63354894959585,168.82508831722515,170.52207892842762,13681400
2024-07-31,171.83204650878906,174.57104820170923,170.41293835612595,173.58857822803412,15650200
2024-08-01,171.13735961914062,174.3427695940567,169.2121238908002,170.67093590587697,17177800
2024-08-02,167.11819458007812,168.91443024023945,165.12349941812474,166.90980150334516,18907800
2024-08-05,159.4172821044922,164.6769439873793,155.4080393763875,156.17216759025874,34907800
2024-08-06,159.31802368164062,161.114259367224,156.92637919696486,159.71995490631787,36146500
2024-08-07,159.5264129638672,163.5356548757482,159.02030040208297,161.99746518523446,19334200
2024-08-08,162.59292602539062,164.2402945475346,160.79670528730148,161.1083106687582,15733600
2024-08-09,164.131103515625,164.26011884277403,159.70504494899117,160.41461410566686,13549200
2024-08-12,162.7020721435547,165.4311401931017,162.3051228479513,164.7315045669186,12435000
2024-08-13,164.66697692871094,165.27233437380846,163.51581805401403,163.92765251968973,12717600
2024-08-14,160.79669189453125,163.70439779253212,158.3157208844414,162.96010648950516,22515900
2024-08-15,161.92800903320312,162.27535102087091,160.26080383474527,160.97532467484004,18392500
2024-08-16,163.48605346679688,165.67922312285262,161.8386852598682,162.1661752149307,16853100
2024-08-19,167.11819458007812,167.18766903408562,164.82577988014722,165.72885692637598,13100800
2024-08-20,167.6739501953125,169.1129103422226,167.37623064772708,167.45562353659287,12622500
2024-08-21,166.3540802001953,167.356387080216,165.30215086930022,165.71895219988247,15269600
2024-08-22,164.23036193847656,168.13044108607062,163.77385661123697,167.7533286480312,19123800
2024-08-23,166.15554809570312,166.6715941966557,164.3990318945735,165.28225678175508,14281600
2024-08-26,166.65174865722656,168.09072370882814,165.05401813943618,166.87504206665238,11990300
2024-08-27,165.11358642578125,166.9643810958716,164.89525976691422,166.3342199147958,13718200
2024-08-28,163.2478790283203,166.1158806742367,162.03716406362884,165.51052319189097,15208700
2024-08-29,162.15623474121094,166.35404796078464,160.74902892306426,164.7959911326264,17133800
2024-08-30,163.85324096679688,164.02194516906894,162.16618380143169,162.97001594158164,18498800
2024-09-03,157.4027099609375,162.1364064247253,156.65345194359233,162.07189876195469,26533100
2024-09-04,156.6088104248047,159.1790927374386,156.24163156375562,156.8717927441646,17410700
2024-09-05,157.39279174804688,159.78940284974598,156.3210105580023,156.57902606679968,14139500
2024-09-06,150.97206115722656,158.0080916993479,150.77853813919512,157.48212702733662,24999100
2024-09-09,148.5970916748047,153.66494046797735,147.26554447937025,152.6613143274025,28057700
2024-09-10,149.0641326904297,151.33970198649348,148.60008200807764,150.4950554479833,20401800
2024-09-11,151.19064331054688,151.51856438272753,147.7623996105896,150.13732934919085,18991500
2024-09-12,154.5592498779297,154.62881577727563,152.53211958558956,153.8338570726531,20980800
2024-09-13,157.37144470214844,158.27073730644665,155.12569985448005,155.37610985886354,16733900
2024-09-16,157.987548828125,158.2359725393169,156.61624509032015,157.3317065915592,14157600
2024-09-17,159.26937866210938,160.57111623881977,158.4048691611808,159.0805742509693,12064800
2024-09-18,159.79603576660156,160.61087266542054,158.65329297321875,159.8357920440244,16756500
2024-09-19,162.21072387695312,163.94968955468067,161.49724879703658,163.78076327978215,17548200
2024-09-20,163.60191345214844,163.7112204881126,162.15111235322257,163.48267492658013,46362700
2024-09-23,162.04180908203125,165.55948180208398,161.92255540227154,164.2974852324615,15648400
2024-09-24,162.60818481445312,163.5124505454604,161.00833589135425,163.21433913097076,18774100
2024-09-25,161.96231079101562,163.18156404518257,161.7486548988047,161.9424326507354,13607900
2024-09-26,162.7969970703125,164.4564653238597,162.46907601481004,163.98942762322687,18234500
2024-09-27,164.24778747558594,165.9172024275058,162.79700172950194,162.87649912364836,13604300
2024-09-30,166.1358184814453,166.30474476008433,163.60189397670442,163.74101062749995,14070100
2024-10-01,167.35804748535156,169.36531488011792,164.85393277641572,167.79527554783303,18629500
2024-10-02,166.2550506591797,167.81515854891808,165.20173674862934,166.70221022237482,12745000
2024-10-03,166.1556854248047,166.85126863191192,164.32727578566707,164.77445049834296,11004300
2024-10-04,167.4971923828125,168.48095568935207,165.90728980680692,168.27227311066332,11422100
2024-10-07,163.3534698486328,168.82872214427357,163.09511468718185,168.0735196367093,14034700
2024-10-08,164.65521240234375,165.05269938868935,163.27397734527142,164.38691058188274,11723900
2024-10-09,162.0318603515625,165.2116804570834,160.10409014811532,163.8155405735455,19666400
2024-10-10,162.15110778808594,163.2749884777283,160.62082449025056,161.0878622523504,12900500
2024-10-11,163.48268127441406,164.2279524133131,161.47541342812357,162.30018197468144,10946000
2024-10-14,165.30111694335938,166.5630982764717,163.7410090096024,163.8701941706996,9981800
2024-10-15,165.84764099121094,168.02383483156237,165.0030095854755,166.08613318007752,14829300
2024-10-16,165.68862915039062,166.22521751780212,164.17423664503704,164.98309937209726,9968500
2024-10-17,163.47268676757812,166.87112034660578,163.33357013554456,166.32460046812972,15113400
2024-10-18,164.00930786132812,165.32097693755154,163.7111964286391,163.8304349366838,13091300
2024-10-21,164.75457763671875,165.1719275743492,163.26899380968084,163.54226893868767,11384000
2024-10-22,165.7681427001953,166.41403813393225,163.63169018364903,163.66149980904757,11958600
2024-10-23,163.44288635253906,166.54322386801542,162.60122689067086,165.38058782310145,12754300
2024-10-24,163.49258422851562,164.00930970681912,161.7436870530128,163.5522034832088,12764400
2024-10-25,165.9370880126953,166.34449132743282,164.188175588151,164.3223340804208,14566400
2024-10-28,167.27854919433594,169.53026763895323,164.74462487320795,169.514362096053,20858300
2024-10-29,170.0609130859375,170.77637449444777,167.5965544358344,168.31697400737147,28916100
2024-10-30,175.0293731689453,182.6311310949568,174.63685954087978,181.2598428032034,49698300
2024-10-31,171.6011505126953,177.29501724138538,171.47196534188345,173.61834966228074,32801900
2024-11-01,171.56138610839844,172.72402226550076,169.23614411934983,170.45838437063261,21752900
2024-11-04,169.6038055419922,170.8359924388659,168.41634825006253,170.1602873152299,16194000
2024-11-05,170.3292236328125,171.01188841995238,169.29577258419562,169.75287884850286,12518300
2024-11-06,177.20558166503906,177.51362460297045,173.93631753730043,174.24437563780998,27061500
2024-11-07,181.13064575195312,181.42875715669504,177.76202175229415,177.98063577159982,16730400
2024-11-08,178.72593688964844,181.20024225557705,178.43777208602387,180.85244303087092,15021500
2024-11-11,180.8226318359375,180.93691218879795,178.85512050947833,178.93461790765363,12503400
2024-11-12,182.1641082763672,182.86464965293638,179.8487979508242,180.2363382530564,14065800
2024-11-13,179.35195922851562,181.46356043501584,178.98428188436048,181.00148088274037,13969700
2024-11-14,176.23175048828125,179.30723661242334,174.92006628530106,178.616611559511,17925800
2024-11-15,172.79356384277344,174.77102167495158,171.65577921140778,174.53252949799358,21708900
2024-11-18,175.68521118164062,175.7945181959288,173.3202131429933,173.85184340169369,18662800
2024-11-19,178.4477081298828,179.03398440356642,174.0118502005661,174.13010315299093,15392900
2024-11-20,176.2118682861328,177.9806434917281,174.2244790517492,177.70241021192052,15729800
2024-11-21,168.17288208007812,174.4729022993712,164.26765435907714,174.34869047251175,38839400
2024-11-22,165.51974487304688,167.20404962117405,164.66516676560292,166.10602114746408,24497000
2024-11-25,168.36167907714844,169.38519852719662,166.34448012902007,166.9307715023666,21395700
2024-11-26,169.54420471191406,170.4136876762116,168.36170545445665,168.42133988000393,14937500
2024-11-27,169.74295043945312,170.06092488608897,168.60019233923836,169.60381861348725,12433400
2024-11-29,169.41502380371094,169.79261749908844,167.68598947591983,168.9877271756166,9250700
2024-12-02,171.88931274414062,172.50541379659245,169.19640847624146,169.24609624600703,16593400
2024-12-03,171.92906188964844,173.2208680370488,171.42226788668225,172.02842226247745,15721500
2024-12-04,174.9796905517578,175.31754310005746,171.66075399770924,171.69056362476053,18239800
2024-12-05,173.2109375,176.58950890463518,172.91282602862347,176.2019685406195,16145500
2024-12-06,175.37718200683594,175.72398048464535,172.45571718039272,172.78363824893,13319500
2024-12-09,176.1829833984375,177.1181033334023,174.49177384380053,174.8051452045689,19887800
2024-12-10,185.56417846679688,187.05641172429844,181.72416427696822,183.57951309184992,34317400
2024-12-11,195.6914520263672,195.87051270897385,185.29554946579324,185.7332735963159,41664500
2024-12-12,192.6273956298828,195.68647035370063,192.2792018454764,195.283568643625,25197800
2024-12-13,190.38905334472656,193.33371818254952,190.26966437361793,191.71216852447748,18883200
2024-12-16,197.1339569091797,199.60111154105618,193.1049242470253,193.35860874768625,32248600
2024-12-17,196.09930419921875,201.82948852957173,195.6715380333291,197.50200683673464,24129500
2024-12-18,189.1654052734375,197.66119401544614,188.29991495415683,195.81082440955737,27638400
2024-12-19,188.71774291992188,193.59238015211147,188.53868223430246,192.2792077384488,26981200
2024-12-20,191.96087646484375,193.1297802725029,185.40498737903968,186.04167290712456,45319700
2024-12-23,194.97515869140625,195.47256966448316,190.6377343989845,193.02530099784235,15235900
2024-12-24,196.54701232910156,196.64648543262288,194.18728504562904,195.15425226177604,6809800
2024-12-26,196.07943725585938,197.13394622767794,194.8557951729105,195.72130070130024,7907900
2024-12-27,193.03524780273438,195.780966146786,190.9779627754642,195.4526730760938,14693000
2024-12-30,191.6922607421875,192.7766131193924,189.37432357435688,189.87671356058155,12209500
2024-12-31,189.45391845703125,192.24936605997945,188.59837086504533,191.44854157562307,14355200
2025-01-02,189.64291381835938,192.19959834489947,187.73285748956403,190.49348233810753,17545200
2025-01-03,192.12997436523438,193.4928756239251,190.3591924505134,191.72707267664654,12875000
2025-01-06,196.9349822998047,198.52668849297285,194.0499892088086,194.13951955134468,19483300
2025-01-07,195.6914520263672,201.09332846858513,194.9254347979525,197.24337199474405,16966800
2025-01-08,194.37828063964844,196.6166302624817,192.74677307730784,192.94573445227036,14335300
2025-01-10,192.1697540283203,196.59670866452922,190.6078914621874,194.4081034131226,20753800
2025-01-13,191.29434204101562,191.49331861223678,187.68314800602496,190.35922198326944,13169100
2025-01-14,190.0607452392578,192.2692512832205,188.65804258272874,191.5032340964964,13651200
2025-01-15,195.9600372314453,196.77579857406522,192.3289429306872,193.34366564133316,12894900
2025-01-16,193.40335083007812,195.96003550523864,193.29391980166088,194.81101729674714,13449600
2025-01-17,196.52711486816406,197.7805852875663,194.2987078316679,197.0245259332924,22109100
2025-01-21,198.59632873535156,202.78452102376292,198.40731011895576,199.4717618084452,19005200
2025-01-22,198.99424743652344,201.0734218150751,198.16854333839012,199.51155913723645,15477400
2025-01-23,198.54656982421875,200.8943502715053,195.80086666238674,198.94449253876417,15170800
2025-01-24,200.8545684814453,201.52111262197343,198.74952766742587,198.8151953957776,12732400
2025-01-27,192.76669311523438,197.64131560005396,191.7022261236937,193.18451659852335,24970200
2025-01-28,196.04959106445312,196.20875105775642,191.6126779883814,193.64210831596336,15939200
2025-01-29,196.15902709960938,197.43241343550218,194.1793407074176,196.3480457396196,12287800
2025-01-30,201.58079528808594,202.18564878993757,198.43914254242208,198.72564570444456,14571500
2025-01-31,204.53541564941406,206.00774800498388,202.52587089641744,202.66016640588438,17060300
2025-02-03,201.59071350097656,204.15735587919752,200.61579226855673,201.16791114851895,16719500
2025-02-04,206.63450622558594,207.61937039503366,203.2023578175692,203.44112058762533,28285400
2025-02-05,192.29910278320312,193.54263032942174,188.9266566850494,192.10014141176407,43666400
2025-02-06,192.30905151367188,192.8263632393094,189.50366117572784,190.00107220966927,20816600
2025-02-07,186.17100524902344,192.01558502568938,184.14157486525048,191.7420150229491,29565700
2025-02-10,187.2255096435547,189.00624964102389,186.6385682682061,188.08105722685843,16606000
2025-02-11,186.10137939453125,187.82241739440514,185.11650004096026,185.86759559150192,13028100
2025-02-12,184.46983337402344,185.86259326075307,182.6791659450235,184.27087201299886,17632300
2025-02-13,186.9071807861328,187.0166118241956,183.92271448963606,184.96726554958548,12729300
2025-02-14,185.9023895263672,187.1757605216032,185.14633024162694,185.86260332391964,12714200
2025-02-18,184.8379364013672,186.8076797724687,182.62943027809777,186.46944392506552,19796000
2025-02-19,186.1610565185547,186.38986134149175,184.53949170694256,185.22094238771552,13120500
2025-02-20,185.67359924316406,186.15110960881435,183.64416880431477,185.5343247540252,12063800
2025-02-21,180.63978576660156,186.4992869075997,180.1921188897077,186.32021104897444,19520800
2025-02-24,180.25180053710938,184.13160026365543,179.9434081459966,182.84828656326837,18734000
2025-02-25,176.4515838623047,179.82403003732153,175.85469973438364,179.22216694157265,20832500
2025-02-26,173.79541015625,177.15791356323382,172.69115706684158,176.02879599433606,23637200
2025-02-27,169.3286895751953,175.67564474778575,168.87305324568032,175.02901640407975,25930500
2025-02-28,171.32823181152344,171.60678073398478,167.518062046697,169.4181755518837,30049800
2025-03-03,167.78668212890625,174.09384996447216,166.77195943877518,172.83042177439185,24122000
2025-03-04,171.71621704101562,174.2579798317073,166.67246247866916,167.0704003657119,30711400
2025-03-05,174.0839080810547,174.83996733996648,170.04491799063615,171.42773514986737,18848000
2025-03-06,173.30796813964844,175.81490895167096,171.6147698411596,171.6565597779171,19082400
2025-03-07,174.8399658203125,175.98400504395343,171.35808883384823,172.34495662578817,16395300
2025-03-10,167.1312713623047,169.7605929808429,164.89535637752135,169.47177260480427,28990700
2025-03-11,165.3086700439453,167.9728537301256,162.5797620234785,166.00583577190864,23705900
2025-03-12,168.31646728515625,168.84432244608345,164.8106999243913,167.78861212422908,19880100
2025-03-13,164.063720703125,167.44000873488667,163.40640172128795,167.30057559363973,15206200
2025-03-14,166.94204711914062,167.56950391364919,163.84462507190284,164.64637710900536,18611100
2025-03-17,165.89630126953125,167.77865640165328,165.13936542573015,166.64823727610516,17839100
2025-03-18,162.01206970214844,165.76682596846985,158.15772701000932,165.28877161215254,24616800
2025-03-19,165.6074676513672,167.45296990179511,162.39053586829408,163.25202758894378,24955700
2025-03-20,164.3824462890625,166.35443377962133,162.4801677759252,163.16239481198508,19981500
2025-03-21,165.57757568359375,165.79668707470026,162.37059826511413,162.71918871380333,29882100
2025-03-24,169.24269104003906,169.81039290328442,166.76277186100938,168.58038739665923,18742800
2025-03-25,172.0911407470703,172.210665738712,169.8602101974201,170.48765181597193,13841600
2025-03-26,166.46397399902344,171.24456264399703,166.18609553083533,170.6071518378054,22498000
2025-03-27,163.41636657714844,166.76277738476176,163.18730108651417,166.0357341858343,21571200
2025-03-28,155.42880249023438,163.14745709835745,154.71072555268628,161.70332475947822,34866500
2025-03-31,155.59811401367188,156.49448302721146,151.5943840899133,154.1838591136328,33591600
2025-04-01,158.23741149902344,159.43255503540883,154.6270728846267,154.67188905757027,20111400
2025-04-02,158.2174835205078,159.62675379666416,155.89690549651638,156.32517424283495,17113300
2025-04-03,152.01268005371094,154.0613519562659,151.56448795871475,152.2168527377023,28416100
2025-04-04,147.1424560546875,152.47080831875712,146.94325281731616,149.29370816580848,39832200
2025-04-07,148.63641357421875,154.30338795761378,142.08302415126968,142.8100674564971,47823000
2025-04-08,145.9871368408203,153.81534648973863,144.62268287612036,152.95383964213912,35304400
2025-04-09,160.4085693359375,161.21529075347854,145.22024995524768,145.73815100242538,46479500
2025-04-10,154.7415771484375,159.38273270520003,151.5844005272355,158.11786516138866,35270500
2025-04-11,158.75527954101562,159.21342569689412,154.95572257857876,154.95572257857876,22582000
2025-04-14,160.81692504882812,163.36656852683146,159.2731910876245,161.65352396559663,18255900
2025-04-15,158.03822326660156,161.39460388666845,157.00742079677485,160.91654946609114,15690800
2025-04-16,154.87106323242188,157.5402163845334,153.28749780872553,154.84118578647085,16921500
2025-04-17,152.73971557617188,156.434716671676,150.28965868848178,155.97657051648838,19513400
2025-04-21,149.25387573242188,150.44901916404316,147.7997741726159,150.35440218598697,16147800
2025-04-22,153.27752685546875,153.98466186176083,150.25978327077377,150.45898650437022,15910300
2025-04-23,157.08209228515625,159.37279282304678,155.71763820347564,157.27132624917084,18575700
2025-04-24,160.81692504882812,161.05595982379364,157.45059082083137,157.88382900283386,30787500
2025-04-25,163.1873016357422,167.55954532138895,162.34073344996503,166.4241567505421,35148100
2025-04-28,161.76307678222656,164.28284276799292,159.73133442106317,163.59563109967962,20871200
2025-04-29,161.404541015625,162.02202854388068,158.74534173472063,161.38960229145994,15955200
2025-04-30,160.2392578125,160.72129376483562,156.51936392224943,159.21342500394488,20639500
2025-05-01,162.131591796875,163.27694975875988,160.2791139288441,161.8626947493928,21904300
2025-05-02,165.1393585205078,166.02575819757342,162.9980605401917,164.28782092891186,16844900
2025-05-05,165.37838745117188,166.42414359888113,163.8047761883749,163.84959235508165,15309300
2025-05-06,164.53184509277344,166.0656250687744,162.47022511611416,163.29687000241276,10691900
2025-05-07,152.18199157714844,166.31460145207316,148.88538156064425,165.39832428714405,78729800
2025-05-08,155.12005615234375,156.77334579137747,153.47673579360423,155.28936674953536,38387500
2025-05-09,153.75559997558594,155.79729639404246,153.20782146453058,154.92086597342728,22871000
2025-05-12,158.9345703125,159.79109259540746,157.2514031940014,158.4565159583647,31884900
2025-05-13,160.2392578125,161.40452376405077,156.94264799111681,159.27317989421834,24944300
2025-05-14,166.13531494140625,167.65912546103155,160.27909242860437,160.65756033705904,31769200
2025-05-15,164.7310028076172,166.83246912741302,163.17731494977232,166.46397052440602,22717600
2025-05-16,166.7528076171875,169.9597852649903,166.27475327380358,168.2467407377016,36271400
2025-05-19,167.1910400390625,167.27071830038446,164.74596753432272,165.04475721501143,21374700
2025-05-20,164.65135192871094,168.9937028282985,163.59562645259507,167.0814703082653,33563300
2025-05-21,169.3721923828125,173.8241147488791,164.22310419593487,164.28285909527938,45567600
2025-05-22,171.28439331054688,177.40952770515509,171.18480689584123,172.64886244595763,45024100
2025-05-23,168.90406799316406,170.512541390871,168.57540089655492,169.59127963179472,24963600
2025-05-27,173.27630615234375,173.5850498768435,170.51752079679463,170.60715313028052,24341300
2025-05-28,172.6787567138672,175.76620941784861,172.3152275122392,173.27632085153758,25999200
2025-05-29,172.26043701171875,174.69055520127205,171.08520184407303,174.29217915631497,21174700
2025-05-30,172.15089416503906,172.73850419417116,167.84337497253614,171.71267136464456,36258300
2025-06-02,169.680908203125,170.3701106430195,167.96786378448402,168.32640831855008,24742900
2025-06-03,167.0316925048828,169.11323571442114,166.0058444266652,168.18201981526315,25386700
2025-06-04,168.70489501953125,168.89412898875253,167.1163448426358,167.5993838493575,18508700
2025-06-05,169.12318420410156,171.66287351594346,168.6650532300248,170.92586104829266,25375400
2025-06-06,174.2125244140625,175.11884751526102,171.60312601424715,171.60312601424715,22258100
2025-06-09,177.1241912841797,177.40836816351256,175.1597997768097,175.36919326684443,18817600
2025-06-10,179.49742126464844,181.92550045360693,175.97249863835316,177.25382807443742,32908000
2025-06-11,178.28091430664062,181.23249282399922,177.49317041360035,180.71396918946152,18994400
2025-06-12,176.46607971191406,177.62278026732977,175.60852795053205,176.97462201103352,17345900
2025-06-13,175.3791961669922,177.83518035272527,173.0757762003859,173.08574224840902,20873200
2025-06-16,177.43331909179688,177.73744330231764,175.3193606510868,175.40411009338223,18132500
2025-06-17,176.725341796875,178.20611393906023,175.4390217048858,176.4960009711626,17656100
2025-06-18,173.48458862304688,177.31765222631788,172.34783537554478,176.77519493381817,32531800
2025-06-20,167.2523956298828,174.86566520888314,165.79656140415713,174.36708892589806,55402600
2025-06-23,165.53729248046875,168.00026054280318,162.8649308992626,166.84357512657374,36975600
2025-06-24,167.2623748779297,168.76806975687913,166.4347364323062,167.2075235754851,27310300
2025-06-25,171.00169372558594,172.86636409735513,168.0810330981547,168.16976896218105,23627400
2025-06-26,173.9333038330078,174.152678600943,170.37347730849507,172.89128129298544,25909100
2025-06-27,177.7623748779297,178.33074387318422,172.21820958571067,174.13274050001613,74053100
2025-06-30,176.88490295410156,181.0629748734639,175.00028510770912,180.2702403650563,43964600
2025-07-01,176.40626525878906,176.7153801218203,174.16267197058608,176.30155328362758,25778500
2025-07-02,179.24815368652344,179.42265844217363,175.58860531136284,176.04231158991658,19325900
2025-07-03,180.035888671875,180.2552634412392,177.6826081403371,179.30797160007916,13287400
2025-07-07,177.0543975830078,179.82648034893307,176.1370190978773,179.6220622581476,20991400
2025-07-08,174.6612548828125,178.28090851199698,173.42478016843987,178.27094246341625,24108600
2025-07-09,177.1541290283203,179.76666388972083,173.38489353540632,175.6085395035805,31288000
2025-07-10,178.191162109375,179.07862729251107,175.23959900796677,176.16694359935292,24693700
2025-07-11,180.79373168945312,182.09003308540355,177.03546641829647,177.40341900651282,23975700
2025-07-14,182.28944396972656,184.20397492161146,180.19642187035925,181.55156086612874,20990400
2025-07-15,182.57862854003906,184.88204837684916,181.8706435714378,183.41623298699918,23911600
2025-07-16,183.24673461914062,184.80728084753102,182.5586969017367,183.79517158340033,21152600
2025-07-17,184.174072265625,184.65968506880088,180.98318716041035,182.59359400026932,21654400
2025-07-18,185.41053771972656,186.82649243957306,184.2039765036521,186.0885941142983,21033400
2025-07-21,190.60569763183594,190.7153850173733,186.51738143933608,186.5672421082785,24665000
2025-07-22,191.56297302246094,192.80941368415117,187.95826115133036,191.87208787210568,26212900
2025-07-23,190.96469116210938,192.80942957962978,189.63847636289518,191.81227696807093,34068100
2025-07-24,192.64987182617188,198.40344636594713,191.40343112437813,197.54589455449943,45252100
2025-07-25,193.52737426757812,194.71896368694811,191.5829297825064,192.38063967306033,31101800
2025-07-28,192.86924743652344,194.26527015774164,191.30870123671065,193.856433954113,25553500
2025-07-29,195.87066650390625,196.10002254359046,192.44047454062365,192.74958939416115,31891600
2025-07-30,196.87779235839844,197.91482426535532,195.00314078640517,195.7410391151416,21150500
2025-07-31,192.3108367919922,196.26953353783088,191.53305903886246,196.0401927171234,27852000
2025-08-01,189.4091033935547,191.0723529371657,188.16266284053663,189.23958930418488,21236700
2025-08-04,195.19261169433594,195.52167386173045,190.37636305120955,190.63064182040998,23386000
2025-08-05,194.7638397216797,198.13420493112548,194.12067207868012,194.98818991202364,19010200
2025-08-06,196.35928344726562,196.81798032699237,193.91326525690266,194.6940404711256,15383700
2025-08-07,196.71826171875,197.80515439006194,194.6641298180053,197.14704524438545,14660600
2025-08-08,201.51455688476562,202.85073766140218,197.33648523042044,197.416259260937,24379900
2025-08-11,201.0558624267578,201.58435203185698,199.23107153514874,200.9810638173645,16690200
2025-08-12,203.57867431640625,204.54591353591007,200.82652345870838,201.51955180494028,19854000
2025-08-13,202.45187377929688,204.845033727696,198.07437484974005,204.39631813928864,19573000
2025-08-14,203.23963928222656,204.8350742270395,201.74888587913532,201.98321733612022,17777100
2025-08-15,204.32652282714844,206.7396300560372,201.50957005219533,204.13706141732277,21111400
2025-08-18,203.70828247070312,205.55302072657867,202.83079859585285,204.48607543767912,13000200
2025-08-19,201.91343688964844,203.70829941015938,200.3578660416823,203.3244011339479,13476600
2025-08-20,199.61997985839844,201.59433773057413,196.89775754210487,201.10572748289434,13971700
2025-08-21,200.04873657226562,202.78093999390543,199.82936179748154,200.14845791183663,11768900
2025-08-22,206.13137817382812,208.6342256189113,201.55445158058532,203.37924258904317,25723700
2025-08-25,208.56442260742188,210.4889196480279,205.3635563561227,206.41056953451064,22788800
2025-08-26,207.3578643798828,207.86642190508059,205.86213559347055,207.77666661423743,23051000
2025-08-27,207.6171417236328,208.9732698171861,205.8023167566001,205.8721247393355,15249000
2025-08-28,211.76527404785156,212.29376366184292,207.00886752192932,207.2481743869278,20915700
2025-08-29,212.92198181152344,214.72682548432343,210.36927372964016,210.66842253634155,24682200
2025-09-02,211.38636779785156,211.76428641121737,206.37069184883856,208.39491024343394,28900100
2025-09-03,230.4419708251953,231.13997459873178,224.47898735115547,225.8351154891725,72250300
2025-09-04,231.9975128173828,232.10720020502256,226.11430372222992,229.49964084428723,32196000
2025-09-05,234.50035095214844,235.45762404425668,231.71830217957384,231.99750366157633,26127700
2025-09-08,233.70193481445312,237.9336306885174,233.2727680706754,235.32873581763147,23128800
2025-09-09,239.47064208984375,240.1193644961195,232.92347691738414,233.73188999346144,22854800
2025-09-10,239.09136962890625,241.60644426204072,237.64420916870392,238.78197848839386,19990100
2025-09-11,240.30899047851562,242.09549744985415,236.11720946779278,239.67024304096682,21308600
2025-09-12,240.90780639648438,241.94876530170674,238.03343550952394,240.32893919125266,14536600
2025-09-15,251.2675018310547,252.25557067635967,244.5007660792978,244.66045674238666,29935200
2025-09-16,250.9281768798828,252.73463376812833,249.22651032925336,251.83640041639592,24493500
2025-09-17,249.3612518310547,251.45713469310198,246.0976443107254,250.96810297309426,20491300
2025-09-18,251.83639526367188,253.64285211495618,249.6207367971961,251.36731345678214,21166400
2025-09-19,254.74070739746094,256.1978580599402,251.5749001290136,252.90429521414327,41616800
2025-09-22,252.38531494140625,255.80859778310395,250.31935701525043,254.28159202417987,20079000
2025-09-23,251.8463592529297,254.2716135136843,250.59880455040593,253.15878923661495,17521100
2025-09-24,247.34519958496094,252.465169210253,246.73639225090292,251.6567409307806,16958500
2025-09-25,246.08767700195312,246.83121478968334,241.17728790642323,244.36105019347215,17379800
2025-09-26,246.69647216796875,249.63072353115038,246.15753518831568,247.30029966360988,16594600
2025-09-29,243.88198852539062,251.15572628312094,242.72425403895525,247.7893233809348,23157200
2025-09-30,243.07357788085938,243.19833335962917,239.1023575820505,242.5845309216633,22541200
2025-10-01,245.05966186523438,246.666512952486,238.7320679853251,240.70819039614514,23967700
2025-10-02,245.9479217529297,247.15056633705015,242.62942922539503,245.15947386631728,20657500
2025-10-03,245.96788024902344,246.6345727460357,241.99567037024406,244.7502656502268,19941400
2025-10-06,251.0179901123047,251.7066427694446,245.20938312792492,245.29920341478498,18309000
2025-10-07,246.64657592773438,251.0579278171748,246.32719459308916,248.4430426338229,13811200
2025-10-08,244.97982788085938,246.7762944646119,244.61054133420603,245.71837051628768,14136500
2025-10-09,241.7362060546875,245.07464870084345,239.21114111980023,244.5806218715314,19375700
2025-10-10,237.0254364013672,244.36104946811375,236.22200319329653,241.68629929405725,22449100
2025-10-13,244.16143798828125,244.5107594146721,240.2790481619253,240.55849921146196,12465000
2025-10-14,245.70840454101562,247.53980637822448,240.7062003860947,241.28208274297785,17705400
2025-10-15,251.2176055908203,252.26553937260695,246.3072168107861,247.59969690234325,16048100
2025-10-16,251.38726806640625,257.07609924459695,250.17962841163254,251.9711151399471,18946000
2025-10-17,253.2935333251953,254.38141265847207,248.1037085285355,250.8583192068179,17653800
2025-10-20,256.5172119140625,257.3755454382386,254.10196292360385,254.730720175168,13726800
2025-10-21,250.84832763671875,254.88043315871175,244.1913772492023,254.75068259010632,27836400
2025-10-22,252.03599548339844,256.6768929861004,249.96106769580882,254.51113980291018,19650200
2025-10-23,253.233642578125,255.35948069055303,252.27353409197949,253.20370248321245,13241300
2025-10-24,260.0003967285156,261.99648430275073,255.59901997238168,256.7966542421952,18406000
2025-10-27,269.4019470214844,270.27024022649704,264.421718365036,264.8408796912386,22987700
2025-10-28,267.9048767089844,270.8491179569037,266.6473622943728,269.6714336408872,20101200
2025-10-29,274.6317443847656,275.43016729550635,267.90490800735444,268.08454859358886,26287900
2025-10-30,281.3485412597656,291.3589193601236,279.9013960238178,291.149338690232,48570000
2025-10-31,281.26873779296875,285.7250001291056,276.98014610019925,282.651007876155,29932800
2025-11-03,283.564208984375,285.38065607049083,279.82154461028614,281.86755274284974,19691800
2025-11-04,277.51605224609375,281.28268678839237,276.3233826138772,276.5230035539034,18123700
2025-11-05,284.1929626464844,286.1391601752395,277.33640684061817,278.83347249108255,20063200
2025-11-06,284.7818298339844,288.2450432279728,281.0691054763307,285.1760461917381,23103800
2025-11-07,279.1528625488281,283.9434605971931,275.20058717815346,283.65401936749936,21991100
2025-11-10,290.0215759277344,290.8898692555018,282.98537855082736,284.70701038582297,19508200
2025-11-11,291.1692810058594,291.7681133620935,287.3168466563392,287.63622797404787,14156700
2025-11-12,286.8677062988281,291.7880546515022,283.8236850599058,291.5135987132187,16998800
2025-11-13,278.573974609375,282.95540141720784,277.4561704506044,282.43140406714,18060200
2025-11-14,276.43817138671875,278.60390928776036,270.8790603381107,271.3630969415388,18330500
2025-11-17,285.04132080078125,293.94385460993595,283.67400564199863,285.839743672837,34286100
2025-11-18,284.4025573730469,288.8688095426974,278.46421494061445,287.9206557340323,29702200
2025-11-19,292.41680908203125,303.6547907047572,287.1072398337991,287.12219465095603,43123600
2025-11-20,289.41278076171875,306.2897067467055,288.6043676402575,304.14388799780994,34801400
2025-11-21,299.0638122558594,303.3653785062888,293.7841521372714,296.28925176883206,43670600
2025-11-24,317.8470153808594,319.1744002550105,308.7947506575406,310.4016170398079,55311800
2025-11-25,323.00689697265625,328.02705586506585,317.1942849998955,326.1606884500195,50899300
2025-11-26,319.6534729003906,324.3542507562828,316.57951134155564,320.1524948095306,29839600
2025-11-28,319.4937744140625,326.24056020701124,316.32000245950996,322.7972969350763,19695800
2025-12-01,314.5035400390625,319.0047270753606,313.3657860079027,316.8539440232833,28520600
2025-12-02,315.40179443359375,317.97676452439663,313.6053277555434,316.28007786122015,24668200
2025-12-03,319.9927978515625,321.4100334471199,313.66520382303423,315.4117804706808,32285100
2025-12-04,317.7671813964844,322.46695407539863,314.9726404703706,322.4130740860983,20831600
2025-12-05,321.45989990234375,323.1964862382524,319.35404226124786,319.3739921709227,15719900
2025-12-08,314.0396728515625,320.8108241186279,311.5029788731178,320.61107291613456,22006900
2025-12-09,317.3352966308594,318.29305988942644,312.21198704406135,312.69137155620143,14151300
2025-12-10,320.5810852050781,321.44994495209085,314.98838728040494,316.2067963622882,22764500
2025-12-11,313.2906188964844,321.5697781115332,309.47559686198167,320.68095545193773,25912100
2025-12-12,310.11474609375,315.72743733563,306.5593944963072,314.384191403608,21264800
2025-12-15,308.9163513183594,312.2919453669598,305.3410060743878,312.2170310492573,22028900
2025-12-16,307.3283996582031,311.4380195138882,303.4334650759046,305.6006464692463,21285200
2025-12-17,297.6710205078125,308.79149875866017,297.0618312050489,308.60674262731374,29120400
2025-12-18,303.35357666015625,304.8616157159393,300.2376534405314,302.6644747391527,21040500
2025-12-19,308.2072448730469,308.58675384401073,301.9454382853998,302.87421730733627,45234400
2025-12-22,310.9236755371094,311.29321825822973,306.1898713767453,310.8188320764369,14091400
2025-12-23,315.26800537109375,315.88719134572176,310.34444672484165,310.72895402233655,13961400
2025-12-24,315.2580261230469,315.8772120720956,312.9110870599196,315.7373801596012,6138200
2025-12-26,314.5489501953125,316.14686819703024,313.31057822091293,315.50771928299366,6730900
2025-12-29,313.979736328125,314.5589660191107,311.4929650481145,312.41177786022433,12317700
2025-12-30,314.1394958496094,317.28540943965805,312.8412045581068,313.000999413296,11052500
2025-12-31,313.3904724121094,314.97842425011913,311.7925848269269,312.9610408855354,10821500
