Date,Close,High,Low,Open,Volume
2021-01-04,109.00051879882812,110.72381104341599,108.05660050746152,110.41205881937562,16819900
2021-01-05,109.59364318847656,110.1605833749792,107.95387731647128,109.01797900248445,13731200
2021-01-06,114.73969268798828,115.8037942607368,111.53866397118186,113.28309768799502,24909100
2021-01-07,118.50767517089844,120.5312174116668,117.6790747896404,118.35068308786916,21940400
2021-01-08,118.63848114013672,118.92631318527744,116.981267544683,118.5948678044024,12035100
2021-01-11,120.40909576416016,120.53992248669964,116.97257189026757,117.38251336612322,15937900
2021-01-12,122.3017807006836,123.55777029748951,121.08940444161274,121.62145522056741,18033500
2021-01-13,122.4151840209961,122.79894682530433,120.45270342199923,120.88007956806983,14816800
2021-01-14,123.13035583496094,124.50845451174091,122.10986782237286,122.53725715096215,18565600
2021-01-15,120.92365264892578,123.54900991827225,119.50194069614868,119.86826868892362,27881000
2021-01-19,120.40035247802734,122.72044371308672,120.2084777414083,121.98778752588562,19843800
2021-01-20,118.59487915039062,120.51374632598555,118.13260702700848,120.20847956448338,16028800
2021-01-21,117.60054779052734,118.7605933424841,117.15572369678286,118.35065193281059,13411700
2021-01-22,116.69345092773438,117.22550175262464,115.30663450691206,115.73402395933972,12933200
2021-01-25,115.23684692382812,116.15267378892636,113.44008918770673,115.25429492086566,14212800
2021-01-26,114.76585388183594,116.15267015214809,114.5565178507066,115.7863420793631,11307800
2021-01-27,111.52122497558594,113.25693473036779,111.07639420207519,113.03015068977889,17603900
2021-01-28,113.48370361328125,115.28046136661983,112.50682871257423,113.3005329149375,13761800
2021-01-29,112.22771453857422,114.8879684960276,111.80905576608197,114.42569638477269,14808100
2021-02-01,113.05630493164062,113.44881163753186,112.06198211515344,112.8644169048693,11080700
2021-02-02,116.53643798828125,117.21676340523528,114.45184840373322,115.07984314383245,12253600
2021-02-03,117.87092590332031,118.41169398714808,116.449213711284,116.5713230627587,10600800
2021-02-04,120.58350372314453,120.94111441476456,118.158751512268,118.158751512268,12419500
2021-02-05,120.34799194335938,121.66504259370636,119.82467192898694,121.57781593685134,10051300
2021-02-08,122.23197937011719,122.37153670143783,120.52243533373837,120.53988332738336,10136400
2021-02-09,121.74356842041016,122.09244851544936,120.83645887903215,121.61272840307855,8614800
2021-02-10,121.81333923339844,122.86871010352633,121.27255781941692,122.10988862592018,10323200
2021-02-11,121.47317504882812,122.58960723817187,120.55734823332482,121.8133377735669,9201000
2021-02-12,123.20018768310547,123.51418515398225,121.2377068173569,121.28132016504745,8324600
2021-02-16,126.16564178466797,126.75003637631202,124.20316196445691,125.20621519124894,12130600
2021-02-17,126.55818176269531,126.80240047332931,124.83118948316998,125.55512827144992,10810100
2021-02-18,126.98558807373047,127.1600281501389,125.07543796108497,125.59877149923501,10587800
2021-02-19,129.10508728027344,129.8202956583354,127.22110232369265,127.22110232369265,11969800
2021-02-22,130.31747436523438,130.99780010269845,128.03226503092418,128.10204373591114,11488400
2021-02-23,131.36407470703125,132.84683498327854,130.4744132177142,132.14906152712638,16234400
2021-02-24,133.6754150390625,134.11152171996514,130.92794827294384,130.92794827294384,15061400
2021-02-25,131.86122131347656,135.10585637111618,131.34661857863202,134.55637095463845,18127700
2021-02-26,128.36367797851562,131.59086573889348,127.78801379015033,131.09371089179527,19829200
2021-03-01,131.26809692382812,132.03564885904723,129.50622239476533,130.41333164710034,14845500
2021-03-02,130.84072875976562,132.38455022098256,130.69245407723028,130.90179008670864,14221700
2021-03-03,133.37017822265625,135.1756533653807,131.54725508228984,131.90485252595272,14324100
2021-03-04,131.32049560546875,134.6523584054645,129.6283988585746,133.10853639395768,20093900
2021-03-05,131.62574768066406,133.87606019666146,129.06143775990142,133.6405588158569,18465100
2021-03-08,133.37017822265625,135.5943254552518,131.4861937450043,132.98640212806907,17133300
2021-03-09,132.42819213867188,134.53894744807985,130.67504759847006,132.14036005435398,16238800
2021-03-10,135.30650329589844,136.20488226088966,132.14908093754636,132.49797437132972,14342200
2021-03-11,134.59996032714844,136.19609892445078,133.76262971888295,134.41678968164962,11771500
2021-03-12,136.19615173339844,137.48703747620974,135.25417273361805,136.8154292608615,12849500
2021-03-15,135.51580810546875,136.86774170092568,134.2859971773602,136.3705869233758,12101100
2021-03-16,133.89349365234375,134.84421651094246,132.74217871808463,134.39937909474867,12805600
2021-03-17,135.27159118652344,136.83286083528608,133.49228146738594,135.4896445658204,13952400
2021-03-18,137.50445556640625,141.02820562641497,137.03346612337486,137.46085553771454,21898500
2021-03-19,135.315185546875,136.0129589245504,131.86994529894545,135.6379002441203,54418800
2021-03-22,131.6781005859375,134.29474163093764,131.36410312818052,133.27425322045855,19944800
2021-03-23,130.3610382080078,132.68111605024924,129.92493144916907,131.1198597095322,17076300
2021-03-24,131.372802734375,133.60566732850776,130.70992521703022,130.83203458361803,13079800
2021-03-25,133.05615234375,133.42248036232317,130.24762422576907,130.83200558698724,15608300
2021-03-26,135.27159118652344,135.58558858506797,133.056174708792,134.58254836387076,16754400
2021-03-29,133.16958618164062,134.08541326180676,131.7391561938596,132.68114862126544,17570300
2021-03-30,134.73951721191406,135.95189325972552,134.21619717704942,134.72208252699576,13184300
2021-03-31,132.77706909179688,134.74828029340267,132.68112506597603,133.69289600937344,16736700
2021-04-01,134.06796264648438,134.13772802488742,132.18397801543156,132.48924479994716,16561500
2021-04-05,134.77859497070312,135.93670418932095,133.883706997016,135.4629273681381,13508000
2021-04-06,133.83103942871094,135.35763411870155,133.23444751439894,134.05037705379144,13071600
2021-04-07,135.92796325683594,136.1911711941242,133.9276043531442,134.32242295273247,16903500
2021-04-08,136.09463500976562,136.43680124402923,133.6292817081088,135.11200651902075,12335500
2021-04-09,137.11236572265625,137.77914743229562,135.96303845267494,136.70000982448306,12122400
2021-04-12,136.82284545898438,137.96340410039238,136.48946128058628,136.4982299685697,12273400
2021-04-13,135.19093322753906,136.16479280287132,133.73452820725734,135.76998776147846,16113600
2021-04-14,132.66416931152344,134.96282323910145,132.4184988657273,132.89227561232016,19939600
2021-04-15,133.5064239501953,133.53274339420523,131.0059830581096,132.69926309684334,17694100
2021-04-16,134.49786376953125,135.55945061002498,133.96267931188518,134.99794670260198,13773400
2021-04-19,133.92755126953125,135.00670204594894,133.5502969725526,134.6031149170981,11900200
2021-04-20,130.96209716796875,133.13792239842357,130.4181308198766,133.12915371390605,13716700
2021-04-21,132.07638549804688,132.1378064808659,128.78631994931072,129.66367076230702,12236700
2021-04-22,129.29515075683594,131.86579491895148,129.19864165749425,131.80437395241248,15256100
2021-04-23,131.769287109375,132.5939988050386,128.69856004774692,129.12845326849802,14041900
2021-04-26,132.09388732910156,133.7608612886573,131.9359706671711,132.2869055074428,10799100
2021-04-27,132.6992645263672,132.9800231152391,131.69908548129706,132.04125164441825,12821200
2021-04-28,133.55908203125,134.13813665729336,132.83087940528182,133.73454947896698,8943700
2021-04-29,136.15606689453125,136.2350252501555,134.410134058748,134.7084301048687,12976900
2021-04-30,134.94528198242188,135.54188730026488,134.2433988856152,135.19972113132627,11705100
2021-05-03,134.5504608154297,136.41043942007755,134.34867396747194,135.85771775938417,11801100
2021-05-04,136.41046142578125,136.55084072844346,133.4801137660702,134.12057592691917,12977700
2021-05-05,138.2002716064453,138.86705324950864,135.66472888324276,136.86669493301082,10506700
2021-05-06,140.98147583007812,141.09553569668807,137.88442915621852,138.68282144787173,13542400
2021-05-07,141.46400451660156,141.6921108353581,137.76158420273646,137.93705163157279,14257800
2021-05-10,141.44647216796875,143.64861746920158,141.35873174847708,141.69212927777525,14014300
2021-05-11,139.09515380859375,142.4729588660598,138.65647852254918,141.3236317585922,15451700
2021-05-12,138.13882446289062,141.06040304223086,137.7703388836007,140.03390463121488,14381700
2021-05-13,141.6920928955078,142.52557311743215,138.34060786365194,138.77928307385477,15395000
2021-05-14,143.8942413330078,144.28027766988598,142.12200307705683,142.47293789932496,10584000
2021-05-17,144.47335815429688,144.63128826355157,143.034503342685,143.33279940900806,9886800
2021-05-18,142.43785095214844,145.20149951549706,142.3413418671293,144.48206572038978,11098100
2021-05-19,141.34994506835938,141.41135264433993,139.1828881783929,141.253435974127,13278900
2021-05-20,141.10430908203125,142.00797919614772,139.9549818526584,141.10430908203125,10426000
2021-05-21,142.7098846435547,143.20119895062672,141.20084019337006,141.55177515918987,10249000
2021-05-24,143.48191833496094,144.08729242089208,142.23608202777748,143.32400164505287,9440300
2021-05-25,141.99917602539062,145.37696723354674,141.74473689739398,143.75387692956693,12609100
2021-05-26,141.98162841796875,143.65737103158918,141.52540242431533,143.5082230579018,13058300
2021-05-27,144.1925811767578,144.54351607330236,142.63089812871073,143.8416328929051,15707500
2021-05-28,144.0960693359375,144.71021208688285,143.2362560973061,144.48209235988318,10291300
2021-06-01,145.68408203125,146.43860414605135,145.18398572138113,145.52615194859865,9445400
2021-06-02,145.6928253173828,146.90357331981969,145.22783061242217,146.74564326470306,10498600
2021-06-03,145.78936767578125,146.7369080607674,144.4645729067418,145.12258594737304,13354400
2021-06-04,146.02626037597656,146.22804729920617,144.78919261057115,145.82447345274696,8510800
2021-06-07,145.3418731689453,146.60525991031423,144.88564720404986,146.51751951376727,7267200
2021-06-08,144.76284790039062,145.42962953189502,143.14852602160676,144.31540391722018,10370700
2021-06-09,142.95550537109375,144.0785130403404,142.37645077645823,144.00832338759906,12377400
2021-06-10,140.72702026367188,144.97340702152871,140.64806192858512,144.20133426786262,12119400
2021-06-11,140.6305389404297,141.42893129678694,139.55140131922167,140.7533675039224,13683800
2021-06-14,138.244140625,140.66562346432084,137.44574836513888,140.50769339474135,19917900
2021-06-15,136.1472625732422,137.67385746909093,135.22605513352613,137.48083926200746,24485500
2021-06-16,137.10354614257812,138.28796111033685,134.331115758924,135.7524190751562,25321200
2021-06-17,133.14674377441406,138.14765371320848,132.6992997154662,137.83180691062472,29722400
2021-06-18,129.77769470214844,131.33937764569436,129.4618479614702,130.98844277263288,43595700
2021-06-21,131.97984313964844,132.65540684399085,130.74278897917915,130.79542787273434,18664800
2021-06-22,131.7868194580078,132.4536009930906,130.4269235575271,132.12898560443665,14251200
2021-06-23,132.58523559570312,133.392396645984,131.68156543140447,131.77807454542227,12733300
2021-06-24,133.80474853515625,134.33993299003947,132.67297203866372,133.2871148424701,13733200
2021-06-25,135.15585327148438,135.5506583367514,133.06775470378264,133.87491559355055,15484900
2021-06-28,135.4015350341797,135.53313228415558,133.46258409824284,134.8487998096624,14125800
2021-06-29,135.23484802246094,137.1386975991338,134.7698531823538,135.98937022500823,14528700
2021-06-30,136.4630889892578,136.9368657495864,134.8575493773277,134.89263750642692,12531000
2021-07-01,137.814208984375,137.8668478689065,136.35780403824558,137.0947751962971,10479400
2021-07-02,137.68190002441406,137.93780547721508,136.8789067910063,137.6113058810364,11424000
2021-07-06,135.3699951171875,137.46129437918387,134.43464630742466,137.46129437918387,15083400
2021-07-07,135.52877807617188,136.13764056710934,133.72867517920366,134.13457453019439,12271800
2021-07-08,133.19041442871094,134.59343727062452,132.39624064812526,133.78162505773517,17834600
2021-07-09,137.45245361328125,137.78775890144348,134.63757494231,135.0523070422969,13694500
2021-07-12,139.42019653320312,140.44379108099128,135.8376290803964,136.1994188978054,19940400
2021-07-13,137.34658813476562,138.8819805356209,135.4494192444855,137.69955886945138,22671700
2021-07-14,136.87889099121094,138.78489224903154,134.96407051565717,137.61128999670092,14622800
2021-07-15,137.1789093017578,138.12307717875615,135.62586537031598,135.80234396312886,11539300
2021-07-16,134.04635620117188,137.90246776693053,133.26101506281606,137.6201047273012,14002700
2021-07-19,129.687255859375,132.2021192170501,128.5754287611085,131.08145943847524,22172900
2021-07-20,132.1050567626953,133.34923944723272,129.12251907731843,129.2901784332825,15385200
2021-07-21,134.8846435546875,135.58173869000836,133.56103394769963,134.16989652122658,12356700
2021-07-22,133.181640625,135.39649012339495,132.33453770856423,134.90234451139776,9913300
2021-07-23,132.92572021484375,134.86701190364101,132.58158220394085,133.66693847456457,9666100
2021-07-26,133.8169708251953,134.09052821265865,132.51101267772123,132.52866458178997,8208000
2021-07-27,133.6404571533203,134.55816742197234,132.18449186398647,132.71392766717415,11218700
2021-07-28,133.8610382080078,134.8052194485583,133.137472015464,134.38165471372804,9217300
2021-07-29,135.00816345214844,135.77585262197732,134.0463438198074,135.13169979516056,9063500
2021-07-30,133.93165588378906,135.59940361017456,133.41985850420323,134.637583768199,9805200
2021-08-02,133.39337158203125,136.28766344718284,133.305139022218,134.15224161158034,10203200
2021-08-03,134.91114807128906,135.29058992075102,131.9374420599776,134.08168369123675,10394800
2021-08-04,133.4551239013672,135.33464002711557,133.16392822792434,133.46394311651977,10155000
2021-08-05,135.1405487060547,135.61705575127223,134.1346058449287,134.37285936753747,9151500
2021-08-06,138.97900390625,139.26138040886985,136.87005321094915,136.94064733660412,13328800
2021-08-09,138.8289794921875,139.9055162142255,137.5671315298687,138.99663883709604,9516900
2021-08-10,140.5320281982422,141.1673618372012,137.92893220041265,138.3083739263378,8667000
2021-08-11,142.20860290527344,142.5086178165768,140.373196180818,141.18500836317205,9156500
2021-08-12,142.7645263671875,143.27632369791723,141.6703510420337,142.84395317663672,8844200
2021-08-13,141.16737365722656,143.09102663193553,140.80559726222518,142.76452710451028,8980900
2021-08-16,140.2408447265625,140.32909075362585,138.3436763247806,140.24967740794082,8755800
2021-08-17,138.54664611816406,140.1791036043597,137.01126735448594,139.04080509113436,9347200
2021-08-18,137.28477478027344,139.42901564212022,137.07299241951196,137.92892761396854,8065500
2021-08-19,136.13768005371094,137.26715934891328,135.01701997671375,135.1493890365227,9517700
2021-08-20,136.52589416503906,136.6847208248782,135.14934258863053,136.19940816573595,6974100
2021-08-23,138.27308654785156,138.61722452110422,136.98478068468157,137.06419403286594,7934600
2021-08-24,139.12901306152344,139.90553498869335,138.4230852608647,138.53780239950194,7670900
2021-08-25,141.996826171875,142.75569616047386,139.24372270833126,139.87022366767383,11335000
2021-08-26,142.729248046875,144.564655139812,142.19979877343872,143.17927050417782,11027500
2021-08-27,143.87635803222656,143.97342326928566,142.29684312594244,142.72922708456065,8780200
2021-08-30,141.5732421875,144.26458358707907,141.07909690714104,144.0175109468996,7937600
2021-08-31,141.1409149169922,142.39393051292402,140.61147910341145,141.5732989428694,12340800
2021-09-01,140.93792724609375,141.85562382120756,140.2761225589744,141.37913037084,8729900
2021-09-02,141.59095764160156,142.60571976469916,140.6820665289585,141.2026966143261,8813300
2021-09-03,140.73501586914062,141.9703795687605,140.43498742970053,141.52917632397418,7959700
2021-09-07,140.4879150390625,142.40273512283778,140.26731346077798,141.176190886154,9285600
2021-09-08,139.8614044189453,140.81440487866988,139.45549157955347,140.20554235180816,7852700
2021-09-09,140.47030639648438,141.9174526570591,139.4908345487233,139.65849395415765,7904300
2021-09-10,138.85543823242188,141.82032356161577,138.73190190472423,141.67913534011845,8311600
2021-09-13,141.06149291992188,141.22915229650678,139.48199132918947,139.8878907482811,10052800
2021-09-14,138.599609375,142.367475815019,137.88484872788126,141.58213448951287,11685600
2021-09-15,139.5614471435547,140.0291216182026,138.07017766367605,138.29077933905555,11691500
2021-09-16,139.49961853027344,141.93506870652368,138.73192930399588,140.66440139099356,10880900
2021-09-17,139.13784790039062,140.31145013956012,138.53781795435447,138.87313672681844,25581600
2021-09-20,134.97286987304688,136.3847118356804,132.7933252946273,135.79350124661838,15819900
2021-09-21,134.99053955078125,136.37592418742636,134.63758234453573,135.4758658077096,8999900
2021-09-22,137.5760040283203,138.75842553591713,136.86125690006335,136.94948947355948,11236200
2021-09-23,142.2262420654297,142.6939297953238,139.1290007758004,139.42019647277522,12336100
2021-09-24,143.86753845214844,144.352864681638,141.90860856444667,142.45569624253298,10102400
2021-09-27,147.34423828125,147.7148474072901,145.2529391184325,145.59707712578796,13220900
2021-09-28,146.55003356933594,149.39138280936893,146.1794245551296,147.9795274047677,13387900
2021-09-29,146.43531799316406,147.27360125780172,145.63232505501117,146.6647522408941,7777100
2021-09-30,144.44113159179688,147.3530759252506,143.64695761115192,147.29130100326972,13161200
2021-10-01,147.47659301757812,148.50900693938615,144.36169935326012,144.71465654441621,11285000
2021-10-04,147.3177490234375,150.39735227429443,146.2412121146315,147.33540092187218,14120000
2021-10-05,149.7234649658203,151.03729209525454,147.95689013320944,148.4362684606215,12292900
2021-10-06,150.04306030273438,150.11407982266005,147.36213099429037,149.1287059952723,8692600
2021-10-07,150.99295043945312,152.25351671474272,150.5046995997586,151.97832448116708,10195400
2021-10-08,151.1083526611328,152.10259902426898,150.29164835632943,150.93081060280005,8190100
2021-10-11,147.93023681640625,152.05814548672103,147.77045309550454,151.623169660543,12154700
2021-10-12,146.79397583007812,147.97464984992072,146.2702221541923,147.14018749412315,13032600
2021-10-13,142.9235076904297,146.83837223897822,142.56842364856442,145.64882579858283,22753500
2021-10-14,145.11618041992188,145.59554521193775,142.08903964199308,143.5892947185567,15176800
2021-10-15,147.9036407470703,148.4007638334521,145.71096220524572,146.78511380271135,14267400
2021-10-18,147.85035705566406,149.67906536542753,147.28221453665418,147.78820990650408,12672900
2021-10-19,149.64356994628906,149.71457591236566,147.87699515082716,148.60492144060018,8053900
2021-10-20,151.65870666503906,151.68533729116422,148.6582099083732,149.40389453105317,8185600
2021-10-21,150.4691619873047,152.09369792803645,149.74122207639823,151.58768893451537,8415200
2021-10-22,152.49314880371094,152.7683409341531,150.6466822127865,150.93963260681446,8817900
2021-10-25,151.74749755859375,153.54070329759966,151.33913868008358,153.31877236365895,10159200
2021-10-26,152.15585327148438,153.1234825041247,151.39241026482318,151.80076917119132,8015100
2021-10-27,148.9866943359375,151.5344574331487,148.55170477604668,151.197131583494,9847000
2021-10-28,151.23263549804688,151.36578865719622,149.10210367811152,149.4039265359107,7212900
2021-10-29,150.81536865234375,152.9015246245037,150.37150683235976,151.9605261878439,8140100
2021-11-01,150.73548889160156,152.98142879759922,150.03417957412736,152.72398133578608,7435500
2021-11-02,151.3302459716797,152.413269867337,149.95427165713926,150.73547277416088,7173800
2021-11-03,151.3834991455078,151.91613870516917,150.1584362856387,151.0284151361247,8402700
2021-11-04,149.39500427246094,151.09055966282864,147.79711256915726,150.91301764530465,9574200
2021-11-05,149.18194580078125,150.99289588896477,148.61380326864656,149.93650269353003,7975600
2021-11-08,150.07855224609375,151.72971871249374,149.7944877328828,150.06967988635157,6413700
2021-11-09,148.94224548339844,149.55477685638564,147.89473827119485,148.5605308860791,7990300
2021-11-10,148.80020141601562,149.98087523840923,148.32970906780574,148.64929005390914,6999200
2021-11-11,148.7913818359375,149.74123922743578,148.16109199831212,148.7114899474693,5815300
2021-11-12,148.12557983398438,148.90678103886592,147.1135753392919,148.82687560975654,8113400
2021-11-15,147.85926818847656,148.95116462708512,147.36214504717802,148.43629676330428,6492500
2021-11-16,146.79397583007812,148.31198915432927,146.58091728851684,148.30310324910553,9706100
2021-11-17,146.00393676757812,146.97155247386561,145.04519342301782,146.66085726632977,9909600
2021-11-18,144.74334716796875,146.34125248380784,144.30835769306057,145.93289363536465,8122500
2021-11-19,142.85247802734375,143.90887126341005,141.5475232705074,143.189817325069,12193600
2021-11-22,145.89739990234375,147.34438036587372,144.6900950922002,145.7287302269754,14549900
2021-11-23,149.38616943359375,149.63473102967563,146.8028897611807,146.9182981970727,12354400
2021-11-24,148.21434020996094,150.41589097481364,147.75272013898643,149.54592562787454,9629800
2021-11-26,143.74908447265625,144.38824658577076,140.98827691858202,143.93551239964296,13619300
2021-11-29,143.12767028808594,146.27909173433054,141.8759903237604,144.97413697643654,12104400
2021-11-30,140.9971466064453,142.5950518589473,140.51776825790085,141.2900970315363,18922600
2021-12-01,140.1626739501953,144.93863109222534,140.08278207982204,142.92349479520567,12253400
2021-12-02,143.1099395751953,144.9208899117364,140.97052226797672,141.88487656937767,12969900
2021-12-03,140.5177764892578,143.6603259275297,139.54128856067402,143.367375485278,12681800
2021-12-06,142.1778106689453,144.35273071316283,141.55640687710985,142.93236757846455,11186500
2021-12-07,144.3172607421875,145.04518719467964,143.06556696729422,143.70472916955504,9851600
2021-12-08,142.6660614013672,144.93863158134326,142.18668308633636,144.39711965989687,11705700
2021-12-09,142.4441680908203,142.8613858183416,140.8373766211828,141.72510042855387,11189600
2021-12-10,141.8760223388672,143.54493384976266,141.26349075768516,143.20760802123158,10405400
2021-12-13,140.18931579589844,141.84935467039065,139.62117320734154,141.59192077449563,12069000
2021-12-14,141.26345825195312,142.82584688333145,139.63892246781506,139.772075587176,12563600
2021-12-15,140.2071075439453,141.90266335452628,139.6833537214908,141.90266335452628,14014200
2021-12-16,142.39976501464844,143.65145870937027,140.88175149511085,142.38200674750365,19542800
2021-12-17,139.15956115722656,141.4854064425323,137.75695609763275,141.4321451882775,28082000
2021-12-20,136.65618896484375,137.3308541025031,134.7919637708849,137.1621844316911,15148000
2021-12-21,138.56478881835938,139.53240439857666,137.67706512004878,137.96114320539073,11291300
2021-12-22,139.10630798339844,139.42588907307973,137.8102389026166,138.26297313566954,7273000
2021-12-23,139.6033935546875,141.25455981622252,139.559018215895,139.91410219974924,8055200
2021-12-27,140.4024200439453,140.43792304109087,138.78675598918255,139.90529681035437,6188100
2021-12-28,140.8284912109375,142.16894915945403,140.33136809216552,140.43789060459122,6342300
2021-12-29,140.75747680664062,141.7073477289456,140.3935068151636,141.01492428181785,6398900
2021-12-30,140.68646240234375,142.24886494143172,140.58881224365075,141.2457327244573,6948200
2021-12-31,140.57107543945312,141.40552447050285,140.22486368378213,140.6598396960716,5805900
2022-01-03,143.54490661621094,144.37936898613825,141.60078972150527,141.9114984066782,13120900
2022-01-04,148.9866943359375,149.65248721881213,145.7908830799029,145.86190261288044,20195800
2022-01-05,146.26284790039062,150.3529939267181,146.21819294369067,149.87075582398552,17539400
2022-01-06,147.81678771972656,149.46891251987,146.3432555378449,149.0581195189452,14047500
2022-01-07,149.28134155273438,149.61176370068645,147.4059424050087,147.95070016683152,13913300
2022-01-10,149.42428588867188,151.20143659797546,147.82572781521154,150.98711453353607,12922500
2022-01-11,149.5760955810547,150.49593074021448,148.5222955104893,150.26373034449165,11854100
2022-01-12,150.4244842529297,151.45148043118525,149.299238964396,150.44234896632423,12568000
2022-01-13,150.23692321777344,151.6479356400798,149.9332912555357,150.33515869106003,13623400
2022-01-14,141.0028533935547,143.80701372863592,140.118734070285,143.56588779923814,40158400
2022-01-18,135.09091186523438,139.1185396382745,134.43897924786577,139.1185396382745,32324800
2022-01-19,133.0011749267578,135.9482259220611,132.6618271194621,135.35882662442782,22380000
2022-01-20,131.86697387695312,134.50145282089997,131.59905776149859,133.0547248749371,14860800
2022-01-21,129.56295776367188,131.73305036392497,128.8395935635875,131.72412482042682,20705400
2022-01-24,129.44686889648438,129.92018165221654,124.6422961045713,127.06244040247945,28471400
2022-01-25,130.8578643798828,131.14364528059966,125.73178189423707,128.2858907805646,18915900
2022-01-26,132.09918212890625,134.4657589703007,130.34882199234275,132.81362067775706,20709100
2022-01-27,129.76832580566406,134.29606906724538,128.71453957917038,133.43874014209345,17536800
2022-01-28,130.92930603027344,131.06325730708755,126.96418471517951,128.76813912804664,14117000
2022-01-31,132.7064971923828,132.87616430194547,129.19682313105207,130.0630779021466,13985700
2022-02-01,134.98370361328125,135.26948446376548,132.43853434421334,132.78682123900288,14584900
2022-02-02,133.9031524658203,134.79619735234516,132.2331628885896,134.40325542198886,12441100
2022-02-03,132.7957305908203,135.43020946117878,132.42957903081944,133.95669130750792,12474900
2022-02-04,136.242919921875,137.0823842598427,132.85828594147185,133.15299237672326,16654400
2022-02-07,136.69834899902344,137.1895126474918,134.71578881658905,136.876955200901,12572300
2022-02-08,139.27035522460938,141.52975782547924,138.2433589975901,138.42196525966506,20411400
2022-02-09,139.85081481933594,140.59202997831702,139.15424099691444,139.84187565059872,9131100
2022-02-10,139.27035522460938,142.02093526627363,138.6184362359828,139.90442312577747,16455600
2022-02-11,137.4574432373047,141.27074805076114,136.6090534689701,138.96669101162917,16830000
2022-02-14,136.18040466308594,137.24311651458467,134.2424991078371,136.394726691121,17026500
2022-02-15,138.17190551757812,139.26142136600333,137.39496082920968,137.98436009618737,9500000
2022-02-16,138.4219512939453,139.40430607642196,137.29671969229446,137.29671969229446,9076500
2022-02-17,135.23377990722656,137.28778586067935,134.5550707027151,136.63586691247866,11367500
2022-02-18,135.8677978515625,137.65388695891934,134.96582775798757,135.85887231166598,11733300
2022-02-22,135.62672424316406,136.8502050191361,134.32288632361673,134.49256703445266,11333500
2022-02-23,132.7868194580078,136.90375609595887,132.14382617982338,136.74300096302238,11799000
2022-02-24,129.08966064453125,129.4826026344637,124.82983207445183,127.65185761416151,25655100
2022-02-25,132.1438751220703,134.0728556710619,129.4111594910585,129.7147915329963,18367700
2022-02-28,126.63375854492188,129.54507976037877,125.81215894350672,128.1965869841619,31315300
2022-03-01,121.85596466064453,125.4549342452222,119.29293035212139,125.06199233866478,36840400
2022-03-02,124.38329315185547,125.06200237332357,121.99886489314265,122.6061288870693,19405600
2022-03-03,123.49917602539062,125.90146904114475,122.40073458898442,124.88339837713274,16640800
2022-03-04,120.02523040771484,120.93614003106849,118.239140588393,120.50748228993073,21016000
2022-03-07,115.39034271240234,118.49813528862029,115.15814230682167,118.03374810424333,27560100
2022-03-08,114.57765197753906,117.69436964681233,113.65781009895336,115.7743287538605,19207800
2022-03-09,119.16789245605469,120.7753757157064,118.27484771477944,118.6856406647685,17536200
2022-03-10,117.75688171386719,119.17681960117045,116.38159878958473,117.75688171386719,15604200
2022-03-11,115.10453796386719,119.73944242409165,114.68480583873979,118.31950453361293,20061800
2022-03-14,116.24764251708984,118.70351577067235,115.40817820648917,115.61358832625403,15786900
2022-03-15,118.3105697631836,119.26613422771946,117.10496747479614,117.70330584786821,15096600
2022-03-16,123.59740447998047,123.67778887458549,120.05201525815532,120.44495718099488,20354900
2022-03-17,125.16022491455078,125.1959543380185,121.38264917639259,122.22211347971272,17050500
2022-03-18,125.1155776977539,125.78536127509352,123.65098482037587,125.19594845660704,23656500
2022-03-21,124.71366882324219,125.70494884159717,123.89206945357172,125.33881092403335,12676100
2022-03-22,127.36603546142578,128.5359218813849,126.56230065242858,127.05347798094074,13548600
2022-03-23,124.82984161376953,126.44625104669072,124.31187382625674,125.90149299661577,12093200
2022-03-24,125.64247131347656,125.6603360244383,124.23145893670015,125.29418439702289,10017600
2022-03-25,126.74095153808594,127.86618339257797,125.74074544520413,125.99972251325887,8383500
2022-03-28,125.80322265625,125.89253259125137,123.15087838274712,125.02627800351297,10818100
2022-03-29,126.08007049560547,128.24125111182605,125.24061974905737,128.0179898902712,11316500
2022-03-30,125.5085220336914,126.9195345859865,124.94591302284023,126.72306362131354,8771000
2022-03-31,121.73988342285156,125.33885316482775,121.68628928406396,124.87446601615179,17353900
2022-04-01,120.83789825439453,122.71329791775158,119.4894054166593,122.70435874797869,15721300
2022-04-04,121.37374114990234,122.29357634859676,118.67674161373455,119.77518307519581,17416400
2022-04-05,119.96124267578125,121.81454906414928,119.6643517891317,120.61800754372815,12110300
2022-04-06,118.29689025878906,119.25952413706122,117.82006917115869,118.37785676926423,12914700
2022-04-07,117.93701171875,118.68373487391258,115.81380302689927,117.81105924244488,12994200
2022-04-08,120.09619140625,120.46504333323581,118.29686282037471,118.45879580376541,13126900
2022-04-11,119.65534210205078,121.36469864096541,119.26849307406596,119.65534210205078,10466400
2022-04-12,118.34185028076172,121.07683777078546,117.58613547211941,118.8816544171002,12989900
2022-04-13,114.52727508544922,116.28161783135096,113.36670724435488,114.20339536868362,30838000
2022-04-14,113.46566772460938,115.42693623777015,112.47603147089522,113.80753769886891,18835200
2022-04-18,115.5708999633789,116.2726371281174,112.9438745829109,113.06082848906898,11834400
2022-04-19,117.9639892578125,118.14393311626505,115.36395974552582,115.5618870075924,15015400
2022-04-20,118.37785339355469,120.1141992428093,118.16192897732081,119.2235401973993,13430200
2022-04-21,117.4601821899414,119.48442709549727,116.92039178513346,118.95362839270985,12174200
2022-04-22,114.08644104003906,117.42420202394086,113.9784857042953,117.20827762466395,14318800
2022-04-25,114.05045318603516,114.36534121775318,110.75768504496217,113.36671318273149,17149000
2022-04-26,110.67671966552734,113.72658852220916,110.54177548664798,112.13417857248098,17209500
2022-04-27,109.23724365234375,111.16252481086943,109.05731352802881,110.0559415049335,17215200
2022-04-28,110.96460723876953,111.24350787885761,108.98534824301431,110.48778619022181,13015600
2022-04-29,107.3839340209961,111.20750738942361,106.97008925655122,110.70369756555927,14874800
2022-05-02,108.36457824707031,108.59849292162242,106.35833040456204,107.85176979463733,18545000
2022-05-03,110.68570709228516,111.71132393191763,108.66146224607981,109.33621052814826,15720900
2022-05-04,114.34735870361328,114.61726080419052,110.42482086155852,110.47880540001128,17128500
2022-05-05,111.48641967773438,113.44768850045554,109.90301514966046,112.68297507234442,15055400
2022-05-06,111.30647277832031,111.81928117542357,109.02132454059345,111.37844757255442,14417900
2022-05-09,109.63311767578125,110.95562560295745,108.40957339376078,109.8580338031542,14312300
2022-05-10,106.96109008789062,111.36044804845142,105.76453489907055,110.75767460345868,16382400
2022-05-11,106.28633880615234,110.5597441890667,106.1064086934819,107.32995267854362,14630300
2022-05-12,106.19638061523438,106.44828553481575,103.79427844993359,105.26072886829334,16318800
2022-05-13,107.14102172851562,108.18463564562913,106.12440350696399,107.42892090335586,10443200
2022-05-16,106.39431762695312,107.47391219955917,105.46766436041887,106.64622256963487,10269000
2022-05-17,109.92098236083984,110.6317179680082,108.68843982224757,108.89536562743078,11160200
2022-05-18,108.04070281982422,109.73207641494254,107.53689291348013,109.12930286786727,12664900
2022-05-19,106.43929290771484,107.64484677226233,105.82752084150299,106.33133757266812,12765800
2022-05-20,105.56659698486328,107.66281627879141,103.47937625508533,107.47388761499738,13150100
2022-05-23,112.09817504882812,113.87051489143776,108.36456667645324,108.37356524171612,24376700
2022-05-24,113.68159484863281,114.69821315602941,110.7576855302295,111.88226603730769,19324900
2022-05-25,114.4732894897461,115.03108385539763,112.61098456764918,113.60961254105274,12780400
2022-05-26,116.45256042480469,117.1273087149103,115.34597707281246,115.48991294158193,15990900
2022-05-27,118.09893798828125,118.09893798828125,116.18264861231768,117.10031005362546,11177800
2022-05-31,118.96263122558594,119.79032090596654,116.69548660324409,117.11831628240093,17015000
2022-06-01,116.87539672851562,119.5383954651262,115.75980801422358,119.5383954651262,10768000
2022-06-02,118.75570678710938,118.76469848955854,115.75982253673612,116.8664059607439,8374800
2022-06-03,117.10032653808594,118.54878683229511,116.94738523096942,118.04497694349016,8596000
2022-06-06,116.7134780883789,119.10658908319185,116.47057854417884,117.93702242402983,11323500
2022-06-07,117.01935577392578,117.24427187522622,115.7148314041518,115.90376696947148,6722200
2022-06-08,115.15704345703125,116.46155409438506,114.16741398760132,116.0567078590393,8422100
2022-06-09,112.7369384765625,115.24700972232138,112.70095107858411,114.59025172103082,13560100
2022-06-10,107.55488586425781,111.01859256347376,107.34796002425864,110.28985970425487,12945200
2022-06-13,104.35206604003906,106.11540734246348,103.51537791993975,105.13477649558172,16805600
2022-06-14,102.61571502685547,105.5486227715406,101.86000025675558,103.9562198694619,13357900
2022-06-15,103.83026885986328,105.21574595775589,101.81501571695783,104.01919755503046,14083500
2022-06-16,102.04894256591797,102.79566573403068,100.64546816909525,102.43579856810567,16724900
2022-06-17,101.68907165527344,103.12853340206972,100.9063679768972,102.14790244652868,30919900
2022-06-21,104.20812225341797,105.28771671693652,103.49738660044214,104.24410965072114,11680500
2022-06-22,103.62334442138672,104.54099907647512,102.91260873163154,103.353442359593,9842700
2022-06-23,102.4897689819336,103.62334807194982,100.29459246666248,103.47040676802952,11851500
2022-06-24,105.54863739013672,105.99846963384918,101.50914576348947,101.86901293123852,14841100
2022-06-27,104.70292663574219,106.61021738399344,104.03717698915855,106.21436290359,11280500
2022-06-28,104.19914245605469,107.32097937948275,104.00121516718443,105.86352041371619,11590900
2022-06-29,103.73130798339844,105.09879485020168,103.21849955036039,104.36107031734178,9338400
2022-06-30,101.31121063232422,102.63371842464491,99.79977413594268,101.8150205098198,15172600
2022-07-01,102.60672760009766,102.93959903531713,100.006698032334,101.34719606689474,10573600
2022-07-05,102.21643829345703,102.29812098653362,99.2031321696424,100.5373312954929,12514200
2022-07-06,101.55388641357422,102.55226983215822,100.55550299499022,101.40867040658897,10656200
2022-07-07,104.1224594116211,104.28583174661338,102.92439792988112,103.01515879940784,10347400
2022-07-08,103.79570770263672,104.96654153657856,103.11499084043402,104.52180845883026,8807800
2022-07-11,102.43428039550781,103.67772576789007,101.85340252400628,103.0605421638434,7939500
2022-07-12,102.53411102294922,104.53995584050604,101.88969990347611,102.18013881541624,11250900
2022-07-13,101.572021484375,102.08936595184173,100.18335345891364,101.42679858317288,12979900
2022-07-14,98.02323150634766,98.23198773138412,96.26244161341391,98.01415334231731,26204800
2022-07-15,102.5159683227539,103.36005760475044,97.7237221764294,99.07608481534061,18863900
2022-07-18,101.4631118774414,105.13897854956785,101.00930066424485,104.16782283031158,13977900
2022-07-19,103.97723388671875,104.32213487677055,102.26182787440001,102.6793334034956,11862300
2022-07-20,103.95906829833984,104.14059000460475,102.9969907908393,103.55971223502601,11667500
2022-07-21,104.66702270507812,104.8576225923545,102.89716166279044,103.86831742630905,11595900
2022-07-22,104.15877532958984,105.51113111422731,103.16946305855971,104.59443031576312,7645500
2022-07-25,104.57625579833984,105.7017056544162,104.16782155669097,105.13897726407328,9394000
2022-07-26,102.94255065917969,104.90301874241396,102.58857840936416,103.99539616860788,10675100
2022-07-27,104.59441375732422,105.04822500210126,102.83363083632409,103.4780419729543,9337400
2022-07-28,104.20414733886719,105.26607103183923,103.04239153164012,104.60350349433055,10384800
2022-07-29,104.70333862304688,105.73802778300616,104.18599404306724,104.91208793316274,12944500
2022-08-01,103.6595687866211,104.47643045221751,102.62487965173575,103.92278015245829,14740400
2022-08-02,102.04399871826172,103.83201616462607,101.89877579335833,103.39635431452609,14942900
2022-08-03,103.1150131225586,103.55974629640929,101.39052864741255,102.96979017009465,14394500
2022-08-04,101.98047637939453,102.85179324862285,100.76425848875998,102.42520951663785,18033900
2022-08-05,105.06637573242188,105.45665365912308,101.69909730651602,102.1347522005115,14174600
2022-08-08,103.78663635253906,105.91954794254511,103.63234218221672,105.51112056825411,10332500
2022-08-09,104.72148132324219,105.2751316009744,103.80478758600896,104.14968164237897,10233800
2022-08-10,107.45341491699219,108.34288791197083,106.64563153845688,107.06313700969687,12847300
2022-08-11,109.04176330566406,110.00384091075784,108.28843499148952,108.8239358511279,11684900
2022-08-12,110.84794616699219,110.95686337236488,108.40644607023346,109.52281799570703,9906700
2022-08-15,111.14744567871094,111.38342945732497,109.45926734826024,109.94938430786945,8456200
2022-08-16,112.20935821533203,112.76300845005787,110.61194772870266,110.99314748633401,9555000
2022-08-17,111.26543426513672,111.7827857159737,110.44857958922745,111.00222984487874,8149300
2022-08-18,110.40320587158203,111.15653424619167,109.41390062088134,110.9477780139152,9531800
2022-08-19,107.67125701904297,109.81324671950163,107.19929635562796,109.47743081896355,13464500
2022-08-22,105.8923110961914,106.33705108878003,104.83039447638889,105.96492255513769,8967600
2022-08-23,104.84854125976562,106.45503685692613,104.72147467208859,105.91046477765177,7607000
2022-08-24,105.10269165039062,105.65634194716718,103.87739569629183,104.6398022216113,9771300
2022-08-25,107.5986557006836,107.77109927585279,104.99377649832141,105.4294383676452,10758900
2022-08-26,104.07707214355469,108.9056236468533,104.01353884448274,108.42458482179282,11276200
2022-08-29,103.82293701171875,104.24952069379636,102.97884781143607,103.46896479140118,8117300
2022-08-30,103.84109497070312,104.90301164833747,102.88808856280961,104.37658892922275,10745400
2022-08-31,103.22391510009766,104.40382025395047,102.86993593687029,103.90463200891637,10738300
2022-09-01,103.93185424804688,104.0407645161226,101.57203713673447,102.82455369187618,9979800
2022-09-02,103.20576477050781,106.60027134757371,102.7338040664549,105.16623290567586,10666600
2022-09-06,103.23297119140625,104.14967176632292,101.71724342542791,103.76847201522827,9751900
2022-09-07,105.19345092773438,105.38405082502955,102.34351678313175,102.67933268210457,10647900
2022-09-08,107.64404296875,107.81649348502353,104.04078000512858,104.63073610193857,11435000
2022-09-09,108.161376953125,108.96008922393946,107.70756568092969,108.13414938473096,9299700
2022-09-12,109.44113159179688,110.32152659616844,108.72410892766551,109.47743732569589,8614600
2022-09-13,105.63819122314453,107.93447523588812,105.08454089699559,107.16299743006753,12904600
2022-09-14,105.39312744140625,106.95423232841526,104.26767055303281,105.91954322994398,9345700
2022-09-15,106.9814682006836,108.35197321088188,105.06638414248548,105.39312880144128,10821400
2022-09-16,106.26444244384766,106.55488136271414,104.71240882197272,106.54580319895298,14844100
2022-09-19,107.24467468261719,107.76201921499737,104.8394737453862,105.28420681805444,8201300
2022-09-20,105.12991333007812,106.81809169379223,104.04984036495728,106.56395850778968,9619000
2022-09-21,102.09844207763672,105.8287707043935,102.03490878647142,105.77431557614022,12606300
2022-09-22,100.93669128417969,103.10590837390453,100.80962469584004,102.90623032805375,11684500
2022-09-23,99.05792236328125,100.1470666293607,97.26083363178914,99.88386218933628,18138600
2022-09-26,96.92501831054688,99.48451376623828,96.26245076554312,98.02324082588356,15753600
2022-09-27,96.07185363769531,98.17753785435728,94.98270925565369,97.79633801310382,12793600
2022-09-28,98.01415252685547,98.68579816730814,95.88124102174599,96.16260178285361,12762600
2022-09-29,96.35321807861328,97.36975095399661,94.75580037136835,97.07023383552365,12713900
2022-09-30,94.8465347290039,97.67831892860468,94.75577387973526,96.26242336649983,15973400
2022-10-03,97.7781753540039,98.3499750383792,94.8102458896218,95.8630913175498,12248100
2022-10-04,102.35259246826172,102.5522705382755,99.71141443432558,100.39213135049404,16013600
2022-10-05,101.0888671875,101.60168102153392,99.66031037179722,100.5027922381571,10943500
2022-10-06,99.02845001220703,100.90572600519454,98.84530420211476,100.23723052388458,11521400
2022-10-07,97.05045318603516,98.63468477736758,96.40026946115013,98.46069135916748,11681100
2022-10-10,96.14385223388672,98.26837563973788,95.71345192116682,97.73725002819839,8931700
2022-10-11,93.36913299560547,95.7317510444059,93.2684007308964,95.57607644860569,12739700
2022-10-12,94.88011932373047,95.90575385333776,92.74643675976287,93.22262696465911,13181000
2022-10-13,100.15481567382812,100.64015835202872,93.18601079802045,93.38747537838252,22398700
2022-10-14,101.82144927978516,105.53020361405036,101.39104902432622,102.52656819709884,33387100
2022-10-17,106.09797668457031,107.1510824539226,104.68773173058194,105.68589515970226,22276300
2022-10-18,108.82689666748047,110.0173653829019,107.10530231257025,109.57781264769982,21539700
2022-10-19,106.69322204589844,108.81774558935243,105.92399427010457,108.04851781355856,17072000
2022-10-20,106.34522247314453,108.70784087660407,105.90566978530704,107.28844354669732,12207400
2022-10-21,111.93125915527344,112.07777438811135,106.52837457969841,106.64741864303946,20593300
2022-10-24,112.0686264038086,112.7279624850652,111.10710044077992,111.7847483080427,12624200
2022-10-25,112.36166381835938,112.88363705127985,110.7041712164928,111.58328366211862,11289100
2022-10-26,113.65287017822266,114.6510267463944,112.5265031557678,112.63639483662547,11667000
2022-10-27,114.10157012939453,115.56675745152576,113.74443093795517,114.6510145018732,10727600
2022-10-28,115.45687866210938,115.6400244667623,113.59792149728024,114.7334408565705,11859500
2022-10-31,115.27372741699219,116.69313187506613,115.00816110608834,115.1088933959679,13295200
2022-11-01,117.35246276855469,117.47151383290596,115.68581773328512,116.18031980392584,13386900
2022-11-02,116.27188110351562,119.37624908165756,115.96968425941513,116.89458657625418,16546100
2022-11-03,116.4825210571289,117.3799453944535,115.30121859077224,115.66751024633668,12474400
2022-11-04,119.66929626464844,119.80666610740137,117.63635952858074,118.57957376167082,14953200
2022-11-07,120.30116271972656,121.14364466794778,119.48615194577438,119.96234225498823,12011200
2022-11-08,120.37440490722656,120.933008651379,119.17478390907824,120.18210671759188,9884100
2022-11-09,118.8084945678711,120.35608840558159,118.33230432458333,120.2553700959593,9494000
2022-11-10,123.69856262207031,123.85423725089672,121.36341524341654,121.45499513008096,16351600
2022-11-11,123.90005493164062,124.69674702608614,122.50812138687792,123.79932262301045,10704700
2022-11-14,122.62712860107422,124.2937733248211,122.62712860107422,123.44213918000513,11085600
2022-11-15,121.73887634277344,124.27548835872932,120.51178407947867,123.33226021587494,14038300
2022-11-16,121.90371704101562,122.30664624085016,120.90556041523608,121.79383234038106,7893400
2022-11-17,121.37256622314453,121.69308184959206,120.21873511956515,120.87807117107586,8820200
2022-11-18,122.5630111694336,123.3230793588662,121.13445465845223,123.23151346410836,9468500
2022-11-21,121.83963012695312,123.22239726702641,121.56490438456505,122.47149514250617,7800500
2022-11-22,123.66193389892578,123.8725648586524,122.42568917954846,122.70956728607665,9185700
2022-11-23,124.98062133789062,124.99894011338775,123.49712190465033,123.57038303350723,7316200
2022-11-25,125.21870422363281,125.58499583839831,124.59599171077613,124.98060209821874,3220500
2022-11-28,123.03007507324219,125.19122906709268,122.88355284274715,124.60515411824149,9906900
2022-11-29,125.05386352539062,125.12712464315098,123.0850216381753,123.31395739125288,7925300
2022-11-30,126.53736877441406,126.53736877441406,121.96781986765325,124.62346914087333,14761200
2022-12-01,124.76081085205078,126.97690687116938,124.01904740649437,126.53734024273736,8858500
2022-12-02,123.7718276977539,123.94582110410714,122.1051687244011,123.15828156222832,8931900
2022-12-05,120.30116271972656,123.2315517243069,119.59605061598087,122.92935483421716,10154500
2022-12-06,120.50260162353516,123.72602045750442,118.92752275995514,122.1509415939244,13966700
2022-12-07,120.42021942138672,121.86709521744602,119.34880165540181,120.24622599412633,11739400
2022-12-08,121.68392181396484,121.77548772068307,120.35608342183585,121.18026042106706,8907300
2022-12-09,121.02458953857422,122.4897698494312,120.87806731555004,121.06121310776614,7957800
2022-12-12,122.90184783935547,123.30476293557905,120.51175856264501,121.24434162714336,8841600
2022-12-13,122.7828369140625,125.53921862347461,121.86709381115911,125.3560727975201,10025400
2022-12-14,122.16925048828125,124.27546172612576,121.57400928349571,122.50807085339873,9966100
2022-12-15,119.13817596435547,120.95134328433645,118.17664297069904,120.0996949848819,12087800
2022-12-16,118.39641571044922,118.95501954367069,117.60887610907355,118.26821223920808,21133700
2022-12-19,119.10153198242188,120.26452950136444,118.21326015727045,118.72607400001165,9017200
2022-12-20,119.67845153808594,120.92386254196667,119.22973245038584,119.9348584530206,8549900
2022-12-21,121.02458953857422,121.77549147859867,120.66745035315796,121.04289433660604,8051700
2022-12-22,119.65099334716797,120.23706835533226,117.59057143161893,120.05392253524288,8648200
2022-12-23,120.21875,120.36527224583388,118.71693191302884,119.57773264088983,5091900
2022-12-27,120.63996887207031,121.0795215304467,119.5502326377995,120.4842942633355,5411000
2022-12-28,121.29931640625,122.16926940767725,119.97147796008755,120.74071265196457,8827700
2022-12-29,121.99528503417969,122.04107497935217,121.16195554068072,121.729711736057,6585200
2022-12-30,122.8011474609375,123.01176444801733,121.28101065841543,121.61983111238689,9292500
2023-01-03,123.73517608642578,125.21868908507152,122.6088162327224,123.84507473607256,11054800
2023-01-04,124.88900756835938,126.07946203017256,124.14725813586382,124.53186843519018,11687600
2023-01-05,124.86135864257812,125.19346180691988,123.3392132742021,125.14733363036125,8381300
2023-01-06,127.25064086914062,127.6565462748384,124.06799395823543,125.58090514907298,10029100
2023-01-09,126.72477722167969,128.11777174707183,126.27275781788632,127.859470923093,8482300
2023-01-10,127.85950469970703,127.97020106027225,126.66946251825927,127.11226203686306,9048700
2023-01-11,128.80967712402344,128.92037347696242,127.39824231868354,128.13623677339942,8703700
2023-01-12,128.68051147460938,129.94434160906331,128.43143063360026,129.15098499532414,11001700
2023-01-13,131.92774963378906,132.37056322485412,124.35397340286053,125.09198197829284,20200000
2023-01-17,129.88902282714844,130.5716691791465,128.44067969679156,130.23034600314747,14292900
2023-01-18,125.98682403564453,129.82444356300687,125.83921949480727,128.1547076642737,13392600
2023-01-19,124.307861328125,125.36873911522979,123.23774945896278,124.83369725699328,13303400
2023-01-20,124.6122817993164,124.99051315250682,123.20084682408736,124.68608406893968,13092500
2023-01-23,126.63257598876953,127.26910825273292,124.37243600869981,124.64917692664585,10487100
2023-01-24,127.72113800048828,129.41854812235326,124.53849050290523,125.848449232367,6945000
2023-01-25,128.33920288085938,128.33920288085938,126.61411884438579,127.35212745255436,8967000
2023-01-26,129.13255310058594,129.2063553652818,127.63809595043652,128.6159513240574,7487600
2023-01-27,129.4462127685547,130.31335768367455,128.92037692534547,129.7137336540936,7489900
2023-01-30,128.34844970703125,129.23404886369812,128.14549696772326,128.44069199449729,6729300
2023-01-31,129.11410522460938,129.21558157284034,127.53661182508125,129.04030296441033,9188700
2023-02-01,128.7727813720703,129.962823586279,127.4166946124427,127.49973096149544,8841800
2023-02-02,128.17315673828125,129.5753716687089,127.30599769020552,129.15101214948385,11822100
2023-02-03,130.1565399169922,131.30045393398444,127.42592643640081,127.47204053619367,11501200
2023-02-06,130.92221069335938,131.21741973271486,129.17867277414865,129.36317138557496,8406200
2023-02-07,132.5181427001953,133.15467486781688,130.23954897835594,130.42406166418485,10447900
2023-02-08,131.58642578125,132.8779302241988,131.25432262787135,131.5956457857201,6958000
2023-02-09,129.5384521484375,132.232171333837,129.03107040131695,132.02921863498875,6443100
2023-02-10,130.1104278564453,130.33183468351544,127.85028770927389,128.94807368610296,6582900
2023-02-13,131.52183532714844,131.66942575539255,129.83364575635736,130.35024744606255,7134600
2023-02-14,132.10302734375,132.66575729505092,130.62702427939897,131.45727512332502,9249400
2023-02-15,132.65655517578125,132.73957745609866,130.35028688022297,130.63626189665706,6728300
2023-02-16,130.83001708984375,132.27834650842507,130.70085252982486,131.83554686102818,8165300
2023-02-17,131.21742248535156,131.76169832719637,129.21558365288175,130.05505446393278,7948800
2023-02-21,128.80967712402344,130.3871564587718,127.99786633222567,129.7875324452297,9996300
2023-02-22,127.8226089477539,128.62518579251523,126.78940527851228,128.15471213805932,11107500
2023-02-23,128.84661865234375,129.30787239452712,127.25068464576644,127.97945936482346,8068000
2023-02-24,130.00892639160156,130.4056117873212,128.16391208452364,128.32997069185853,9126900
2023-02-27,131.1436309814453,132.2045086636795,130.73772554869174,131.09750280475183,10014700
2023-02-28,132.24142456054688,132.6196418483036,130.90377774001217,131.8631931964461,11019800
2023-03-01,131.50341796875,132.34290298712642,130.8115374961782,131.08829250047577,7139200
2023-03-02,130.13812255859375,131.39271907926147,128.7266733201516,131.21745450158852,11106800
2023-03-03,132.5273895263672,132.6011917925285,130.14731922895072,130.54399057368198,9513100
2023-03-06,131.75247192382812,132.87791764537647,131.60486740822327,132.32442182637027,9261300
2023-03-07,127.87796020507812,131.28201446838895,127.13073152802835,131.005259457096,11747600
2023-03-08,127.12146759033203,127.85024192774618,126.28198284085441,127.30596617531816,10002500
2023-03-09,120.23957824707031,126.70636236099287,119.2063747461258,126.16207244585634,25888100
2023-03-10,123.2930908203125,124.77832808584189,117.91487879327784,118.96654355462098,37599700
2023-03-13,121.07907104492188,123.50526950628984,119.38166116059536,121.04217695019429,42901100
2023-03-14,124.18791198730469,125.027396898887,121.11596139071918,124.79677010403532,29648100
2023-03-15,118.32077026367188,120.83922509421075,116.90934238977314,120.82999101320628,34280600
2023-03-16,120.61781311035156,121.72481890489128,116.25435107656224,118.09013838380625,24558500
2023-03-17,116.06063079833984,118.52372338026191,115.72852763693783,118.43148110430431,38396000
2023-03-20,117.28754425048828,119.43698733822983,116.24511383126978,117.14916678715163,22875500
2023-03-21,120.4333267211914,121.52187854140573,120.1012235414687,120.47022081834112,17807800
2023-03-22,117.32447052001953,120.53479879711034,117.23222120408215,120.44254244300132,17250200
2023-03-23,117.01082611083984,119.49237307549467,116.25437038337026,117.9886886645242,16677600
2023-03-24,115.2303695678711,115.94069696475898,113.56985391022673,115.89456879275797,22311100
2023-03-27,118.53295135498047,119.35398217332511,116.50343135783469,116.96468494288993,18853900
2023-03-28,118.89274597167969,119.31709144922273,117.84108116887145,118.73592141899253,10820500
2023-03-29,119.13257598876953,120.12888542669916,117.86873862557152,120.01818907015445,14595300
2023-03-30,118.77281188964844,120.03664235445191,117.75805529278875,119.87981780655501,12134700
2023-03-31,120.2119140625,120.23958815310226,118.86506139871327,119.61228999766035,13105200
2023-04-03,120.07352447509766,121.25433240710251,119.38164416761009,119.84289770593514,11775400
2023-04-04,118.46836853027344,120.47020739068543,117.53664136039777,120.3871851240944,11579900
2023-04-05,118.64503479003906,119.14709201057964,117.57582414515304,117.89194186582034,9614700
2023-04-06,118.5148696899414,119.08201601577716,117.94772336410566,118.0778873969131,8760200
2023-04-10,118.90534973144531,119.22146032380778,117.35267385939126,117.65019263184118,9477300
2023-04-11,119.49109649658203,119.88158856058351,118.5799412538381,119.28655100779827,10516300
2023-04-12,119.47249603271484,121.26690103116188,119.06340506045575,120.10471721761407,11821000
2023-04-13,119.9280776977539,119.9745537010394,117.919820654687,119.43531289368853,12450200
2023-04-14,128.9838104248047,129.3464112241228,125.42287735108336,125.65531412466714,43931300
2023-04-17,130.00656127929688,130.22039917713522,127.98901142423925,130.11812641089648,16050500
2023-04-18,131.4662322998047,131.81954073230335,129.26273624552854,130.41562773954573,13760100
2023-04-19,131.29891967773438,131.5592477963789,130.5365200539765,131.30821204382224,9158100
2023-04-20,130.91769409179688,131.49413278576523,130.01583822017926,130.08092733043537,10586200
2023-04-21,130.6666717529297,131.1966344929934,129.03032170669425,129.92288530534265,11842500
2023-04-24,130.8433074951172,131.18732357463173,130.20177971600683,130.59228598862495,7567500
2023-04-25,127.99828338623047,130.1274122203145,127.96109974389691,129.79270269205225,10629300
2023-04-26,125.72969055175781,128.12843966134915,124.58610564390162,127.95178545062049,14416100
2023-04-27,127.42182159423828,128.2214045340633,126.1294739087224,126.44558446505003,9041100
2023-04-28,128.5282440185547,128.60262548886095,126.13878716546598,126.96626151575278,9887300
2023-05-01,131.28028869628906,133.29783821644935,130.93628680641368,132.26581836000824,20415800
2023-05-02,129.16046142578125,132.40528381144946,128.70488025365032,131.46623018999736,14113400
2023-05-03,126.42698669433594,128.92800826775053,126.22244122973464,128.71417044087195,12930900
2023-05-04,124.69766235351562,126.18526321933304,122.54994906626652,125.47866061081707,17089200
2023-05-05,127.13362121582031,128.19353232279389,126.36192943463914,126.85469425360314,11261400
2023-05-08,127.44044494628906,128.27721168217766,126.89188336179542,127.83093703549143,7484900
2023-05-09,126.8267822265625,127.32883932696265,125.7110887470415,126.38049348530426,7343600
2023-05-10,126.8918685913086,128.36087057692168,125.3949753302002,128.25859783783426,8133400
2023-05-11,126.49210357666016,127.19870630889098,125.4228858337718,125.51586622421974,7057300
2023-05-12,124.67910766601562,127.36607655980191,123.77725172919445,127.20802123508703,9988600
2023-05-15,125.72969055175781,126.13878152674747,124.54892200381812,124.8371413216115,7639500
2023-05-16,124.8836441040039,126.38982994850535,124.54893456224629,125.94355528843374,6477200
2023-05-17,128.72349548339844,128.85365952238953,125.94356046777068,126.35263731401683,12711500
2023-05-18,129.69970703125,129.91354486981814,128.08194213737082,128.55612218887362,10999600
2023-05-19,129.40219116210938,130.6201717479733,128.42596808225812,129.9693374456531,13492200
2023-05-22,128.33299255371094,131.68938019077746,127.98899066253614,131.09434260740792,11402500
2023-05-23,126.99417114257812,129.26275666084493,126.8733136493313,127.87742817650872,9514900
2023-05-24,125.83197021484375,126.77102387365669,125.59024107397305,125.88775277144353,8578000
2023-05-25,126.1387710571289,126.69662491977871,125.12535025390105,125.34849463632358,8472500
2023-05-26,127.319580078125,127.93321661684016,126.10161355198235,126.5478882224952,8579900
2023-05-30,127.80300903320312,128.04473810844536,126.4641712910374,127.18937270357532,7399900
2023-05-31,126.1760025024414,127.226607222616,124.95802171733372,127.12433446010517,14219900
2023-06-01,127.91459655761719,128.5189264451528,125.93423086765819,126.92906698751237,12248100
2023-06-02,130.60157775878906,131.54061723322627,129.55095898404744,129.7555044833213,12922500
2023-06-05,129.31854248046875,130.26688865425152,128.4259930589933,130.26688865425152,8511900
2023-06-06,129.55093383789062,130.2575505843406,128.50032945388895,128.9372974591774,9329500
2023-06-07,130.8061065673828,131.3453615251316,129.07677659488266,129.74619556403198,9281400
2023-06-08,130.8433074951172,130.99207043832266,129.6811236016028,130.7875249381189,7368100
2023-06-09,131.10362243652344,131.83813052835976,130.35983616853576,130.49000018411496,7249100
2023-06-12,131.09432983398438,131.39185569008666,129.94143842180847,131.15941893506186,7596600
2023-06-13,132.04266357421875,132.8329399562422,130.29473479805242,130.6108453508618,7701600
2023-06-14,131.5499267578125,133.5209861370307,130.81541857922923,132.95383981928003,9068700
2023-06-15,133.03750610351562,133.32572542805949,130.1924823122168,130.71313840646567,9343100
2023-06-16,133.195556640625,133.8556832851755,132.4889539932474,133.00031770567188,13813500
2023-06-20,132.51686096191406,132.95384326002164,131.13153259272033,132.5912424367851,8428600
2023-06-21,132.32159423828125,133.90216123389115,131.7358491133408,132.8608349910178,9926500
2023-06-22,129.77410888671875,132.58194925175235,129.18836364249506,132.312314633662,10075200
2023-06-23,129.09539794921875,129.40220202550213,127.95179873580885,128.80716441468397,9919500
2023-06-26,129.41146850585938,130.1738535585867,128.01684820731813,129.11394269916784,8429700
2023-06-27,129.42079162597656,130.0158291939676,128.80715514394416,129.2348450460071,8154000
2023-06-28,128.85362243652344,129.43007517484398,128.2678915230531,129.38358499140992,7558600
2023-06-29,133.3535919189453,133.47446355650607,130.02511047983398,130.22965593410052,15423200
2023-06-30,135.22244262695312,135.7430988182832,133.56749365301806,134.44145833995805,14212800
2023-07-03,136.31021118164062,137.11908654933129,135.7430649319183,135.91971913562398,8021600
2023-07-05,135.40219116210938,136.14172948067352,135.14007523014382,135.6830337418573,8934900
2023-07-06,134.0635223388672,134.23201930820707,132.4065640524601,133.88565490395533,9709500
2023-07-07,135.12135314941406,136.52555181136813,133.86693910628782,134.71882305609267,8981500
2023-07-10,135.87957763671875,136.6659395090326,135.2710974449543,135.2710974449543,9100100
2023-07-11,138.0045928955078,138.37905430721347,136.40381499872336,136.99356851026602,11260900
2023-07-12,138.68798828125,140.29813690742736,137.61144189846328,138.03269855763006,11323200
2023-07-13,139.3620147705078,139.83008093340652,138.3135511365733,139.20287398923173,11234900
2023-07-14,140.20452880859375,143.12525681027427,138.93138839786866,141.870843043834,27028400
2023-07-17,143.58396911621094,143.93033347784979,140.74748954065532,140.74748954065532,17262400
2023-07-18,143.84605407714844,144.5387826514919,143.05970658420864,143.58393824616851,13491700
2023-07-19,144.39840698242188,145.2971002736689,142.49805956001194,142.99420853526703,12510000
2023-07-20,146.1770477294922,146.58894821231368,144.5481867273733,144.6605180284174,9935900
2023-07-21,145.05369567871094,146.1676953908266,144.8103064253035,145.84941384000646,10636400
2023-07-24,147.9088897705078,148.64842793429298,144.84773343199822,145.07241030562304,14381400
2023-07-25,146.80426025390625,147.6467735305015,145.99918598070113,147.25359971580744,9944700
2023-07-26,147.6842041015625,148.14291400130324,146.29873250733112,146.70127676307158,8728600
2023-07-27,146.0553436279297,148.6390632476469,145.6153603699145,147.69357490821167,10778400
2023-07-28,146.8885040283203,147.5344375190384,146.44852076027303,147.2348683645196,9103800
2023-07-31,147.8714599609375,149.20076607298495,147.11318082189925,147.14126364731788,8892700
2023-08-01,147.14126586914062,147.90890120016138,146.17705075722094,147.37529894065986,6853900
2023-08-02,145.47496032714844,145.74644670568168,144.10821510612257,145.62474493018428,8299400
2023-08-03,146.36428833007812,146.897876304198,144.4920237619121,145.10050403286803,6084000
2023-08-04,146.0553436279297,147.72165773027706,145.7557744802414,146.41106413550557,6209400
2023-08-07,146.74806213378906,147.62802858895108,146.59829185454788,146.59829185454788,7251800
2023-08-08,145.92430114746094,146.01790580284208,142.84441801525406,144.46393710846394,8623400
2023-08-09,143.96775817871094,145.58727709541188,143.66820331619675,145.4000535208101,6277800
2023-08-10,143.7524871826172,145.51242064260987,143.31250381761902,144.52012259703838,5995100
2023-08-11,144.5856170654297,144.65115317660656,142.88186387000218,143.25631104053193,5180700
2023-08-14,144.8851776123047,145.02559172184132,143.15332741205629,143.799260884411,5044300
2023-08-15,141.19683837890625,143.48100350640703,140.6351532778257,143.08782964934886,10300300
2023-08-16,140.59771728515625,141.31854318067522,140.12028065372675,140.98153496964974,6978200
2023-08-17,139.13734436035156,141.599362526,138.9220236528226,141.24364197541,9953900
2023-08-18,139.45559692382812,139.95174578286077,138.02331598598033,138.21989572335605,8517500
2023-08-21,139.93307495117188,140.51348678480727,138.56632957017854,140.0922157539315,8327000
2023-08-22,137.0310516357422,140.0828378134794,136.53490265589448,139.7271029659488,9673300
2023-08-23,137.9578094482422,138.16375969245578,136.16980765056223,137.00296480788273,7858000
2023-08-24,137.82676696777344,139.86754299375357,137.60210433741545,138.07952671117278,6534000
2023-08-25,137.65826416015625,139.12798451368934,136.53490820324166,137.87357059987212,6695500
2023-08-28,138.13565063476562,139.11859219835208,137.73312068749019,138.14502109769722,5094100
2023-08-29,139.25900268554688,139.34326542853302,137.77991228921118,138.27607543171382,6337000
2023-08-30,138.69735717773438,139.62411896057506,137.78930775518225,139.127970012283,6277300
2023-08-31,136.9842529296875,138.8752443375692,136.6378885199195,138.79098156731098,10933900
2023-09-01,137.44296264648438,138.62248430088263,136.39448466943944,136.75957572562794,7903500
2023-09-05,135.92640686035156,138.7441742202353,135.74853943819002,137.76123245014202,7854700
2023-09-06,135.7017364501953,136.24468058187983,134.9060183286584,135.45833292470454,8629200
2023-09-07,134.54092407226562,135.9919318730385,134.2319987249338,134.92474171145767,8373700
2023-09-08,134.64390563964844,134.91537771193597,133.53926213708527,134.21327851187928,7107900
2023-09-11,135.23367309570312,135.78598770305322,134.5128472530841,135.5051451671015,6854200
2023-09-12,136.99362182617188,137.9110419287154,134.84988476128495,135.27114151468874,8363200
2023-09-13,137.05914306640625,138.26674753287986,136.50682839895887,137.9297393099169,8325900
2023-09-14,139.71774291992188,140.3262231887897,138.09823807360453,138.39779297567569,10034900
2023-09-15,139.30584716796875,140.16708718154675,138.83778101161687,139.40882229373597,19863400
2023-09-18,139.5960235595703,139.61475020241627,138.31352706736544,138.69734468236973,6512400
2023-09-19,139.41815185546875,140.1577042404797,137.80801772654655,139.95175402826723,7943400
2023-09-20,138.82843017578125,140.65388539898544,138.67864557176296,140.09220027603982,7332000
2023-09-21,137.7425079345703,139.3433004745327,137.2650855973688,138.15440843768323,8052400
2023-09-22,136.4225311279297,138.08884517442365,135.91702606345376,137.88289496335204,7071700
2023-09-25,137.0965576171875,137.1620937275213,134.5221940712428,136.06682076935587,7044700
2023-09-26,135.67364501953125,136.52552882591283,135.0183552777935,135.36473393604743,7468400
2023-09-27,136.46939086914062,136.7595896504992,135.28049862798795,135.91707613789373,6717800
2023-09-28,138.1637725830078,139.3620208697306,136.68468172940547,136.9374414680217,8868100
2023-09-29,135.75791931152344,139.2590452079911,135.6081347051916,139.10927488590553,11917800
2023-10-02,134.58775329589844,136.3195895900525,133.52056297766828,135.58005131127518,9170600
2023-10-03,133.59544372558594,134.41923041723004,133.25843553401722,134.054139400051,9431100
2023-10-04,134.19454956054688,134.30688084770995,132.86522933598312,134.04476498816743,8128700
2023-10-05,134.7603759765625,134.9489954403181,132.8082911555661,133.94936120720567,8576200
2023-10-06,136.8350830078125,137.57065291285397,134.04367882202118,134.7698235091785,10270600
2023-10-09,136.5238494873047,137.11795466151514,135.32618514369264,135.47707493604304,6964900
2023-10-10,137.35372924804688,138.40994351775856,137.00480915687686,137.13683414188532,11288800
2023-10-11,137.8252716064453,138.8437563954765,136.75964633550754,138.16476653612236,8698200
2023-10-12,137.50460815429688,138.58911237840664,136.86334810356874,137.96670276001075,10484400
2023-10-13,139.56988525390625,144.38881902981274,139.41899543795483,140.0414051365208,29427000
2023-10-16,139.42843627929688,141.00331097441395,138.36279673046786,140.93729128323395,12663500
2023-10-17,139.12667846679688,140.80528837588392,138.4288237446185,139.16440812185908,11482700
2023-10-18,137.5989532470703,139.07951838576773,137.08970365032715,138.24021346264712,9620300
2023-10-19,137.0142364501953,138.64570554852048,136.62760109586821,137.1934163017745,11143600
2023-10-20,134.8075408935547,136.87280042471613,134.02481610747344,136.33527520394097,13332900
2023-10-23,132.96859741210938,135.49593689560837,132.71397266456037,134.79809672849134,10133400
2023-10-24,133.12892150878906,133.6570214733008,132.36506160371712,133.14778633313443,8881400
2023-10-25,132.4027862548828,133.13835617043748,131.5634813825373,132.5631156887243,8242600
2023-10-26,132.74224853515625,133.60041802221002,131.48800414399508,131.79920893785996,9109400
2023-10-27,127.96105194091797,131.1768205891227,127.48953211764959,131.03535600835636,17434700
2023-10-30,129.59254455566406,130.17722470352462,128.29114485659662,128.6683694597706,9855500
2023-10-31,131.1391143798828,131.30886902920932,129.63968452745254,129.86601926333935,9672500
2023-11-01,131.0259552001953,132.52538506399418,130.58272533258497,131.3182952427371,9432000
2023-11-02,133.36468505859375,133.42126514351625,131.29942562105097,132.1104404141124,10186200
2023-11-03,134.85470581054688,135.58085056324327,133.77021568051663,134.0908457932642,9538700
2023-11-06,135.8731689453125,135.9769038934277,134.6566396092663,135.01499931905428,7625100
2023-11-07,135.80714416503906,136.0429040937685,134.68493899158793,135.33562430758016,6297900
2023-11-08,136.4767303466797,136.58989052573705,135.43938073983261,135.90147545372747,7618200
2023-11-09,136.07122802734375,137.3537629346779,135.5148379104684,137.15573260341947,7992500
2023-11-10,138.08929443359375,138.13644929586334,135.87315980335984,136.68417450960825,7983300
2023-11-13,137.47634887695312,137.91957875986594,136.89166877168356,137.40090396181412,6676300
2023-11-14,139.98483276367188,140.74869271323962,138.174198041455,138.32507347607216,9927700
2023-11-15,141.21075439453125,141.60682929840053,140.003664861889,140.003664861889,8365300
2023-11-16,142.82337951660156,142.89882442983355,141.5408447709493,141.5408447709493,8126200
2023-11-17,144.11534118652344,144.15305644499725,142.90823707069305,143.53064675784515,7812400
2023-11-20,144.55853271484375,144.99233725857215,143.26657307859108,143.41746286681334,7019000
2023-11-21,144.2567901611328,144.87919984297054,143.87958002103724,144.47368527220556,7083500
2023-11-22,144.59629821777344,145.11497299989654,144.19078361006055,144.6717431305955,5174500
2023-11-24,144.79434204101562,145.6430865972685,144.5491568436877,144.84149691463753,3496900
2023-11-27,144.46426391601562,144.78489398263042,144.01160885787445,144.69058425026378,6259100
2023-11-28,144.79434204101562,145.10554693934364,144.0210567942755,144.4925767512003,6582700
2023-11-29,145.5299072265625,146.76528704849733,145.22812758688474,145.3884426243466,9126100
2023-11-30,147.1896514892578,147.2368063564752,145.5864867313831,146.08629666666795,9869800
2023-12-01,147.90634155273438,148.86824606580794,146.94445142930454,146.94445142930454,8916000
2023-12-04,148.99085998535156,149.04744006979425,147.0010454744615,147.1330704680428,9607500
2023-12-05,148.9719696044922,149.4717794508536,148.02892998650574,148.30240514427905,9135600
2023-12-06,147.40655517578125,150.15080456532945,147.11421512755064,149.79244482122945,9366000
2023-12-07,147.8592071533203,148.34959188917585,147.25566224366952,147.7649118050395,8130900
2023-12-08,149.4906768798828,149.73586205376884,148.038387493204,148.30243749266455,7369400
2023-12-11,150.03761291503906,150.22621796565753,149.14171374272618,149.49064819549545,8093900
2023-12-12,151.37673950195312,151.4993248802861,149.83015494063707,150.16021020801867,10223000
2023-12-13,151.88597106933594,152.80072072522947,150.66945619346848,151.37673596516078,12379100
2023-12-14,154.6490936279297,155.45066878084032,152.49896415125406,152.6121243164545,13643000
2023-12-15,155.81846618652344,155.8656210556817,153.14023653822656,153.79093631953123,20309300
2023-12-18,156.76148986816406,157.61023425667324,156.19567466546889,156.46914985499157,8469600
2023-12-19,158.85508728027344,158.8739521096313,156.12027699897772,156.54464212681344,10345700
2023-12-20,157.06329345703125,159.760388064777,156.9689837140342,158.42127317416848,10734700
2023-12-21,157.9591522216797,158.51554219987133,156.24281303379408,157.33674255642595,7601700
2023-12-22,157.86483764648438,158.64756231245275,157.7045226266562,157.95914737092147,6576300
2023-12-26,158.7984619140625,159.15682162146308,157.65737749239696,157.92144185918576,4683600
2023-12-27,159.75094604492188,159.8169657419524,158.03462098752954,158.27980617011522,6428600
2023-12-28,160.5996551513672,160.93915000069595,159.37370072936653,159.70377036247393,6320100
2023-12-29,160.4110565185547,160.96744648038407,159.96782671448216,160.31674679399487,6435100
2024-01-02,162.27828979492188,162.3631599230326,159.2888553688662,159.45859562508764,9977400
2024-01-03,161.57102966308594,162.24057994163016,160.66570501716694,162.07083966469682,9852300
2024-01-04,162.64321899414062,164.4839997839759,161.81770540051127,161.91259668017605,11972500
2024-01-05,163.459228515625,164.51245797473024,162.70014174249383,162.70014174249383,10066000
2024-01-08,163.22201538085938,163.54462255510825,160.8214137681895,163.22201538085938,11229900
2024-01-09,161.9315643310547,163.0037604143166,161.40020795733633,162.84245683503605,9923600
2024-01-10,162.27317810058594,162.33010708122012,160.30904139844134,161.30534199467218,9670200
2024-01-11,161.5899658203125,161.64689478842016,160.0148634702537,161.61843030436634,11919500
2024-01-12,160.40390014648438,167.29258049499637,160.261563245395,164.9109602585302,19436500
2024-01-16,159.3981170654297,159.49299385483397,155.8968406686566,156.43768035554754,17206400
2024-01-17,158.5441436767578,160.4228865888299,157.97483948873983,158.7813573746924,11107500
2024-01-18,158.85728454589844,158.9616591633274,156.788787827513,158.57262518214884,9382300
2024-01-19,161.59947204589844,161.84618358047715,158.53467484219206,158.98063779337124,13115700
2024-01-22,161.4097137451172,163.18406784238965,161.030177562061,161.74181876407434,12837500
2024-01-23,160.34701538085938,161.06813998536694,159.82514222308083,160.9922298462011,8360800
2024-01-24,161.7797393798828,162.26365010364287,160.2236181256864,160.6980455138972,9967100
2024-01-25,164.094970703125,164.142416344373,162.1687963911467,163.49718747582935,8873500
2024-01-26,163.4687042236328,164.2088098113454,162.9942768223619,163.78182804587664,7443000
2024-01-29,163.89569091796875,164.00006552852224,162.5388354591491,163.4307613169015,6971200
2024-01-30,167.254638671875,167.71956825499603,163.9905758624225,163.9905758624225,10822100
2024-01-31,165.4423370361328,169.18082757038678,165.42335588463555,167.18822653609234,11521800
2024-02-01,164.84454345703125,165.89777288401743,162.6621744802231,164.7591499982318,9354800
2024-02-02,165.7934112548828,166.82767409091414,164.39859340512308,164.4365557087008,8607600
2024-02-05,165.5751953125,166.13501628029312,164.07600269490123,164.96792869965805,7820200
2024-02-06,166.14450073242188,166.8751085895703,164.87302414792433,165.6795566137463,6764800
2024-02-07,166.45758056640625,166.8750789697446,165.06277741470677,166.70429206567403,7225500
2024-02-08,165.85984802246094,166.34375883435635,164.69276048884402,166.04961611663302,6060300
2024-02-09,166.05909729003906,166.14450523792445,164.78763514943896,166.04961395288615,6296700
2024-02-12,166.79917907714844,167.76701502799656,164.81607601810813,165.84084094046935,8539300
2024-02-13,165.3474578857422,167.2167032899838,163.79133635147977,166.3532562916045,8397600
2024-02-14,167.0269317626953,167.09335855725456,165.49927474998213,166.11603914000582,7056700
2024-02-15,170.67051696777344,170.99313861983137,167.1407757730594,167.1407757730594,8723400
2024-02-16,169.8734893798828,170.77489862748652,169.04799026069725,170.42382695213206,8152600
2024-02-20,170.5376739501953,171.23034839812226,169.28519310769673,170.02529871425853,9668000
2024-02-21,171.64785766601562,171.73326561657646,169.38959269081207,170.7464483434242,7024000
2024-02-22,173.70687866210938,174.0389691999663,171.970472406029,172.52081000181218,9296500
2024-02-23,174.57981872558594,175.72792504973566,173.82073190790015,174.40901731437765,7105800
2024-02-26,173.98202514648438,175.02577126846347,173.14702824890108,174.3520779572995,7145400
2024-02-27,174.0674285888672,174.15282205509578,172.91932226723353,173.93458948194154,5717100
2024-02-28,174.9498748779297,175.7279283839972,173.60250262820136,174.04845112073724,6131600
2024-02-29,176.54393005371094,176.89500171310078,174.4469689552258,176.16439390725577,9643000
2024-03-01,175.81332397460938,176.90451583340356,175.6330536993716,176.20235797152844,6311800
2024-03-04,177.13223266601562,177.99569413338153,174.84550327171607,175.26300176048102,7063600
2024-03-05,178.90658569335938,179.61822683416162,176.82859124567665,176.82859124567665,6617800
2024-03-06,179.8364715576172,180.3488613215342,178.03365300369188,179.57079333868876,7572900
2024-03-07,178.2613525390625,180.75684537868307,177.0847818143066,180.1970245029766,7618300
2024-03-08,178.59344482421875,180.71888470762545,178.30878549936634,178.80219403055222,6172200
2024-03-11,178.6598663330078,178.80220324195417,176.69574439925185,177.70152818428755,5762600
2024-03-12,180.13059997558594,180.43424047505954,178.2993170776544,179.28611974419184,5708400
2024-03-13,181.5918731689453,181.92396372942363,180.1306283720305,180.62403702226987,7795500
2024-03-14,178.3562774658203,181.82909027874697,177.53077823984108,181.25977148114708,10310900
2024-03-15,180.5670928955078,181.17435946088082,176.9424601771041,176.9424601771041,17214200
2024-03-18,182.80638122558594,182.84432904958828,180.17804920335632,180.88020701359716,9013800
2024-03-19,183.87857055664062,184.01140965328761,182.5406962541158,182.85382008443563,8478700
2024-03-20,186.2886962890625,186.5069288762153,183.70780963606143,184.25814725101966,9367000
2024-03-21,188.87904357910156,189.23011523950757,186.2886739000261,186.46895863754574,11203800
2024-03-22,186.5638427734375,190.22642320705918,186.48793264526574,188.83160536845347,8108800
2024-03-25,184.85592651367188,186.86749435505874,184.41944687042397,186.54488715000187,8620000
2024-03-26,185.71937561035156,186.6018182440371,184.13478957869043,184.6376815447347,5961500
2024-03-27,189.31553649902344,189.3914466295502,186.33613264813874,186.4499906047404,8725800
2024-03-28,190.05563354492188,190.45415085331146,188.38563970590695,189.28706341600085,8628300
2024-04-01,188.76519775390625,190.66290757030683,188.41412607095276,189.76149830319193,7309000
2024-04-02,188.68923950195312,189.5621840574629,187.94913402057801,188.24327665056387,7014700
2024-04-03,188.1579132080078,189.35346506585586,187.5885945261513,188.86005650680525,9353400
2024-04-04,186.726318359375,190.57250726060758,186.63088813761217,190.06668194049317,9243800
2024-04-05,188.44422912597656,189.08366842916283,186.21096089165496,187.21307291356746,6532300
2024-04-08,189.42726135253906,189.90445619693176,188.60648563767035,188.60648563767035,8001000
2024-04-09,188.1579132080078,189.80901778367087,186.02008971749524,189.03596449913155,7351500
2024-04-10,186.55455017089844,188.0815794697576,185.32337934002095,186.63090309212447,7681400
2024-04-11,186.516357421875,187.60437557468177,184.4262563759214,187.0603664982784,10137700
2024-04-12,174.45289611816406,180.31284860479283,174.2142986804954,179.73068483719993,31532300
2024-04-15,174.54833984375,178.90990796764004,173.8898085897857,176.08490791538944,14766600
2024-04-16,172.5536651611328,174.80602549423577,171.45610823988386,174.55787484556882,16451800
2024-04-17,171.8665008544922,174.0997692825039,171.02663324895016,173.09765717367875,9017100
2024-04-18,172.98313903808594,174.9969019564357,171.76152134535386,172.839986403325,9557700
2024-04-19,177.3256072998047,177.40196022253804,173.1358371435667,174.08067361637623,13402300
2024-04-22,180.7709503173828,181.45811204263342,177.49738618697634,177.5069394038577,11529700
2024-04-23,183.37643432617188,183.46232590313252,181.83032768955627,182.4125059825634,9144400
2024-04-24,184.27354431152344,184.4166969253009,181.49626710160496,181.83984793750034,6964900
2024-04-25,184.55032348632812,185.0943325814848,182.46020780549338,183.48141172959566,9802300
2024-04-26,184.6648712158203,185.9819191199223,184.25447606565834,184.74122414056745,6413700
2024-04-29,184.46446228027344,185.3997602213909,183.65322511238105,184.65533733070905,5387800
2024-04-30,182.9946746826172,186.09644101035263,182.89922989355478,184.0158640239999,8153700
2024-05-01,183.10919189453125,185.5906107156563,182.08798801756038,183.50049513128624,7445300
2024-05-02,182.91835021972656,184.67442393414981,180.87595665640484,184.26404331556682,6501700
2024-05-03,181.82077026367188,183.74864146909349,179.86428309609008,183.2428161104816,8922800
2024-05-06,183.24281311035156,183.43368812810877,181.16225065998637,182.98512382682264,7911100
2024-05-07,183.00421142578125,184.13038419824304,182.90876663771533,182.9564890317483,7688800
2024-05-08,186.726318359375,187.6807079539802,182.28841256959262,182.28841256959262,9227600
2024-05-09,188.49197387695312,188.57786545857692,186.2014443233279,186.26824403253585,7977300
2024-05-10,189.70407104492188,190.2480656766627,189.22687612876922,189.4845508982518,7529800
2024-05-13,189.6658477783203,190.734774070511,189.00731660118564,189.7326620428204,7049200
2024-05-14,192.31907653808594,192.38589081187718,189.1218795591192,189.92356346762142,8596200
2024-05-15,192.89169311523438,193.44524086083933,190.65842482501571,192.79624832491854,8370000
2024-05-16,193.2352752685547,195.1535932389949,192.77717231019278,192.9966778539951,8497900
2024-05-17,195.449462890625,195.69761353618276,193.55977533673882,194.51416504960696,9260500
2024-05-20,186.65953063964844,196.48974700752038,186.48773292892272,195.06770117767758,17373300
2024-05-21,190.4198455810547,190.78250378063117,187.6330292793257,188.0147793513531,14420800
2024-05-22,189.26499938964844,191.7750486996597,188.67328249730463,189.92353054420116,9425300
2024-05-23,187.9384002685547,189.25546259056458,187.12717783768824,188.78780643900882,8069400
2024-05-24,191.55555725097656,191.6032650842563,188.54922104999036,188.73055741751145,7356200
2024-05-28,190.4007568359375,191.26925501132146,189.59907293381323,190.7443377315382,6910200
2024-05-29,189.07415771484375,189.91402537165112,187.90980103166342,188.96917425774282,6120000
2024-05-30,190.23851013183594,190.7347968781683,189.35092009391784,189.5036259486096,6829100
2024-05-31,193.3879852294922,194.02742456659686,189.3031985702233,190.20986585230213,14417900
2024-06-03,192.6149139404297,193.18753895642425,190.1048646599734,193.0825555190675,6444300
2024-06-04,190.07623291015625,192.7676039624625,189.23636541672454,191.0306224934816,6848300
2024-06-05,188.26290893554688,190.70615882571187,187.9384199292547,190.6488832103386,8351600
2024-06-06,187.9288787841797,188.98825193066074,186.42094131495605,188.26290644052494,7640300
2024-06-07,190.83023071289062,191.7559899505188,188.02432247206556,188.42516442606455,6964500
2024-06-10,190.50572204589844,191.6796172589224,189.38908788285167,190.15260252915212,6070800
2024-06-11,185.49517822265625,188.9118950141953,184.7698473106833,188.8832644889089,9235300
2024-06-12,182.79425048828125,187.747535155726,182.58428359797037,187.06037343522323,12751300
2024-06-13,184.8271026611328,185.7051393894414,182.17390060566132,183.54822402834617,8587800
2024-06-14,184.94163513183594,185.97237775666235,182.68927485451107,182.71790538052034,6874000
2024-06-17,186.0869140625,186.65955375205004,183.85364548635286,184.65532940145712,8725400
2024-06-18,188.0147705078125,188.930991025547,185.27567673463204,185.72424105772285,9023000
2024-06-20,189.6085968017578,190.35301959036525,187.16536154039684,187.43258948693125,8731100
2024-06-21,187.34671020507812,188.17702462466875,185.36157778424015,187.73801349633672,20972100
2024-06-24,189.8090362548828,190.14306392636604,188.11022368178232,188.7878322423663,9785900
2024-06-25,189.0359649658203,190.94474426582192,188.72101463378038,189.05504227358247,6862500
2024-06-26,188.42514038085938,188.91188841939731,187.3275981156472,188.44423225132738,7758600
2024-06-27,190.08580017089844,190.74433141255324,187.91933141310852,188.43471002085207,7913500
2024-06-28,193.0348358154297,193.35933934812502,190.20985074638892,190.8874592091773,15307600
2024-07-01,196.07937622070312,197.64457486806845,193.41663515800704,193.58841832722447,10205800
2024-07-02,199.30519104003906,199.33382156432344,195.43037141669657,195.92664354617938,7802900
2024-07-03,199.17160034179688,200.78452135813035,198.1790268412077,199.99237611377828,5560900
2024-07-05,196.53244018554688,199.00841104429824,196.27333768337488,198.64374338228916,8093100
2024-07-08,196.8971405029297,198.5573794017683,195.74552979069207,196.77237767256634,8707000
2024-07-09,199.2579803466797,201.30208486270007,197.165874350596,197.33862403342292,9058900
2024-07-10,199.42111206054688,199.58425558028438,197.2906255075793,197.82804290048543,8328500
2024-07-11,199.08518981933594,199.70898927928098,197.0986640573066,197.89519852111354,10658100
2024-07-12,196.67642211914062,199.08520875553353,193.95093996868792,195.77432240821722,15443400
2024-07-15,201.58038330078125,203.07747876015205,198.38465354242032,198.83570341075963,10719700
2024-07-16,205.00640869140625,205.12158000845062,199.6897990400412,201.5323790339862,11557000
2024-07-17,208.12535095214844,208.78753107622654,204.670519141144,205.17914727979345,11572500
2024-07-18,201.51316833496094,207.90462688521032,200.8030160361709,206.93535744424173,12415100
2024-07-19,201.3212890625,203.7876690340059,200.495965235262,202.68403033193448,8095900
2024-07-22,201.8011016845703,203.6148926358178,201.25409280392114,201.97385135034514,7663200
2024-07-23,201.84909057617188,202.95271450120742,200.90861016610094,202.5112707886033,5557300
2024-07-24,200.17922973632812,203.48052438660613,199.68020772158312,201.1005270559385,7119000
2024-07-25,200.25604248046875,201.714757402726,199.66104669950047,200.23684481683296,6403800
2024-07-26,203.68206787109375,204.56496989068702,200.20802348732903,200.8030338162583,8027800
2024-07-29,202.34812927246094,204.99683550482567,202.06022291940437,204.07553810374966,6533600
2024-07-30,206.51312255859375,207.08892060425245,204.37304460068856,204.63214713164874,8850700
2024-07-31,204.219482421875,207.6647229458713,204.09471959527943,206.11964077185962,9071600
2024-08-01,199.57464599609375,205.207951245614,198.05835297856282,204.6033494115887,10918600
2024-08-02,191.1102752685547,196.41729340747878,188.95099978059565,195.6591542348571,18041700
2024-08-05,187.041259765625,188.2600550784406,183.20254728490596,186.22554214958782,13927000
2024-08-06,192.2619171142578,194.4307991057657,186.17756115587804,187.5211047088707,10605800
2024-08-07,192.31947326660156,197.4537566355557,192.12754058739833,195.30407255531497,9204400
2024-08-08,195.83189392089844,196.64762609323657,193.65342072084405,194.30600938741946,7761200
2024-08-09,197.5017547607422,198.14473732678184,194.71867950080318,195.26570304351597,5540200
2024-08-12,197.87600708007812,198.78769824177664,195.44802293711754,198.08713740933766,6936000
2024-08-13,199.55545043945312,199.6993962854889,197.11786006073427,199.35391161147854,6387800
2024-08-14,201.76272583007812,202.26174789086065,198.76852024775556,199.36353061795853,6999800
2024-08-15,203.01988220214844,205.26552518971098,202.5880300343132,204.41141236229493,7001000
2024-08-16,205.34230041503906,205.45745708775618,203.0582621159896,203.15423577226989,7931200
2024-08-19,206.7626190185547,206.83939501460688,205.1983538600032,205.37108886847773,6090800
2024-08-20,205.87014770507812,207.29046717628404,205.06400698142428,206.33078908750494,5640000
2024-08-21,205.94688415527344,206.33074945964975,204.25784167156317,205.78372602521466,5202300
2024-08-22,207.8950653076172,208.05820882254338,205.6973943235858,205.92772233240674,5247100
2024-08-23,209.50730895996094,210.3518303146011,207.770294063869,208.82594575716917,7214000
2024-08-26,210.33265686035156,210.82208744164993,209.25782202603688,210.17910484301336,5105200
2024-08-27,211.30189514160156,211.53222313341251,210.3518232928703,210.65891263842738,5185200
2024-08-28,212.36715698242188,213.25007370690733,210.35184179007584,210.40942013221067,6506400
2024-08-29,213.2500762939453,213.98901788500726,210.11192481779804,213.19248330758634,6416100
2024-08-30,215.73562622070312,216.38820025870874,212.981340289583,213.5283638010213,8574100
2024-09-03,211.4170684814453,215.06384784728323,210.39981213405102,213.336424500989,8956100
2024-09-04,210.48617553710938,213.11569850429112,208.4516628819831,212.12721670145393,7389500
2024-09-05,208.854736328125,211.8969139547451,207.31924560820755,211.27311444323652,8067900
2024-09-06,203.89320373535156,209.91998068208017,202.57843485706223,208.82594829731795,7777000
2024-09-09,208.0677947998047,209.35375986693387,205.54383685302398,206.51312105129102,8935100
2024-09-10,197.27142333984375,209.82401435534237,192.52101978319223,209.78563367537953,28406900
2024-09-11,198.87408447265625,199.32513434186177,193.69182869664772,196.97392597392317,13658700
2024-09-12,198.26947021484375,200.36156111576474,196.62841447812514,199.27712034695296,9054400
2024-09-13,196.0814208984375,199.46908315177689,194.83383653849526,198.51899663631963,10226700
2024-09-16,199.47866821289062,199.8145613678539,197.3001950685702,197.53052305856136,8634900
2024-09-17,200.8126220703125,201.4651960832742,199.28673756042474,199.35390740598294,7573300
2024-09-18,199.16200256347656,202.81837392180947,198.36546795268998,200.58232210578782,8259900
2024-09-19,201.9930419921875,203.36538928713296,198.97965334983056,201.32127025220836,11635200
2024-09-20,202.5784149169922,202.89511039766174,201.05253049119437,201.46518498073377,20885000
2024-09-23,202.91432189941406,203.25980657066546,201.52279170592422,202.4920612297152,7223500
2024-09-24,203.0582733154297,204.3634360377964,201.88746493315114,202.63601263414566,7323200
2024-09-25,201.7147216796875,203.68206451343198,200.19842867858037,203.14463253149498,8976500
2024-09-26,201.3212890625,203.16386942582804,200.58233275771636,202.61686047342343,7807500
2024-09-27,202.01222229003906,203.87399998332447,200.88940076897532,202.15616813497374,7032500
2024-09-30,202.35769653320312,202.45367018723,196.98349406521893,197.9911588584064,8663800
2024-10-01,198.6917266845703,200.6590695133516,197.87600917065313,200.47672835038065,8540100
2024-10-02,198.93165588378906,200.52472495596922,197.39617979497947,198.73013169432915,5810900
2024-10-03,196.95472717285156,198.16393091884422,196.10061427209934,197.8568269060444,7251300
2024-10-04,203.94537353515625,204.37987213930614,199.78381659479555,202.09150201972523,10211700
2024-10-07,203.6653594970703,205.9827100132501,202.4680757269759,203.7619212935509,6718900
2024-10-08,203.49154663085938,204.05157258412177,201.20317665741186,203.32740337902976,6021800
2024-10-09,206.06959533691406,206.86136077091666,202.16874354804747,202.47771475974207,7024000
2024-10-10,205.50958251953125,207.41173500682478,204.1867713494914,207.41173500682478,7927100
2024-10-11,214.63409423828125,216.89351339672228,207.74966888805528,208.24209865254014,18320700
2024-10-14,213.85198974609375,215.9955317699529,211.3415453439257,215.51275230031362,9048900
2024-10-15,214.7306671142578,217.68527532023913,214.1803061412129,215.95693117924253,9235800
2024-10-16,215.9376220703125,215.97623794909032,213.42716268516796,214.67274209136121,6382500
2024-10-17,216.6907501220703,218.0715071604394,215.6189790372494,216.54592216463283,6470200
2024-10-18,217.6080322265625,218.1390926356883,215.416223853029,217.25078010281487,7000500
2024-10-21,215.31964111328125,217.92664727427885,215.22307932710135,217.46318311378727,5870000
2024-10-22,216.40106201171875,217.521113903058,213.48508466002997,215.3389560319398,9586800
2024-10-23,215.7155303955078,217.05765675812557,214.86583379761672,215.95692013506684,6180500
2024-10-24,217.23146057128906,217.3087070595921,214.02581233964898,214.18995560232,6002200
2024-10-25,214.65341186523438,217.84940969268465,213.2726696126605,217.25076784703845,6369700
2024-10-28,217.73355102539062,217.868728693903,215.27137266803004,215.65760510182318,6843000
2024-10-29,215.2230987548828,218.94050685947278,215.13620197943288,217.45355245759362,6580000
2024-10-30,216.68109130859375,218.5156474524891,213.94855766414204,214.87548602178538,7110900
2024-10-31,214.27682495117188,217.91698605526622,214.18027790309608,216.96107745978253,7829900
2024-11-01,215.26171875,218.36115478761525,215.0299792936343,215.86036059570225,6923500
2024-11-04,212.21054077148438,216.0534611932713,211.6215492339804,214.98169019005127,8229600
2024-11-05,213.86167907714844,214.31549300886095,212.42299079009578,212.45195638290622,5600700
2024-11-06,238.55101013183594,239.4586379717928,226.68429620853013,226.90637065875526,23987800
2024-11-07,228.23883056640625,236.14676076756385,227.11877864228583,236.07916456872846,16451100
2024-11-08,228.8181610107422,231.09688077350958,227.65949319123993,231.09688077350958,9502100
2024-11-11,231.04861450195312,233.76184776036473,230.76860886504485,231.734167897953,9017100
2024-11-12,231.30931091308594,233.14388184693877,230.53686076900374,232.26521962387952,6861000
2024-11-13,232.85421752929688,235.68329839480197,232.0334864664189,232.29419152794952,11472600
2024-11-14,233.5397491455078,235.87640014281013,232.7479984317867,234.07080953881766,10172200
2024-11-15,236.8612518310547,237.93302280132795,233.14385889927163,233.14385889927163,11518800
2024-11-18,236.59091186523438,239.3910269686542,234.32184240561926,239.22688371269956,9051400
2024-11-19,234.71771240234375,236.70676140391376,233.2307581603698,233.90664645217612,6792700
2024-11-20,232.48728942871094,236.1853820806055,230.42099380614764,235.9826082126915,9015300
2024-11-21,236.33021545410156,237.03508413180523,233.771489998293,234.8529113632746,8783500
2024-11-22,239.98968505859375,240.5690116009233,234.65979541625032,235.219821387118,7997300
2024-11-25,241.6697540283203,245.55130530795057,240.4821205914916,240.99386567944467,10295400
2024-11-26,241.36077880859375,242.35530337685785,239.78691296046713,241.86287360225722,6212100
2024-11-27,241.1869659423828,242.53875732525523,240.20210641192003,240.76213237626226,5472300
2024-11-29,241.11936950683594,243.09876819701162,240.85866447871769,241.25454716340474,5494800
2024-12-02,237.76889038085938,241.63112616369568,236.5909072884335,240.95523784835137,8899700
2024-12-03,236.38815307617188,240.4627983571973,236.20469451535047,239.68069795223073,6657700
2024-12-04,235.0170440673828,236.89989581875426,233.8873418565162,236.2722736572103,7346300
2024-12-05,237.02542114257812,238.66686850941545,236.19503980642355,236.93852436784667,6572500
2024-12-06,238.84066772460938,239.20758484833834,236.4074549916763,237.23783629630563,5519700
2024-12-09,235.4129180908203,239.33308495141208,235.36463719813491,238.61858077940386,7076500
2024-12-10,234.49566650390625,239.4200234478752,233.87770931432982,235.49019112567362,9108300
2024-12-11,235.14256286621094,235.85708177176627,233.8390524294808,235.59637673776825,7884400
2024-12-12,233.2114715576172,235.6929653390277,232.73834232849595,234.63084451171937,6113800
2024-12-13,231.67620849609375,234.36046110198654,230.90375841719614,233.7328537003409,10392700
2024-12-16,231.32861328125,232.38106899290696,229.33956421642742,232.32313781366128,9032000
2024-12-17,230.15065002441406,230.78792251755053,228.4802370347638,230.43065565931622,8083600
2024-12-18,222.43580627441406,230.8361807627836,221.62474030815744,230.7685845656322,11322400
2024-12-19,224.93661499023438,228.21950946148152,224.27037697069503,224.27037697069503,11790800
2024-12-20,229.41680908203125,230.97135955828864,223.61379044750802,223.93242666437249,32348400
2024-12-23,230.1796112060547,230.4016856524641,226.79050439374112,227.93952196997523,8611500
2024-12-24,233.96461486816406,234.13842316129805,230.83621292437365,231.18380004411736,3729100
2024-12-26,234.76602172851562,234.88188409735528,232.49695211699543,233.11490930624282,4451800
2024-12-27,232.86387634277344,235.0074186310496,231.7727898921543,234.36049582992294,5730200
2024-12-30,231.0775909423828,232.54523003977909,228.9436990328983,230.54653053655986,5723800
2024-12-31,231.4541473388672,233.12456023279114,230.79755957752477,231.78243385290807,4871000
2025-01-02,231.734130859375,234.90116280245906,231.20307052950375,232.62244325967816,9220900
2025-01-03,234.90118408203125,236.4460843210158,231.9851918792467,235.4901756406523,9491100
2025-01-06,233.75592041015625,238.45335769508264,233.49386894399746,236.52196656413992,9917800
2025-01-07,236.00759887695312,238.03603585964578,233.8044559653357,235.00793797890452,8753400
2025-01-08,235.96881103515625,237.05581761953607,233.41627077788505,235.59999888287567,8675300
2025-01-10,232.80479431152344,236.62874677173156,231.70808773150114,235.9299526770056,10256800
2025-01-13,237.01698303222656,237.3372500960213,231.96043318189513,232.61069705427852,10005300
2025-01-14,240.1809539794922,240.42359041299397,235.05647368868276,235.51263136841433,12407400
2025-01-15,244.917236328125,246.19834907161936,236.50259128635952,243.02466018784034,18448500
2025-01-16,246.78067016601562,249.46908602016472,244.8978090555052,246.51861866884337,15292300
2025-01-17,251.52664184570312,252.94363035716344,244.71340648745428,246.65449800073918,17678100
2025-01-21,255.28265380859375,256.46672083789156,251.85662841034198,252.4098466101375,13712100
2025-01-22,255.0982666015625,255.6223696516269,252.58455641473486,255.15649698282425,9021900
2025-01-23,258.11663818359375,258.99980869731013,256.03965618936724,256.8937411358266,10749700
2025-01-24,257.0393371582031,259.2327800677332,255.26325143834285,255.92321545084891,7666300
2025-01-27,258.01959228515625,258.13605303558734,254.535336614133,256.3890825417096,7522300
2025-01-28,259.2715759277344,259.45595234973075,257.02958825496063,258.0195637615963,7375400
2025-01-29,258.72802734375,262.7072701402544,257.78659694764065,259.33947579733757,7684900
2025-01-30,260.32952880859375,261.75623241914985,258.76693455955166,260.71774123201044,8753500
2025-01-31,259.4268493652344,262.8431891272981,259.09686738707205,261.3000250446993,7193800
2025-02-03,258.9512939453125,260.2712514893426,253.99181967172157,254.11796573208338,8381400
2025-02-04,260.04803466796875,261.8920656979003,258.97071346699056,261.8920656979003,5626000
2025-02-05,262.4646301269531,262.668466021139,260.42647851599486,260.9894115303653,5704400
2025-02-06,268.7441101074219,268.8217703532776,263.20230221236784,264.4251993255983,7264400
2025-02-07,267.6764831542969,270.3454837389774,266.61859193134063,269.10318646976515,6857900
2025-02-10,263.0567321777344,268.0453220031556,261.64942897239877,268.01620681498275,8627400
2025-02-11,266.8903503417969,268.0841322055861,261.7173548361182,262.29968817500816,7196400
2025-02-12,267.33685302734375,268.3073988294126,265.2016404153094,266.0071803987953,6683900
2025-02-13,268.1811828613281,268.812031614192,265.74510378599365,267.3853283146615,8398700
2025-02-14,268.4432373046875,271.0054922240324,268.30737630553097,269.20026178200214,5688600
2025-02-18,271.7043151855469,271.7237154392855,267.8900475882826,268.6082716385242,7919800
2025-02-19,271.02490234375,271.9954480996811,269.0546956439582,270.18053227508295,7007200
2025-02-20,258.94158935546875,270.52990776080935,257.9128132494212,270.47167738640707,13846700
2025-02-21,256.45703125,261.2709600914064,255.09827295553427,260.41687498668233,12835600
2025-02-24,253.64242553710938,259.13571809669986,250.9928249477685,257.6701845201146,10372800
2025-02-25,249.8184814453125,255.2535438153115,245.88778282719832,254.50623421668564,9608400
2025-02-26,251.1675262451172,253.2250783593955,249.36229586835162,249.58553203875115,5943600
2025-02-27,251.4198455810547,255.87467629942992,250.2648938568394,252.51656693419218,8204400
2025-02-28,256.8549499511719,257.0102408394051,250.2940802308907,253.05042685493686,10467100
2025-03-03,252.94361877441406,258.47574118143245,250.2261026277376,256.22406802064074,9058300
2025-03-04,242.8790740966797,249.6534940988536,238.70572440707394,247.76091803763094,13465600
2025-03-05,244.12136840820312,245.59660207726964,240.5303521377995,243.84961678618464,7861400
2025-03-06,239.27835083007812,242.0152970466892,236.66759511360632,240.80211481791196,9983200
2025-03-07,235.14382934570312,239.45305495919504,232.36806783489953,238.00693642207267,20498700
2025-03-10,225.380126953125,230.5143072655119,221.9638018922669,229.25260968443942,18887200
2025-03-11,222.39085388183594,226.44774284176466,220.01301974210133,224.9239788967364,18143000
2025-03-12,221.18736267089844,227.4182791975453,220.56621400526214,227.10769746005099,16054000
2025-03-13,218.5572052001953,222.74025511632564,217.62547474110963,222.54614892341084,16467900
2025-03-14,225.59364318847656,226.27302221151962,220.87679052941755,221.40087868737876,11962100
2025-03-17,227.03976440429688,228.72851937201781,223.67198421387434,224.37076354224342,9586000
2025-03-18,228.0491180419922,229.21376988809178,226.64182977756553,227.4182692780825,10344900
2025-03-19,232.06719970703125,235.19235827185224,227.9714953720013,228.79646520042016,10120600
2025-03-20,231.97012329101562,234.63912397597252,229.2428922333378,229.59228927901535,8328500
2025-03-21,234.51296997070312,235.16323383404452,229.53406562636874,230.8054781658387,19326900
2025-03-24,240.75357055664062,241.36501910335522,237.21108457850144,238.2495608050386,9422700
2025-03-25,243.73316955566406,244.40284852183765,240.32654434675553,241.96676910521467,9287700
2025-03-26,243.63609313964844,247.16887900045046,242.42291097853027,245.1598570425021,12779300
2025-03-27,240.81179809570312,243.25757744441526,239.89948275399726,242.1802711082619,8022500
2025-03-28,235.69703674316406,242.16086005777964,234.00828183952703,239.6665652294854,11978400
2025-03-31,238.07485961914062,238.61836283353372,230.36872450664094,232.35834612382078,13603000
2025-04-01,236.483154296875,238.45336076216196,233.78503860127952,235.4737785376105,8054700
2025-04-02,238.57957458496094,239.9674479641913,234.34799432373393,234.48387014274496,7758800
2025-04-03,221.9541015625,228.21411845193424,220.6050436132751,227.36974842028587,17188500
2025-04-04,205.34344482421875,212.58925038559218,204.02513159690807,210.25535885692955,27170700
2025-04-07,209.40577697753906,216.83712407913987,197.41406528016333,200.9393169780438,22914400
2025-04-08,211.77871704101562,222.4911845873146,208.24370556467724,218.27260941397304,19485700
2025-04-09,228.83859252929688,231.9048767833682,206.04652973562588,207.5113154920403,24022400
2025-04-10,221.7783203125,224.9422627815506,214.93289385418547,224.60047349209523,18896400
2025-04-11,230.65492248535156,232.97905393688654,219.71785872027854,220.9971025358475,20284500
2025-04-14,229.2096710205078,234.15087913970558,228.14526363842643,231.53380246810318,13017800
2025-04-15,227.65699768066406,233.04739831448416,227.35427768752865,230.55727455130136,10912900
2025-04-16,224.21963500976562,228.09643576900157,222.5790672431111,226.55352634462056,9322300
2025-04-17,226.5144805908203,228.83859723978307,225.13757837531108,225.38170933973876,9557900
2025-04-21,223.61419677734375,226.36798622449223,221.02639969234494,225.21569525952322,8716200
2025-04-22,230.05926513671875,230.4498836423457,225.93833303093191,226.53401321401216,10701400
2025-04-23,235.22508239746094,240.99632733668028,234.36573659509583,234.5805730456871,14126800
2025-04-24,238.89678955078125,239.7073061190241,232.00253368423319,234.1118287364866,9055200
2025-04-25,237.8323974609375,239.85379417404548,236.07465147090528,238.9065648044329,8588600
2025-04-28,237.5101318359375,241.04514340247584,235.18600030625285,238.81867021795682,7394300
2025-04-29,238.87725830078125,239.49247309158469,236.01605058594708,236.50431250866183,7216800
2025-04-30,238.87725830078125,239.4631785682675,232.83257331348125,235.5473233123009,12991700
2025-05-01,241.09396362304688,242.6173383874093,236.48477003311547,237.1390391998316,8689600
2025-05-02,246.58203125,247.66597331622904,243.60364543700763,245.36137644120922,7165000
2025-05-05,246.63087463378906,249.1698427426024,244.7071213522389,245.28326687904956,5450700
2025-05-06,243.3985595703125,246.71873456309945,243.1544286178849,244.13095242759528,6369900
2025-05-07,243.53526306152344,246.52342342169658,242.98841213293886,243.98447055318667,8724100
2025-05-08,247.51950073242188,249.87292678022158,245.64457673393773,245.66411138304096,8320100
2025-05-09,247.13864135742188,249.51158700328907,246.41600839213655,248.5253033443988,5087600
2025-05-12,253.9450225830078,257.41170023099767,252.62673918846934,256.7281215958606,9603900
2025-05-13,256.8355407714844,257.4800500721763,254.27705311794927,254.90201286940857,8589000
2025-05-14,259.4038391113281,260.3803630716006,256.13247788418613,256.8258015516586,8643100
2025-05-15,261.2103271484375,263.1926691597646,258.54443639594166,260.70254552918584,9214600
2025-05-16,261.2787170410156,262.1575825394603,258.495618128322,261.2201279945288,8932900
2025-05-19,258.66162109375,262.02086524830315,255.78086405036862,259.31587533133506,12145000
2025-05-20,259.44287109375,260.3998752754938,256.14221543550514,256.35705189258454,8436300
2025-05-21,254.9117889404297,259.4135494924094,254.60906893720573,258.144080433802,7464000
2025-05-22,254.55047607421875,256.1421848603704,252.792715325804,253.3493410528591,6514100
2025-05-23,254.5895233154297,255.8394726451303,249.9901043492613,250.78108627971244,6671800
2025-05-27,259.06201171875,259.0717566921421,255.83946524243134,255.8883093139594,7506600
2025-05-28,257.30426025390625,260.45844302460614,256.7281147573034,259.9897008471859,5535400
2025-05-29,258.16363525390625,259.17922851944735,256.3668347386543,258.58353340559717,5081200
2025-05-30,257.8022766113281,259.10104011963335,256.56210214543427,257.26520045551075,10977700
2025-06-02,258.4468078613281,258.8081169206428,255.75159247660167,256.84529442949264,6011200
2025-06-03,260.0190124511719,260.32173248111746,256.7086118716836,257.5386631607241,6998400
2025-06-04,258.0171203613281,260.8490334291481,257.9780510648975,259.67722274650265,5915700
2025-06-05,255.80043029785156,258.5249103385397,254.1989169051607,258.5249103385397,8173800
2025-06-06,259.4917297363281,260.3901151155264,258.05623828371085,258.1245723139139,7738100
2025-06-09,260.47796630859375,261.61073756854347,257.1675659016327,259.75534818459647,8285000
2025-06-10,262.2943115234375,262.58725675736963,259.6088709415357,259.63816546492893,7538100
2025-06-11,261.8548889160156,263.2903803018637,259.550306718951,262.3724454128917,7434100
2025-06-12,261.9427490234375,261.9915930968164,258.91554891738133,260.5951413369258,6618000
2025-06-13,258.72998046875,260.75136199008546,256.5425469956405,258.8569035237761,7098300
2025-06-16,264.012939453125,265.3508019866292,260.58536145007355,260.73183404829985,8566000
2025-06-17,263.1926574707031,264.23754498425956,261.5130355109874,261.87437431373314,6739300
2025-06-18,267.5284729003906,271.20021221292876,263.3880211997966,263.66144669321045,9586400
2025-06-20,268.5440368652344,270.79002961674195,267.3819711943445,269.1006625666469,13969700
2025-06-23,271.7372741699219,272.0106996489925,265.7218838292262,268.60264103465835,8094600
2025-06-24,274.6571044921875,276.0730461780452,272.94818777394573,273.6317365805569,9267900
2025-06-25,277.3913879394531,277.60622439824255,274.31534348949015,274.89148903780136,6826900
2025-06-26,281.97125244140625,282.61576173740934,277.79173169250225,278.0163428990485,8942100
2025-06-27,280.3697814941406,281.9224808246488,278.34839953396556,279.10031225915947,17868600
2025-06-30,283.1040344238281,285.77970025058426,282.13728534359143,283.5825215764878,12689200
2025-07-01,283.59228515625,284.2953834962509,279.86195702454677,284.0610273166312,9338300
2025-07-02,285.14495849609375,285.9457151893501,282.89896560647867,285.18402779363225,8158700
2025-07-03,290.443603515625,290.8360888827844,285.74351114178125,286.66586822419856,6541600
2025-07-07,286.4892272949219,290.4828336535378,284.63469143869315,289.70765491378785,8825700
2025-07-08,277.47174072265625,284.26185381377417,275.04810559551106,283.83990288185674,15440900
2025-07-09,277.8446350097656,281.8088060970764,277.1774068900867,281.7891623646238,11273800
2025-07-10,282.78021240234375,282.89795501811136,277.687634657396,277.687634657396,8410900
2025-07-11,281.47515869140625,281.98541661358325,278.3254239763715,280.16031625567433,7384700
2025-07-14,283.2806396484375,283.8693527089549,279.90521169280953,281.6812326297011,9079900
2025-07-15,281.1709899902344,286.46964738040805,280.121098345475,282.5937831680985,12526100
2025-07-16,280.4547119140625,285.2725470105113,277.6974624718264,282.9862680414337,9979800
2025-07-17,284.4580993652344,284.85058472552134,278.11937245969557,278.11937245969557,8509500
2025-07-18,285.8023986816406,287.0093204502985,282.8194857660448,284.08524890116877,12217000
2025-07-21,285.50799560546875,288.65773001934355,285.125302200427,285.5374312562634,7898100
2025-07-22,285.9593811035156,288.11809552877634,283.75161723688194,286.0280742772089,6717500
2025-07-23,291.1893005371094,291.41496386649595,287.05830810847374,287.34287268108,7083500
2025-07-24,290.9832458496094,293.96618832212596,290.6398398939318,291.8369396401929,7001200
2025-07-25,293.0144348144531,293.2891775825394,290.40436354527543,291.13049296035166,5918500
2025-07-28,292.6807861328125,293.8091927274499,291.2482011503524,292.0724293571669,5840400
2025-07-29,291.4640808105469,295.63430134586406,290.63985258046154,294.36850837533046,7635700
2025-07-30,294.0054626464844,294.9670472888904,291.79769880383014,291.83695632333047,8061700
2025-07-31,290.6790771484375,295.33011989507037,289.9529777509294,293.5246633224064,14749700
2025-08-01,283.9380798339844,286.32245784834123,278.9043729516421,284.9487439683445,12007100
2025-08-04,288.73626708984375,288.79513839592664,284.81135364584816,284.81135364584816,6649500
2025-08-05,285.9004821777344,290.23752439689997,281.8480045472989,289.1581672885365,7182300
2025-08-06,285.880859375,287.7844445938785,284.7131953506969,286.81300825463615,6330200
2025-08-07,281.55364990234375,287.9512476179058,281.0336001027858,287.4410196836242,8057100
2025-08-08,283.33953857421875,285.7631740586469,279.36554536006525,283.55541003235584,6634100
2025-08-11,284.1244812011719,285.8514526951056,283.3591242790355,283.9674810703858,5510100
2025-08-12,287.3527526855469,289.2170807199043,284.88985973561466,286.02808831162713,8570900
2025-08-13,285.0762634277344,289.0207905053278,281.769528771024,288.43207746741234,8420400
2025-08-14,288.6381530761719,288.67741059714604,284.20301143696577,285.1253385944976,6322400
2025-08-15,285.03704833984375,289.9530125511936,284.37964203474183,289.30539816837313,7340500
2025-08-18,286.0575256347656,286.42057536605495,282.9960976961236,284.55624732082714,5386900
2025-08-19,285.203857421875,286.9897003409671,284.0950645111781,285.3706494849781,6031500
2025-08-20,286.754150390625,287.8236856501562,281.8774445149503,285.35100110061984,7374200
2025-08-21,285.9986572265625,287.27424223237057,284.0362003285711,286.45983579537915,6624000
2025-08-22,290.6790771484375,291.5818204071259,284.6837862966605,287.6961645212777,8552800
2025-08-25,289.3642578125,291.76827944217837,288.61854456863614,290.67910031440016,5856300
2025-08-26,292.9653625488281,293.13215460321874,287.99052751038425,288.63814183000835,6714700
2025-08-27,293.6620178222656,295.41842494390727,291.46407591230917,291.6701254801894,6056500
2025-08-28,295.4184265136719,295.5852185641284,293.0929201153854,294.38811877937053,6410500
2025-08-29,295.7618713378906,297.2631495608047,294.10359298088383,296.37022814205386,6796400
2025-09-02,294.07415771484375,294.8198709218748,288.9717581566039,294.62364321253557,7221900
2025-09-03,293.8877258300781,294.9278255320024,290.8164761661132,294.9278255320024,6316900
2025-09-04,298.1168212890625,298.7153562428407,292.68080753910596,294.36852159403367,6605800
2025-09-05,288.8540344238281,299.42185399614533,288.7853412459479,297.9500113286781,9837700
2025-09-08,287.41162109375,290.8949700189617,285.9692141135519,289.3544641521949,8188500
2025-09-09,292.2588806152344,293.3872872696363,286.8228669749493,287.1074315912692,7848200
2025-09-10,294.89837646484375,295.8796048140829,289.8548483762926,291.13046319713106,7787300
2025-09-11,299.82415771484375,299.9909797241969,295.1437088676121,295.5852436958139,7942500
2025-09-12,301.1488037109375,301.7767742987404,297.9990690164523,299.27465392414524,6846700
2025-09-15,303.1014404296875,304.13174819496044,301.40393449781925,301.40393449781925,7122000
2025-09-16,303.385986328125,305.06387836899023,301.3646583866889,304.1807788708881,10525600
2025-09-17,305.89794921875,307.03617773944126,302.973877849489,304.563492987762,8657800
2025-09-18,307.3501892089844,307.556238792954,303.7981171700278,305.9372178866198,8050700
2025-09-19,308.8710632324219,309.8719053836384,303.31730709863126,307.7132209495945,23568600
2025-09-22,306.5749816894531,307.8113389670314,303.74903930910966,303.9845245259009,7520200
2025-09-23,306.8693542480469,310.37234675445063,304.74989735202223,305.9666409066948,8584400
2025-09-24,307.53662109375,310.63727651453155,305.81947137817144,308.15476983779797,7310500
2025-09-25,307.5660705566406,309.7247551863121,305.947019653492,308.22347685107957,7083200
2025-09-26,310.12701416015625,311.8441636854759,307.8113297451866,308.988785738579,7258100
2025-09-29,309.7640075683594,312.0404647281687,307.7721150397051,311.10828573544467,6462400
2025-09-30,309.50885009765625,311.45169300349573,304.28870810842403,310.31346452838187,11823300
2025-10-01,304.8774719238281,308.68464295873514,301.6394301376976,308.07628613361976,9235200
2025-10-02,301.77679443359375,304.73030161726365,300.39328868596704,304.1808160870063,7600000
2025-10-03,304.2102355957031,305.80964265751953,302.4243927447969,302.718779227698,6029900
2025-10-06,304.85113525390625,307.38515966997034,300.857851711314,305.83713416223014,7214500
2025-10-07,303.3819885253906,305.66951307877287,300.43386159315816,305.01875022701944,8454200
2025-10-08,299.7732238769531,304.4567183318842,299.2999336047902,303.8946917756213,6489900
2025-10-09,301.2522277832031,303.7270945284432,299.1422058887319,300.77893750215213,7060300
2025-10-10,296.6772155761719,306.1230715472904,296.5983188157025,301.3804193716138,8597400
2025-10-13,303.6580810546875,305.1272097801061,301.17337467050265,301.3212684867699,10788700
2025-10-14,297.85052490234375,302.70165257420854,290.0907186231138,301.5578902761218,16178800
2025-10-15,301.4100036621094,307.7499693151439,301.1635039391426,302.1002149225357,11354800
2025-10-16,294.3600769042969,304.35808863852304,292.9106575300408,301.0747260223031,10549400
2025-10-17,293.3938293457031,295.3559575215809,290.08088749555986,294.97143359875633,10153500
2025-10-20,298.1265869140625,299.43798218705626,293.9854099500461,294.32064593592156,6894900
2025-10-21,292.9303894042969,299.7929328501146,292.8416531202475,297.436411288458,7372700
2025-10-22,289.9920959472656,293.8868032880077,286.4721030595595,293.6008552074487,8054100
2025-10-23,290.4161376953125,292.22050252499105,288.41456104050746,290.25837425327126,5438800
2025-10-24,296.2335205078125,298.3632818043669,291.31339548312707,291.9345495322769,7228300
2025-10-27,299.89154052734375,300.2662249001909,296.7955198233114,297.92941246883,5642200
2025-10-28,301.0845947265625,303.6580673748709,298.915415308335,300.59159530101573,6336000
2025-10-29,301.2325134277344,303.93414060421026,298.7675163425421,299.2605157595805,7520300
2025-10-30,305.1075134277344,308.233113206998,300.8282816526182,301.50862332627236,7514600
2025-10-31,306.7639465332031,308.4894444595929,302.9481359332913,304.22008283002725,7721300
2025-11-03,305.0187683105469,307.9471862719047,301.9227172950412,306.6456604912348,7770000
2025-11-04,304.920166015625,307.84858401169095,300.82827651560933,302.415720333495,7085200
2025-11-05,307.3161315917969,308.7162632770978,301.35085025066564,305.27510663609064,6865200
2025-11-06,309.03179931640625,310.4319009529449,305.9160390722913,306.63579903674446,7206100
2025-11-07,309.8106994628906,310.0276204199649,303.3327096940284,307.5232049313688,7302300
2025-11-10,312.45318603515625,315.08578608051664,309.8106862822301,310.5896337890794,5794100
2025-11-11,311.200927734375,314.58289630207906,310.86569176259013,313.0546102409576,5030200
2025-11-12,315.92388916015625,317.7381233989844,311.782682032414,311.83200002815875,10578300
2025-11-13,305.1469421386719,316.14082355780937,304.7722577523736,314.7604311532612,8973300
2025-11-14,299.35906982421875,303.3326737235763,297.012418045434,303.20448907001065,10327000
2025-11-17,296.1644592285156,301.31137424610444,293.5022804823602,299.74363974118836,8344000
2025-11-18,295.2179260253906,298.70837045931603,292.8613742767781,295.3066623130797,8077300
2025-11-19,299.02386474609375,300.1873662746028,295.0798692888629,295.5432899586994,5546600
2025-11-20,294.2023620605469,305.58079800315744,293.98544109490615,302.05090502503106,7501600
2025-11-21,293.8473815917969,297.45614117965755,288.7103357437745,297.07161725529045,11766800
2025-11-24,293.8276672363281,295.6221924256846,290.386540762355,294.0642973394352,10940200
2025-11-25,298.75762939453125,300.2366275598507,291.4217960873232,295.84892096661844,8877200
2025-11-26,303.33270263671875,304.21022597199055,298.95486530692773,300.7296512123902,7910900
2025-11-28,308.6965026855469,309.3275563846455,303.9242719247256,304.7722465716023,4322400
2025-12-01,304.59478759765625,309.6430970545817,304.2201032083801,308.5683618849884,7727300
2025-12-02,303.5693359375,306.1329390093465,302.7903884074122,304.4172805196406,7249000
2025-12-03,307.75982666015625,307.98658713845214,302.50443592551073,302.89885953876745,8535300
2025-12-04,311.6742858886719,314.0308078212495,308.61768301012796,308.87405237571005,9627800
2025-12-05,310.6291198730469,314.02095869272745,310.27414460153136,311.2207252653726,6518900
2025-12-08,310.79669189453125,312.0390600856641,308.96274846028484,310.64879808375287,7417200
2025-12-09,296.30255126953125,314.336450228146,295.8193913272319,310.5403783790639,18049200
2025-12-10,305.76806640625,306.8329619363725,294.2811866679717,296.292632599085,18874100
2025-12-11,312.9363098144531,313.5476242674454,304.9102649889192,304.9102649889192,9721900
2025-12-12,314.06036376953125,315.7858618718594,312.16726270211575,315.2041261224818,8982900
2025-12-15,315.5393371582031,318.3593094805321,313.9321843288561,315.1153648797306,10864100
2025-12-16,311.1319580078125,315.0463750601788,309.99806522837446,314.62240273148194,8331300
2025-12-17,310.5699462890625,314.8984658400699,310.2544194174254,313.9716244610726,8718700
2025-12-18,308.6176452636719,313.2518519730792,307.84856735129125,311.57564186364317,11444900
2025-12-19,312.7686767578125,314.099781180705,308.8049723403709,309.39657764946713,24494400
2025-12-22,318.5663757324219,318.7044300194866,313.064515200958,313.064515200958,8354600
2025-12-23,321.3666076660156,323.1907116116738,318.56637445826755,319.07908304324746,6668300
2025-12-24,324.5612487792969,325.36974495293686,320.9426198260136,321.6722493328215,4289300
2025-12-26,323.31890869140625,326.22758744424,321.96809498869885,324.50208933838474,4158300
2025-12-29,319.2171325683594,323.1808371734579,319.0002116144308,322.4216288798564,8635300
2025-12-30,318.89178466796875,320.39049219725354,317.97478280166575,320.2623075229155,7904300
2025-12-31,317.70855712890625,320.3313177342217,317.5310845539587,319.79886991908165,5048500
