Date,Close,High,Low,Open,Volume
2020-01-02,45.141265869140625,45.50246052969843,44.952456224310225,45.41216108168819,11867700
2020-01-03,44.89500045776367,45.14127285645084,44.402461923356604,44.59126846592876,11354500
2020-01-06,44.87858200073242,45.07559929299756,44.755448933114884,44.862166763570315,14698300
2020-01-07,44.53379821777344,44.82111179239164,44.451709519734834,44.697978745333735,9973900
2020-01-08,44.61589431762695,44.85395596550987,44.45171689431258,44.55022397459793,10676000
2020-01-09,45.42858123779297,45.47783633814379,45.018131462652626,45.149475265438205,15398000
2020-01-10,45.58455276489258,45.91291385013112,45.518882426734905,45.54350841210861,13040100
2020-01-13,46.07709884643555,46.159187559937955,45.49425770722716,45.58455717097002,14302900
2020-01-14,45.970367431640625,46.20842901453891,45.830816033620586,46.167384669914355,16345300
2020-01-15,46.54500198364258,46.77485284012279,45.97037171095898,45.97037171095898,17735400
2020-01-16,46.64351272583008,46.75023054539312,46.47112456987053,46.66813871054336,10234100
2020-01-17,46.74201202392578,46.914403282703496,46.62708660572916,46.68454931482747,14264300
2020-01-21,46.930824279785156,46.99649774481122,46.43828581802232,46.66813668264722,11968900
2020-01-22,47.292030334472656,47.31665632241701,46.93904322701285,46.9965059532055,12869600
2020-01-23,47.472618103027344,47.48903333680872,46.98828728791933,47.10321271328682,12858900
2020-01-24,47.3494873046875,47.50545709518103,47.1688883977599,47.48903872805276,8594300
2020-01-27,47.185302734375,47.48903467159517,46.897989162880656,46.963659494300906,14359900
2020-01-28,46.79948425292969,47.40695132744577,46.76665064925366,47.16068207671676,15240200
2020-01-29,46.79948425292969,47.0047091504511,46.51217064899308,46.791276634881534,13163600
2020-01-30,48.318138122558594,48.41664517157735,47.41514692352506,47.554701446827366,20225600
2020-01-31,47.94053268432617,48.49874460220062,47.73530780662183,48.40844515497341,17685200
2020-02-03,48.088294982910156,48.408445291997836,48.039039884787776,48.22784639703222,12333600
2020-02-04,48.301734924316406,48.80248420556155,48.121136001510976,48.22785383148542,15417900
2020-02-05,48.3099365234375,48.498746172744895,48.05545967099255,48.35098400549411,11414900
2020-02-06,48.424861907958984,48.71217547458153,48.301725732844744,48.41665115949376,9347000
2020-02-07,48.58903503417969,48.6957528344785,48.309929109040084,48.334558220790726,8757800
2020-02-10,49.04874801635742,49.122629100971935,48.67113497565358,48.69576096003066,7984900
2020-02-11,48.91740417480469,49.08979232827311,48.695760921138174,49.02412199282559,7431200
2020-02-12,48.76963806152344,49.06516237584538,48.69575698294295,48.82710077469904,9179100
2020-02-13,48.93381881713867,49.122625322969554,48.605457770443124,48.74501231130779,8173200
2020-02-14,49.212921142578125,49.311428196737985,48.94202282928502,48.9502335771633,9965500
2020-02-18,48.86814498901367,49.19650603324865,48.80247465905647,49.097998972571354,10075700
2020-02-19,49.06516647338867,49.253972994088016,48.81889723471489,48.85173083678366,6265700
2020-02-20,49.02412414550781,49.13904958619989,48.523374898363734,48.991287410600535,7597200
2020-02-21,49.36069107055664,49.36069107055664,48.78606075632353,48.851731092287814,10842400
2020-02-24,48.145751953125,49.089784401696754,48.08007849679857,48.523364932553704,14415500
2020-02-25,47.46440505981445,48.59724715641968,47.3002245465918,48.18679743910445,15915100
2020-02-26,47.283817291259766,47.99800222185072,47.18531021277547,47.5957600265242,15837800
2020-02-27,45.092010498046875,47.52187230488677,45.050966148694926,46.914408418918356,23754000
2020-02-28,43.909915924072266,44.238273847360155,42.34199799393283,44.189021881182676,40890600
2020-03-02,45.90470504760742,45.937541783820635,44.082310028543446,44.27111656454414,25698600
2020-03-03,46.019630432128906,47.1935170527128,45.67485098877339,46.59425761858258,27099200
2020-03-04,48.36739730834961,48.433070771830074,46.306940929637875,46.306940929637875,20526100
2020-03-05,46.57784652709961,47.75173012063988,46.12634922402614,47.44799813342248,17948500
2020-03-06,45.36290740966797,45.89649336569754,44.31215699574503,45.10021980618723,22353900
2020-03-09,42.57184982299805,43.983798006595464,42.259907127009114,42.72781960525093,27898300
2020-03-10,44.049468994140625,44.16439442818933,42.005427770829456,43.688274325489935,27457400
2020-03-11,42.85915756225586,43.22035530779683,41.980795441662075,42.97408297893426,22653900
2020-03-12,38.713619232177734,40.98751116054476,38.32779547569275,39.84646138790016,31913100
2020-03-13,40.1379508972168,41.040578739195155,38.59768658347884,40.9991712709546,33697200
2020-03-16,37.479759216308594,39.64938086300766,34.0928341920377,34.978903025106796,28682300
2020-03-17,39.069698333740234,39.33468967462201,37.57083849523409,37.99317061653977,32106700
2020-03-18,37.14023208618164,37.388664267852214,34.44063123040528,37.049143866375026,35408300
2020-03-19,34.639373779296875,36.9828917040438,33.98517497936705,36.734462699713006,41956900
2020-03-20,31.7161865234375,34.838119685153515,31.061987649033693,34.73874870389804,51513500
2020-03-23,31.103389739990234,32.20475941900189,30.035141609703345,32.09710569854494,44978500
2020-03-24,32.66849899291992,34.28329231936583,32.155078610405845,34.13423427945105,49096200
2020-03-25,34.45719528198242,35.980897364332925,33.04942653867817,33.645658749712105,42511700
2020-03-26,36.67649841308594,37.488034897905806,35.15279641982613,35.475754462270665,37821700
2020-03-27,35.450904846191406,36.461183065427754,35.11138452123697,36.154787445089774,23297900
2020-03-30,37.26445388793945,37.72819045132136,35.641380654523125,35.641380654523125,23446000
2020-03-31,36.64338302612305,37.68678644099792,36.48604534357085,37.32242399558627,25373900
2020-04-01,34.8795280456543,36.14652162923544,34.61453662558631,35.177644182967505,21936400
2020-04-02,36.39495086669922,36.59369285323794,34.66422386910217,34.96234000785717,17621900
2020-04-03,36.29557800292969,36.717907071769844,35.86496617569157,36.088553268235216,14207100
2020-04-06,38.647377014160156,38.92893078740799,37.007741449580465,37.58741135437858,22850000
2020-04-07,38.51487731933594,40.24560409592771,38.49003536392752,40.16279547193532,21279600
2020-04-08,39.59968566894531,39.82327273139086,38.3658201852728,38.62252880001129,18937100
2020-04-09,40.57684326171875,41.18135503736059,40.038577750790864,40.11310677293555,19165300
2020-04-13,38.86267852783203,40.27872677566081,38.50659577653759,40.03857735568151,19586000
2020-04-14,40.510589599609375,40.78386370519719,38.86267484530257,39.69905319835614,21801900
2020-04-15,39.42578887939453,40.07998776430985,39.260168468676575,39.508597505280214,12893200
2020-04-16,39.00345230102539,39.62452640237259,38.72189858205682,39.25188446872126,17606800
2020-04-17,39.79843521118164,39.997177182865435,39.227044934960695,39.997177182865435,19844600
2020-04-20,38.531429290771484,39.748735320834655,38.34924973530071,39.574835361952964,18957900
2020-04-21,37.57912826538086,38.837838948970344,36.65165524024342,37.993177707655825,26863700
2020-04-22,37.82754898071289,38.2167563817279,37.6784909615559,38.13394461611521,15811600
2020-04-23,37.322425842285156,38.175366896606185,37.23961719662291,38.05115392811282,17668200
2020-04-24,37.62053680419922,37.88552822430923,37.36382498392837,37.678503479914106,15175000
2020-04-27,38.73847579956055,38.90409625525095,37.85240999440645,38.09255949721017,19175500
2020-04-28,38.705352783203125,39.748756244689396,38.56457429551724,39.66594759942522,17246700
2020-04-29,39.02001190185547,39.63280636186613,38.82126997246272,39.14422797693545,15780000
2020-04-30,38.0014533996582,38.920643572438685,37.84411576499026,38.920643572438685,20801100
2020-05-01,37.76130676269531,38.415505620420454,37.43834871263888,37.77786911897339,14290400
2020-05-04,37.38037872314453,37.661932436957315,36.93320462021608,37.529436757454015,22544200
2020-05-05,37.5956916809082,38.175358389260374,37.38866695394053,37.562566966446184,13370500
2020-05-06,37.05741500854492,37.78614271332948,37.03257305962528,37.595680400738935,11892900
2020-05-07,36.93320846557617,37.46319439771588,36.850399841869674,37.38866537280143,16466000
2020-05-08,38.18363571166992,38.274727083999736,37.16507457906111,37.33069496884748,13985100
2020-05-11,37.711631774902344,38.18364798418811,37.69506941470582,37.835844737955476,10874600
2020-05-12,37.115394592285156,37.968335497762006,37.098832234253486,37.76131076078632,13424400
2020-05-13,36.386653900146484,37.08225689931697,36.038853980034084,37.0242902459649,15854800
2020-05-14,36.18792724609375,36.4860433941145,35.79871970185031,35.922935816507966,18000800
2020-05-15,35.823543548583984,37.00772478285494,35.773859654999036,36.40321319232323,31579400
2020-05-18,37.23960876464844,37.5874087884161,36.544005558166496,37.115392665333346,26118500
2020-05-19,36.883522033691406,37.537720856671925,36.6433726188333,37.27272632924299,17839900
2020-05-20,38.0014533996582,38.233320052631214,37.28100832867332,37.430066365283466,22295900
2020-05-21,37.40522766113281,38.16708032975885,37.289294314785685,38.15880073028268,13193500
2020-05-22,37.28929901123047,37.52116889207461,36.974623648355184,37.446639851615274,13008400
2020-05-26,38.16707992553711,38.86268315519961,38.03458422269409,38.854400396864385,22223100
2020-05-27,38.69706344604492,38.995179572641455,38.23332689812289,38.92065054099232,18447600
2020-05-28,38.99517822265625,39.301573938185804,38.77159113544928,39.16907823750167,16230600
2020-05-29,38.65565872192383,39.07798779084107,38.208484536754916,38.65565872192383,51125000
2020-06-01,38.91237258911133,39.11111457595978,38.58113173243467,38.639098408511046,17010700
2020-06-02,38.83783721923828,39.15251250691095,38.55628348467309,39.053141529695715,15255100
2020-06-03,39.665931701660156,39.84811128001479,39.020012523478634,39.14422860053748,15508300
2020-06-04,39.682498931884766,39.972335450726554,39.235327913610455,39.69906128944259,13604700
2020-06-05,40.6513671875,40.98260794638206,40.129664097891855,40.19591351324666,20504800
2020-06-08,41.28072738647461,41.380101525269275,40.96605209046433,41.0240187586213,19896700
2020-06-09,40.57684326171875,41.06542170490138,40.311851884970174,41.06542170490138,16713700
2020-06-10,40.26216506958008,40.800430583881706,40.22076075900605,40.70933920525099,15716600
2020-06-11,37.711631774902344,39.682505254080844,37.64538233411624,39.59141701142076,26070400
2020-06-12,38.10435485839844,38.64751033272694,37.61133784232382,38.614084693891016,21822700
2020-06-15,38.689292907714844,38.814637466396555,37.160106505078424,37.24366741910321,15622300
2020-06-16,39.08204650878906,39.85081732073702,38.59738415440375,39.74218874142615,18803500
2020-06-17,38.92327880859375,39.32437703263903,38.806289037390876,39.09040067787862,12602800
2020-06-18,39.2658805847168,39.30766104867975,38.497106659689116,38.68929934403477,9380800
2020-06-19,38.45532989501953,39.93438141263321,38.45532989501953,39.91766858791129,30464600
2020-06-22,38.22135543823242,38.56396036439133,37.92053097864992,38.46368341943364,20876200
2020-06-23,38.137794494628906,38.68095016830728,38.08765920561865,38.43861897927259,14675300
2020-06-24,37.31052017211914,37.970659069300424,37.18517560849332,37.91216578964695,17631800
2020-06-25,37.544498443603516,37.58627890799815,36.79243733391978,37.16011307094076,13829700
2020-06-26,36.40805435180664,37.611349018663745,36.357915878653934,37.53614290275735,21955100
2020-06-29,37.06819152832031,37.24367137901689,36.39133657723298,36.76736710561483,17603900
2020-06-30,37.33558654785156,37.46093110724076,36.80078904472747,36.97626887775671,23679800
2020-07-01,37.45257568359375,38.04586650527051,37.360656758727956,37.544494608459544,14316500
2020-07-02,37.502723693847656,37.96231524751102,37.43587239051341,37.84532865432168,15111900
2020-07-06,37.79518508911133,37.82861073627894,37.27710030859405,37.71997897680679,15146000
2020-07-07,37.77846908569336,38.02080022579363,37.43586420017552,37.6029892343014,13043600
2020-07-08,37.66149139404297,37.75341034385762,37.160119361148425,37.71998469162581,13851200
2020-07-09,36.69215774536133,37.64476620766952,36.62530965049222,37.64476620766952,16087100
2020-07-10,37.728336334228516,37.811897263066754,36.65038313893168,36.667095962228345,15627800
2020-07-13,37.81189727783203,38.171215009737956,37.56956612140336,38.04587042878654,16705300
2020-07-14,38.329978942871094,38.38847222586863,37.32723193947131,37.52778261520921,17080100
2020-07-15,38.772865295410156,39.433004307629055,38.60574024400029,38.68930117588261,23738000
2020-07-16,38.5639533996582,39.01518681989296,38.38847037149751,38.65586913446799,13306100
2020-07-17,39.12382125854492,39.19902736503876,38.54724323385544,38.831354837538285,13899800
2020-07-20,38.53888702392578,39.13218108618675,38.31326869393556,39.04026215311906,16633200
2020-07-21,39.44137191772461,40.10151427833919,39.21575352152801,39.70877079003629,25681500
2020-07-22,40.510955810546875,40.54438145692911,39.299303224174146,40.05136432954897,29831200
2020-07-23,40.34381866455078,40.58614974666352,40.134913218793756,40.502588843418366,15935000
2020-07-24,40.519309997558594,40.77835076349704,40.168347118908905,40.44410389410829,16196800
2020-07-27,40.510955810546875,40.53602345151101,40.2602698379703,40.2602698379703,17346500
2020-07-28,40.260276794433594,41.17945991525255,40.193425490118074,40.393976215419,13872700
2020-07-29,40.12656784057617,40.527666008243465,39.95944280713691,40.226841585581774,13758100
2020-07-30,39.85081100463867,40.302047638035425,39.44135802028023,39.834098182552324,17276500
2020-07-31,39.474796295166016,39.91767506540466,39.04862716471541,39.641918194213574,14849200
2020-08-03,38.689292907714844,39.575053259542436,38.630799630368585,39.39121542351446,14137500
2020-08-04,39.01518630981445,39.157243693835426,38.62244617488632,38.680939454293586,11717200
2020-08-05,39.45807647705078,39.49985694441054,39.11547154446825,39.19067766077394,10498700
2020-08-06,39.67533874511719,39.7171192145043,38.93999037085113,38.99012884670296,10745000
2020-08-07,39.94274139404297,40.17671778274755,39.44972415777924,39.66698771960165,11669700
2020-08-10,39.87588119506836,40.34382745543695,39.82574272960966,40.15999279071136,11888000
2020-08-11,40.051361083984375,40.65300991952958,39.85916841432851,40.49423970590247,16531600
2020-08-12,40.46916961669922,40.68642991213349,40.21012567538041,40.360537875159764,9562200
2020-08-13,40.42739486694336,40.71986130356455,40.159996071276815,40.32711792783459,9882900
2020-08-14,40.485897064208984,40.68644461127189,40.13493407538022,40.39397811028608,10075800
2020-08-17,40.285343170166016,40.736579897138476,40.276988351212694,40.37726211688028,9102400
2020-08-18,40.4608154296875,40.527666719294054,40.07643007738465,40.27698075855936,9829000
2020-08-19,39.58342361450195,40.42740384062462,39.45808219426156,40.210140278641326,17371000
2020-08-20,39.56669998168945,39.77560547934915,39.34943966668713,39.49985188001371,11308700
2020-08-21,39.50821304321289,39.692050930728065,39.249172224600166,39.55835151825669,14734100
2020-08-24,40.08479690551758,40.093151724734916,39.424654619750456,39.63356016428595,9257700
2020-08-25,40.034645080566406,40.15163163648212,39.81738478924359,40.10985117903287,7827800
2020-08-26,40.243568420410156,40.26028124833794,39.6669902013086,39.90931823714648,10124200
2020-08-27,40.30205535888672,40.79507254812649,40.27698771477731,40.31876818417482,10931600
2020-08-28,41.6390380859375,41.65574771771829,40.5527271368128,40.73656496284517,16420300
2020-08-31,41.388362884521484,41.839599597637694,41.23795064681609,41.613981241079586,18510800
2020-09-01,41.045753479003906,41.2379461645943,40.803425511391296,41.204523705794514,12588400
2020-09-02,42.77548599243164,42.91754337991112,41.246299498684955,41.246299498684955,26332600
2020-09-03,42.182193756103516,43.56932600320373,41.864656536845985,42.950967573098914,22289400
2020-09-04,42.650150299072266,43.00946803644352,42.01507575447162,42.56658618128526,21019500
2020-09-08,41.62233352661133,42.65014821789924,41.24630298403161,42.55822928664142,17776700
2020-09-09,41.93986892700195,42.4161732335065,41.405071332866676,41.44685179722504,15252300
2020-09-10,41.78110122680664,42.349324458502814,41.73932076310884,42.073567660336266,15439500
2020-09-11,42.666866302490234,42.783852888465624,41.86466665017468,42.11535583457382,18272300
2020-09-14,42.717403411865234,43.15544462128515,42.59946985806916,42.93642562329936,10911700
2020-09-15,43.003814697265625,43.28180368462161,42.82691436719272,42.961696030121836,12838400
2020-09-16,42.78479766845703,43.34077245529951,42.74267899937548,42.91957933758707,15353900
2020-09-17,42.58261489868164,42.650007326266355,42.06875888541552,42.30462916851422,13287100
2020-09-18,42.49837875366211,43.09647210451173,42.29620467876122,42.7510939372023,23816600
2020-09-21,41.352745056152344,42.13616459989929,40.94840000348437,41.90871990525191,17514800
2020-09-22,41.83290100097656,42.15300867539409,41.33589298547903,41.369589206670035,13034600
2020-09-23,40.61144256591797,42.05192236109806,40.577746342844485,41.89187012167206,17121200
2020-09-24,41.02420425415039,41.36115677052891,40.063884601627215,40.61143364578531,16788100
2020-09-25,41.04106140136719,41.0747544110124,40.41769412792458,40.6030201414924,12603400
2020-09-28,41.51279067993164,41.87501700102011,41.394857126730436,41.538064450937846,11215700
2020-09-29,41.20952606201172,41.74865585997638,41.20110361501211,41.60544855339967,12426600
2020-09-30,41.58860397338867,41.79920051416827,41.18425900070564,41.50436664245611,15755900
2020-10-01,41.428558349609375,41.83290338661481,40.93155030576857,41.647577372944056,17577300
2020-10-02,41.580177307128906,41.765503272516,40.89784342738833,41.07474373246808,13610100
2020-10-05,41.59703063964844,41.740234748383635,41.378008432414504,41.639149306132424,10628700
2020-10-06,41.22637939453125,41.89186526252191,41.13371961200008,41.74023548972788,10077400
2020-10-07,41.748653411865234,41.91712804956154,41.23479741192738,41.29376417781064,10135600
2020-10-08,42.50680923461914,42.57420167680625,41.73181543015848,41.87501954963331,12143900
2020-10-09,42.801639556884766,43.15544018187744,42.624736030940426,42.68370280177254,11407800
2020-10-12,43.03750991821289,43.40815867930961,42.81849092607579,42.826913373929884,11386500
2020-10-13,42.30463790893555,42.95327569793619,42.03507456979872,42.95327569793619,14365300
2020-10-14,42.220401763916016,42.53208701825284,41.82448237579843,42.16143497816555,10582100
2020-10-15,42.11088943481445,42.228822993935864,41.52964087421825,41.61388142605389,9961700
2020-10-16,42.144588470458984,42.41415184799438,42.00980678169128,42.11089545835376,13569800
2020-10-19,41.79920196533203,42.52365460491673,41.66442030309174,42.1445801756633,9930400
2020-10-20,42.32990646362305,42.6415884572215,41.94240958364136,42.02664691809014,10970700
2020-10-21,42.11088943481445,42.481538222545815,41.925563434224536,42.085615662539524,12517400
2020-10-22,42.692138671875,43.13017994098718,42.43942342023879,43.10490616640942,20189200
2020-10-23,42.557350158691406,43.11332490842409,42.515231492421165,42.961695139092605,13491300
2020-10-26,41.950836181640625,42.54892967035822,41.44540569805225,42.40572554493935,14696400
2020-10-27,42.03507995605469,42.3636101168841,41.74024280684835,41.959265056367215,13892100
2020-10-28,40.40083694458008,41.403278469114454,40.24920718815384,41.27691926760993,19886200
2020-10-29,40.45137405395508,40.83887082307416,39.84485513641397,40.20708135511798,15369900
2020-10-30,40.485084533691406,40.535625652336336,39.90383596168637,40.274487970141415,15804000
2020-11-02,40.956817626953125,41.23480662547208,40.636713173047504,41.066328736683175,15156100
2020-11-03,41.57176208496094,42.085618235503965,41.27692816913232,41.46225418105241,15285100
2020-11-04,41.420127868652344,42.29621028697272,41.344316195641255,41.63915007995661,12930800
2020-11-05,41.6475715637207,42.29620930764422,41.5633342311377,41.91713488412421,12452400
2020-11-06,41.656002044677734,42.110891405532776,41.487524146570465,41.824479942785004,9294900
2020-11-09,44.284236907958984,44.86548215864814,43.863043859023904,44.22527013818391,33442000
2020-11-10,45.47200012207031,45.724715302876575,44.183150450544865,44.284235880177796,29706700
2020-11-11,45.13505554199219,45.741571439707776,44.9244589854434,45.42988943578112,17399900
2020-11-12,44.6548957824707,44.82337368302269,44.31794319481542,44.688592005270834,15024400
2020-11-13,45.02553939819336,45.067658062103845,44.55380200743097,44.85706152910336,12447900
2020-11-16,45.36249923706055,46.01113704890054,44.882339321475506,45.910051596527005,14908200
2020-11-17,45.21929931640625,45.27826610355823,44.67174690605343,45.202451203870126,14248400
2020-11-18,44.31794357299805,45.505708122524595,44.27582490086281,45.27826343685585,15278200
2020-11-19,44.755977630615234,44.84021496133016,43.76196170362779,44.21685100176405,17189500
2020-11-20,44.36847686767578,44.857062375915504,44.30108764683645,44.806518050199905,15645600
2020-11-23,44.37690353393555,44.789670956228036,43.972558559395715,44.60434818463574,13191900
2020-11-24,44.83179473876953,45.14347673402227,44.663316855529445,44.76440230009416,13827600
2020-11-25,44.58750915527344,44.8823430883781,44.469575582031574,44.7054427285153,10194800
2020-11-27,44.39375305175781,44.80652048714978,44.317938165785044,44.73913126264527,8499300
2020-11-30,43.80793762207031,44.30884247954904,43.366465118644484,44.22394466857728,43203600
2020-12-01,44.1815071105957,44.42771535975098,43.969259290009035,44.266404943372486,18968800
2020-12-02,44.24094009399414,44.25792030975716,43.8419131201756,44.0626526864499,14913100
2020-12-03,44.809749603271484,44.94558805088264,44.06263976073217,44.06263976073217,17318900
2020-12-04,45.71818542480469,45.73516564137907,44.7927846726946,44.80976488926898,18122400
2020-12-07,44.9880485534668,45.658749191388914,44.741840309363354,45.64176897745302,16210900
2020-12-08,45.149349212646484,45.40404590764172,44.81824318528825,44.94558991346378,12485800
2020-12-09,45.276702880859375,45.5059276580434,44.99653422640975,45.31066006796235,11508400
2020-12-10,45.03898620605469,45.429521412809,44.97955707627228,45.33613509361141,12097300
2020-12-11,45.2936897277832,45.45500016592221,44.80976489065649,44.826745107231396,10638100
2020-12-14,45.22576141357422,45.70968613635265,45.14935207636476,45.54837897497464,22292000
2020-12-15,45.70969009399414,46.032307683327474,45.50593076424554,45.66724117823455,16193700
2020-12-16,45.047481536865234,45.67573331301874,44.94560024453364,45.50593439777768,15679600
2020-12-17,45.22576141357422,45.59931637401801,45.12388337684307,45.2512301130959,12677300
2020-12-18,45.624794006347656,45.70969184111181,44.673921416036144,45.06445987642774,35480100
2020-12-21,44.83522415161133,44.99653130547374,44.13055993699524,44.724854394419026,14926600
2020-12-22,44.79277420043945,45.1493521878455,44.4786483638669,44.835226351272944,9689500
2020-12-23,45.064456939697266,45.32764215350195,44.94559544467061,44.954087170780525,7040300
2020-12-24,45.37009811401367,45.46348768385841,45.01352328949204,45.01352328949204,3265500
2020-12-28,45.981361389160156,46.21907787910931,45.616294928941514,45.71817296197054,9020500
2020-12-29,45.955902099609375,46.261539499917156,45.86251253411034,46.227579069072966,8320600
2020-12-30,46.21908187866211,46.38039228678164,45.87099560026749,45.88797581368242,8142700
2020-12-31,46.55868148803711,46.6350908320662,46.07475672206778,46.22757541012596,8495000
2021-01-04,44.79277420043945,46.380390073195535,44.17301101427441,46.07475272360304,25611100
2021-01-05,44.30036163330078,44.673916600095794,44.17301165623834,44.427711610363225,20323800
2021-01-06,42.89103698730469,44.164523822181984,42.61086832908232,44.1220749087483,38724500
2021-01-07,42.41560363769531,42.670300374363705,42.04204863982465,42.52597341108801,53225700
2021-01-08,43.36647415161133,43.40892306593906,42.313723587603086,42.47503075750627,29674000
2021-01-11,42.61935806274414,43.17969211435196,42.407110266852634,42.975932805292594,19304400
2021-01-12,42.54294967651367,42.7636859641656,42.24580081244465,42.483520551428754,18538700
2021-01-13,42.58539962768555,42.7551985200605,42.407112248081866,42.432580948412536,18864100
2021-01-14,41.795841217041016,42.60238359796913,41.78735272906368,42.585403383369666,34303600
2021-01-15,41.34587097167969,41.7533863480423,41.2015407874805,41.73640613586331,24366800
2021-01-19,41.184566497802734,41.634534088642056,40.95534169703386,41.37983734661958,29114500
2021-01-20,41.328887939453125,41.44774617795147,41.01476213218691,41.21002970095478,23115800
2021-01-21,41.55812072753906,41.676978979757855,41.14211360612881,41.41379053652733,19702500
2021-01-22,41.16758728027344,41.54963075318269,41.16758728027344,41.439264222124045,15400300
2021-01-25,41.41379165649414,41.464732296813146,40.95533884820134,41.10815429186923,16604200
2021-01-26,41.846778869628906,41.940168423928064,41.26946456909281,41.52416129258943,12922600
2021-01-27,41.20154571533203,41.87224960272095,40.9468489794733,41.50718309382038,21242400
2021-01-28,41.72792434692383,42.02507001114062,41.269468260436625,41.337385881409816,17498900
2021-01-29,40.87892532348633,41.70244453984144,40.84496490008251,41.62603520650496,18670300
2021-02-01,41.15909957885742,41.33738698213491,40.904402825797455,40.98081217557994,12183600
2021-02-02,41.56660842895508,41.89771447920395,41.28644301668465,41.43076996632363,13319800
2021-02-03,41.40530776977539,41.67698473770787,41.32040669314341,41.55812646906803,12274100
2021-02-04,41.60905838012695,41.659999019377224,41.3034242605588,41.56660946674064,20597400
2021-02-05,42.15242385864258,42.26279040764817,41.829806223241675,42.02507385453442,12742000
2021-02-08,42.38164138793945,42.593889199149835,42.01657813221061,42.41560181500781,17833200
2021-02-09,42.19486618041992,42.46654312395332,42.13543705143728,42.3222129259636,14592900
2021-02-10,42.109962463378906,42.94197669410495,42.05053333813339,42.79764650519126,22965400
2021-02-11,42.704261779785156,42.95047003427619,42.27976612941225,42.288257856060795,21928600
2021-02-12,43.03535842895508,43.17119687773204,42.78066174232879,42.93348040203338,13137100
2021-02-16,42.678794860839844,43.060841609871616,42.58540529567153,42.97594053306182,15093400
2021-02-17,42.55992889404297,42.86556623798709,42.35616958519878,42.44955913347552,12794300
2021-02-18,43.10329055786133,43.17120818070978,42.47503554362719,42.58540532423149,12747100
2021-02-19,42.54294967651367,43.154224378695055,42.42409142634383,43.12026395331955,15968800
2021-02-22,42.98442459106445,43.19667238725369,42.169390592328085,42.32220926467588,14370900
2021-02-23,42.90800857543945,43.73152769417904,42.80612731730445,43.298543682358755,16222300
2021-02-24,43.05235290527344,43.21366334321407,42.55993957978742,42.7806759176994,14442000
2021-02-25,42.593894958496094,43.08631150163583,42.43258776607705,42.84859495730355,14211100
2021-02-26,41.59207534790039,42.62784228597629,41.57509513729009,42.61935379999315,23638400
2021-03-01,42.36467361450195,42.823126524920795,41.94017789988228,41.97413509568143,13901200
2021-03-02,42.53446578979492,42.9250042762992,42.1948711893871,42.31372946146209,11755100
2021-03-03,42.432579040527344,42.92499548240988,42.20335103192455,42.21184275741596,15410700
2021-03-04,42.39862060546875,43.37496180955867,42.126943672593114,42.712749690504864,22036400
2021-03-05,43.12025833129883,43.2560967764458,42.36465677775354,42.49200349834158,21310800
2021-03-08,43.8419075012207,44.56355200475783,43.43439209107196,43.697580543700035,25084900
2021-03-09,43.1796989440918,44.04567047693734,43.14573851410299,43.90983199562695,23082700
2021-03-10,43.6721076965332,43.833418102933365,43.06083621333402,43.451371401781046,21331600
2021-03-11,43.19667053222656,43.66361501606166,43.137241410937236,43.6466348044584,17417700
2021-03-12,43.11106491088867,43.38500310484881,42.9740958139086,43.307957783697475,17598600
2021-03-15,43.68463134765625,43.76167668532202,43.20524103827062,43.23092172895869,13411900
2021-03-16,43.84727478027344,44.104091427438014,43.69318413885453,43.830153235049025,14214200
2021-03-17,43.864402770996094,44.18970238125748,43.787357438965486,43.87296191206557,17502700
2021-03-18,43.29084014892578,43.82159503946764,43.222357227049976,43.71030988321931,18007300
2021-03-19,43.49630355834961,43.72743958579233,42.94842375315105,43.196681330656396,67845700
2021-03-22,43.6589469909668,43.72743318118634,43.0768274365058,43.0768274365058,17911400
2021-03-23,43.99280548095703,44.215382315743376,43.5134152502191,43.65038435408723,16936700
2021-03-24,44.104103088378906,44.42084359477338,43.787362581984425,43.804480866134,14997400
2021-03-25,44.53213119506836,44.56637429392478,43.80448003957672,44.25819293542024,17091900
2021-03-26,45.405311584472656,45.46523537594041,44.309555257058584,44.634858171884765,17126700
2021-03-29,46.09870529174805,46.17575061445786,45.122800047824384,45.139921593493334,17514100
2021-03-30,45.499473571777344,46.04735004363566,45.311139809975536,46.01310694774418,14871800
2021-03-31,45.122802734375,45.51658851140354,44.943031392549074,45.396740950186256,15826500
2021-04-01,44.95158767700195,45.49946733941494,44.90878544580118,45.336814289010725,15834700
2021-04-05,45.20841598510742,45.559399571050136,44.76326551368714,44.814626894419256,16368700
2021-04-06,45.53371047973633,45.9274995260125,45.2854562144593,45.40530377678638,15614300
2021-04-07,45.61076354980469,45.79909733148747,45.47379441738132,45.61076354980469,10062700
2021-04-08,45.473785400390625,45.69636223744494,45.34537870110642,45.51658763348536,9695600
2021-04-09,45.525150299072266,45.61075476574989,45.208409853643744,45.516587893043855,10828200
2021-04-12,45.670677185058594,45.841889378914686,45.45666275913873,45.65355890471387,8565300
2021-04-13,45.4481086730957,45.61932088599171,45.208413534402084,45.405306436272035,11071700
2021-04-14,45.439544677734375,45.53370828244655,45.071439602292514,45.353936947631034,9787600
2021-04-15,45.653568267822266,45.936065669861485,45.473793631322785,45.482356038852195,13078100
2021-04-16,45.95317840576172,46.05590441720084,45.69636174436341,46.00454304428179,17974100
2021-04-19,46.227115631103516,46.53529692447369,45.62787459017272,46.227115631103516,19352900
2021-04-20,46.372642517089844,46.73218843738289,46.064464498325485,46.09014518348897,14419200
2021-04-21,46.74931335449219,46.86060177422873,46.43257290742781,46.43257290742781,13866500
2021-04-22,46.60377883911133,46.97188390209219,46.501052832065774,46.62946279007338,12558900
2021-04-23,46.62947082519531,46.73219684994246,46.37265086492526,46.56954703862602,9020500
2021-04-26,45.936058044433594,46.663705814764135,45.86757512357478,46.62946598713528,11684600
2021-04-27,45.86758804321289,45.97031408623676,45.64501114012547,45.85046649177524,9852400
2021-04-28,45.87614059448242,46.269926424161724,45.74773060995147,46.210002635541024,10868100
2021-04-29,46.44969940185547,46.53530714971393,45.739173055439444,45.833339945282916,15391000
2021-04-30,46.21000289916992,46.45826046235858,45.96174533598126,46.44113891328334,14912600
2021-05-03,46.63802719116211,46.91196541792008,46.36408896440413,46.45825584215242,10417900
2021-05-04,46.34696960449219,46.75787696402295,46.17575738828736,46.715074726372094,14151000
2021-05-05,46.227115631103516,46.43257091521728,45.97885811526632,46.34696318616948,9665900
2021-05-06,46.68939208984375,46.749315873176265,46.26992234091486,46.329846124247375,11572700
2021-05-07,46.66371154785156,46.886288415590904,46.36409260928111,46.60378776013747,10637500
2021-05-10,47.006134033203125,47.511208269757944,46.93765110678286,46.9804533439957,15545800
2021-05-11,46.50106430053711,47.203031508741546,46.269928278479306,47.108864618391884,12986700
2021-05-12,46.26136016845703,46.70651057661433,46.12439106330102,46.53529837876905,15836500
2021-05-13,46.66371154785156,46.89484755714942,46.08159521942918,46.201442794857364,15475800
2021-05-14,46.852046966552734,47.16878746498561,46.8178038679109,46.99757850297971,11725300
2021-05-17,46.77499771118164,47.100300589839875,46.65515014157107,46.946209924454465,12119800
2021-05-18,46.5181770324707,46.70651077747052,46.31272174105262,46.56097926571582,13232500
2021-05-19,46.372642517089844,46.38120492254492,45.8932523108336,46.32984028661709,15126100
2021-05-20,46.78355407714844,46.91196077132194,46.32984128071947,46.32984128071947,10948400
2021-05-21,46.75787353515625,47.18590241147925,46.41545239345855,46.91196419188062,16033200
2021-05-24,46.911964416503906,47.02325283924908,46.646588601897726,46.76643616534583,10326100
2021-05-25,46.903404235839844,46.929084922980415,46.52673674123893,46.929084922980415,11916500
2021-05-26,47.108856201171875,47.125977747776396,46.73219197267575,47.06605396746113,16064300
2021-05-27,47.50264358520508,47.57112650363369,46.894840131545806,47.26294520670245,59109600
2021-05-28,47.33143615722656,47.69097886278663,47.254390825234935,47.38279753482011,17011600
2021-06-01,47.32286834716797,47.63961204563472,47.168777700778996,47.374232984497944,13304000
2021-06-02,47.511207580566406,47.56257222383755,47.30575227308316,47.511207580566406,11328500
2021-06-03,47.63105010986328,47.716657839591164,47.16877816613569,47.23726434991799,17364300
2021-06-04,48.144683837890625,48.35013584585842,47.750894835684235,47.85362410526892,18935100
2021-06-07,47.97348403930664,48.23030074836812,47.77659112017278,48.20462005714246,14010800
2021-06-08,47.63962173461914,48.153255149978264,47.554013988324876,48.153255149978264,10968300
2021-06-09,47.494083404541016,47.87074763754792,47.494083404541016,47.72521938806837,9838800
2021-06-10,47.86219024658203,48.041961596252385,47.73378027361677,47.86219024658203,12444400
2021-06-11,48.07620620727539,48.11900844441322,47.64817730469437,47.9306779478865,11825800
2021-06-14,47.91232681274414,48.05032798438203,47.61045027797609,48.03307742665136,9710800
2021-06-15,47.79158020019531,48.119334244104365,47.60182733947833,48.11070731941301,11154200
2021-06-16,47.1533203125,47.834702559887546,47.12744612013588,47.81745200157561,15211700
2021-06-17,47.39482498168945,47.56732727512186,47.13607318664463,47.15332045480105,10658400
2021-06-18,46.37706756591797,47.11019823970708,46.33394281279057,47.01532180870214,31445600
2021-06-21,46.88594436645508,46.9463196747764,46.57544090068398,46.76519374981243,14404300
2021-06-22,47.05845260620117,47.308577505062125,46.799697491877225,46.868699733085734,13072800
2021-06-23,46.678932189941406,47.09293563645759,46.670308557604514,47.0584378169031,12339200
2021-06-24,46.91181564331055,46.93768983378107,46.57543800636442,46.799688667592726,11488400
2021-06-25,46.85144805908203,46.980825613168584,46.58406931606683,46.78244910972165,18880300
2021-06-28,46.7996940612793,46.89457049088221,46.575443374205996,46.79107042686436,10556900
2021-06-29,46.4547004699707,46.868704085039845,46.33394982685157,46.687578120361145,12300900
2021-06-30,46.670310974121094,46.730686274226244,46.35980755060484,46.40293229493608,14614200
2021-07-01,46.54094314575195,46.98944781867935,46.45469363912305,46.868697193315775,13214700
2021-07-02,46.7307014465332,46.963579089780026,46.57544968436866,46.57544968436866,10604600
2021-07-06,46.47194290161133,46.65306883460206,46.18731361530502,46.5668193303801,15278200
2021-07-07,46.85144805908203,46.903199738758225,46.33394442315157,46.33394442315157,14377700
2021-07-08,46.68757247924805,46.72207030867935,46.351194788285845,46.584069120330554,11943900
2021-07-09,46.972190856933594,47.023942527981774,46.73068963912342,46.79106494357596,10847000
2021-07-12,46.989444732666016,47.09294479186493,46.80831880651603,46.85144355699828,15107600
2021-07-13,47.4552001953125,47.69670143150708,47.22232259317876,47.394824886263855,15170800
2021-07-14,48.52470779418945,48.60233366045416,47.40344784052735,47.455199514773,22002700
2021-07-15,48.67995834350586,48.70583582510347,48.22283008117328,48.50745934729485,15068200
2021-07-16,48.64546203613281,48.88696327052906,48.52470812872714,48.69721042052769,14860500
2021-07-19,48.06757354736328,48.602327620617345,47.575944218851035,48.36945334097017,19527000
2021-07-20,48.15382766723633,48.58508170707098,47.886448978064244,48.06757488514507,16257900
2021-07-21,48.77484130859375,49.64597649127465,48.671341238941324,49.44759998685422,20918200
2021-07-22,48.705841064453125,48.93871868263787,48.34358589498536,48.83521532552833,13402700
2021-07-23,49.17158889770508,49.44759453670314,48.68858643242541,48.80933704874533,12144000
2021-07-26,49.2147216796875,49.266470068691824,48.78346755687631,49.06809356702362,8681100
2021-07-27,49.38721466064453,49.628719177243966,49.093961761365364,49.25784041373773,12794400
2021-07-28,48.93871307373047,49.300964911472434,48.84383665235783,49.154340107683765,9858000
2021-07-29,49.206085205078125,49.37858747876591,49.04220985468869,49.223335761467624,9599100
2021-07-30,49.1888427734375,49.37859563485714,49.07671907369657,49.29234612887062,11727000
2021-08-02,49.059452056884766,49.36995543860661,48.9128239976465,49.3354543317027,9778000
2021-08-03,49.09395980834961,49.16296203612087,48.94733500964665,49.16296203612087,8825500
2021-08-04,48.38670349121094,49.119837356354935,48.30907762996527,48.94733507689709,11888400
2021-08-05,48.73170471191406,48.80933056784221,48.55057881148409,48.6799530445596,9806800
2021-08-06,48.85246276855469,48.93871556064356,48.67996047458454,48.81796165171914,10409300
2021-08-09,48.861080169677734,49.059456617506505,48.67132735427328,48.990454397284175,8859900
2021-08-10,48.99046325683594,49.30959035755854,48.86971263981698,49.024964373186364,10906900
2021-08-11,48.93008041381836,49.31820968747566,48.912829858299474,49.0680815677624,8370700
2021-08-12,49.02496337890625,49.14571399347625,48.930086955970545,48.930086955970545,6169200
2021-08-13,49.361351013183594,49.42172633267812,48.96459797358868,48.99909909621645,7714200
2021-08-16,49.57696533203125,49.5855922555715,49.18883602790271,49.33546411622118,7972000
2021-08-17,49.40446472167969,49.64596923585161,49.1715871313393,49.559716448573276,10346400
2021-08-18,48.73170471191406,49.3613351921281,48.662702488774784,49.32683408055846,13873700
2021-08-19,49.04221725463867,49.14571731838552,48.25733491662569,48.35221134598017,9223700
2021-08-20,48.85246276855469,49.188840432182296,48.80071438350896,49.024965062524835,10543600
2021-08-23,48.67995834350586,48.947337051964844,48.628209960725535,48.87833482131448,8912800
2021-08-24,48.30908203125,48.85246310947534,48.214208894601555,48.85246310947534,12067200
2021-08-25,48.36083221435547,48.44708171417682,48.06757930867236,48.35220858045634,11270700
2021-08-26,47.903709411621094,48.28321186044959,47.8778319265545,48.25733766559089,10331500
2021-08-27,47.99858856201172,48.11933919846127,47.826086242708904,48.007212197383225,8844100
2021-08-30,48.45570755004883,48.47295810766718,47.98995236497559,48.033077113917756,10034700
2021-08-31,48.567840576171875,48.748966518403655,48.300461835109836,48.43846302303041,14185700
2021-09-01,48.89558029174805,48.990456703917374,48.541952121975996,48.62820490131497,9518900
2021-09-02,48.9645881652832,49.18883883702681,48.654084704247836,48.9645881652832,11653200
2021-09-03,48.93008041381836,48.96458152485613,48.51607695198626,48.697202849623984,13220400
2021-09-07,48.01582717895508,48.895585887654946,47.877826006426126,48.81796002246944,20035300
2021-09-08,48.66271209716797,48.714463774740736,47.96408254607819,47.96408254607819,12040100
2021-09-09,48.17970657348633,48.66270903965379,48.127954899165154,48.45570892278417,12545400
2021-09-10,47.96408462524414,48.41258931302686,47.8864587506239,48.30908595339462,10573700
2021-09-13,48.36083221435547,48.645461486139446,48.076206232779,48.076206232779,20274300
2021-09-14,48.395591735839844,48.647607649953194,48.27392979524423,48.59546539753825,13918900
2021-09-15,48.560707092285156,48.664988281820925,48.160956454826085,48.38690289969937,15746000
2021-09-16,48.10012435913086,48.656298425398695,47.63954607733946,48.421663268154255,17430400
2021-09-17,47.309322357177734,47.96108563166238,47.24849138342899,47.813354213998124,33370200
2021-09-20,46.97909164428711,47.27455775456712,46.692314251204024,47.022541860349676,27542500
2021-09-21,46.97040939331055,47.63955346814335,46.874816909043055,47.265875565119316,16418200
2021-09-22,47.03993225097656,47.413610152772925,46.979101273013406,47.370156612765236,12719700
2021-09-23,46.961708068847656,47.46573651191272,46.926946572073845,47.152889671026024,13836200
2021-09-24,46.831363677978516,47.13552186431032,46.805294207593306,46.926956156110236,9682200
2021-09-27,46.58803939819336,47.1442101954383,46.55327789460569,46.79660178964049,12429500
2021-09-28,45.745086669921875,46.45768084818891,45.562593766593785,46.45768084818891,19926100
2021-09-29,46.0231819152832,46.196986138377625,45.67557678413419,45.74509648434807,13941500
2021-09-30,45.59736251831055,46.344718315601746,45.562601012613364,46.20567229281301,17672000
2021-10-01,46.0753173828125,46.2317408290285,45.6842587672725,45.86675168284472,16277400
2021-10-04,46.049251556396484,46.51851861712869,45.53653095658053,46.110082533066205,18973400
2021-10-05,46.12746810913086,46.46638453317031,45.99711410832801,46.07532584580173,17173100
2021-10-06,46.6749382019043,46.727080455453454,45.63211633619644,45.8580627865368,21284500
2021-10-07,46.82267379760742,47.170278882595646,46.7618428248585,46.91826627336699,13774400
2021-10-08,47.031227111816406,47.26586223931077,46.84004551222151,46.92694593794294,13786800
2021-10-11,47.126827239990234,47.26586993279982,46.93564229423732,47.10944648900912,12378500
2021-10-12,47.126827239990234,47.648239824305655,47.11813852201932,47.29193940175184,19474400
2021-10-13,47.13551712036133,47.300629274582406,46.7444585287439,47.07468283718605,12143300
2021-10-14,47.457054138183594,47.63085833024391,47.19634950761274,47.26586919541332,13704000
2021-10-15,47.344078063964844,47.6916864271447,47.178965914725886,47.48312074622898,17867000
2021-10-18,46.87480545043945,47.26586401092098,46.805285770264334,47.231102513313985,15861800
2021-10-19,47.05730438232422,47.10075459933147,46.72707676599883,46.96171191588484,11068500
2021-10-20,47.47444152832031,47.58741145117531,47.02255189178121,47.083382870253814,12474800
2021-10-21,47.23110580444336,47.50919117459896,47.10944386938017,47.44836020706737,14388300
2021-10-22,47.31801223754883,47.38753192651009,46.98778459862478,47.26586998454842,12828600
2021-10-25,47.126827239990234,47.33539293672426,46.94433432724752,47.25718121482891,11855000
2021-10-26,47.33539962768555,47.43099211407421,47.126833901470306,47.20504563442105,12086700
2021-10-27,48.24786376953125,48.73451488168046,48.03060934152456,48.638922402951195,24019800
2021-10-28,48.69975280761719,48.76058378154395,48.33476364901718,48.44773687846949,15928000
2021-10-29,48.98653030395508,49.073434069158,48.47380969189672,48.55202142305951,24463700
2021-11-01,48.81271743774414,49.012594404767775,48.57808560087813,49.003902372268094,11651100
2021-11-02,48.751888275146484,49.09949665714194,48.6389183687813,49.07342718875601,11498900
2021-11-03,48.917015075683594,48.951776584940426,48.473814120258936,48.66499910613153,10788300
2021-11-04,49.1864013671875,49.21247415287719,48.69106153459692,48.760584543050086,10820200
2021-11-05,49.39496612548828,49.67305152386225,49.177711700818655,49.39496612548828,12886700
2021-11-08,48.95176315307617,49.43841088898073,48.77795896952209,49.31674895500459,12828000
2021-11-09,49.0908088684082,49.1168783372875,48.74320047983423,49.021285864677694,10155800
2021-11-10,49.290687561035156,49.46448845801694,48.91700966545301,49.13426410171986,8813600
2021-11-11,49.30806350708008,49.429725449123296,49.160328780999535,49.38627522911347,7257700
2021-11-12,49.19508743286133,49.52531505287466,49.14294518284687,49.31674936785595,10162500
2021-11-15,49.203773498535156,49.255915745739436,48.89961867744085,49.1255617852482,10289200
2021-11-16,48.85617446899414,49.481864937177406,48.83010168466698,49.203779547976104,13756500
2021-11-17,48.5867805480957,48.70844249837794,48.36083739972004,48.69975377980329,13288700
2021-11-18,48.15227127075195,48.60416087862245,47.917636090797686,48.517260433471755,15380100
2021-11-19,47.90894317626953,48.22179005547502,47.70906951789695,48.178336521666,15813700
2021-11-22,48.204410552978516,48.682369601899474,47.86549419674437,47.88287163267085,16905600
2021-11-23,48.560707092285156,48.76058075349507,48.2304794578761,48.36952214893687,13835900
2021-11-24,48.16966247558594,48.52595968208332,47.82205398947328,48.412986426840675,12598900
2021-11-26,46.69232177734375,47.57872025105863,46.561971108145386,47.43967754822332,14754300
2021-11-29,47.430992126464844,47.56134280472364,46.86612924222414,46.97041044783912,22712500
2021-11-30,45.933441162109375,46.96683437089195,45.92468172399012,46.94055939728101,30485200
2021-12-01,45.80207824707031,46.870502571875456,45.784562710840255,46.39759311590463,18719600
2021-12-02,46.476409912109375,46.71286463273575,45.985984935171686,46.064803175380476,17074200
2021-12-03,46.88801956176758,46.949322270099884,46.39759455436212,46.704111436770674,21064400
2021-12-06,48.08780288696289,48.385560314837925,47.41346979028277,47.56235017459372,26624100
2021-12-07,48.35053253173828,48.53444065950143,48.03525954657455,48.184139941011686,23832700
2021-12-08,48.166622161865234,48.47313569386923,47.606138365773944,48.271712038445614,18026300
2021-12-09,48.04401397705078,48.28046869127403,47.80755926282753,47.94768020376574,13846400
2021-12-10,49.28759002685547,49.32262109949181,48.22792513520844,48.385561621325,23153600
2021-12-13,50.58370590209961,50.732586279406405,49.8831012049854,49.9006167400066,31362800
2021-12-14,50.61874008178711,50.942769147718394,50.26843938208345,50.26843938208345,24806600
2021-12-15,50.846435546875,51.01282811832604,50.487375431088324,50.7325862396997,24923800
2021-12-16,51.363136291503906,51.56455994926213,50.70631870895653,50.77637751390648,24696900
2021-12-17,50.557437896728516,51.599587249648835,50.53116626268546,51.22301491229287,51874400
2021-12-20,50.39104461669922,50.60122436763244,49.91813516597911,50.09328718558806,20879500
2021-12-21,50.59246826171875,50.76762028129908,50.382285170072976,50.45234731420387,15864900
2021-12-22,50.9515266418457,50.960282739186724,50.34725570291152,50.5399199111351,12447400
2021-12-23,50.986568450927734,51.328113111855345,50.741354244026574,51.24929485619917,11027300
2021-12-27,51.363136291503906,51.398164023605396,50.793893050330716,50.793893050330716,9860000
2021-12-28,51.564552307128906,51.617095567867445,51.05661184834645,51.14418951748816,8979900
2021-12-29,51.62586212158203,51.757223632282546,51.37189185718198,51.62586212158203,9996000
2021-12-30,51.47697067260742,51.87106180152123,51.45945514012834,51.72218478656836,7703900
2021-12-31,51.85354995727539,51.976155352603406,51.40691553990241,51.450702703841486,10021300
2022-01-03,51.93238067626953,51.94114011561152,51.12668597566523,51.51201778803069,20187300
2022-01-04,52.79937744140625,53.01831663795471,52.186347022921154,52.30895243846877,26141600
2022-01-05,53.23725509643555,53.59631524016722,52.58919361370797,52.624224686449345,22507300
2022-01-06,52.957008361816406,53.52624820853933,52.9307333892854,52.957008361816406,17902300
2022-01-07,52.83440399169922,53.17594857455708,52.59794927877914,52.79061348354063,12307900
2022-01-10,52.92197799682617,53.26352257755626,52.703038820384144,53.02706786610926,20954300
2022-01-11,52.939491271972656,52.9745223404872,52.40527916973886,52.921975737715385,19369600
2022-01-12,53.01831817626953,53.14967969356182,52.711801287759954,53.00955873733511,15753800
2022-01-13,53.333587646484375,53.45619305750553,52.88694983119658,53.01831468057461,14318000
2022-01-14,53.76270294189453,53.81524954623437,52.8606746155807,53.368611761212435,19729600
2022-01-18,53.333587646484375,53.58755456613667,52.93949643909718,53.473708593472395,21976700
2022-01-19,53.42116165161133,53.578798133580754,53.035829884989894,53.123404223529846,18654700
2022-01-20,53.20222091674805,53.806491852886715,53.17594928409973,53.4211600974754,23002400
2022-01-21,52.939491271972656,53.68388310380058,52.895704106702766,53.49121890846373,26643200
2022-01-24,52.510372161865234,52.851916748356786,51.29307085483259,52.4578288967107,30185100
2022-01-25,52.38776779174805,52.589191440567085,51.39816174255293,51.98492049410998,19027100
2022-01-26,52.19510269165039,52.85192027589471,51.85355808236286,52.36149861773703,19190200
2022-01-27,52.238887786865234,53.35985527871022,52.10752294733799,52.44031142425946,18893800
2022-01-28,53.28104019165039,53.324827360498084,51.61710104946344,52.01119225058633,19101500
2022-01-31,53.4299201965332,53.54376951444753,52.67677216464962,52.808133678476594,22045300
2022-02-01,53.03582763671875,53.54376479206263,52.6855236159151,53.34234114936189,20841700
2022-02-02,53.57879638671875,53.657614625133704,53.035828155830615,53.08837142094274,20225600
2022-02-03,53.955379486083984,54.10425654543338,53.062107107745916,53.36862066566952,19440500
2022-02-04,53.38613510131836,54.016681082598765,53.04459047504053,53.85028848898184,17403700
2022-02-07,53.946617126464844,54.05171034698992,53.298558970295446,53.75395290366297,17846400
2022-02-08,54.29690933227539,54.58591061453767,54.069214085649065,54.148032313470935,18771700
2022-02-09,53.45619201660156,54.57715957067812,53.333586607967796,54.445794723858036,23595600
2022-02-10,53.75395202636719,54.55964665942775,52.72055875996551,52.860679710965044,23561500
2022-02-11,52.79937744140625,54.27940520740493,52.67677202585864,54.095497084083505,22781400
2022-02-14,53.14091873168945,53.23725250666852,51.91485797135972,52.68552483044546,23641300
2022-02-15,53.34234619140625,54.104253666812724,53.097135358113825,53.38613336295889,13408700
2022-02-16,53.333587646484375,53.77146602341529,53.03583021654148,53.29855657455065,15484700
2022-02-17,54.40200424194336,54.5421251776692,52.904461114983455,53.027066516150235,21468700
2022-02-18,54.76982498168945,55.0150357893754,54.28815946341489,54.402005429413826,21975000
2022-02-22,54.54212951660156,54.857402482251935,54.051707872920446,54.67349436587152,21731400
2022-02-23,53.937862396240234,54.5859239095905,53.71892319238161,54.507105662571504,19248500
2022-02-24,52.99203872680664,53.08837250247042,51.86231507417303,52.51913262742955,27207400
2022-02-25,55.04130554199219,55.08509604822374,53.351094896449226,53.36861043079253,21487800
2022-02-28,54.507102966308594,54.59467730722122,53.78022324189537,53.99040633713141,25879100
2022-03-01,54.27064895629883,54.95373817856304,53.867798296818926,54.419526005973026,15871100
2022-03-02,54.673484802246094,55.06757594037364,54.10424167597895,54.49833281410649,17319100
2022-03-03,54.70852279663086,55.19018831945599,54.55088632141584,54.83112820163216,21262800
2022-03-04,54.79610824584961,54.81362378450919,53.59632224402123,53.824017565100974,17163000
2022-03-07,53.4912223815918,54.358219668767255,53.1759494259837,54.30567306258365,29151400
2022-03-08,51.37188720703125,53.89406740498897,51.310584506104036,53.81524916940445,30242100
2022-03-09,51.634620666503906,52.40528759397702,51.37189429190426,52.3877720569041,23022700
2022-03-10,50.68880081176758,51.371889996763834,50.35601231670027,51.214253517034415,20887300
2022-03-11,50.72382736206055,51.53828137479725,50.67128409720447,50.75885843246243,19855600
2022-03-14,51.65924072265625,52.10047099182895,51.15623848510496,51.15623848510496,17799400
2022-03-15,52.6122932434082,52.850557978634825,52.04751907086494,52.13576713927457,18607200
2022-03-16,52.47110366821289,52.89468432965212,51.72101354476589,52.75349077583905,17347300
2022-03-17,53.02705001831055,53.07117236874747,52.26813347204514,52.471098977110614,15586200
2022-03-18,53.03587341308594,53.21236618205572,52.691714365070624,53.21236618205572,30197800
2022-03-21,53.45946502685547,53.918341578751516,53.168251411589075,53.38886656267451,17440100
2022-03-22,53.65359115600586,53.78596156132288,53.00057235111734,53.76831194952599,17559500
2022-03-23,53.300621032714844,53.81244642491037,52.94763544985448,53.60948089297766,15529200
2022-03-24,53.81245040893555,53.84774964309898,53.353570463771725,53.512413651186904,13151300
2022-03-25,54.29779815673828,54.368396618642336,53.87421748427377,53.93598945527985,12259800
2022-03-28,54.64195251464844,54.659602128597264,54.01540636790362,54.297793458445504,11485200
2022-03-29,54.8537483215332,55.18025778644093,54.48311650185198,54.897870676306695,14720600
2022-03-30,54.89786911010742,54.89786911010742,54.32427178177655,54.72137632972877,13641000
2022-03-31,54.712547302246094,55.27732144546462,54.712547302246094,54.90668967634725,16822900
2022-04-01,55.48028564453125,55.55088409394126,54.79196759438047,55.00375957629114,12644900
2022-04-04,55.1890869140625,55.40970206479062,54.465469488979885,55.24203239579242,11505800
2022-04-05,55.12731170654297,55.80680673487428,55.039063631637696,55.065539737269205,15721200
2022-04-06,55.68324661254883,55.82444013357677,54.977279007409145,55.3920364481933,19267400
2022-04-07,55.98329162597656,56.18625713236982,55.33909587968851,55.70973103168632,13960800
2022-04-08,56.32745361328125,56.51276950471383,55.7362033458236,56.0185904279074,12703500
2022-04-11,56.30979919433594,56.74220627042953,56.159779176227,56.39804388758642,12720100
2022-04-12,56.97165298461914,57.192268129984164,56.38040601087446,56.81280981065073,18089900
2022-04-13,57.12166976928711,57.24521369773869,56.68043952977741,56.86575542245478,11883000
2022-04-14,57.3775749206543,57.86293085633762,57.20108552548155,57.32462944863025,16388400
2022-04-18,56.865753173828125,57.51877201734138,56.636311573216865,57.15696000358366,11679400
2022-04-19,57.421695709228516,57.58053884431146,56.86574810275736,56.918693570238915,11993800
2022-04-20,58.207088470458984,58.45417631073141,57.71291278991413,57.74821201461572,14827100
2022-04-21,58.427703857421875,59.12484840020663,57.995300134857715,58.22474173020632,15120400
2022-04-22,57.58053970336914,58.54241828437202,57.518767746172976,58.31298343343678,14902200
2022-04-25,58.189449310302734,59.301344726926956,57.1657918672194,59.12485531456615,25082000
2022-04-26,57.404056549072266,58.568904105899556,57.395230059189885,57.818807316596654,21982600
2022-04-27,57.85409927368164,58.48947181259154,57.35992362459095,57.35992362459095,16971000
2022-04-28,58.41006851196289,58.48948673326709,56.91870796283301,57.059904888671575,22010600
2022-04-29,57.015777587890625,58.268869973140134,56.90987989644314,58.12767978384995,20137100
2022-05-02,55.98329162597656,57.63349178061361,55.22437844106596,57.607019043442186,24970300
2022-05-03,55.66560745239258,56.42452062055358,55.30379543199742,56.23038160838193,21686300
2022-05-04,57.386409759521484,57.46583471175219,55.5420670345443,55.59501588059146,19780200
2022-05-05,56.927528381347656,57.38640487609424,56.48629813412855,57.086371539652106,20155200
2022-05-06,57.130496978759766,57.63349924810759,56.539249996527076,56.65396745001341,18984000
2022-05-09,57.015777587890625,57.67762301099788,56.5127753356347,56.892233647521785,20055300
2022-05-10,56.48630142211914,57.642322582679036,56.345104503123295,56.9187052044245,21322200
2022-05-11,56.75102996826172,57.53641923822171,56.44217015411548,56.768682947720926,19648400
2022-05-12,56.927528381347656,56.94517462887514,55.78032704552228,56.618668554822136,22574700
2022-05-13,57.99531173706055,58.06591020092805,56.58337612291083,57.192269359007845,16167000
2022-05-16,58.207088470458984,58.57772023086763,57.74821201461572,57.74821201461572,13223200
2022-05-17,58.048248291015625,58.330635370415386,57.36875669555462,58.330635370415386,21300600
2022-05-18,54.00658416748047,57.81880995497635,53.794792162793065,57.7305652500431,31437300
2022-05-19,52.94762420654297,53.79478538593103,52.64758753471979,53.79478538593103,31493900
2022-05-20,53.81245040893555,54.04189206467758,52.6476026121044,53.38004657255442,29133800
2022-05-23,55.471458435058594,55.68324703504792,54.35073338063119,54.40368221378807,19406900
2022-05-24,56.495113372802734,56.64513676166343,55.374391596868584,55.48911239453909,16154200
2022-05-25,56.53923797607422,56.89222348520771,56.12448050779025,56.47746601692375,15360500
2022-05-26,56.742210388183594,57.44817471805745,56.44217033019196,56.53924151960346,16159800
2022-05-27,57.077545166015625,57.20991558697927,56.60101569013009,56.70691337342886,17709000
2022-05-31,55.93034744262695,56.75985910090104,55.63913386174115,56.54807046600197,43159000
2022-06-01,55.656776428222656,56.19507780376876,54.827264874984586,55.9656362176413,15408300
2022-06-02,56.23921585083008,56.24804234231721,54.80963056504954,55.75386317496287,14586000
2022-06-03,55.568538665771484,56.15096246010778,55.42734512066934,56.09801361832461,13539900
2022-06-06,55.48028564453125,56.27450136879703,55.29496976430902,55.88621999600007,15112800
2022-06-07,55.81562423706055,55.92151854996061,54.9066910381694,55.047884577475976,17886300
2022-06-08,55.49794006347656,55.78032715293499,55.206729850237394,55.58618813288209,10211500
2022-06-09,54.53606414794922,55.90387739819461,54.518414532074566,55.480296716163004,13382200
2022-06-10,54.191898345947266,54.615478975545145,53.35356021043664,53.83891280478924,14967600
2022-06-13,54.130126953125,54.96846509749341,53.53887667038615,53.609475125891535,23064200
2022-06-14,52.64576721191406,54.12123515407321,52.13913085404647,53.97902149906899,24620000
2022-06-15,53.0368537902832,53.89902597894606,52.41467117025948,53.330171360272374,19684700
2022-06-16,52.50355529785156,52.9035322753889,51.774709867957355,52.12135545160935,15053800
2022-06-17,52.82353591918945,53.44572194063849,52.556885735894454,53.063522101347274,34781900
2022-06-21,53.952354431152344,54.11234520776678,52.45021918301026,52.87686351440928,17705000
2022-06-22,54.35234069824219,54.61899090813674,53.61460494720451,53.86347802435391,15207100
2022-06-23,55.00118637084961,55.02785037250644,54.42344147024999,54.485659734543354,17190900
2022-06-24,56.03223419189453,56.05001132255893,55.20561626452538,55.20561626452538,18147100
2022-06-27,55.91668701171875,56.254445728003226,55.66781395268868,55.97890527647627,12142100
2022-06-28,55.356719970703125,56.672197199703646,55.20561943733308,56.067791675582264,13150100
2022-06-29,55.75669860839844,56.094457339155404,55.4900484064919,55.5878209383406,11795500
2022-06-30,55.91668701171875,56.09445493558643,55.25005984019581,55.392273501161725,15514200
2022-07-01,57.22327423095703,57.28549249600669,55.836691877689,56.10334206942199,15143200
2022-07-05,56.24555969238281,57.04551371456303,55.48115993577536,57.04551371456303,15921200
2022-07-06,56.36111068725586,56.96551626301726,56.16556561264274,56.5299883667408,13450500
2022-07-07,55.91668701171875,56.5122090480793,55.730032217446194,56.227778335506336,14828400
2022-07-08,56.121116638183594,56.36998968701744,55.89002072007231,56.02334411453001,11311500
2022-07-11,55.9433479309082,56.40554315123921,55.632256624262794,55.98779245240693,12702100
2022-07-12,55.703365325927734,56.39665989618283,55.52560079110243,55.99668291154357,14731100
2022-07-13,55.44560241699219,55.99667990477077,55.09006658514995,55.40116128567215,13145300
2022-07-14,55.2678337097168,55.33005197080217,54.48565692524808,54.512324316171046,14433000
2022-07-15,55.55226516723633,55.97001928629912,55.170065311634445,55.77447422790527,21968400
2022-07-18,54.7967529296875,55.60559373375078,54.6723130139046,55.57003947209853,10780800
2022-07-19,55.57892990112305,55.68559269290984,55.04562950475397,55.18784316982847,10998200
2022-07-20,54.663429260253906,55.62337403574663,54.35233792966341,55.463383239831174,11010500
2022-07-21,54.538997650146484,55.00119294776621,54.03236121423749,54.45011198292643,11959600
2022-07-22,54.74342346191406,54.99229652094788,54.50343727328525,54.5567686676387,11644700
2022-07-25,55.27672576904297,55.37449830011067,54.49455230178379,54.707871105348566,14941700
2022-07-26,56.18333053588867,56.70774398422256,55.57892170083806,55.77446673295465,20118000
2022-07-27,56.00556945800781,56.16556025093789,54.92119156115425,55.89002318916809,12142900
2022-07-28,56.938838958740234,57.107719989419365,55.89890233896961,55.92556633722814,10837000
2022-07-29,57.036617279052734,57.14328006422556,56.55664830833912,56.627753441146645,13734200
2022-08-01,57.34770965576172,57.80990828546438,56.91218180880827,56.96550981174236,12831500
2022-08-02,56.565528869628906,57.418810711997814,56.37887410235583,57.40992045223778,15241900
2022-08-03,56.814414978027344,56.97440578415031,56.27222768021219,56.4855464946152,11317000
2022-08-04,56.59220504760742,56.6455364457239,55.925577829037664,56.56554104386987,11795600
2022-08-05,56.334442138671875,56.556651199847686,55.70336582804526,56.556651199847686,10445400
2022-08-08,55.97001647949219,56.71663902152356,55.77447143090461,56.44109857948116,9165200
2022-08-09,56.04113006591797,56.27222941104442,55.863362121353354,56.156679738481195,7910900
2022-08-10,56.574432373046875,56.69886891369194,56.085569691024936,56.55665524000595,8857300
2022-08-11,56.19223403930664,56.876638422374896,56.06779749522906,56.60998481004689,8507800
2022-08-12,56.61886978149414,56.67219778646339,56.07667912669872,56.3788835872089,9489300
2022-08-15,57.32993698120117,57.498818035342175,56.50331901394186,56.56553727894924,9863300
2022-08-16,57.801021575927734,57.9787928987675,57.178838899194986,57.39215770532013,9569600
2022-08-17,57.667694091796875,57.969901946381285,57.56103808064679,57.62325634757851,8144000
2022-08-18,57.96989822387695,58.08544448896398,57.51658986175053,57.73879891242085,6532000
2022-08-19,57.925453186035156,58.192106756980714,57.73879839888607,57.96100744758003,8921100
2022-08-22,57.06328201293945,57.70324516963191,56.87663061309224,57.63213664527005,9087900
2022-08-23,57.12549591064453,57.21438494994461,56.60108584143843,56.725522358920614,8443800
2022-08-24,57.20549774169922,57.40104278854124,56.92996069275744,57.098834957617576,6844700
2022-08-25,57.48102951049805,57.51658376859262,56.79662869070123,57.205492486866795,7913900
2022-08-26,56.09446334838867,57.59659897018109,55.97891367194888,57.53438069609235,10089500
2022-08-29,55.75669860839844,56.02334881030498,55.472271274279294,55.72114434397323,9115900
2022-08-30,55.24117660522461,55.91669069160815,55.09896293489958,55.91669069160815,8456800
2022-08-31,54.850074768066406,55.57892009683286,54.841187898972464,55.44559671657986,14633600
2022-09-01,55.10784149169922,55.1433957515767,54.476768636757754,54.73453193490821,14939700
2022-09-02,54.35234069824219,55.79225454418585,54.130131624889835,55.454495803310685,11809800
2022-09-06,54.37900161743164,55.081183063148295,54.210123951894204,54.476774146663224,12181800
2022-09-07,55.38338088989258,55.543371665725246,54.503431622812926,54.503431622812926,13290700
2022-09-08,55.21450424194336,55.37449503049081,54.52121308533175,55.178953370542516,17193500
2022-09-09,55.39228057861328,55.890030150911834,54.98341667492602,55.25895377101712,11855900
2022-09-12,55.55226516723633,55.827805623096644,55.34783323829784,55.490046901500314,13026900
2022-09-13,53.7479248046875,55.303388117229986,53.57904376074411,55.28561098678116,18532800
2022-09-14,54.0323600769043,54.290123420454485,53.72126533414466,53.89903327420139,12881600
2022-09-15,53.29819107055664,54.07711889803989,53.14598890230726,54.07711889803989,11451900
2022-09-16,53.307151794433594,53.53993261034141,52.922165378793814,53.41458883136322,20493500
2022-09-19,53.71003723144531,53.80851917551321,53.02959479285861,53.17284529329349,12596200
2022-09-20,53.62946319580078,53.745851889292254,53.11017795273437,53.432492460105024,11984600
2022-09-21,53.18179702758789,54.34570769737554,53.172841950732895,53.84432926969051,14165300
2022-09-22,53.056453704833984,53.47725354813046,53.002736901254934,53.31609630667059,11657600
2022-09-23,52.465553283691406,52.913211599816286,51.92836467048631,52.78786781775923,14824000
2022-09-26,51.81196975708008,52.43869204891978,51.65081249873953,52.36706849819161,18670100
2022-09-27,50.477943420410156,52.259621279066735,50.41527154088121,51.99998209903022,23829300
2022-09-28,51.015132904052734,51.25686876483944,50.057144538358,50.728631902089525,21480100
2022-09-29,50.6480598449707,51.29268889060177,50.13772965563338,51.113624887330715,14570700
2022-09-30,50.15562438964844,51.149426125281195,50.13771765207224,50.91664195215158,16124600
2022-10-03,50.71968078613281,50.898741352766876,50.191443917695004,50.460038183007484,16277600
2022-10-04,50.83606719970703,51.75824547039855,50.54956620746148,50.98827277297817,18861400
2022-10-05,50.352596282958984,50.719675873582844,49.6990122996755,50.585377046253676,14324900
2022-10-06,49.269264221191406,50.22725257027932,49.12601372269306,50.13772228947834,17192800
2022-10-07,48.8036994934082,49.322984687684894,48.57091871293468,49.2334544064323,11479800
2022-10-10,48.696258544921875,49.20658862069256,48.36499243257413,48.88427416960349,10239100
2022-10-11,48.77684783935547,49.439383624500984,48.56197376848142,48.75894109755567,14303900
2022-10-12,49.367759704589844,50.173546058510176,49.278229405426245,49.44833833998187,18377400
2022-10-13,50.021339416503906,50.209358505436334,48.57987908840619,48.77684984092496,16220700
2022-10-14,49.22450256347656,50.55852570010698,49.188689082477815,50.39736845097414,15997900
2022-10-17,49.86017608642578,50.334696167489966,49.752739059643595,49.80645928071544,13721400
2022-10-18,50.53166580200195,50.83607357133649,50.227258032667415,50.41527710737526,11823100
2022-10-19,50.10190963745117,50.62119483767415,49.89598725592317,50.41527245614615,10182300
2022-10-20,49.31403732299805,50.066099947922744,49.20659687769886,49.93180451434116,16905100
2022-10-21,50.10190963745117,50.23620847622921,49.23345497020025,49.24240663228349,15034100
2022-10-24,51.54337692260742,51.6866274434766,50.6480603133346,50.71073220275475,17416700
2022-10-25,52.77891159057617,52.92216210273526,51.704531041702246,52.85949021712575,28829900
2022-10-26,53.17284393310547,53.5220168055234,52.698327302933535,52.83262272251515,15831400
2022-10-27,53.29819107055664,53.575740419869675,53.16389564245921,53.51306853701858,16026100
2022-10-28,54.39943313598633,54.53373198724969,53.24447735964043,53.33400765024156,12888900
2022-10-31,53.584693908691406,54.22932291468784,53.423536657192294,54.17560269240095,14016400
2022-11-01,53.39668273925781,53.97863990915365,53.1549468417024,53.74585567505057,10659500
2022-11-02,52.65357208251953,53.924920053947474,52.61775859773967,53.39668310721119,14549200
2022-11-03,52.62670135498047,52.82367207257348,52.01788587820326,52.02684095556366,9194000
2022-11-04,53.056453704833984,53.351909785964196,52.42973489400267,53.09226718412759,9725900
2022-11-07,53.26238250732422,53.513070045796624,53.038553372156265,53.05645669745153,8849700
2022-11-08,53.360870361328125,53.53098270870708,52.769961515725626,53.495169223431304,10081600
2022-11-09,52.617759704589844,53.39668423044655,52.59985296182323,53.351919081211015,10115200
2022-11-10,54.506874084472656,54.650124599969025,53.43249351056908,53.94282368548499,16804800
2022-11-11,54.900814056396484,55.01720617158317,53.907012076378834,54.94557920366465,18972100
2022-11-14,54.37257385253906,55.25893874274686,54.354667111636104,54.900810755410824,16361000
2022-11-15,54.283042907714844,55.01720219906054,53.71899252985018,54.73070117879693,13295800
2022-11-16,54.184566497802734,54.64117650702058,53.97864406891138,54.42630241398705,14199500
2022-11-17,54.35466766357422,54.38152948288223,53.83538583356175,53.88910264145449,11212600
2022-11-18,54.739654541015625,54.94557694226347,54.43524677061409,54.60535910473833,10415600
2022-11-21,55.58125686645508,55.69764556685849,54.79337729224411,54.98139296092207,15399400
2022-11-22,55.8229866027832,55.95728545401751,55.554392315676246,55.93042704991531,12319600
2022-11-23,56.073673248291016,56.216923751413404,55.77821716446031,55.948329484979105,8990400
2022-11-25,56.12738800048828,56.234828435423374,55.84984208197581,56.16320147879998,5165500
2022-11-28,56.136348724365234,56.494473297421266,56.011004953027545,56.1273936462059,12267500
2022-11-29,55.93938064575195,56.01995927620451,55.49172234665148,55.97519412936682,10969600
2022-11-30,57.35498809814453,57.41810445760049,55.67788839926644,55.912320100162354,30433900
2022-12-01,57.517295837402344,57.80582878693869,57.192695409277945,57.354995623340145,12001400
2022-12-02,58.02222442626953,58.17550604467651,57.16564420183726,57.35499329736962,13643500
2022-12-05,57.22876739501953,57.526315517844786,57.03941483731145,57.1746661728766,9185100
2022-12-06,57.20170593261719,57.598441285829466,57.01235684472067,57.27384088395898,10099500
2022-12-07,57.291873931884766,57.45417413086559,57.030389895795246,57.21072383239436,12307600
2022-12-08,57.53532409667969,57.571388132248714,57.120555011590284,57.3459715719195,9946200
2022-12-09,56.93120574951172,57.56237280438906,56.886123125502706,57.35498998228062,13914900
2022-12-12,57.679595947265625,57.71566342578853,56.81399366063625,57.075477720551206,11647900
2022-12-13,57.697628021240234,58.337806828832385,57.52630922299313,58.23862298554911,17521600
2022-12-14,57.697628021240234,58.292727641355945,57.31892638684808,57.87796196906584,12826700
2022-12-15,56.90416717529297,57.607465868120954,56.345134969188265,57.33696663546283,12212300
2022-12-16,56.579551696777344,56.93120094981839,56.200853559528056,56.579551696777344,33631500
2022-12-19,56.660709381103516,57.1746588874264,56.32709381936043,56.65169423168728,10919700
2022-12-20,56.61562728881836,56.94022770420665,56.57955981164545,56.64267617690607,10286500
2022-12-21,57.526309967041016,57.75172998442659,56.868093972610545,56.868093972610545,10411300
2022-12-22,57.11154556274414,57.33696214557158,56.48939703239067,57.1836770806652,9666700
2022-12-23,57.544349670410156,57.58943230272642,56.98531746260287,57.25581669608483,6463300
2022-12-27,57.895992279052734,57.96812723403006,57.44515912919638,57.643526815800044,7320700
2022-12-28,57.31892776489258,58.29272904281229,57.246796247778555,58.12141024044639,7159400
2022-12-29,57.66156005859375,57.841894004902024,57.4361434856044,57.52630873896656,7169300
2022-12-30,57.35498809814453,57.63450242156846,56.95825276489721,57.63450242156846,7650200
2023-01-03,56.7598991394043,57.30991617989516,56.06561561612765,57.30991617989516,12180500
2023-01-04,56.73284149169922,57.102527973746,56.36315844923638,56.94022776587608,13387900
2023-01-05,56.083648681640625,56.62464712568208,55.97544968074918,56.44431316447352,9814700
2023-01-06,57.1656494140625,57.4090963078959,56.426283263498206,56.72383137795249,9990000
2023-01-09,56.45332717895508,57.45417731494208,56.42627829082049,57.07547568313816,9442600
2023-01-10,56.02052688598633,56.56152527763614,55.831174353283394,56.44430769826459,10134600
2023-01-11,55.91232681274414,56.40824603884111,55.37132839829076,56.24594582658829,10823000
2023-01-12,55.19099807739258,56.065615563222195,54.97460007321024,56.00249919203699,13907300
2023-01-13,55.389366149902344,55.416415040709275,54.63196625104959,54.73115010345407,13986400
2023-01-17,55.61477279663086,56.245939839363174,55.50657381317448,55.659855419772384,18327800
2023-01-18,53.928653717041016,55.53361836478175,53.81143615435487,55.46148342171846,19679400
2023-01-19,53.847511291503906,54.677042617321625,53.83849270254543,53.8565264408785,14894500
2023-01-20,54.172119140625,54.18113429123745,53.55898571144785,53.84751868522717,14237700
2023-01-23,54.30735778808594,54.613924450462314,54.145057588028806,54.35244041263874,12613400
2023-01-24,54.59589385986328,55.768059363723765,53.91964413383793,54.172113037137834,10103300
2023-01-25,54.93852615356445,54.94754130285531,54.00079240645701,54.28031018864784,11265800
2023-01-26,54.830322265625,55.09180284670576,54.613920866555056,54.830322265625,11884800
2023-01-27,54.54179382324219,54.965574628408795,54.43359139506091,54.85737563981135,14087000
2023-01-30,54.67704772949219,55.154929801455644,54.5147475089038,54.58688246898051,15632000
2023-01-31,55.29018020629883,55.30821394601613,54.55982922587653,54.98361351027289,14344400
2023-02-01,55.299198150634766,55.52461473509439,54.659012436685515,55.127879345111616,12535400
2023-02-02,54.352447509765625,55.01968213485687,54.018831917012115,54.82131443342192,16947200
2023-02-03,53.94669723510742,54.478677058539205,53.40569538278164,54.415560691705466,15404400
2023-02-06,54.25326156616211,54.40654663124438,53.847514468274404,53.91063083637178,11330900
2023-02-07,54.1630973815918,54.31638244971025,53.68521531665057,53.802429465676504,14922700
2023-02-08,53.847511291503906,54.027841795666795,53.73029371213092,54.027841795666795,11012000
2023-02-09,53.757347106933594,54.38851424317334,53.73931336708855,54.235232613866756,12515300
2023-02-10,53.757347106933594,54.00981602518,53.09011593058794,53.8475158061588,14420700
2023-02-13,54.6409797668457,54.7852462461407,53.856531000653185,54.00981606967022,16191800
2023-02-14,53.73029327392578,54.91147732822915,53.70324438643873,54.28932539935602,20505700
2023-02-15,53.73029327392578,54.036859943919886,53.40569286574569,54.00981105643283,13171400
2023-02-16,53.39668273925781,53.937681177391624,53.153232410222344,53.405697889406895,16538300
2023-02-17,54.20817184448242,54.307355678395844,53.54094077201987,53.64913975466014,16814700
2023-02-21,53.91964340209961,54.30736018159253,53.84751188755279,54.09096219836815,14278300
2023-02-22,54.081939697265625,54.42457382543418,53.87455687851677,53.964722125074125,12409600
2023-02-23,54.18112564086914,54.47867371775543,53.92866018901607,54.10899068914894,12222800
2023-02-24,53.955711364746094,54.018827730386555,53.54996084306889,53.8114448947702,9736200
2023-02-27,53.93767547607422,54.370474868750364,53.86554396375344,54.26227588047728,8849800
2023-02-28,53.65816116333008,53.82947996537941,53.32454558817808,53.82947996537941,16082200
2023-03-01,53.07208251953125,53.36061547967106,52.63026448955105,53.31553284957125,13275800
2023-03-02,53.847511291503906,53.90160906691922,53.0179765261023,53.054044002768435,11758300
2023-03-03,53.59504318237305,53.811444605967466,53.3876603478697,53.69422702487116,13101800
2023-03-06,54.42457962036133,54.4426133595097,53.39668056599246,53.43274460470516,16282700
2023-03-07,54.10898971557617,54.61392404978093,53.874558005871236,54.54179253894239,13961200
2023-03-08,54.13604736328125,54.39753142488997,53.85652956229426,54.13604736328125,10851600
2023-03-09,53.61307907104492,54.586880356896756,53.450778856736285,54.586880356896756,13900900
2023-03-10,53.38766098022461,54.22621091726135,53.189296732462786,53.829478982153724,13745800
2023-03-13,53.928653717041016,54.884417635545766,53.42371943434821,53.45978690587985,21956000
2023-03-14,54.12702560424805,54.51474237921674,53.51389225962703,54.09997671655661,19496900
2023-03-15,54.48769760131836,54.53278023073245,53.41471588709272,53.58603125469993,21089900
2023-03-16,54.78752517700195,54.82386930957718,54.24237705224263,54.596723679932914,15658300
2023-03-17,54.53312683105469,54.832957279951124,54.18786448041464,54.79661661091071,27351200
2023-03-20,55.06010055541992,55.06010055541992,54.48769605053128,54.66032548543887,12904100
2023-03-21,54.805694580078125,55.19638532135852,54.40591953907899,55.03284019868454,13716500
2023-03-22,54.56037902832031,55.3054164091885,54.542206962205576,54.878384986377405,10494200
2023-03-23,54.44226837158203,54.869303307737155,54.26055462220909,54.59672921771015,15479000
2023-03-24,55.332679748535156,55.441708686167026,54.433181481661755,54.742099693258254,12975600
2023-03-27,55.74153518676758,55.85965188265828,55.37810426505593,55.55073369292142,12777400
2023-03-28,55.80514144897461,56.09589106873028,55.66885613899318,55.777885080171835,10925700
2023-03-29,56.20490646362305,56.28667901629043,55.9595888056209,56.07770548524417,9441000
2023-03-30,56.195831298828125,56.413892643489255,56.0232018560317,56.22309113314044,9870700
2023-03-31,56.359371185302734,56.55926044377174,56.213998124407226,56.386631017073064,14440900
2023-04-03,56.695552825927734,56.80458176207137,56.2049174143303,56.60469249083522,12300700
2023-04-04,56.52291488647461,57.00446595464395,56.40480166032841,56.68646000910313,11433400
2023-04-05,57.058982849121094,57.25887211713684,56.786408780169744,56.813665147274676,12789600
2023-04-06,57.09531784057617,57.277035012769964,56.67737077070719,57.113489904392225,9644200
2023-04-10,56.95903015136719,56.95903015136719,56.350281599089215,56.7773164417699,7952600
2023-04-11,56.85910415649414,56.97721740602879,56.695559001480866,56.92270466500288,9913000
2023-04-12,56.95903015136719,57.267948310036154,56.613771330358865,56.768228676709924,9593700
2023-04-13,57.37697982788086,57.38606412683671,56.768227818835435,57.02262978120062,9871400
2023-04-14,57.286128997802734,57.376989332245955,57.04081129375709,57.286128997802734,8946000
2023-04-17,57.65864562988281,57.722246128721416,57.36789950205857,57.53144463220561,9452400
2023-04-18,57.74951171875,57.7858523888758,57.4133336588375,57.704079815649465,9035700
2023-04-19,57.8585319519043,57.99482070875585,57.63138633446307,57.903960382199124,9769500
2023-04-20,58.11293411254883,58.14927824328298,57.64047081090611,57.81310369890978,10706400
2023-04-21,58.19471740722656,58.39459975332511,57.96756829475456,58.14928550515166,12931100
2023-04-24,58.103851318359375,59.048774480161356,57.80401743098435,58.830716622040576,15532300
2023-04-25,58.01298904418945,58.3037351559142,57.8131032586081,58.3037351559142,12818900
2023-04-26,57.740413665771484,57.94030291270896,57.5950406132625,57.749501431159715,13179600
2023-04-27,57.8585319519043,57.93121674718261,57.34064022141568,57.72224319505274,13795800
2023-04-28,58.28557586669922,58.29466363374869,57.67682371518626,57.794940425056105,13687600
2023-05-01,58.42186737060547,58.776214050780865,58.203802542854824,58.2855785862452,9091500
2023-05-02,58.15837097167969,58.27648420769382,57.48601835959349,58.27648420769382,10948400
2023-05-03,57.831275939941406,58.31282354274685,57.76767544394699,58.16744701936866,11084600
2023-05-04,57.89488220214844,58.08568370913512,57.704077229194326,57.91305426938061,11938300
2023-05-05,58.167442321777344,58.3400751963636,57.813099205544496,57.822183504538444,9039000
2023-05-08,58.07658767700195,58.20378866355634,57.794929339907796,57.97664652039989,7240700
2023-05-09,57.59504318237305,57.92213343160035,57.49509855444613,57.82218880367344,9067700
2023-05-10,57.69499206542969,57.82219306818451,57.23161648882747,57.53144692875423,10134000
2023-05-11,58.022071838378906,58.08567232824638,57.24977472918328,57.76766987890902,9581500
2023-05-12,58.249229431152344,58.32191770080843,57.876710714083586,58.022083787428286,8740800
2023-05-15,58.094764709472656,58.376426536619334,57.88579114712534,58.34917017030319,8150000
2023-05-16,57.44059371948242,58.05843017162623,57.38607751512823,58.05843017162623,9129600
2023-05-17,57.37697982788086,57.622294025323406,56.99537341836629,57.60412542741172,11583000
2023-05-18,57.058982849121094,57.27704418386257,56.85000928072615,57.24978435079031,13595100
2023-05-19,57.08624267578125,57.331556911632774,56.88635340778796,57.277044177429026,14251400
2023-05-22,55.88690948486328,57.12258227114376,55.82330898550772,57.04989747158052,15055400
2023-05-23,55.78696823120117,56.03228246206366,55.577991201112404,55.886909397197954,13932700
2023-05-24,55.31450653076172,55.814226239312006,55.16913346162041,55.76879780507423,11090100
2023-05-25,54.88747024536133,55.178216376342185,54.651240313677114,54.94198644465797,14463600
2023-05-26,54.75117874145508,55.09644105446258,54.61489344898137,54.92381163094238,12570300
2023-05-30,54.315059661865234,54.69666610658716,54.078829741583746,54.596721479017916,15634200
2023-05-31,54.206024169921875,54.76934427003966,53.94253445023398,54.442254061594916,59432200
2023-06-01,54.51494598388672,54.669403333843604,54.30597244019785,54.460429790154734,13402700
2023-06-02,55.568904876708984,55.71427793627919,54.587637591101895,54.760267016226784,15259800
2023-06-05,55.19639205932617,55.823312795461575,55.01467484906493,55.42353770566085,12915600
2023-06-06,54.79661560058594,55.41445202045875,54.62398269546513,55.37810788612095,10943500
2023-06-07,54.71484375,54.84204475588567,54.35140933378312,54.52403877520403,16817900
2023-06-08,54.85112380981445,54.88746794115313,54.49677719418017,54.633065953716645,15585900
2023-06-09,54.94198226928711,55.123695987865176,54.66940475948599,54.76026508474204,12581500
2023-06-12,54.705753326416016,55.105531858032016,54.533123893379205,55.05101565845694,14208900
2023-06-13,54.92380905151367,55.123694830947805,54.55129039069972,54.70574774144278,13397800
2023-06-14,55.29633712768555,55.49622640712195,55.06010371272116,55.17822042020335,14099700
2023-06-15,56.05620193481445,56.120286812452505,55.24140549710453,55.48859152186438,15271400
2023-06-16,56.459022521972656,56.91677365054658,56.285078350365595,56.39493764336142,26738000
2023-06-20,56.08366775512695,56.724520045245804,56.06536078293169,56.385785181809105,13971800
2023-06-21,56.23929977416992,56.504796247262924,55.82732309046763,56.129440489303875,13948700
2023-06-22,56.62380599975586,56.85268153490825,56.385776979837324,56.58718856832775,15193400
2023-06-23,56.02873992919922,56.733677100042044,56.0104294646153,56.70620965698415,25112100
2023-06-26,56.04704666137695,56.11113153697098,55.28717814738518,56.03788968351278,12856100
2023-06-27,55.92803192138672,56.175217945005606,55.827326116316364,56.04704819032112,9068500
2023-06-28,55.40618896484375,55.882250488418364,55.296329687822976,55.735770288269514,11173200
2023-06-29,54.948448181152344,55.25056212256191,54.719572607334996,55.131549338679044,17142300
2023-06-30,55.13154602050781,55.250558797227725,54.81111814103048,54.930134410114285,19739200
2023-07-03,55.461124420166016,55.50689883125404,54.957595421106554,55.11323260964231,9694500
2023-07-05,55.87310028076172,55.93718515781833,55.0766143142268,55.18647360455758,14716600
2023-07-06,55.442813873291016,55.863944042445034,55.38788248465035,55.59844756922736,12603900
2023-07-07,54.710411071777344,55.38788425048952,54.682947122763274,55.21394008612739,14574000
2023-07-10,54.29843521118164,55.06745717723433,54.14279802553244,54.90266650648278,15480600
2023-07-11,54.490692138671875,54.52731306536042,53.868150354421886,54.43576074863907,15967700
2023-07-12,54.783653259277344,54.975907888274335,54.42660795046469,54.70125791936952,14241300
2023-07-13,55.250553131103516,55.35125892597257,54.9118183148414,55.03998805654255,11269800
2023-07-14,55.75408935546875,55.88225911383654,55.0125312633014,55.05830567809504,11634200
2023-07-17,55.67168426513672,55.93717722140408,55.37872387091086,55.625906365993686,10014300
2023-07-18,55.45197296142578,56.07451479280028,55.30549273594732,55.80901829275679,11152900
2023-07-19,56.43155288696289,56.56887960864651,55.552671646805834,55.63506698134328,12936000
2023-07-20,57.11818313598633,57.13649359953056,56.459020417849196,56.468177395803224,11563000
2023-07-21,57.1639518737793,57.383673922133625,56.98085424124141,57.18226233550578,12815100
2023-07-24,57.18226623535156,57.502694098873086,57.12733833878949,57.14564530940103,10251100
2023-07-25,56.990013122558594,57.118182874417464,56.806911980318574,57.035787535027644,13422700
2023-07-26,57.72241973876953,57.8322790377112,56.20268604934717,56.63297325105126,17145500
2023-07-27,57.1639518737793,57.92382031979274,57.10902398096332,57.72240873316489,11517100
2023-07-28,57.20056915283203,57.46606559240535,56.962540150280155,57.30127493972972,9721800
2023-07-31,56.697052001953125,57.173113569038286,56.51395086194133,57.173113569038286,15577900
2023-08-01,56.55057144165039,57.09071788057295,56.41324471439268,56.84353186692733,9281600
2023-08-02,56.724517822265625,57.30128521000602,56.35831902252299,56.35831902252299,11059400
2023-08-03,56.43155288696289,56.87099350704142,56.330847090043385,56.64211796581113,8037400
2023-08-04,55.58013916015625,56.6604320634627,55.49774382033241,56.468177434661676,9359300
2023-08-07,56.01957702636719,56.147750264899656,55.60760384007135,55.653378250508254,6982600
2023-08-08,55.77239227294922,56.16605849781094,55.49774231178991,56.019578285701726,7956100
2023-08-09,55.90056610107422,56.42240208046302,55.61675915922475,55.76323937287136,7904100
2023-08-10,55.77239227294922,56.51395031120673,55.65337950161055,56.16605849781094,7870300
2023-08-11,56.00127029418945,56.02873773617224,55.561829638467636,55.6991563712899,8483900
2023-08-14,55.73577880859375,56.285078770032506,55.61676253641523,56.13859854749124,7176300
2023-08-15,55.360416412353516,55.75408261826423,55.268864101465226,55.56182451158061,7187400
2023-08-16,55.369571685791016,55.68084256813863,55.29633332707823,55.42450307409837,8372300
2023-08-17,55.48859405517578,55.863949852348455,55.342113829263624,55.461130104181024,12873500
2023-08-18,55.799861907958984,55.92803166204915,55.2688689354553,55.42450613139613,11083800
2023-08-21,55.32379150390625,55.781542548292464,55.223085715363155,55.71745768146746,8648500
2023-08-22,54.98506546020508,55.46112704121908,54.911823605111906,55.241404968303435,9411500
2023-08-23,55.17731475830078,55.332948446785714,55.07660896346299,55.113229887470105,7749500
2023-08-24,55.03084182739258,55.735778992056574,55.01253136296915,55.177322050416,8955100
2023-08-25,55.28717803955078,55.45196871714653,54.93928622103045,55.30548850287962,7629200
2023-08-28,55.442813873291016,55.59844756922736,55.26886622211075,55.43365689566905,6254300
2023-08-29,55.38788604736328,55.50690231755836,55.06746165725799,55.4428174395373,8189600
2023-08-30,55.360416412353516,55.607602413206536,55.195625745118164,55.51605010231825,9447900
2023-08-31,54.774497985839844,55.360418831676114,54.756187522862,55.204781642546266,14663500
2023-09-01,54.29843521118164,55.04914671466598,54.124487562964084,54.93013045415349,11262300
2023-09-05,53.84983825683594,54.307589349459406,53.71251153210343,54.24350447588122,12474600
2023-09-06,53.81321334838867,53.858991248153814,53.48363202731484,53.66673314928513,13923500
2023-09-07,53.4012451171875,54.16111012879264,53.37377767632108,53.96885550454645,17628600
2023-09-08,53.4012451171875,53.47448347731588,53.10828119958277,53.37377767632108,14312300
2023-09-11,53.9047737121582,54.005479518911514,53.309695849905346,53.46533304916881,14767400
2023-09-12,53.373779296875,54.01463155618385,53.27307349282254,54.00547807052629,12292700
2023-09-13,53.50194549560547,53.721667552791075,53.41039667565691,53.46532806304422,12641400
2023-09-14,53.94487380981445,54.06483431827228,53.695726686127244,53.74186778019882,12311600
2023-09-15,53.46503448486328,54.11097107128108,53.28971029829366,53.89873541804274,55727500
2023-09-18,53.79723358154297,53.84337115736193,53.17898232141183,53.50194887221595,13617400
2023-09-19,53.686500549316406,53.88028047205206,53.446579532535,53.76031996366135,11998900
2023-09-20,53.92641830444336,54.28629983134004,53.59422565819233,53.79723168866719,14766600
2023-09-21,53.09592819213867,53.90795930498753,52.98519379669205,53.861821733586964,15941800
2023-09-22,53.15129852294922,53.492724338207324,53.05902336859765,53.38198992889964,14644100
2023-09-25,52.59764099121094,53.04979769944054,52.35772347587198,52.96674865180945,12358800
2023-09-26,52.16394805908203,52.50537392979143,52.04399104295696,52.348501917830234,11194700
2023-09-27,51.62873077392578,52.163932937064324,51.3795836648528,52.06242816817485,13766300
2023-09-28,51.499549865722656,51.97015877711759,51.39804508559966,51.887109731568906,12484800
2023-09-29,51.65642166137695,51.924024549857926,51.32422545775529,51.80406402742307,12271600
2023-10-02,51.19503402709961,51.68409865875608,50.82592990662974,51.59182350865645,11792500
2023-10-03,50.6413688659668,51.148889159295756,50.54909020895282,50.89974206546427,13604200
2023-10-04,50.78901672363281,51.01047848442265,50.484502402457764,50.650600483085746,12100500
2023-10-05,48.3344612121582,50.70596842925818,48.20527459645179,50.51218850569855,29878100
2023-10-06,49.035762786865234,49.17417903310439,47.568565361029975,48.02072204801602,30298900
2023-10-09,48.795841217041016,49.04498832746928,48.08531135102064,48.869660627498796,15704700
2023-10-10,49.85702133178711,50.13385381168755,49.42332391874742,49.949299998444324,20909700
2023-10-11,49.56174087524414,50.087716999902334,48.92503386120304,50.03235331524664,21138900
2023-10-12,48.73125076293945,49.67247206180376,48.38059886256147,49.60787523377749,19330400
2023-10-13,48.80506896972656,49.29413358072971,48.574377584148294,48.666656250422314,14494600
2023-10-16,49.303367614746094,49.4233281315903,48.75893575531039,48.92503384938037,12816800
2023-10-17,49.8939323425293,49.92161418223791,49.10035341688484,49.19263208269883,16457200
2023-10-18,49.875484466552734,50.31841157202336,49.75552394213203,49.92162204669248,12809500
2023-10-19,50.152313232421875,50.53064701990943,49.700160021071035,49.97698902068383,16202200
2023-10-20,50.35531997680664,50.770565212913404,50.235359459693235,50.318408506914594,15686400
2023-10-23,49.90317153930664,50.65060951534813,49.87548617421751,50.18000054969504,21212700
2023-10-24,51.34267807006836,51.831742717830224,51.02893762129794,51.35190769742507,25290800
2023-10-25,51.78560256958008,51.87788123820731,51.268856105552715,51.45340640266461,16701000
2023-10-26,51.471866607666016,52.25621951881215,51.4165029217516,52.01629847961109,16228400
2023-10-27,50.973567962646484,51.804054803761595,50.8443778352956,51.25962301588868,13626500
2023-10-30,51.81329345703125,51.93325045893531,51.13967142444794,51.148901052330814,15014300
2023-10-31,52.12703323364258,52.33926891120755,51.813292771139665,52.200852655370056,16639400
2023-11-01,52.08088684082031,52.486905939299156,51.914788758728285,52.41308300500437,14110800
2023-11-02,52.68068313598633,52.73605033384269,52.00706473572041,52.13625134398085,13087200
2023-11-03,52.35772705078125,53.14207648301792,52.32081557818683,52.96675226830208,13958700
2023-11-06,52.56995391845703,52.85600898289304,52.357718266753444,52.39462621308407,12673200
2023-11-07,52.763736724853516,52.96674628110347,52.348491505283775,52.523815700181494,10449300
2023-11-08,52.68068313598633,53.031335015601144,52.52381116876217,52.89291878099577,13744000
2023-11-09,52.283897399902344,52.726824454012295,52.01629453802197,52.62531967743205,12021100
2023-11-10,52.33926773071289,52.53304766845745,51.730242554893195,52.47768046335692,11678900
2023-11-13,52.53304672241211,52.68991518726467,52.228532379950366,52.246988114651515,12798200
2023-11-14,52.68991470336914,52.81910484509071,52.42231535283875,52.61609528531396,12697100
2023-11-15,52.79142379760742,52.91138432183116,52.366952428904,52.874472849751285,10201900
2023-11-16,52.73604965209961,53.086698007110364,52.42230924177824,52.82832479392959,16010400
2023-11-17,52.837554931640625,52.91137786679419,52.320808465850824,52.7729616234169,14475800
2023-11-20,52.96675491333008,53.132853028227714,52.56073573465942,52.64378479210824,13051000
2023-11-21,53.54808807373047,53.55731770121731,52.902154952512,53.022111949268854,13891600
2023-11-22,53.90796661376953,54.0187010242294,53.640367255337026,53.760324253227914,11320600
2023-11-24,54.04637908935547,54.21247717336467,53.834143430915105,53.94487431356414,4816000
2023-11-27,53.94487380981445,54.157109466272914,53.769549620584755,54.01869674427196,16246500
2023-11-28,54.05561447143555,54.28630588822371,53.852604898239036,53.88951636974234,13739600
2023-11-29,53.73263931274414,54.13865490080727,53.61267880169793,54.055609377857586,11263600
2023-11-30,54.35581588745117,54.374418577824436,53.57452063227588,53.909361962793916,22727500
2023-12-01,54.541847229003906,54.58835218769605,54.16980401136582,54.19770627696092,15371200
2023-12-04,54.47673034667969,54.839473930356455,54.35581463608733,54.49533303662469,14942200
2023-12-05,54.56044006347656,54.718561152179774,54.33721133474858,54.45812704398042,11891500
2023-12-06,54.504634857177734,54.62555057276079,54.14189125852905,54.46743302385257,14868500
2023-12-07,54.634849548339844,54.77436439595362,54.30930780770731,54.56973836173319,11587900
2023-12-08,54.513938903808594,54.64415419291264,54.29071015955842,54.63485462144829,11178700
2023-12-11,54.913883209228516,54.96038815878673,54.411621238559306,54.7185602922239,14524800
2023-12-12,55.2673225402832,55.2673225402832,54.78366681699448,55.06270005676879,12899000
2023-12-13,55.74168395996094,55.82539428928442,55.11850627541943,55.2952300529358,16196800
2023-12-14,54.913883209228516,55.843996392793635,54.66275222389391,55.778888753792096,22478300
2023-12-15,54.504634857177734,55.03479912414127,53.76054496916755,54.71856402632485,65177400
2023-12-18,54.89527893066406,55.332433249676896,54.523232248768025,54.69065290081123,16717700
2023-12-19,54.718563079833984,55.0627039818171,54.54183929516936,54.876680626007165,14612200
2023-12-20,53.58382797241211,54.56974580315517,53.546622588734834,54.411628244677765,17701000
2023-12-21,53.9372673034668,54.01167451621257,53.453608002268,53.80704847198606,11725100
2023-12-22,54.244205474853516,54.374420764602874,53.96517220423339,54.05818211173992,9029400
2023-12-26,54.46743392944336,54.60694878995837,54.00237729819227,54.00237729819227,6422500
2023-12-27,54.60695266723633,54.662760744265206,54.31861980617238,54.541845018086356,8560100
2023-12-28,54.6441535949707,54.75576619182421,54.43952754398887,54.55114368894286,8400100
2023-12-29,54.81156921386719,54.85807416259606,54.53253597339379,54.63484898945741,9244300
2024-01-02,55.639373779296875,55.695181851059516,54.56974213316575,54.69065784793459,16322600
2024-01-03,55.76959228515625,55.99282103699445,55.58356891664119,55.74169002171421,14830600
2024-01-04,55.583560943603516,56.04861752413203,55.49055104673787,55.85329461185409,12912900
2024-01-05,55.499855041503906,55.76028916006917,54.9603912100981,55.62077075554848,10412800
2024-01-08,55.90910720825195,55.97421485095256,55.26732680434535,55.50915823274797,11554600
2024-01-09,55.806793212890625,55.937008496024646,55.453349195740884,55.79749364185263,10493700
2024-01-10,55.99281311035156,56.188136022996126,55.78818707914289,56.011415799379634,12258000
2024-01-11,55.63008117675781,56.04862934905706,55.51846501925053,56.03932977664856,13754200
2024-01-12,56.169532775878906,56.2346404127802,55.68587351025495,55.88119996905893,13218000
2024-01-16,55.797489166259766,56.20673767301179,55.66727034547042,56.1695322956434,11826900
2024-01-17,55.797489166259766,56.00211164558574,55.639368086494166,55.67657346386255,8982100
2024-01-18,55.95560836791992,56.0207160062077,55.36963607522977,55.518454041044706,10397700
2024-01-19,55.64867401123047,56.06722210938179,55.471950233868554,56.04861941975947,14392600
2024-01-22,55.40684127807617,55.871897863286215,55.285925572453515,55.583561503139926,14314300
2024-01-23,55.66727828979492,55.806796700787125,55.3045346789359,55.369642324572105,14481600
2024-01-24,54.79296875,55.63007205351667,54.774366060132934,55.62076893453299,16370500
2024-01-25,55.02549362182617,55.03479319212998,54.5604370484341,54.88597523056852,14899700
2024-01-26,55.22081756591797,55.332433700255756,54.99759239344269,55.10920497968033,13025100
2024-01-29,55.555667877197266,55.611475953411535,55.03480314349958,55.192924252056315,14547100
2024-01-30,55.71377944946289,55.82539203468646,55.29522781974938,55.66727095319464,22061500
2024-01-31,55.33243179321289,56.22533954854008,55.14640845716139,55.89979782342494,22837000
2024-02-01,56.71830368041992,56.7462059416035,55.211521258800595,55.40684418328637,15870900
2024-02-02,56.309051513671875,56.61598701121848,56.020715156982526,56.569482062875075,17544900
2024-02-05,55.84400177001953,56.16024042480634,55.69518378824342,56.16024042480634,12759600
2024-02-06,55.7509880065918,55.85330103376786,55.50916011807609,55.76959069772386,12775200
2024-02-07,55.797489166259766,56.00211164558574,55.750980670499246,55.871896372896465,10259900
2024-02-08,55.64867401123047,55.77888929048646,55.258024625362246,55.704478531997175,12874800
2024-02-09,55.39754104614258,55.416143735100896,54.904578658997316,55.31383071988018,15235300
2024-02-12,55.52775955200195,55.58356407402415,54.839474212892036,55.49055417192026,13516800
2024-02-13,55.20221710205078,56.420666673602625,54.68135597987923,55.3417355015469,24195700
2024-02-14,55.14640808105469,55.42544130917888,54.9138797996012,55.03479195132501,15872500
2024-02-15,55.24872589111328,55.425446123050634,54.99759489956,55.26732503291696,13695800
2024-02-16,55.23942947387695,55.45335511157619,54.839480462669464,55.20222408955515,13947100
2024-02-20,56.4578742980957,56.58808958381622,55.35103727327047,55.43474760667658,18339300
2024-02-21,56.96013259887695,56.997334429451904,56.57878633770719,56.72760430430758,14373000
2024-02-22,56.87642288208008,56.9694327816672,56.271847890463114,56.727604913880555,12982800
2024-02-23,56.92293167114258,57.31357753347656,56.73690831132143,56.82061864583592,13612900
2024-02-26,56.4671745300293,56.98803922710631,56.42066957717074,56.96013696501127,10336100
2024-02-27,56.1230354309082,56.53228399660083,55.9184093740116,56.30905879644143,9931100
2024-02-28,56.17884063720703,56.262550970018744,55.86260199637393,56.15093482753619,8076500
2024-02-29,55.82539749145508,56.402066710928025,55.71378489532171,56.13233301784696,18152700
2024-03-01,55.36963653564453,55.71378096728464,55.19291630855112,55.71378096728464,10927600
2024-03-04,55.63008117675781,55.7602964790821,55.08131415403341,55.0906137264419,10150200
2024-03-05,55.3603401184082,55.90910706844135,55.26732666613963,55.723083712004616,12310000
2024-03-06,55.388240814208984,55.80679246733405,55.23012327197302,55.36033855336741,12378800
2024-03-07,55.285926818847656,55.592865875094155,55.09990701905005,55.518455116694916,13686900
2024-03-08,55.3603401184082,55.611471117382735,54.848778549282486,55.15571407151776,13239000
2024-03-11,56.030025482177734,56.07653043650268,55.41615086002691,55.6021706773267,14114300
2024-03-12,56.2718505859375,56.504378894143855,56.002116896874035,56.1044299201809,12684600
2024-03-13,56.84851837158203,56.93222870236165,56.55088242838791,56.6252931882366,13909500
2024-03-14,56.721954345703125,57.00321951972451,56.62820047985623,56.796960299565214,13996600
2024-03-15,56.14067459106445,56.675079514466695,55.91566029761468,56.27193143870979,36849900
2024-03-18,56.375064849853516,56.62820459782516,56.065670632394514,56.15005054838506,15856700
2024-03-19,56.46881866455078,56.581324026929025,56.30943636588835,56.478196197696214,15030600
2024-03-20,56.95634078979492,57.012595253416634,56.403184415196954,56.42193590307085,15258800
2024-03-21,56.693824768066406,57.181352703185325,56.553190403068086,56.77820467176931,13067100
2024-03-22,56.712581634521484,56.9938468147165,56.65632716789016,56.740707079596746,11502800
2024-03-25,56.628196716308594,56.91883582700631,56.36567947171907,56.70319908870525,13144700
2024-03-26,56.75944900512695,56.91883126900699,56.60944069586565,56.72194603369158,13277400
2024-03-27,57.218849182128906,57.59387175200729,56.90945860198748,56.9938385013861,12551200
2024-03-28,57.3594856262207,57.43448799703618,57.19072582128536,57.32198265257276,13683500
2024-04-01,56.890716552734375,57.47199841363519,56.84383961784383,57.35949305460168,11668700
2024-04-02,56.3938102722168,56.937589112831624,56.35630729659354,56.67507543643003,13017300
2024-04-03,56.09379196166992,56.61881929894966,56.046911455286654,56.300051168538175,13672900
2024-04-04,55.59688949584961,56.393811653196266,55.475006610329636,56.33755718838381,14320700
2024-04-05,55.79377365112305,55.95315951002272,55.231243320080864,55.5500114613996,10157800
2024-04-08,55.568756103515625,55.75626738292281,55.38124482410844,55.69063897160232,10284500
2024-04-09,55.990657806396484,56.009409292728144,55.43750147729349,55.765643546896825,10779100
2024-04-10,55.24061965942383,55.6812707028587,55.02498290400358,55.61564228062126,11861900
2024-04-11,55.36249923706055,55.66251588548493,55.11873705139594,55.45625667499352,11109000
2024-04-12,54.640586853027344,55.32500010329672,54.49995605108424,55.26874921311181,12250900
2024-04-15,54.50932312011719,55.137485400834294,54.41556926400077,54.94997411212111,12425000
2024-04-16,54.434322357177734,54.73433899738183,54.31243947944468,54.61245611964877,11236800
2024-04-17,54.85622024536133,54.90310075294728,54.471823687928406,54.64058350109219,13805100
2024-04-18,55.23124313354492,55.29687155272884,54.884349549789846,54.95935192465121,11125900
2024-04-19,56.412559509277344,56.590696859433855,55.315624270122925,55.40937813490374,21207900
2024-04-22,56.768829345703125,56.84383529701134,55.99066227152375,56.38443278645005,15624500
2024-04-23,56.853206634521484,56.89070960844853,56.37505623463319,56.75007524446233,13689100
2024-04-24,57.706382751464844,57.80014019136908,56.10316808214901,56.55319306424746,19548300
2024-04-25,57.88451385498047,58.6814323375586,57.537616729475886,58.00639314898778,19048500
2024-04-26,57.88451385498047,58.0626476068621,57.51886524351778,57.70637652661859,10994300
2024-04-29,58.16579055786133,58.1751645144643,57.68763651204765,58.0532816197399,13409300
2024-04-30,57.91264724731445,58.906454680666286,57.63138207228454,58.25954084396866,19349200
2024-05-01,58.062652587890625,58.66268588410415,57.38761334141013,57.94076970694708,16729800
2024-05-02,58.11890411376953,58.50330064826232,57.86576440913081,58.29703787193142,10991300
2024-05-03,58.287662506103516,58.43767440463097,57.79076060991311,58.11890627322115,11628700
2024-05-06,58.45642852783203,58.484557550035554,58.034532536069015,58.40955159280068,9310700
2024-05-07,58.709564208984375,58.89707551262416,58.36267062196319,58.84082104858803,9807000
2024-05-08,58.92519760131836,59.03770652298458,58.5783040340486,58.92519760131836,10484400
2024-05-09,58.95332336425781,59.20646305930643,58.83144049409065,58.88769495181709,9113700
2024-05-10,59.309593200683594,59.403350633916645,58.86894578216958,58.99082508065198,8371700
2024-05-13,59.60961151123047,59.647110906848475,59.23458894320822,59.290843401355644,10137600
2024-05-14,59.15958023071289,59.77836493545814,58.878315106097794,59.609608721873165,10852200
2024-05-15,59.18771743774414,59.431479625750306,59.065834555500764,59.12208901880092,9838900
2024-05-16,59.36585235595703,59.750248921414084,59.13146411905686,59.290849979918924,10228000
2024-05-17,59.093955993652344,59.41272411111998,59.00957609266149,59.38459866961648,11539000
2024-05-20,58.662689208984375,59.07521122939193,58.559557809762296,59.000208851354536,11000900
2024-05-21,58.98145294189453,59.04708135893849,58.54080193333035,58.897073037626505,9796200
2024-05-22,59.065834045410156,59.08458553301494,58.74706590908999,58.793942839861664,7419400
2024-05-23,58.21266174316406,58.95332941846389,58.17515876749507,58.58768434689275,9834300
2024-05-24,58.1282844543457,58.52205498716437,58.10015900956744,58.33454725333497,8203100
2024-05-28,57.95952224731445,58.25016494515748,57.565751730701926,57.93139680369374,12347000
2024-05-29,57.847015380859375,58.01577519112371,57.256356044934215,57.63137864029507,11861800
2024-05-30,58.10015869140625,58.203290090336125,57.7532615174638,57.98764975994779,9433800
2024-05-31,59.00020217895508,59.093956035019275,57.837635050765066,58.11890377191838,19816600
2024-06-03,59.00020217895508,59.15021049454601,58.55017723218227,58.793939403837406,9369000
2024-06-04,59.9471321105957,59.97526113005859,59.00957919539194,59.253344956174026,11895600
2024-06-05,59.92838668823242,60.06902107033826,59.39398175859968,59.99401868930114,9632500
2024-06-06,60.144020080566406,60.340905331587464,59.85337739347782,59.928379765851346,8658500
2024-06-07,59.91900634765625,60.20964903735043,59.82525248722872,60.087762581129695,9523100
2024-06-10,59.61898422241211,59.99400678261169,59.412721456654324,59.9471262802266,15685300
2024-06-11,59.58148956298828,59.67524700435787,59.13146457385634,59.618992539536116,8396000
2024-06-12,58.95332336425781,59.712738872923424,58.77518603636421,59.712738872923424,9569600
2024-06-13,59.05645751953125,59.10333444826269,58.55017810567865,58.93457464364516,9668900
2024-06-14,59.098968505859375,59.23124379955387,58.66434865393992,58.938349536153616,8179200
2024-06-17,59.16511154174805,59.42966575746534,58.74938863738055,58.92890460885547,10532700
2024-06-18,59.174556732177734,59.35407268816501,58.99503717195901,59.080071804633285,10651700
2024-06-20,58.749393463134766,59.278498333798964,58.532083499531275,58.95725673450857,13306300
2024-06-21,59.30683517456055,59.61862644142872,58.7493866872686,58.7493866872686,28278100
2024-06-24,60.44062805175781,60.52565908318926,59.439109409974506,59.514697354666794,13212500
2024-06-25,60.31780242919922,60.535112374598,60.006007548258516,60.41228376050938,10235300
2024-06-26,60.51621627807617,60.572903632627614,59.74145425830103,59.90207683940385,9402500
2024-06-27,60.38393783569336,60.724072778296055,60.109936939162196,60.5162167405313,8494100
2024-06-28,60.138282775878906,60.52565837307145,60.01545416931082,60.37448969392363,17358800
2024-07-01,59.788700103759766,60.75242846544034,59.63752780480107,60.49732093092215,10033400
2024-07-02,59.665870666503906,59.88318060488616,59.39186976862695,59.76979868589674,8878200
2024-07-03,59.8359375,60.15717544467153,59.458004993914734,59.70365859990811,9154200
2024-07-05,60.242210388183594,60.270557669036265,59.52414294800602,59.8359378077648,11735500
2024-07-08,59.48635482788086,60.081597325098265,59.37297650601198,60.081597325098265,11235100
2024-07-09,59.23124313354492,59.741450921399455,59.13676181174878,59.58083195349973,11657500
2024-07-10,59.363529205322266,59.391872884440765,58.853321355798315,59.25959757624533,11930400
2024-07-11,59.618621826171875,59.958760348592655,58.95724537061077,59.184001982737044,11431600
2024-07-12,60.18552780151367,60.57290703101903,59.89262990438258,59.95876755789093,9201500
2024-07-15,59.91151809692383,60.41227557261539,59.85482714328221,60.270553594858235,8207500
2024-07-16,60.72407531738281,60.761869291773955,59.89262950616838,59.930423480559526,9025100
2024-07-17,61.61221694946289,61.78228623345557,60.85635907163384,60.9130464301435,12508200
2024-07-18,61.593318939208984,62.179107489040774,61.14924877500544,61.22483671964927,11128200
2024-07-19,61.687801361083984,62.01848961419335,61.24373118899572,62.01848961419335,13775700
2024-07-22,61.19649124145508,61.68780571658994,60.77132163007557,61.650011740928505,11794200
2024-07-23,61.37601089477539,62.39642661342392,61.27207926370209,61.820081098731535,11810300
2024-07-24,62.179107666015625,62.330283555733565,61.253180571114385,61.498830579211266,13244600
2024-07-25,62.42476272583008,63.199521112709036,62.22634978377774,62.396419049603026,16328600
2024-07-26,63.3506965637207,63.40738391578694,62.36807494661644,62.424762298682666,13530100
2024-07-29,63.142826080322266,63.331788704494805,62.72709965698822,63.19006313213438,12140200
2024-07-30,63.94594192504883,64.08766752817043,62.698769592813235,62.81215151700324,13258000
2024-07-31,63.05779266357422,63.87979527919749,62.93496766933917,63.77586366543606,15576800
2024-08-01,64.21048736572266,64.35221295742424,63.020002487277516,63.3034536706807,16495900
2024-08-02,65.5049057006836,65.82614365631461,63.95538886048672,64.74904066272565,22514800
2024-08-05,64.34276580810547,65.71277031691635,63.99318416774193,65.18366189592649,25484300
2024-08-06,64.29552459716797,65.04193209874468,64.03096679951894,64.39000592066832,12969100
2024-08-07,64.68289947509766,65.3631765303635,64.08766065597146,64.29552389046523,13365300
2024-08-08,64.9380111694336,65.06083617572104,64.10655817775454,64.24828377483286,15240900
2024-08-09,64.8907699584961,64.9947015873531,64.48449373890874,64.9096633417139,12080400
2024-08-12,64.40890502929688,64.75849388664318,64.0876670591383,64.67345564200713,11012300
2024-08-13,64.68289947509766,64.82462506302186,64.25772991978792,64.3238675663575,9877600
2024-08-14,64.79627990722656,65.08917416270764,64.37110315316473,64.46559168193137,14328000
2024-08-15,64.86241912841797,65.11751942028377,64.72069354028682,64.83407545248431,11285100
2024-08-16,65.36318969726562,65.47657163213745,64.85298180303886,65.0419444860276,12651200
2024-08-19,65.17422485351562,65.58994418400113,65.05139262602741,65.52380652630134,9843900
2024-08-20,65.55213928222656,65.56158957702701,64.97579384326737,65.18365707810024,11957400
2024-08-21,65.73168182373047,66.26078318214672,65.50492512847569,65.64665076618445,8792400
2024-08-22,65.5049057006836,66.06235057961857,64.99469788133146,66.06235057961857,12509200
2024-08-23,65.93952941894531,65.996216777135,65.13642727458216,65.571047173785,11834700
2024-08-26,66.93159484863281,67.00718279922728,65.88284267010532,65.97732400411655,12912200
2024-08-27,67.55517578125,67.58351945689509,67.13000622964823,67.38510651891674,16988400
2024-08-28,67.79138946533203,67.8480768222881,67.36621987123452,67.65911416012554,13272600
2024-08-29,68.07483673095703,68.23545570535458,67.3000783273454,67.93311113829792,17201700
2024-08-30,68.4716567993164,68.56613811689805,67.81972345361692,68.21654931253727,18624200
2024-09-03,68.98187255859375,69.2464231618656,68.26380148652494,68.44332105665796,14755800
2024-09-04,68.55669403076172,69.47317803206711,67.94256180663702,69.25587170279739,18140800
2024-09-05,67.24337768554688,68.67006936132148,67.06386534564108,68.61338201276833,23866100
2024-09-06,67.21505737304688,67.71581501521334,66.9788503940276,67.07333174394232,17485700
2024-09-09,67.88587188720703,68.32049178393522,67.06387636428217,67.3000833000125,12939300
2024-09-10,67.60242462158203,68.42442010477255,67.5740737355554,67.9992505243956,10277600
2024-09-11,67.15835571289062,67.43235661525893,66.67649155986614,67.42290631973908,11418200
2024-09-12,67.30007934570312,67.44179773204357,66.76152785221983,67.08276580587578,12337800
2024-09-13,67.93270111083984,67.989777094684,67.04798707184564,67.39045023279252,11073800
2024-09-16,68.58909606933594,68.72227820233822,68.13247368700864,68.27516364530973,10786500
2024-09-17,68.3037109375,68.82692440197533,68.22760478554217,68.39883999850623,12974400
2024-09-18,68.25614166259766,68.8554612692366,67.79951201619512,68.3893237974063,10719700
2024-09-19,67.18116760253906,68.43689002231167,67.16213743645726,68.07538944557535,13635600
2024-09-20,68.1514892578125,68.30370154078794,66.95284293196482,66.98138817843356,48578500
2024-09-23,68.23711395263672,68.68422122638863,67.71389327564412,68.06587875451928,11613000
2024-09-24,67.8565902709961,68.32272770856723,67.16213439806315,67.75194613592564,13330600
2024-09-25,67.97074890136719,68.41786347547823,67.83756676327653,68.21809026834222,12329100
2024-09-26,67.92318725585938,68.12296046080847,67.39045145144634,67.40948161832651,10815200
2024-09-27,68.29419708251953,68.68422841702565,67.980264643458,68.05637079678485,11175700
2024-09-30,68.36078643798828,68.68422669469336,68.19906630963574,68.49396857402944,18015300
2024-10-01,68.21808624267578,69.20744439431002,68.14198009457736,68.5890946423034,13294500
2024-10-02,67.55218505859375,67.95173150528211,66.98140338362711,67.91367842589997,11155500
2024-10-03,67.08602142333984,67.53313590805367,66.78160413172968,67.40946887823354,9374800
2024-10-04,66.7530746459961,66.85771878374031,66.3249902700473,66.55330145336121,12684800
2024-10-07,65.64956665039062,66.68648572035055,65.51638451769635,66.63892482032081,14512000
2024-10-08,65.81129455566406,66.05863594186069,65.50687717953082,65.67811240722344,13549700
2024-10-09,66.18230438232422,66.34402452909625,65.70665176860682,65.82081100873684,9037700
2024-10-10,65.87787628173828,66.50574111347743,65.63053493063967,66.42963496577298,8635200
2024-10-11,66.18230438232422,66.20132729340443,65.6400606930017,66.07766022667576,8786300
2024-10-14,66.914794921875,67.03846922561611,66.08716415871736,66.1822932138309,7659300
2024-10-15,66.914794921875,67.74243294291432,66.74356697739964,67.02895414274025,10358700
2024-10-16,67.13359832763672,67.25726537358256,66.562816738675,66.67696870173833,7937300
2024-10-17,66.49622344970703,67.24775529888633,66.19180612858592,67.19067206138263,14674600
2024-10-18,67.00993347167969,67.11457761316214,66.22034849790556,66.46768985576243,15087500
2024-10-21,66.0681381225586,66.90529127880008,65.93495598549875,66.59135884520951,11981200
2024-10-22,66.0681381225586,66.35353256361948,65.33563636872942,65.64005371884939,18603300
2024-10-23,64.69824981689453,65.35464527811617,63.33788348728944,63.727914731449474,24655200
2024-10-24,64.02284240722656,64.72680621800626,63.68987978329154,64.35579777327895,17568800
2024-10-25,63.66133117675781,64.40334794252229,63.53766413509087,63.8040283835313,11138100
2024-10-28,63.42351531982422,64.1179713024789,63.35692424679289,63.69939469606334,10761400
2024-10-29,62.3675537109375,63.10957045245409,62.329500639849314,63.06200955700476,16525900
2024-10-30,62.71002960205078,63.29984136891197,62.13924800134611,62.31999829042396,14177800
2024-10-31,62.12973403930664,62.776621800545875,62.08217313882082,62.60538659145661,13383700
2024-11-01,61.84434509277344,62.462694844447746,61.73018587068715,62.28194455728156,12163100
2024-11-04,61.93947219848633,62.23437444057083,61.501872747757815,61.910934208333835,10984500
2024-11-05,62.18681716918945,62.28194622787213,61.492361250830214,61.492361250830214,8780200
2024-11-06,60.59812927246094,61.70164292815324,60.10345023660706,61.28306640530888,22899300
2024-11-07,60.560081481933594,61.25453375754734,60.50300187049405,61.15940470075567,14856100
2024-11-08,60.80742263793945,61.111839991578265,60.636191051841095,60.79791118329997,14719300
2024-11-11,60.27469253540039,60.997686453428464,60.170048392348356,60.87401577264505,13980900
2024-11-12,60.12248229980469,60.645699372524554,60.04637615085733,60.57910830666608,15021000
2024-11-13,59.93222427368164,60.17956201521987,59.44706024534308,59.97978880525348,13177600
2024-11-14,59.50413131713867,60.03686346199125,59.38997572500627,60.03686346199125,15910800
2024-11-15,58.733577728271484,59.580238675938126,58.400618770115905,59.447056544252256,26284300
2024-11-18,58.84773635864258,59.11410063575587,58.56234554331532,58.83822127506504,16062100
2024-11-19,59.54218673706055,59.57072472898296,58.62893470613345,58.88578752025813,16254800
2024-11-20,59.922706604003906,59.94172951150674,58.99993954566313,59.64682726898274,18904900
2024-11-21,60.65521240234375,60.70278056114201,59.88465758340971,60.07491933177971,17292300
2024-11-22,60.80742263793945,61.34015845021903,60.55057344432136,61.111839991578265,19562200
2024-11-25,61.245018005371094,61.55895042144738,60.731316023791244,61.187942023496035,36805300
2024-11-26,61.4067497253418,61.492363704207385,60.94060498079947,61.17843126593576,14473300
2024-11-27,61.29258728027344,61.92995994911083,61.121352073642896,61.796777817051726,13263400
2024-11-29,61.42198944091797,61.584936155018625,61.12484679839508,61.36447324370041,10648400
2024-12-02,61.009822845458984,61.527424721388456,60.72226381007703,61.39323245499156,16500100
2024-12-03,60.88521194458008,61.421984646978764,60.415535372923124,61.0769167423271,24874500
2024-12-04,59.62955093383789,60.72226356315784,59.332411961300195,60.65516743023223,28137700
2024-12-05,60.31010055541992,60.50180536271587,59.524114136325096,59.87876930958537,21040400
2024-12-06,59.936279296875,60.73185298205284,59.91710845014558,60.223838341351176,15581100
2024-12-09,60.00337600708008,60.319689496448376,59.33241464744764,60.08964298995642,22348300
2024-12-10,60.30051803588867,60.425126711323124,59.22697621493648,60.099229630047354,14949400
2024-12-11,60.041717529296875,60.99065433822437,59.81167467992759,60.38678545981596,32819000
2024-12-12,61.19194030761719,61.26862003553026,60.59765870454703,60.91396852394412,17542100
2024-12-13,60.501808166503906,61.19194404216572,60.492224571104266,60.93314308879254,13429000
2024-12-16,59.955448150634766,61.211111146184,59.763743346178124,60.607242291908335,24559700
2024-12-17,60.77019500732422,60.9139708738822,59.73499121707398,59.859599893263024,21902400
2024-12-18,60.243003845214844,61.000235815736424,60.18549496310159,60.204665809294355,20946100
2024-12-19,59.85960006713867,60.549732272844984,59.8116747781468,60.099230168563196,21300600
2024-12-20,59.955448150634766,60.444295584822456,59.696647213088056,59.87876842273112,42458100
2024-12-23,59.79250717163086,60.15674231288044,58.9777625887544,59.90752860273781,13010800
2024-12-24,60.233421325683594,60.233421325683594,59.437847648573296,59.61996886242342,5019100
2024-12-26,59.9746208190918,60.13757118759404,59.81167410705468,60.02254610754594,7943800
2024-12-27,59.85960006713867,60.33886026998772,59.62955356092646,59.85960006713867,8542800
2024-12-30,59.45701599121094,59.75415861529258,59.12153533213888,59.75415861529258,8972200
2024-12-31,59.67747497558594,59.84042533533757,59.23655649514141,59.44743214077354,9256700
2025-01-02,59.27490234375,60.1471557712255,59.06402668332784,59.763746144360695,12991000
2025-01-03,59.18863296508789,59.50494644291951,59.06402429293012,59.33241248345954,10403200
2025-01-06,58.28762435913086,59.0160982232764,58.143844842665224,58.94900209064977,17924200
2025-01-07,58.31637954711914,59.159878497832004,58.10550389532467,58.575180486194625,17799600
2025-01-08,59.15029525756836,59.2078078000846,58.40265048718362,58.460163029699864,14412400
2025-01-10,58.536842346191406,59.092785950491574,58.21094525385189,59.025689812933315,22425000
2025-01-13,59.0927848815918,59.284486038881944,58.19177335388124,58.59435382841398,18016200
2025-01-14,59.46660614013672,59.49536058189698,58.75729943950752,59.10236736649118,16658300
2025-01-15,59.207801818847656,60.0225426449627,59.12153484202072,59.74457452537804,16187200
2025-01-16,59.66789627075195,59.71582156055991,58.77647198575603,58.872322565371945,12585500
2025-01-17,60.10881042480469,60.16632296227929,59.59120855692823,59.72540447770229,17948900
2025-01-21,59.83084487915039,60.607247761862816,59.71582344868145,60.290937913956874,19817100
2025-01-22,59.21738815307617,59.706235596533524,59.10236673080712,59.54328522989271,18191900
2025-01-23,58.977760314941406,59.40909523554462,58.82439719388973,59.23656126730334,16528400
2025-01-24,59.35158157348633,59.43784855597835,58.891492219017266,59.15988041813976,19244600
2025-01-27,61.220699310302734,61.5178419622115,59.87877289187945,60.262178872943835,20742900
2025-01-28,59.77333068847656,61.38364519802043,59.69664730399113,60.87562691696699,14956000
2025-01-29,60.22383499145508,60.731849603898894,59.95544680863717,59.96503405970117,11325600
2025-01-30,61.39323425292969,61.62327710021416,60.6072441647232,61.201525786084076,13201000
2025-01-31,60.84687423706055,61.27820914611234,60.760607255250186,61.05774989403367,12096800
2025-02-03,60.72226333618164,60.99065152334587,59.840426360189866,60.55931663010424,12067900
2025-02-04,60.07046890258789,60.99065122245202,59.763742681454836,60.97148037657308,15678000
2025-02-05,60.501808166503906,60.664758540019726,59.99379351162243,60.1184021906092,10686800
2025-02-06,60.73185348510742,61.09609226305321,60.300518571285465,60.98106718172391,13423400
2025-02-07,61.19194030761719,61.26862003553026,60.64558399155083,60.798947103841996,13184700
2025-02-10,61.872493743896484,61.96834431975928,61.01940753027115,61.4411551831186,16154300
2025-02-11,64.79598236083984,64.86307850127587,63.65534797342753,64.70013177634993,30589100
2025-02-12,65.85993957519531,65.96537741026327,64.09626544847796,64.09626544847796,26033800
2025-02-13,66.61717224121094,66.72261007727465,65.90786914554384,66.13791200925978,24393100
2025-02-14,66.01329803466797,67.12517781937493,65.90786021289449,66.48297095070359,20779100
2025-02-18,66.18582916259766,66.49255536386724,65.58195669768008,65.70656901605582,15569100
2025-02-19,67.16351318359375,67.22102205807847,66.30084350167726,66.33918518897678,16032300
2025-02-20,67.134765625,67.16352006518855,66.5404803803604,66.81845215706619,13398000
2025-02-21,68.39041900634766,68.6300490710601,67.22102312048222,67.40314430980104,21662300
2025-02-24,67.66194915771484,68.75466910336696,67.41273912774668,67.90157924932811,21418400
2025-02-25,68.52462768554688,68.79301225229827,67.79615737948765,67.92076241035623,21555600
2025-02-26,67.86323547363281,68.32332109058551,67.60443091528401,68.31373384062803,14531200
2025-02-27,67.93035125732422,68.57255824468622,67.49901263955141,67.78657171806661,16789500
2025-02-28,68.25624084472656,68.60130879417642,67.63320108527928,68.48628370671622,22167400
2025-03-03,69.32018280029297,69.3585244870772,66.8376189126784,67.32645896508707,21717600
2025-03-04,67.27854919433594,69.6365085000202,66.98140289763963,69.08056491309708,25411900
2025-03-05,67.1731185913086,67.80573832043225,66.94306840532627,67.0005846082874,23933600
2025-03-06,67.53734588623047,67.6044420210971,66.56923824350044,67.48942425442873,21694000
2025-03-07,68.46711730957031,68.8409397069893,66.76095204690293,66.76095204690293,28393300
2025-03-10,68.48628234863281,70.18286761860641,68.36167732438656,68.97512981948138,25251200
2025-03-11,68.09329223632812,69.05181266649109,67.68112815884083,68.89844588745835,28076400
2025-03-12,67.03892517089844,67.79615723284107,66.84721668582571,67.45108927264111,18923300
2025-03-13,66.7322006225586,67.33606591196083,66.40629984602562,67.33606591196083,15746600
2025-03-14,66.78047180175781,66.87702970990786,66.02730243763668,66.15283434843828,14205100
2025-03-17,67.70744323730469,67.75571850954078,66.70322475189904,66.85771593670952,15634800
2025-03-18,66.99288940429688,67.77502532421624,66.91564750581092,67.69777605883488,12657600
2025-03-19,66.8963394165039,66.99289732620088,66.18180204447081,66.1914600455094,14780000
2025-03-20,67.3115463256836,67.40810423719846,66.71287548725715,66.92530731272771,16295300
2025-03-21,66.30731964111328,67.56259443630485,65.83418077635761,67.31153800388743,47479500
2025-03-24,66.57769012451172,66.70322203438347,65.97902667827829,66.43285694680758,12575400
2025-03-25,66.44251251220703,66.70322698521743,66.23973868147488,66.57769506602847,12513900
2025-03-26,67.61087036132812,67.92951806324355,66.52941008849358,66.54871872183894,14478200
2025-03-27,68.30609893798828,68.54749737239851,67.6591529018238,67.76536880231595,11663400
2025-03-28,67.94883728027344,68.86614842896456,67.13773467035325,68.37369353604502,17412900
2025-03-31,69.15583038330078,69.46482010362061,68.06470467803386,68.29645249344576,24016900
2025-04-01,69.39723205566406,69.43585669335997,68.74062794862651,69.21376686833263,15309100
2025-04-02,68.87580871582031,69.8703691683548,68.60544362583768,69.48413016828124,14606500
2025-04-03,70.66215515136719,71.40565914195875,69.83174388728531,69.98624243264759,24959600
2025-04-04,67.52397918701172,70.49801005543003,67.38879663543784,69.9283058450288,26517300
2025-04-07,66.01764678955078,66.99289116476056,63.77746960289084,63.95127677111857,34258400
2025-04-08,66.06593322753906,67.5722647291822,65.42864508087597,66.58735482038897,22774400
2025-04-09,67.54328155517578,68.04539444319651,64.96514794624488,65.5831273723505,27918700
2025-04-10,68.32542419433594,68.75993848838033,66.6066682871963,67.77503598399463,22450200
2025-04-11,68.97236633300781,69.3779139662701,68.11298842909176,68.47026079185872,19988200
2025-04-14,69.95726776123047,70.16004894180331,68.48956842880492,68.84684078636653,13930200
2025-04-15,69.38756561279297,70.13106953901898,69.25238308075187,70.1214189059414,14965500
2025-04-16,69.21376037597656,70.16969612686864,68.93373730412016,69.87036442142366,15276200
2025-04-17,70.48834991455078,70.90355555803836,69.25239098516343,69.42619817003956,20754500
2025-04-21,70.2662582397461,70.94217832618618,69.34894706795127,70.85527105258988,16037200
2025-04-22,71.35739135742188,71.8208723083377,70.41110608504866,70.48835536583358,15613500
2025-04-23,70.77802276611328,71.40565279186814,69.88967094307345,70.768364766163,16353900
2025-04-24,70.02486419677734,70.90355815440967,69.81243973361352,70.50766113167953,16893900
2025-04-25,69.43584442138672,70.41108872498377,68.68267516977508,70.15038167523383,16316000
2025-04-28,69.31998443603516,69.77381473118162,68.85649613950994,69.60000754084673,15997500
2025-04-29,69.86071014404297,70.20832450232723,67.8619312673565,68.74062516382395,16244100
2025-04-30,70.0538330078125,70.95183553483541,69.22342175198932,70.826303626253,21074700
2025-05-01,68.8371810913086,69.56137642242741,68.77924782222576,69.5227517874069,18034200
2025-05-02,69.18479919433594,69.34894837690976,68.65371964260149,69.03995864687234,12629600
2025-05-05,69.23307800292969,69.32964328410347,68.56682323758976,69.2041113653362,11932700
2025-05-06,69.25239562988281,69.42620282641609,68.71166540373346,69.21377098988688,12705500
2025-05-07,69.90899658203125,70.18901968403547,69.20410982637972,69.25239246589291,15018200
2025-05-08,68.72130584716797,69.9765806767391,68.68268121290009,69.71586623715483,14371100
2025-05-09,68.09367370605469,68.7020025342676,68.03574043361395,68.54750398523058,11228900
2025-05-12,67.13773345947266,67.91021142004575,66.33628886458484,67.73640424726159,21539000
2025-05-13,66.58735656738281,67.29224337812623,66.500456649743,67.19567809155261,14389100
2025-05-14,66.78047180175781,66.95427161629019,66.22042562083293,66.51009934528305,16286800
2025-05-15,69.14616394042969,69.2620378339884,67.20531858296833,67.30187647748635,19817100
2025-05-16,69.52276611328125,69.77382260919936,68.97237784289366,69.38758354630166,18441200
2025-05-19,69.45516967773438,69.68691015152396,69.17514656207757,69.55172759457197,13282800
2025-05-20,69.22341918945312,69.64827543545431,68.97236274847803,69.32963509267736,12137800
2025-05-21,69.37791442871094,69.60000424853749,69.11720733898919,69.2234232484415,12094400
2025-05-22,68.69234466552734,69.51309794990247,68.51853748097409,69.36825740162537,11101800
2025-05-23,69.30066680908203,69.50344799880062,68.25783105841015,69.07858435085139,12822100
2025-05-27,69.31031799316406,69.7351815993255,69.09788619008334,69.27169335924978,10666100
2025-05-28,68.70199584960938,69.42619115224005,68.6054379493044,69.23306798473453,8710900
2025-05-29,69.03030395507812,69.19446051241763,68.03574344405793,68.5571650197853,10291100
2025-05-30,69.61930847167969,69.97658081418756,69.1461695930363,69.1461695930363,28019500
2025-06-02,69.52276611328125,69.56139075626075,68.90478655940387,69.55173275379153,10202700
2025-06-03,68.71166229248047,69.31032576806793,68.04540017478838,69.24273449285978,20139800
2025-06-04,68.9144287109375,69.37790958629209,68.24816666485762,68.8082128088988,13565900
2025-06-05,68.47026062011719,69.00133279561064,68.39301134724305,68.9240835227365,13531400
2025-06-06,68.8951187133789,69.02065062685098,68.49922907147304,68.6344116191381,9524000
2025-06-09,69.30066680908203,69.35860744910008,68.64406270174976,68.89511916343761,12281300
2025-06-10,69.86071014404297,70.1890158677097,69.2910133366247,69.42619587963567,12265000
2025-06-11,69.59034729003906,69.8703703857992,69.2910155590421,69.78346310999267,12718500
2025-06-12,69.75450134277344,69.90899990303785,69.13652183550941,69.76415934451417,12806900
2025-06-13,69.06404113769531,69.90035654658321,68.78203453124911,69.79338545340401,17467200
2025-06-16,68.57781982421875,69.64753088439153,68.30553243409292,69.23909237992787,15045900
2025-06-17,67.70260620117188,68.51946829584377,67.66370694629117,68.44166978608237,15437000
2025-06-18,67.30389404296875,68.07213762938471,67.18719627895109,68.07213762938471,16227600
2025-06-20,66.94408416748047,67.64425594091952,66.88573899278538,67.18719895440934,40859400
2025-06-23,67.81930541992188,67.88737727005096,67.07051506850198,67.235831358919,21822800
2025-06-24,68.2763671875,68.41251089720383,67.77069161135374,68.01380643857854,15216100
2025-06-25,67.71232604980469,68.09158451415576,67.5178371929539,68.0040667543552,12540400
2025-06-26,67.55674743652344,67.99435114525266,67.24556076338197,67.78040891635375,14454100
2025-06-27,68.39305877685547,68.61672024283682,67.55674325345768,67.67343361161315,23470700
2025-06-30,68.8014907836914,68.8403900433521,68.15966412820278,68.19856338786346,15429000
2025-07-01,69.69615173339844,70.4546687511552,68.94736138540848,69.03487915548418,21729300
2025-07-02,68.95708465576172,69.85174532904846,68.79176095497682,69.71560163612547,13050200
2025-07-03,69.38496398925781,69.43358991805621,68.50974920581203,69.0835040046779,9440500
2025-07-07,69.05432891845703,69.40441481917803,68.85011337958225,69.40441481917803,16984700
2025-07-08,68.30552673339844,68.73341112175684,67.9554408555187,68.73341112175684,17115500
2025-07-09,67.56646728515625,68.31525759142838,67.07051102453329,68.22773982622861,33704100
2025-07-10,67.84848022460938,67.92627874708911,67.25528689370893,67.3817039282819,14608400
2025-07-11,67.94572448730469,68.22773853529256,67.34279713444015,67.65398377027596,12916700
2025-07-14,67.55674743652344,68.14994819146116,67.36225112876282,67.87766077987182,13983200
2025-07-15,67.44977569580078,67.63454533163889,67.24556013900492,67.59564607044796,12639800
2025-07-16,67.36225128173828,67.58592018135205,66.89547498060382,67.4400498050192,13178300
2025-07-17,68.64588928222656,68.7431411346933,67.5956390167677,67.8873723163439,20464700
2025-07-18,67.92627716064453,68.75286603967888,67.90683124011649,68.50003197643797,14928000
2025-07-21,68.14021301269531,68.67506851815607,68.00406932390068,68.25691078277983,17811700
2025-07-22,67.74150848388672,68.32498249462814,66.79822191387204,67.53728553181637,22339900
2025-07-23,67.2552719116211,67.81929252576673,66.71068979485199,67.74150143989155,21030000
2025-07-24,67.19692993164062,67.63454102773488,67.08995882499147,67.35252696650302,12511400
2025-07-25,67.26499938964844,67.32335198528607,66.85656831655866,67.22610013231493,12574800
2025-07-28,66.2147445678711,67.0024415792667,66.1855719784259,66.84684454319225,13668800
2025-07-29,67.4692153930664,67.50811465066909,66.27309475370163,66.45785695322093,16223400
2025-07-30,66.8565673828125,67.42059547735886,66.64262518010356,67.20665327464992,10448200
2025-07-31,66.02025604248047,66.75932712920695,65.87438567520516,66.273097517806,17193400
2025-08-01,66.96353912353516,67.13858207112519,66.38978435449438,66.71069766162186,16107500
2025-08-04,67.060791015625,67.17748880008959,66.4286910001739,66.82740286597131,10701500
2025-08-05,67.1483154296875,67.57619246254212,66.85657468154875,67.00244505561813,11993400
2025-08-06,67.59564208984375,67.87765615241412,66.73987323258883,67.21638358966032,10783000
2025-08-07,68.49031066894531,68.77232476397133,67.4206068935446,67.54702393506281,15790800
2025-08-08,68.40277862548828,68.91818824919164,68.14994456775658,68.42223196486772,9232700
2025-08-11,68.8014907836914,68.90846189293951,68.0332470987619,68.36388709624019,10909400
2025-08-12,68.76258850097656,69.1029477339502,68.28608557481346,68.86955960552183,11061100
2025-08-13,68.51947021484375,68.82093017451922,68.29580876710854,68.7431390818534,10356500
2025-08-14,67.63453674316406,68.51947071024072,67.47893971815856,68.44167219773797,10722400
2025-08-15,67.99434661865234,68.45140363736765,67.65398737682446,67.81930366295872,12381100
2025-08-18,67.2260971069336,68.12076514679205,67.14830601504212,68.05269330434054,14094900
2025-08-19,68.19856262207031,68.28608781014285,67.33307450734513,67.39142710581851,13862200
2025-08-20,68.75286865234375,69.73505461002739,68.47086198795667,68.79176791415331,17530800
2025-08-21,68.7139663696289,68.95708115454391,68.39305307291524,68.65561377614269,8840400
2025-08-22,68.19856262207031,69.0640507367955,67.99434707560117,69.0057055575972,12999600
2025-08-25,67.0316162109375,68.29581620009569,66.8274006593243,68.17911841948447,13634600
2025-08-26,66.83712005615234,67.177479271804,66.69124970108037,67.13858001583317,17964200
2025-08-27,66.93437194824219,66.97327120854948,66.58428602475186,66.92464527834655,11562700
2025-08-28,66.47731018066406,67.00243902851135,66.39951166558859,66.98298569010511,16209900
2025-08-29,67.08995819091797,67.23582855490409,66.54538341259635,66.7787715434092,14601100
2025-09-02,67.15802764892578,67.43031502839942,66.38006476746892,67.06078321615301,24770100
2025-09-03,67.08995819091797,67.19692929655614,65.51457903383762,66.76905229327839,33581500
2025-09-04,66.37034606933594,67.54702091153418,66.23420236324857,67.20666164631577,16736000
2025-09-05,66.08832550048828,66.69125286775295,66.00080773485419,66.13695142757932,23978000
2025-09-08,65.57292175292969,66.01052540920429,65.31036104301985,65.99107949039693,21671700
2025-09-09,65.99108123779297,66.23419603533294,65.42705312687427,65.42705312687427,14120600
2025-09-10,65.95217895507812,66.21473965989843,65.35897828274484,65.92300636779525,16041900
2025-09-11,65.75769805908203,66.29254620236269,65.71879879823474,66.04943138652364,15128700
2025-09-12,65.16449737548828,65.85494256280013,65.09642552376107,65.73824478014974,18712400
2025-09-15,64.88031768798828,65.43887019959712,64.77252619660982,65.34087997366443,15986100
2025-09-16,64.90971374511719,65.1742955778558,64.7333283486831,65.01750523605885,18555900
2025-09-17,65.69364929199219,65.78183825049771,65.07630415392892,65.07630415392892,17372300
2025-09-18,65.12529754638672,65.69365132828905,65.01750605408886,65.45847328880967,17722900
2025-09-19,65.09589385986328,65.3898719830779,64.7235280498091,65.15468649403651,31192900
2025-09-22,64.88031768798828,65.2526835370025,64.75293114189328,64.83132631310944,13298700
2025-09-23,65.37026977539062,65.41926862155853,64.57653930545564,65.01749901626968,15072800
2025-09-24,65.11549377441406,65.43886823886022,64.63533644840827,65.07630366615524,14759300
2025-09-25,64.65493774414062,65.57605479413007,64.62553394924579,65.40947067059923,14395000
2025-09-26,64.35115814208984,64.99790705664735,64.18457401907035,64.74312650156337,17821600
2025-09-29,64.71372985839844,64.7725224953635,64.03758462860179,64.35115781937314,14818500
2025-09-30,64.98809814453125,65.30167129997683,64.63532741013324,64.74311888320895,13815000
2025-10-01,65.4388656616211,65.48786450927703,64.95870835452578,65.17429132233272,14877500
2025-10-02,64.77252197265625,65.31147939440201,64.53734395051924,65.19388664524624,14350700
2025-10-03,65.31148529052734,65.64465356228432,64.71373517832788,64.77252782012611,12249200
2025-10-06,64.77252197265625,65.16449032700093,64.51774142090602,65.15468906219432,14333300
2025-10-07,65.44866180419922,65.90922402189203,64.54713989681164,64.89010937503801,13328300
2025-10-08,64.79212188720703,65.52705971837518,64.7333217769151,65.33107181102581,12606700
2025-10-09,65.03710174560547,65.45846640495527,64.79212246635964,64.95870658196498,12705200
2025-10-10,65.69364929199219,66.04642007836401,65.04690035825222,65.18408816671072,17991700
2025-10-13,65.45846557617188,65.45846557617188,64.67452890204109,64.89991312561031,13690000
2025-10-14,66.15421295166016,66.21300559189413,65.40947377860472,65.52706653524768,14245600
2025-10-15,65.73284149169922,66.35998784361045,65.57605116563428,65.91902065868352,11193700
2025-10-16,66.23259735107422,66.74215846166473,65.81124014879597,65.83083520250732,15707200
2025-10-17,67.06553649902344,67.12432913947032,66.4383900803399,66.63437053261288,15541800
2025-10-20,67.06553649902344,67.2615169512964,66.55597536123368,67.05573523355727,17786800
2025-10-21,69.7896957397461,69.95627984931726,68.81957992240194,69.15274814154425,33651300
2025-10-22,69.38793182373047,70.18166980846195,69.09396116094165,69.92688925310526,18293000
2025-10-23,68.53541564941406,69.50553164479624,68.3198326557346,69.38793888201415,13989400
2025-10-24,68.31002044677734,68.64319614986536,68.25122781289237,68.50600835335094,15688200
2025-10-27,68.65299224853516,68.71179236057321,67.85926175967863,68.37861664627238,13800000
2025-10-28,68.75099182128906,69.47612842938857,68.54520263779597,68.64320033514493,12730500
2025-10-29,66.97733306884766,68.62359411504399,66.79115390148044,68.51580263469621,19789600
2025-10-30,67.59469604492188,67.8984680038675,67.01654097253697,67.07533361590055,14751700
2025-10-31,67.51629638671875,67.68288051597163,66.53637918945483,67.17332686291137,16742700
2025-11-03,66.60497283935547,67.50649486310667,66.30120090174199,67.41830590425431,15660400
2025-11-04,67.28111267089844,67.34970656986725,66.79115411364286,67.09492602676555,12743800
2025-11-05,67.1341323852539,67.44770560384544,66.8107579009071,67.28112146688203,12850100
2025-11-06,67.6730728149414,67.7514679775491,66.55596791439153,66.92834119869096,15906700
2025-11-07,69.1331558227539,69.44672900218079,68.01605090378472,68.40801177093759,25108300
2025-11-10,69.10375213623047,69.24094741135572,68.04544732663392,68.60399978698393,15318000
2025-11-11,70.17186737060547,70.30905517284877,69.2409490730724,69.5545222605106,16160200
2025-11-12,70.07386779785156,70.4462335719265,69.90727622350033,70.05426527090506,13612600
2025-11-13,69.64270782470703,70.2306565880096,69.57411392692464,69.98567731361902,14002800
2025-11-14,69.73091125488281,70.20126732229785,69.18215254133207,69.97589055387915,13172000
2025-11-17,69.26054382324219,70.09347189783703,69.20175118715945,69.77009744703302,14772300
2025-11-18,69.7896957397461,69.90728100477325,69.15274814154425,69.56431152148734,12838900
2025-11-19,69.6819076538086,70.01507588916476,69.387929524586,69.77009660687074,12401500
2025-11-20,69.77989959716797,70.04448141524637,69.19195080035703,69.52511904395256,15396500
2025-11-21,71.48495483398438,71.72014033852818,70.05427665746251,70.24046331284934,26492500
2025-11-24,71.1321792602539,71.69073918877703,70.13266709990427,71.69073918877703,39818600
2025-11-25,71.15178680419922,71.46536000172232,70.69122453492395,71.33797346016362,17451200
2025-11-26,71.4163589477539,71.62214065138447,70.9362016392826,71.14198334291316,11795100
2025-11-28,71.65155029296875,71.75934178597755,71.2987794933354,71.53395753436592,7423000
2025-12-01,71.00025177001953,71.94758632563475,70.98051908409195,71.64167322861248,14388100
2025-12-02,69.73715209960938,70.85224088449384,69.50032221475122,70.85224088449384,19871300
2025-12-03,69.87529754638672,70.45751339427578,69.67794058058216,69.94437323728688,17001700
2025-12-04,69.52005004882812,70.39830135886356,69.44111177850974,69.89503882975501,17710000
2025-12-05,69.07598876953125,69.77661575217998,68.94770750071454,69.39176441704456,13978200
2025-12-08,69.32269287109375,69.4509741475746,68.57272284018585,68.91810129893102,17775100
2025-12-09,69.164794921875,69.69766772158269,68.90823239247449,69.44110519218218,13010600
2025-12-10,69.2832260131836,69.59900170709838,68.85890171867125,69.46085031155356,29789400
2025-12-11,68.19773864746094,69.756884226757,67.88196299470222,69.61873284921789,23124200
2025-12-12,69.58912658691406,69.68781260121206,68.12866693100831,68.1977426238054,18444500
2025-12-15,70.03319549560547,70.37857398144007,69.39177400552045,69.5003226051665,18660100
2025-12-16,69.44110870361328,70.35883287251339,69.39176569924918,70.35883287251339,17370000
2025-12-17,69.73715209960938,69.98385209220345,69.38190350797899,69.638473608309,13672700
2025-12-18,69.43123626708984,69.86543059913025,69.24374189122055,69.34242036795195,15524800
2025-12-19,69.13520050048828,69.83582754545967,69.10559770725773,69.13520050048828,36911100
2025-12-22,69.2832260131836,69.29309612106148,68.7404905388822,69.00692322209395,12828500
2025-12-23,68.94770812988281,69.33255946853012,68.77008385599288,69.27334635810989,9471000
2025-12-24,69.1845474243164,69.23389043495087,68.82929882807016,68.97732033128716,4515300
2025-12-26,68.94770812988281,69.23388098941024,68.8095567533779,69.0266463959675,5711400
2025-12-29,69.23388671875,69.49044927995605,68.92797362087204,69.07599511614383,9686900
2025-12-30,69.14506530761719,69.31281947552205,68.8786326602792,69.07598961914546,8610900
