Date,Close,High,Low,Open,Volume
2021-01-04,44.792781829833984,46.380397973003056,44.17301853810687,46.074760571352435,25611100
2021-01-05,44.30036163330078,44.673916600095794,44.17301165623834,44.427711610363225,20323800
2021-01-06,42.89104461669922,44.164531678102485,42.61087590864087,44.12208275711806,38724500
2021-01-07,42.41560363769531,42.670300374363705,42.04204863982465,42.52597341108801,53225700
2021-01-08,43.366477966308594,43.40892688437031,42.31372730969599,42.47503449378843,29674000
2021-01-11,42.619361877441406,43.1796959792026,42.4071140625524,42.97593665190551,19304400
2021-01-12,42.5429573059082,42.76369363314564,42.2458083885503,42.48352817016562,18538700
2021-01-13,42.58540344238281,42.755202349967945,42.407116046808575,42.43258474942067,18864100
2021-01-14,41.79584884643555,42.60239137458955,41.78736035690872,42.58541115689053,34303600
2021-01-15,41.34587478637695,41.75339020033818,41.20154458886142,41.736409986592555,24366800
2021-01-19,41.184566497802734,41.634534088642056,40.95534169703386,41.37983734661958,29114500
2021-01-20,41.32889175415039,41.44775000361947,41.01476591789005,41.21003350468131,23115800
2021-01-21,41.55812454223633,41.67698280536534,41.14211738264001,41.41379433797626,19702500
2021-01-22,41.167579650878906,41.549623052985844,41.167579650878906,41.43925654238091,15400300
2021-01-25,41.41379165649414,41.464732296813146,40.95533884820134,41.10815429186923,16604200
2021-01-26,41.846771240234375,41.940160777506996,41.26945704495271,41.524153722013686,12922600
2021-01-27,41.201541900634766,41.872245725925715,40.94684518835746,41.507179250825295,21242400
2021-01-28,41.72792434692383,42.02507001114062,41.269468260436625,41.337385881409816,17498900
2021-01-29,40.87892532348633,41.70244453984144,40.84496490008251,41.62603520650496,18670300
2021-02-01,41.159095764160156,41.33738315091365,40.90439903470593,40.98080837740666,12183600
2021-02-02,41.566612243652344,41.89771832428785,41.286446805670266,41.43077376855458,13319800
2021-02-03,41.40530014038086,41.6769770582538,41.320399079392864,41.55811881151493,12274100
2021-02-04,41.60906219482422,41.6600028387447,41.30342804723569,41.56661327754621,20597400
2021-02-05,42.15242004394531,42.26278658296299,41.82980243774056,42.025070051362036,12742000
2021-02-08,42.38164138793945,42.593889199149835,42.01657813221061,42.41560181500781,17833200
2021-02-09,42.19486999511719,42.466546963212,42.135440860761754,42.32221675217386,14592900
2021-02-10,42.10996627807617,42.941980584173514,42.05053714744704,42.7976503821851,22965400
2021-02-11,42.704254150390625,42.95046236089495,42.27975857585663,42.288250300988075,21928600
2021-02-12,43.03536605834961,43.171204531208275,42.780669326570184,42.93348801336677,13137100
2021-02-16,42.678802490234375,43.060849307562016,42.58541290837145,42.97594821557504,15093400
2021-02-17,42.5599365234375,42.865573922170896,42.35617717806692,42.4495667430849,12794300
2021-02-18,43.103294372558594,43.17121200141785,42.47503930272307,42.58540909309523,12747100
2021-02-19,42.5429573059082,43.15423211771188,42.424099034423044,43.12027168624612,15968800
2021-02-22,42.98442840576172,43.196676220787104,42.16939433469431,42.32221302060416,14370900
2021-02-23,42.908023834228516,43.73154324582497,42.806142539862876,43.29855908002848,16222300
2021-02-24,43.052345275878906,43.21365568523339,42.55993203765445,42.78066833644929,14442000
2021-02-25,42.59389114379883,43.08630764283787,42.43258396582641,42.84859111979542,14211100
2021-02-26,41.592079162597656,42.62784619567092,41.57509895042999,42.61935770890924,23638400
2021-03-01,42.36466979980469,42.82312266894245,41.940174123408426,41.97413131614993,13901200
2021-03-02,42.53445816040039,42.92499657685389,42.19486362090555,42.31372187166097,11755100
2021-03-03,42.432586669921875,42.92500320034108,42.20335862010379,42.21185034712202,15410700
2021-03-04,42.398624420166016,43.3749657120995,42.126947462847006,42.71275353346501,22036400
2021-03-05,43.120269775390625,43.256108256589044,42.36466802130912,42.492014775694905,21310800
2021-03-08,43.8419075012207,44.56355200475783,43.43439209107196,43.697580543700035,25084900
2021-03-09,43.17969512939453,44.04566658573608,43.145734702405946,43.909828116426304,23082700
2021-03-10,43.67211151123047,43.83342193172086,43.060839974637574,43.4513751971973,21331600
2021-03-11,43.196678161621094,43.663622727927915,43.137249029835395,43.6466425133256,17417700
2021-03-12,43.11106872558594,43.3850069437856,42.97409961648611,43.30796161581687,17598600
2021-03-15,43.68463134765625,43.76167668532202,43.20524103827062,43.23092172895869,13411900
2021-03-16,43.8472785949707,44.10409526447823,43.69318794014596,43.830157048256716,14214200
2021-03-17,43.864410400390625,44.189710067231815,43.78736505495942,43.87296954294881,17502700
2021-03-18,43.29084014892578,43.82159503946764,43.222357227049976,43.71030988321931,18007300
2021-03-19,43.496299743652344,43.727435750824064,42.948419986503744,43.19667754223649,67845700
2021-03-22,43.65894317626953,43.7274293605051,43.07682367267119,43.07682367267119,17911400
2021-03-23,43.99280548095703,44.215382315743376,43.5134152502191,43.65038435408723,16936700
2021-03-24,44.104095458984375,44.420835910587165,43.787355007381585,43.80447328856994,14997400
2021-03-25,44.53212356567383,44.56636665866361,43.80447253484583,44.25818535295774,17091900
2021-03-26,45.405303955078125,45.46522773647697,44.309547811782544,44.63485067194851,17126700
2021-03-29,46.09870910644531,46.17575443553068,45.12280378176487,45.13992532885064,17514100
2021-03-30,45.499473571777344,46.04735004363566,45.311139809975536,46.01310694774418,14871800
2021-03-31,45.12281036376953,45.51659620737964,44.943038991547745,45.39674862589845,15826500
2021-04-01,44.95159149169922,45.49947120060656,44.90878925686615,45.33681813639922,15834700
2021-04-05,45.20840835571289,45.55939188242344,44.76325795941642,44.81461933148076,16368700
2021-04-06,45.53371047973633,45.9274995260125,45.2854562144593,45.40530377678638,15614300
2021-04-07,45.61075210571289,45.79908584014127,45.47378300765613,45.61075210571289,10062700
2021-04-08,45.473793029785156,45.69636990418245,45.34538630895743,45.51659527006106,9695600
2021-04-09,45.5251579284668,45.61076240949057,45.208417429956896,45.516595521003445,10828200
2021-04-12,45.67068099975586,45.84189320791265,45.45666655596019,45.65356271798131,8565300
2021-04-13,45.44810104370117,45.61931322785571,45.20840594524529,45.40529881406273,11071700
2021-04-14,45.43954849243164,45.53371210504895,45.071443386086976,45.353940755141444,9787600
2021-04-15,45.65357208251953,45.93606950816352,45.47379743099853,45.4823598392434,13078100
2021-04-16,45.953189849853516,46.055915886875326,45.69637312449807,46.004554501165345,17974100
2021-04-19,46.22711944580078,46.53530076460232,45.62787835542016,46.22711944580078,19352900
2021-04-20,46.372642517089844,46.73218843738289,46.064464498325485,46.09014518348897,14419200
2021-04-21,46.74932098388672,46.86060942178531,46.43258048513094,46.43258048513094,13866500
2021-04-22,46.60378646850586,46.971891591748324,46.50106044464327,46.62947042367257,12558900
2021-04-23,46.62947082519531,46.73219684994246,46.37265086492526,46.56954703862602,9020500
2021-04-26,45.936058044433594,46.663705814764135,45.86757512357478,46.62946598713528,11684600
2021-04-27,45.867584228515625,45.970310262996016,45.64500734393939,45.850462678501934,9852400
2021-04-28,45.87614059448242,46.269926424161724,45.74773060995147,46.210002635541024,10868100
2021-04-29,46.44969177246094,46.53529950625827,45.73916554274935,45.833332417125845,15391000
2021-04-30,46.209999084472656,46.45825662716732,45.96174154177799,46.441135079505486,14912600
2021-05-03,46.63802719116211,46.91196541792008,46.36408896440413,46.45825584215242,10417900
2021-05-04,46.34696960449219,46.75787696402295,46.17575738828736,46.715074726372094,14151000
2021-05-05,46.22711944580078,46.43257474686888,45.97886190947719,46.346967010756664,9665900
2021-05-06,46.68939208984375,46.749315873176265,46.26992234091486,46.329846124247375,11572700
2021-05-07,46.66371154785156,46.886288415590904,46.36409260928111,46.60378776013747,10637500
2021-05-10,47.00613784790039,47.511212125443585,46.937654915922515,46.98045715660889,15545800
2021-05-11,46.501060485839844,47.203027636458664,46.26992448274319,47.108860753833945,12986700
2021-05-12,46.2613639831543,46.70651442801856,46.12439486670386,46.53530221605518,15836500
2021-05-13,46.66371154785156,46.89484755714942,46.08159521942918,46.201442794857364,15475800
2021-05-14,46.8520393371582,47.16877978401301,46.81779624409252,46.9975708498868,11725300
2021-05-17,46.775001525878906,47.10030443106695,46.655153946494266,46.946213753114804,12119800
2021-05-18,46.51818084716797,46.70651460761199,46.31272553890164,46.56098308392306,13232500
2021-05-19,46.372642517089844,46.38120492254492,45.8932523108336,46.32984028661709,15126100
2021-05-20,46.7835578918457,46.91196459648939,46.32984505842132,46.32984505842132,10948400
2021-05-21,46.757877349853516,47.185906261096854,46.41545618021971,46.911968019149235,16033200
2021-05-24,46.91196823120117,47.02325666299589,46.64659239501567,46.76643996820931,10326100
2021-05-25,46.90339660644531,46.92907728940861,46.52672917311383,46.92907728940861,11916500
2021-05-26,47.108848571777344,47.125970115608986,46.73218440428291,47.06604634499852,16064300
2021-05-27,47.50263977050781,47.571122683436904,46.89483636565816,47.26294141125415,59109600
2021-05-28,47.3314323425293,47.69097501911187,47.25438701674717,47.38279371598335,17011600
2021-06-01,47.32286834716797,47.63961204563472,47.168777700778996,47.374232984497944,13304000
2021-06-02,47.511207580566406,47.56257222383755,47.30575227308316,47.511207580566406,11328500
2021-06-03,47.63105392456055,47.71666166114461,47.1687819438103,47.237268133077556,17364300
2021-06-04,48.144691467285156,48.35014350781053,47.75090240267579,47.853631688539785,18935100
2021-06-07,47.973480224609375,48.230296913249624,47.77658732113181,48.20461622406601,14010800
2021-06-08,47.639617919921875,48.15325129415229,47.55401018048257,48.15325129415229,10968300
2021-06-09,47.49409103393555,47.87075532744936,47.49409103393555,47.725227054592324,9838800
2021-06-10,47.86219787597656,48.041969254303076,47.73378788254232,47.86219787597656,12444400
2021-06-11,48.076202392578125,48.11900462631973,47.648173523959876,47.93067414473646,11825800
2021-06-14,47.91232681274414,48.05032798438203,47.61045027797609,48.03307742665136,9710800
2021-06-15,47.79157638549805,48.11933040324595,47.601823539927025,48.110703479243185,11154200
2021-06-16,47.15332794189453,47.83471029952955,47.12745374534397,47.81745973842647,15211700
2021-06-17,47.39482498168945,47.56732727512186,47.13607318664463,47.15332045480105,10658400
2021-06-18,46.3770637512207,47.11019436470691,46.33393900164048,47.01531794150594,31445600
2021-06-21,46.885948181152344,46.94632349438587,46.57544469011831,46.76519755468529,14404300
2021-06-22,47.05844497680664,47.30856983511587,46.7996899044336,46.86869213445505,13072800
2021-06-23,46.67893981933594,47.092943333518534,46.67031618558956,47.058445508325576,12339200
2021-06-24,46.91181945800781,46.93769365058233,46.57544179370869,46.79969247317224,11488400
2021-06-25,46.85144805908203,46.980825613168584,46.58406931606683,46.78244910972165,18880300
2021-06-28,46.79969787597656,46.894574313312965,46.57544717062433,46.7910742408587,10556900
2021-06-29,46.45468521118164,46.86868869026467,46.333934607724984,46.68756278507969,12300900
2021-06-30,46.67032241821289,46.73069773312275,46.35981891855766,46.402943673463575,14614200
2021-07-01,46.54093551635742,46.989440115762044,46.45468602386728,46.868689510192965,13214700
2021-07-02,46.730690002441406,46.963567588657774,46.575438278297156,46.575438278297156,10604600
2021-07-06,46.471946716308594,46.65307266416723,46.1873174066382,46.566823152865396,15278200
2021-07-07,46.85144805908203,46.903199738758225,46.33394442315157,46.33394442315157,14377700
2021-07-08,46.687564849853516,46.7220626736474,46.35118721386008,46.5840615078499,11943900
2021-07-09,46.972190856933594,47.023942527981774,46.73068963912342,46.79106494357596,10847000
2021-07-12,46.98944091796875,47.09294096876532,46.80831500652293,46.85143975350423,15107600
2021-07-13,47.455204010009766,47.69670526561748,47.22232638915611,47.39482869610784,15170800
2021-07-14,48.52471160888672,48.60233748125387,47.40345156707844,47.455203245392475,22002700
2021-07-15,48.679962158203125,48.70583964182857,48.222833860048695,48.50746314847461,15068200
2021-07-16,48.64545822143555,48.886959436893655,48.52470432349919,48.6972066017724,14860500
2021-07-19,48.06758117675781,48.602335334889254,47.57595177021304,48.36946101827974,19527000
2021-07-20,48.15383529663086,48.58508940479252,47.88645656509584,48.06758250087388,16257900
2021-07-21,48.77483367919922,49.645968725616555,48.671333625736345,49.447592252226315,20918200
2021-07-22,48.705841064453125,48.93871868263787,48.34358589498536,48.83521532552833,13402700
2021-07-23,49.17158889770508,49.44759453670314,48.68858643242541,48.80933704874533,12144000
2021-07-26,49.21471405029297,49.266462431275116,48.78345999433592,49.06808596035976,8681100
2021-07-27,49.387210845947266,49.62871534389274,49.09395796931912,49.257836609033404,12794400
2021-07-28,48.93871307373047,49.300964911472434,48.84383665235783,49.154340107683765,9858000
2021-07-29,49.20609664916992,49.37859896297738,49.042221260667226,49.223347209571465,9599100
2021-07-30,49.1888427734375,49.37859563485714,49.07671907369657,49.29234612887062,11727000
2021-08-02,49.0594596862793,49.36996311628853,48.91283160423843,49.33546200401925,9778000
2021-08-03,49.093963623046875,49.162965856179746,48.94733881295089,49.162965856179746,8825500
2021-08-04,48.38670349121094,49.119837356354935,48.30907762996527,48.94733507689709,11888400
2021-08-05,48.73170852661133,48.809334388615994,48.55058261200289,48.679956855205766,9806800
2021-08-06,48.85246658325195,48.938719382075966,48.67996427581178,48.81796546372235,10409300
2021-08-09,48.861080169677734,49.059456617506505,48.67132735427328,48.990454397284175,8859900
2021-08-10,48.99045944213867,49.30958651801209,48.8697088345221,49.024960555802636,10906900
2021-08-11,48.930091857910156,49.318221222345706,48.9128412983566,49.06809304413081,8370700
2021-08-12,49.02497482299805,49.14572546575534,48.93009837791495,48.93009837791495,6169200
2021-08-13,49.361351013183594,49.42172633267812,48.96459797358868,48.99909909621645,7714200
2021-08-16,49.576969146728516,49.58559607093256,49.18883981273539,49.33546791233615,7972000
2021-08-17,49.40447235107422,49.645976902541015,49.1715947247712,49.5597241019429,10346400
2021-08-18,48.73170852661133,49.36133905611258,48.66270629807058,49.3268379418422,13873700
2021-08-19,49.04220962524414,49.1457096728897,48.25732740933364,48.352203823928406,9223700
2021-08-20,48.85246658325195,49.18884427314598,48.8007181941654,49.02496889069213,10543600
2021-08-23,48.679962158203125,48.94734088761465,48.628213771367655,48.87833865155708,8912800
2021-08-24,48.30908203125,48.85246310947534,48.214208894601555,48.85246310947534,12067200
2021-08-25,48.3608283996582,48.4470778926762,48.06757551710685,48.35220476643931,11270700
2021-08-26,47.903709411621094,48.28321186044959,47.8778319265545,48.25733766559089,10331500
2021-08-27,47.99858474731445,48.11933537416732,47.8260824417213,48.0072083820006,8844100
2021-08-30,48.45570755004883,48.47295810766718,47.98995236497559,48.033077113917756,10034700
2021-08-31,48.567840576171875,48.748966518403655,48.300461835109836,48.43846302303041,14185700
2021-09-01,48.89558410644531,48.99046052601663,48.54195590908417,48.62820869515236,9518900
2021-09-02,48.964599609375,49.18885033353087,48.65409607576821,48.964599609375,11653200
2021-09-03,48.930091857910156,48.964592977017276,48.516088299248175,48.69721423924883,13220400
2021-09-07,48.015830993652344,48.89558977224611,47.87782981015966,48.81796390089349,20035300
2021-09-08,48.66271209716797,48.714463774740736,47.96408254607819,47.96408254607819,12040100
2021-09-09,48.1796989440918,48.662701333774436,48.12794727796565,48.45570124968388,12545400
2021-09-10,47.96407699584961,48.41258161229105,47.88645113357691,48.309078269122544,10573700
2021-09-13,48.3608283996582,48.64545764899066,48.076202440533,48.076202440533,20274300
2021-09-14,48.395591735839844,48.647607649953194,48.27392979524423,48.59546539753825,13918900
2021-09-15,48.56071090698242,48.664992104710024,48.16096023812085,48.38690670074341,15746000
2021-09-16,48.100128173828125,48.6563022842047,47.63954985550945,48.42166710835195,17430400
2021-09-17,47.30931854248047,47.96108176441142,47.248487573636716,47.81335035865921,33370200
2021-09-20,46.97909164428711,47.27455775456712,46.692314251204024,47.022541860349676,27542500
2021-09-21,46.97040557861328,47.639549599101606,46.874813102109314,47.26587172642579,16418200
2021-09-22,47.0399284362793,47.4136063077723,46.97909746324922,47.37015277128847,12719700
2021-09-23,46.96171569824219,47.46574422319166,46.92695419582103,47.1528973314799,13836200
2021-09-24,46.831363677978516,47.13552186431032,46.805294207593306,46.926956156110236,9682200
2021-09-27,46.588035583496094,47.14420633520095,46.55327408275475,46.79659795786583,12429500
2021-09-28,45.74509048461914,46.45768472230962,45.5625975660729,46.45768472230962,19926100
2021-09-29,46.02317810058594,46.19698230927435,45.675572998248676,45.74509269270031,13941500
2021-09-30,45.59736251831055,46.344718315601746,45.562601012613364,46.20567229281301,17672000
2021-10-01,46.0753288269043,46.23175231197243,45.684270114233975,45.866763075133406,16277400
2021-10-04,46.04923629760742,46.51850320284423,45.53651586768555,46.11006725412032,18973400
2021-10-05,46.12746047973633,46.46637684771966,45.997106500493786,46.07531822503143,17173100
2021-10-06,46.6749382019043,46.727080455453454,45.63211633619644,45.8580627865368,21284500
2021-10-07,46.82266616821289,47.170271196561536,46.76183520537591,46.918258628396394,13774400
2021-10-08,47.03123092651367,47.26586607303926,46.84004931141205,46.92694974418197,13786800
2021-10-11,47.1268310546875,47.26587375875195,46.935646093459056,47.1094503022995,12378500
2021-10-12,47.1268310546875,47.64824368120885,47.11814233601328,47.29194322981417,19474400
2021-10-13,47.135520935058594,47.300633102642266,46.744462311792624,47.074686646959975,12143300
2021-10-14,47.457061767578125,47.63086598757993,47.196357095095294,47.265876794072156,13704000
2021-10-15,47.34408187866211,47.69169026985013,47.17896971611942,47.483124572129455,17867000
2021-10-18,46.87481689453125,47.26587555048645,46.80529719738348,47.231114044392726,15861800
2021-10-19,47.057308197021484,47.10075841755102,46.72708055392622,46.961715722832906,11068500
2021-10-20,47.47443771362305,47.587407627400616,47.02254811339448,47.08337908697915,12474800
2021-10-21,47.231109619140625,47.50919501175624,47.109447674251214,47.448364039311535,14388300
2021-10-22,47.318016052246094,47.38753574681191,46.987788386699656,47.26587379504206,12828600
2021-10-25,47.1268310546875,47.33539676830395,46.944338127172834,47.25718504007772,11855000
2021-10-26,47.335391998291016,47.43098446927233,47.12682630569184,47.20503802603663,12086700
2021-10-27,48.247867584228516,48.734518734854596,48.03061313904469,48.63892624856735,24019800
2021-10-28,48.69975280761719,48.76058378154395,48.33476364901718,48.44773687846949,15928000
2021-10-29,48.98651885986328,49.073422604764,48.47379836758524,48.55201008047643,24463700
2021-11-01,48.812713623046875,49.01259057445019,48.57808180451727,49.00389854262979,11651100
2021-11-02,48.751888275146484,49.09949665714194,48.6389183687813,49.07342718875601,11498900
2021-11-03,48.916996002197266,48.951757497900054,48.47379521958338,48.66498013091005,10788300
2021-11-04,49.18639373779297,49.21246651943846,48.69105398203547,48.760576979704794,10820200
2021-11-05,49.39496994018555,49.673055360035626,49.17771549873769,49.39496994018555,12886700
2021-11-08,48.95177459716797,49.43842244684251,48.77797037298141,49.316760484423874,12828000
2021-11-09,49.090816497802734,49.11688597073359,48.74320805520558,49.021293483267385,10155800
2021-11-10,49.290679931640625,49.46448080172087,48.91700209389772,49.13425649653713,8813600
2021-11-11,49.30806350708008,49.429725449123296,49.160328780999535,49.38627522911347,7257700
2021-11-12,49.19509506225586,49.52532273348237,49.14295280415495,49.31675701611836,10162500
2021-11-15,49.20378494262695,49.25592720195876,48.8996300507906,49.125573211149074,10289200
2021-11-16,48.85617446899414,49.481864937177406,48.83010168466698,49.203779547976104,13756500
2021-11-17,48.5867805480957,48.70844249837794,48.36083739972004,48.69975377980329,13288700
2021-11-18,48.15226745605469,48.6041570281258,47.91763229468858,48.517256589859485,15380100
2021-11-19,47.90894317626953,48.22179005547502,47.70906951789695,48.178336521666,15813700
2021-11-22,48.20441436767578,48.682373454420436,47.8654979846212,47.88287542192286,16905600
2021-11-23,48.56071090698242,48.760584583893454,48.230483246632254,48.36952594861556,13835900
2021-11-24,48.16964340209961,48.525940467515866,47.822035053627644,48.41296725700664,12598900
2021-11-26,46.692325592041016,47.578724138173406,46.561974912193186,47.43968142397851,14754300
2021-11-29,47.43098068237305,47.56133132918099,46.866117934421766,46.97039911487591,22712500
2021-11-30,45.93344497680664,46.96683827141084,45.92468553795993,46.9405632956178,30485200
2021-12-01,45.80207443237305,46.87049866819281,45.78455889760179,46.39758925160898,18719600
2021-12-02,46.47641372680664,46.71286846684078,45.98598870961578,46.06480695629383,17074200
2021-12-03,46.88801193237305,46.94931463073046,46.397587004767196,46.70410383730079,21064400
2021-12-06,48.087806701660156,48.38556415315561,47.4134735514867,47.562353947607996,26624100
2021-12-07,48.350528717041016,48.53443683029442,48.035255756751276,48.184136139442245,23832700
2021-12-08,48.16661834716797,48.473131854896735,47.606134595465846,48.27170821542545,18026300
2021-12-09,48.044010162353516,48.280464857802244,47.80755546690478,47.947676396717384,13846400
2021-12-10,49.28759002685547,49.32262109949181,48.22792513520844,48.385561621325,23153600
2021-12-13,50.58370590209961,50.732586279406405,49.8831012049854,49.9006167400066,31362800
2021-12-14,50.618743896484375,50.94277298683493,50.26844317038158,50.26844317038158,24806600
2021-12-15,50.84644317626953,51.01283577268741,50.487383006606684,50.7325938520114,24923800
2021-12-16,51.36312484741211,51.56454846029163,50.706307411208606,50.77636620054894,24696900
2021-12-17,50.55744171142578,51.59959114297912,50.53117007540046,51.22301877720974,51874400
2021-12-20,50.39104461669922,50.60122436763244,49.91813516597911,50.09328718558806,20879500
2021-12-21,50.59246826171875,50.76762028129908,50.382285170072976,50.45234731420387,15864900
2021-12-22,50.9515266418457,50.960282739186724,50.34725570291152,50.5399199111351,12447400
2021-12-23,50.9865608215332,51.32810543135365,50.74134665132476,51.24928718749147,11027300
2021-12-27,51.36312484741211,51.398152571709154,50.79388173307058,50.79388173307058,9860000
2021-12-28,51.56454849243164,51.617091749283084,51.056608071226144,51.14418573388894,8979900
2021-12-29,51.6258659362793,51.75722745668627,51.37189565311307,51.6258659362793,9996000
2021-12-30,51.47697830200195,51.87106948932395,51.4594627669269,51.72219245230605,7703900
2021-12-31,51.85354995727539,51.976155352603406,51.40691553990241,51.450702703841486,10021300
2022-01-03,51.932376861572266,51.94113630027082,51.12668222015033,51.51201400421121,20187300
2022-01-04,52.79937744140625,53.01831663795471,52.186347022921154,52.30895243846877,26141600
2022-01-05,53.23725509643555,53.59631524016722,52.58919361370797,52.624224686449345,22507300
2022-01-06,52.957008361816406,53.52624820853933,52.9307333892854,52.957008361816406,17902300
2022-01-07,52.83440399169922,53.17594857455708,52.59794927877914,52.79061348354063,12307900
2022-01-10,52.9219856262207,53.26353025618891,52.703046418215735,53.02707551065388,20954300
2022-01-11,52.939491271972656,52.9745223404872,52.40527916973886,52.921975737715385,19369600
2022-01-12,53.01831817626953,53.14967969356182,52.711801287759954,53.00955873733511,15753800
2022-01-13,53.333587646484375,53.45619305750553,52.88694983119658,53.01831468057461,14318000
2022-01-14,53.76271438598633,53.815261001511395,52.86068586766401,53.36862312141679,19729600
2022-01-18,53.333587646484375,53.58755456613667,52.93949643909718,53.473708593472395,21976700
2022-01-19,53.42116928100586,53.578805785488285,53.0358374593529,53.123411810399865,18654700
2022-01-20,53.20221710205078,53.80648799486211,53.17594547128619,53.421156267079795,23002400
2022-01-21,52.939491271972656,53.68388310380058,52.895704106702766,53.49121890846373,26643200
2022-01-24,52.51038360595703,52.851928266884684,51.29308203362617,52.457840329351235,30185100
2022-01-25,52.38777160644531,52.589195269931324,51.39816548519048,51.98492427947328,19027100
2022-01-26,52.19510269165039,52.85192027589471,51.85355808236286,52.36149861773703,19190200
2022-01-27,52.238895416259766,53.359863071820016,52.10753055754693,52.44031908307156,18893800
2022-01-28,53.28104019165039,53.324827360498084,51.61710104946344,52.01119225058633,19101500
2022-01-31,53.42991638183594,53.54376569162185,52.67676840372432,52.808129908172575,22045300
2022-02-01,53.035831451416016,53.54376864329419,52.685527405416124,53.342344986105694,20841700
2022-02-02,53.57878875732422,53.65760698451579,53.03582060375246,53.08836386138265,20225600
2022-02-03,53.95537567138672,54.10425272021037,53.06210335620387,53.36861689245667,19440500
2022-02-04,53.3861198425293,54.01666564358747,53.04457531387152,53.85027309752876,17403700
2022-02-07,53.94661331176758,54.05170652486125,53.29855520142395,53.75394910258945,17846400
2022-02-08,54.29691696166992,54.58591828454049,54.06922168304957,54.148039921946385,18771700
2022-02-09,53.45619201660156,54.57715957067812,53.333586607967796,54.445794723858036,23595600
2022-02-10,53.75394821166992,54.55964278755364,52.72055501860393,52.86067595965965,23561500
2022-02-11,52.79937744140625,54.27940520740493,52.67677202585864,54.095497084083505,22781400
2022-02-14,53.14091873168945,53.23725250666852,51.91485797135972,52.68552483044546,23641300
2022-02-15,53.34234619140625,54.104253666812724,53.097135358113825,53.38613336295889,13408700
2022-02-16,53.333587646484375,53.77146602341529,53.03583021654148,53.29855657455065,15484700
2022-02-17,54.40201187133789,54.542132826714436,52.90446853436095,53.02707395272205,21468700
2022-02-18,54.769832611083984,55.01504345292761,54.28816702571379,54.40201300757138,21975000
2022-02-22,54.54212188720703,54.85739480875678,54.051700312126464,54.67348671810157,21731400
2022-02-23,53.9378547668457,54.585916188529055,53.71891559395556,54.50709795265874,19248500
2022-02-24,52.99203872680664,53.08837250247042,51.86231507417303,52.51913262742955,27207400
2022-02-25,55.04130935668945,55.085099865955954,53.35109859400462,53.36861412956185,21487800
2022-02-28,54.507102966308594,54.59467730722122,53.78022324189537,53.99040633713141,25879100
2022-03-01,54.27064514160156,54.953734315851264,53.86779451043813,54.41952218081116,15871100
2022-03-02,54.67349624633789,55.067587466955416,54.10425300091846,54.49834422153599,17319100
2022-03-03,54.70852279663086,55.19018831945599,54.55088632141584,54.83112820163216,21262800
2022-03-04,54.79610061645508,54.813616152675934,53.59631478167581,53.82401007105298,17163000
2022-03-07,53.49121856689453,54.35821579224056,53.17594563376996,54.305669189804284,29151400
2022-03-08,51.37189483642578,53.89407540896011,51.31059212639432,53.81525716167007,30242100
2022-03-09,51.634613037109375,52.40527985071079,51.37188670132948,52.38776431622592,23022700
2022-03-10,50.68879699707031,51.371886130659185,50.35600852704774,51.21424966279305,20887300
2022-03-11,50.72382736206055,51.53828137479725,50.67128409720447,50.75885843246243,19855600
2022-03-14,51.659244537353516,52.10047483910819,51.15624226265879,51.15624226265879,17799400
2022-03-15,52.6122932434082,52.850557978634825,52.04751907086494,52.13576713927457,18607200
2022-03-16,52.47110366821289,52.89468432965212,51.72101354476589,52.75349077583905,17347300
2022-03-17,53.02704620361328,53.071168550876095,52.268129711943345,52.471095202407746,15586200
2022-03-18,53.0358772277832,53.21237000944754,52.69171815501365,53.21237000944754,30197800
2022-03-21,53.4594612121582,53.91833773131029,53.16824761767189,53.38886275301492,17440100
2022-03-22,53.653594970703125,53.785965385431496,53.00057611938586,53.76831577237975,17559500
2022-03-23,53.30061721801758,53.81244257358203,52.94763166042021,53.60947705617546,15529200
2022-03-24,53.812442779541016,53.84774200869981,53.35356289943604,53.51240606433083,13151300
2022-03-25,54.297794342041016,54.36839279898517,53.87421369933521,53.93598566600149,12259800
2022-03-28,54.64195251464844,54.659602128597264,54.01540636790362,54.297793458445504,11485200
2022-03-29,54.85375213623047,55.180261623844665,54.48312029077437,54.89787449407237,14720600
2022-03-30,54.897857666015625,54.897857666015625,54.324260457257715,54.721364922428926,13641000
2022-03-31,54.712547302246094,55.27732144546462,54.712547302246094,54.90668967634725,16822900
2022-04-01,55.480289459228516,55.55088791349271,54.79197136175057,55.00376335822356,12644900
2022-04-04,55.18907928466797,55.409694404898026,54.46546195961894,55.242024759078646,11505800
2022-04-05,55.1273078918457,55.806802873157345,55.03905982304701,55.06553592684643,15721200
2022-04-06,55.68325424194336,55.82444778231681,54.97728654007609,55.39204403768791,19267400
2022-04-07,55.98329544067383,56.186260960897144,55.33909965049033,55.70973482774319,13960800
2022-04-08,56.32746124267578,56.51277715920887,55.736210895134946,56.01859801546728,12703500
2022-04-11,56.3098030090332,56.74221011442013,56.159782980761186,56.39804770826181,12720100
2022-04-12,56.971649169921875,57.19226430051499,56.3804022357658,56.812806006589256,18089900
2022-04-13,57.12167739868164,57.24522134363424,56.6804471002395,56.86576301766839,11883000
2022-04-14,57.37758255004883,57.86293855026908,57.201093131408605,57.324637070984714,16388400
2022-04-18,56.865760803222656,57.518779734348186,56.636319171828355,57.156967672047955,11679400
2022-04-19,57.42169952392578,57.580542669561154,56.86575188052134,56.918697351520215,11993800
2022-04-20,58.20710372924805,58.45419163429371,57.712927919156726,57.74822715311189,14827100
2022-04-21,58.42770767211914,59.12485226041989,57.995303921323696,58.22474553165235,15120400
2022-04-22,57.58055114746094,58.54242991963651,57.51877917798764,58.31299502310125,14902200
2022-04-25,58.189449310302734,59.301344726926956,57.1657918672194,59.12485531456615,25082000
2022-04-26,57.404052734375,58.56890021379416,57.39522624507917,57.81880347433777,21982600
2022-04-27,57.85410690307617,58.48947952577457,57.35993118881705,57.35993118881705,16971000
2022-04-28,58.410064697265625,58.48948291338311,56.91870424553486,57.05990116215201,22010600
2022-04-29,57.015769958496094,58.26886217606682,56.90987228121898,58.127672005669574,20137100
2022-05-02,55.98329544067383,57.633495707755394,55.22438220405094,57.60702296878012,24970300
2022-05-03,55.665611267089844,56.42452448725825,55.30379922190014,56.23038546178249,21686300
2022-05-04,57.38640594482422,57.46583089177524,55.542063342447655,55.595012184975104,19780200
2022-05-05,56.92752456665039,57.3864010306478,56.486294348998,57.0863677143108,20155200
2022-05-06,57.130489349365234,57.63349155154047,56.53924244608961,56.653959884256196,18984000
2022-05-09,57.015769958496094,57.67761529304049,56.5127677735479,56.89222603465892,20055300
2022-05-10,56.48629379272461,57.64231479714503,56.34509689279971,56.9186975166268,21322200
2022-05-11,56.751033782958984,57.53642310571137,56.44217394805178,56.7686867636048,19648400
2022-05-12,56.92752456665039,56.94517081299541,55.78032330769865,56.61866476082148,22574700
2022-05-13,57.995304107666016,58.06590256224616,56.58336867925913,57.19226183525508,16167000
2022-05-16,58.20710372924805,58.57773558681654,57.74822715311189,57.74822715311189,13223200
2022-05-17,58.04825210571289,58.330639203669996,57.368760465598434,58.330639203669996,21300600
2022-05-18,54.00658416748047,57.81880995497635,53.794792162793065,57.7305652500431,31437300
2022-05-19,52.947628021240234,53.79478926166339,52.64759132780043,53.79478926166339,31493900
2022-05-20,53.812442779541016,54.04188440275339,52.64759514785907,53.380039004465026,29133800
2022-05-23,55.471473693847656,55.683262352094644,54.35074833113726,54.40369717885902,19406900
2022-05-24,56.495121002197266,56.6451444113179,55.374399074915004,55.48911988807801,16154200
2022-05-25,56.53923797607422,56.89222348520771,56.12448050779025,56.47746601692375,15360500
2022-05-26,56.74221420288086,57.44817858021568,56.442174124717965,56.53924532065542,16159800
2022-05-27,57.07754135131836,57.20991176343521,56.601011907281,56.706909583502245,17709000
2022-05-31,55.93034744262695,56.75985910090104,55.63913386174115,56.54807046600197,43159000
2022-06-01,55.65678024291992,56.19508165536103,54.827268632827405,55.96564005350771,15408300
2022-06-02,56.23921203613281,56.248038527021244,54.80962684732082,55.75385939318701,14586000
2022-06-03,55.56854248046875,56.150966314787574,55.42734892567388,56.09801746936954,13539900
2022-06-06,55.480289459228516,56.27450523810275,55.29497356626439,55.886223838608444,15112800
2022-06-07,55.81563186645508,55.92152619382975,54.90669854332255,55.04789210192877,17886300
2022-06-08,55.49794006347656,55.78032715293499,55.206729850237394,55.58618813288209,10211500
2022-06-09,54.53605651855469,55.903869577448035,54.51840690514915,55.48028895467381,13382200
2022-06-10,54.191898345947266,54.615478975545145,53.35356021043664,53.83891280478924,14967600
2022-06-13,54.13013458251953,54.96847284504787,53.538884216446654,53.60948268190257,23064200
2022-06-14,52.64577102661133,54.12123907568246,52.139134632033006,53.97902541037348,24620000
2022-06-15,53.0368537902832,53.89902597894606,52.41467117025948,53.330171360272374,19684700
2022-06-16,52.5035514831543,52.90352843163091,51.77470610621507,52.121351664681185,15053800
2022-06-17,52.82353210449219,53.445718081009524,52.55688194045356,53.06351826931919,34781900
2022-06-21,53.952362060546875,54.11235285978558,52.45022659998806,52.876870991718796,17705000
2022-06-22,54.352333068847656,54.618983241312726,53.61459742136536,53.86347046358064,15207100
2022-06-23,55.001182556152344,55.027846555959854,54.42343769562317,54.48565595560128,17190900
2022-06-24,56.03223419189453,56.05001132255893,55.20561626452538,55.20561626452538,18147100
2022-06-27,55.916690826416016,56.25444956574276,55.66781775040756,55.97890909541813,12142100
2022-06-28,55.356719970703125,56.672197199703646,55.20561943733308,56.067791675582264,13150100
2022-06-29,55.75669860839844,56.094457339155404,55.4900484064919,55.5878209383406,11795500
2022-06-30,55.916690826416016,56.094458762411215,55.250063609415044,55.39227728008293,15514200
2022-07-01,57.2232780456543,57.285496314851635,55.83669559995199,56.10334580946079,15143200
2022-07-05,56.24555206298828,57.04550597665923,55.48115241006737,57.04550597665923,15921200
2022-07-06,56.36110305786133,56.965508551806586,56.16555800971842,56.52998071448593,13450500
2022-07-07,55.916690826416016,56.51221290340373,55.730036019409674,56.22778217142659,14828400
2022-07-08,56.12112045288086,56.36999351863125,55.89002451906139,56.02334792258143,11311500
2022-07-11,55.94334411621094,56.405539305025506,55.6322528307784,55.987788634679056,12702100
2022-07-12,55.703369140625,56.39666375835854,55.525604593625964,55.996686746327924,14731100
2022-07-13,55.44560623168945,55.99668375738256,55.09007037538609,55.40116509731183,13145300
2022-07-14,55.26784133911133,55.33005960878556,54.48566444666778,54.51233184127202,14433000
2022-07-15,55.5522575378418,55.9700115995314,55.17005773473019,55.774466567993166,21968400
2022-07-18,54.796749114990234,55.60558986274575,54.67230920787026,55.57003560356862,10780800
2022-07-19,55.57892990112305,55.68559269290984,55.04562950475397,55.18784316982847,10998200
2022-07-20,54.66342544555664,55.62337015405945,54.352334136675715,55.46337936930898,11010500
2022-07-21,54.53899383544922,55.00118910074097,54.0323574349766,54.45010817444622,11959600
2022-07-22,54.74342346191406,54.99229652094788,54.50343727328525,54.5567686676387,11644700
2022-07-25,55.27672576904297,55.37449830011067,54.49455230178379,54.707871105348566,14941700
2022-07-26,56.18333435058594,56.70774783452609,55.578925474497595,55.77447051989116,20118000
2022-07-27,56.00557327270508,56.16556407653258,54.92119530199148,55.89002699599518,12142900
2022-07-28,56.938846588134766,57.107727641442736,55.89890982902013,55.925573830851434,10837000
2022-07-29,57.03662109375,57.143283886056594,56.556652090935316,56.62775722849847,13734200
2022-08-01,57.347713470458984,57.80991213090651,56.912185594534776,56.96551360101618,12831500
2022-08-02,56.5655403137207,57.41882232872188,56.37888550868445,57.40993206716321,15241900
2022-08-03,56.814414978027344,56.97440578415031,56.27222768021219,56.4855464946152,11317000
2022-08-04,56.592201232910156,56.645532627431734,55.92557405927558,56.56553723096994,11795600
2022-08-05,56.334442138671875,56.556651199847686,55.70336582804526,56.556651199847686,10445400
2022-08-08,55.97001647949219,56.71663902152356,55.77447143090461,56.44109857948116,9165200
2022-08-09,56.04112243652344,56.272221750188216,55.86335451616001,56.15667209335582,7910900
2022-08-10,56.574424743652344,56.69886126751641,56.08556212755641,56.55664761300877,8857300
2022-08-11,56.19222640991211,56.87663070005665,56.06778988272966,56.609977123933035,8507800
2022-08-12,56.61886978149414,56.67219778646339,56.07667912669872,56.3788835872089,9489300
2022-08-15,57.329933166503906,57.49881420940767,56.50331525424723,56.56553351511464,9863300
2022-08-16,57.80101776123047,57.978789072337854,57.17883512555995,57.39215391760668,9569600
2022-08-17,57.66769027709961,57.96989811169308,57.56103427300478,57.62325253582078,8144000
2022-08-18,57.969905853271484,58.085452133565504,57.51659743148534,57.73880651140049,6532000
2022-08-19,57.925453186035156,58.192106756980714,57.73879839888607,57.96100744758003,8921100
2022-08-22,57.06328201293945,57.70324516963191,56.87663061309224,57.63213664527005,9087900
2022-08-23,57.1254997253418,57.214388770577656,56.601089621116905,56.72552614690864,8443800
2022-08-24,57.20549392700195,57.40103896080422,56.92995689643411,57.09883115003302,6844700
2022-08-25,57.481040954589844,57.51659521976303,56.796639998533365,57.205503876101,7913900
2022-08-26,56.094459533691406,57.596595053331264,55.97890986510955,57.53437678347367,10089500
2022-08-29,55.75669860839844,56.02334881030498,55.472271274279294,55.72114434397323,9115900
2022-08-30,55.241172790527344,55.91668683026304,55.098959130022926,55.91668683026304,8456800
2022-08-31,54.85008239746094,55.57892782760644,54.841195527130864,55.445604428808764,14633600
2022-09-01,55.10784912109375,55.14340338589353,54.476776178783524,54.734539512619975,14939700
2022-09-02,54.352333068847656,55.79224671267177,54.130124026686616,55.45448801920753,11809800
2022-09-06,54.378997802734375,55.081179199192874,54.21012014904374,54.476770325107196,12181800
2022-09-07,55.38338851928711,55.54337931715947,54.50343913098914,54.50343913098914,13290700
2022-09-08,55.214500427246094,55.374491204739996,54.52120931853306,55.17894955830142,17193500
2022-09-09,55.39227294921875,55.89002245296032,54.98340910184591,55.258946159986216,11855900
2022-09-12,55.5522575378418,55.827797955860156,55.34782563697943,55.49003928065068,13026900
2022-09-13,53.747928619384766,55.303392042324475,53.57904756345524,55.28561491061394,18532800
2022-09-14,54.03235626220703,54.29011958755906,53.72126154141075,53.89902946891702,12881600
2022-09-15,53.29819107055664,54.07711889803989,53.14598890230726,54.07711889803989,11451900
2022-09-16,53.30714416503906,53.53992494763096,52.92215780449908,53.41458118659214,20493500
2022-09-19,53.71003723144531,53.80851917551321,53.02959479285861,53.17284529329349,12596200
2022-09-20,53.62946701049805,53.745855712268316,53.11018173049455,53.43249626079164,11984600
2022-09-21,53.18180465698242,54.34571549374325,53.172849578842744,53.8443369941311,14165300
2022-09-22,53.05645751953125,53.477257393082745,53.00274071209003,53.31610014003586,11657600
2022-09-23,52.46555709838867,52.913215447062164,51.92836844612534,52.78787165589153,14824000
2022-09-26,51.811973571777344,52.43869590975997,51.65081630157147,52.36707235375846,18670100
2022-09-27,50.47795486450195,52.2596331270911,50.41528297076437,51.99999388819056,23829300
2022-09-28,51.01514434814453,51.25688026315922,50.05715576754677,50.7286432819113,21480100
2022-09-29,50.64806365966797,51.29269275385103,50.13773343189373,51.11362873709328,14570700
2022-09-30,50.1556396484375,51.14944168641344,50.13773290541356,50.91665744246415,16124600
2022-10-03,50.71968460083008,50.898745180931535,50.19144769266284,50.46004197817667,16277600
2022-10-04,50.83607482910156,51.758253238192104,50.54957379385841,50.988280425215464,18861400
2022-10-05,50.35260009765625,50.71967971608994,49.699016064857446,50.58538087858634,14324900
2022-10-06,49.269264221191406,50.22725257027932,49.12601372269306,50.13772228947834,17192800
2022-10-07,48.803707122802734,49.32299239825835,48.57092630593901,49.23346210300965,11479800
2022-10-10,48.696266174316406,49.20659633004209,48.36500001006816,48.88428182845501,10239100
2022-10-11,48.7768440246582,49.43937975798869,48.561969970588834,48.758937284258835,14303900
2022-10-12,49.36775588989258,50.173542181548974,49.27822559764708,49.44833451905822,18377400
2022-10-13,50.021331787109375,50.209350847364604,48.579871678867214,48.77684240134345,16220700
2022-10-14,49.22450256347656,50.55852570010698,49.188689082477815,50.39736845097414,15997900
2022-10-17,49.86017990112305,50.334700018491766,49.75274286612108,49.806463091302945,13721400
2022-10-18,50.53166580200195,50.83607357133649,50.227258032667415,50.41527710737526,11823100
2022-10-19,50.10191345214844,50.62119869190915,49.89599105494176,50.415276294702466,10182300
2022-10-20,49.31403732299805,50.066099947922744,49.20659687769886,49.93180451434116,16905100
2022-10-21,50.10191345214844,50.236212301151824,49.23345871877446,49.242410381539266,15034100
2022-10-24,51.54337692260742,51.6866274434766,50.6480603133346,50.71073220275475,17416700
2022-10-25,52.77891159057617,52.92216210273526,51.704531041702246,52.85949021712575,28829900
2022-10-26,53.1728515625,53.52202448501827,52.69833486424304,52.83263030309375,15831400
2022-10-27,53.29819107055664,53.575740419869675,53.16389564245921,53.51306853701858,16026100
2022-10-28,54.399436950683594,54.53373581136451,53.24448109334776,53.3340113902271,12888900
2022-10-31,53.58469009399414,54.229319054099406,53.42353285396782,54.175598835636855,14016400
2022-11-01,53.396671295166016,53.97862834033555,53.15493544941996,53.74584415612328,10659500
2022-11-02,52.6535758972168,53.924923960752594,52.61776240984229,53.396686975746086,14549200
2022-11-03,52.626712799072266,52.82368355949812,52.01789718990332,52.026852269211076,9194000
2022-11-04,53.05645751953125,53.351913621904416,52.42973866363958,53.0922710013998,9725900
2022-11-07,53.262386322021484,53.51307387844834,53.0385571708227,53.05646049740022,8849700
2022-11-08,53.36086654663086,53.53097888184871,52.76995774327164,53.4951653991332,10081600
2022-11-09,52.617759704589844,53.39668423044655,52.59985296182323,53.351919081211015,10115200
2022-11-10,54.50687026977539,54.65012077524628,53.432489771063004,53.94281991026313,16804800
2022-11-11,54.90081024169922,55.01720234879858,53.90700833073435,54.94557538585695,18972100
2022-11-14,54.37257385253906,55.25893874274686,54.354667111636104,54.900810755410824,16361000
2022-11-15,54.283042907714844,55.01720219906054,53.71899252985018,54.73070117879693,13295800
2022-11-16,54.184566497802734,54.64117650702058,53.97864406891138,54.42630241398705,14199500
2022-11-17,54.35466766357422,54.38152948288223,53.83538583356175,53.88910264145449,11212600
2022-11-18,54.739654541015625,54.94557694226347,54.43524677061409,54.60535910473833,10415600
2022-11-21,55.58125686645508,55.69764556685849,54.79337729224411,54.98139296092207,15399400
2022-11-22,55.82298278808594,55.95728163014285,55.554388519333536,55.93042322787604,12319600
2022-11-23,56.07367706298828,56.21692757585601,55.77822095905767,55.948333291149225,8990400
2022-11-25,56.12739181518555,56.23483225742282,55.84984587780967,56.163205295931306,5165500
2022-11-28,56.1363410949707,56.49446561935464,56.01099734066827,56.127386018028446,12267500
2022-11-29,55.93937683105469,56.01995545601231,55.49171856248156,55.975190312227305,10969600
2022-11-30,57.35499572753906,57.4181120953908,55.677895805572184,55.91232753765233,30433900
2022-12-01,57.517295837402344,57.80582878693869,57.192695409277945,57.354995623340145,12001400
2022-12-02,58.02223205566406,58.175513694226176,57.16565171859928,57.35500083902932,13643500
2022-12-05,57.228763580322266,57.52631168331386,57.03941103523586,57.174662361785565,9185100
2022-12-06,57.20170211791992,57.59843744467451,57.012353042650815,57.27383706445114,10099500
2022-12-07,57.29187774658203,57.45417795636938,57.03039369308197,57.21072764168836,12307600
2022-12-08,57.53532028198242,57.57138431516034,57.12055122439296,57.34596776977665,9946200
2022-12-09,56.93120574951172,57.56237280438906,56.886123125502706,57.35498998228062,13914900
2022-12-12,57.67958450317383,57.715651974540656,56.813982388286846,57.07546639632128,11647900
2022-12-13,57.69762420654297,58.337802971809495,57.52630541962266,58.23861913508379,17521600
2022-12-14,57.69762420654297,58.29272378731348,57.31892259718879,57.877958142445735,12826700
2022-12-15,56.90416717529297,57.607465868120954,56.345134969188265,57.33696663546283,12212300
2022-12-16,56.579559326171875,56.93120862663059,56.20086113785754,56.579559326171875,33631500
2022-12-19,56.66071701049805,57.17466658602451,56.327101403833446,56.65170185986792,10919700
2022-12-20,56.61562728881836,56.94022770420665,56.57955981164545,56.64267617690607,10286500
2022-12-21,57.52631759643555,57.75173764371732,56.868101514709544,56.868101514709544,10411300
2022-12-22,57.111541748046875,57.33695831581789,56.48939325924907,57.18367326114999,9666700
2022-12-23,57.544342041015625,57.5894246673547,56.985309907326425,57.25580910494482,6463300
2022-12-27,57.89598846435547,57.96812341457991,57.44515534420397,57.64352301773743,7320700
2022-12-28,57.31892776489258,58.29272904281229,57.246796247778555,58.12141024044639,7159400
2022-12-29,57.661563873291016,57.84189783152958,57.43614728538885,57.52631254471605,7169300
2022-12-30,57.35499572753906,57.63451008814416,56.95826034151778,57.63451008814416,7650200
2023-01-03,56.75989532470703,57.30991232823256,56.06561184809152,57.30991232823256,12180500
2023-01-04,56.732845306396484,57.102531813300864,56.36316223907628,56.940231594517925,13387900
2023-01-05,56.083641052246094,56.6246394226923,55.975442066073605,56.444305486015644,9814700
2023-01-06,57.165645599365234,57.409092476953276,56.42627949813927,56.723827592738004,9990000
2023-01-09,56.45332336425781,57.45417343261479,56.42627447795099,57.075471826400715,9442600
2023-01-10,56.020530700683594,56.56152912917249,55.83117815508677,56.444311541819054,10134600
2023-01-11,55.912322998046875,56.40824219030906,55.37132462050387,56.2459419891294,10823000
2023-01-12,55.19099426269531,56.06561168807303,54.97459627347,56.00249532125031,13907300
2023-01-13,55.389366149902344,55.416415040709275,54.63196625104959,54.73115010345407,13986400
2023-01-17,55.61478042602539,56.24594755534301,55.506581427725955,55.65986305535147,18327800
2023-01-18,53.92866516113281,55.53363014945989,53.81144757357217,55.461495191088986,19679400
2023-01-19,53.84750747680664,54.677038743858205,53.838488888487056,53.85652262554257,14894500
2023-01-20,54.17211151123047,54.181126660573256,53.5589781684047,53.847511101548136,14237700
2023-01-23,54.3073616027832,54.613928286693664,54.14506139132566,54.35244423050273,12613400
2023-01-24,54.595890045166016,55.768055467125535,53.919640366391256,54.172109252050774,10103300
2023-01-25,54.93852615356445,54.94754130285531,54.00079240645701,54.28031018864784,11265800
2023-01-26,54.8303337097168,55.09181434537334,54.61393226547992,54.8303337097168,11884800
2023-01-27,54.54179763793945,54.965578472745634,54.4335952021904,54.85737947658066,14087000
2023-01-30,54.677040100097656,55.15492210537955,54.51473990215593,54.58687485216725,15632000
2023-01-31,55.2901725769043,55.308206314133166,54.559821697261846,54.98360592318096,14344400
2023-02-01,55.2991943359375,55.524610904847236,54.65900866615009,55.12787554223242,12535400
2023-02-02,54.35244369506836,55.01967827333011,54.01882812572948,54.82131058581748,16947200
2023-02-03,53.94669723510742,54.478677058539205,53.40569538278164,54.415560691705466,15404400
2023-02-06,54.25325393676758,54.40653898029406,53.84750689593828,53.910623255159884,11330900
2023-02-07,54.16310119628906,54.31638627520336,53.68521909769069,53.802433254971994,14922700
2023-02-08,53.84750747680664,54.02783796819444,53.73028990573765,54.02783796819444,11012000
2023-02-09,53.757347106933594,54.38851424317334,53.73931336708855,54.235232613866756,12515300
2023-02-10,53.757347106933594,54.00981602518,53.09011593058794,53.8475158061588,14420700
2023-02-13,54.64097213745117,54.78523859660257,53.85652348078943,54.00980852840362,16191800
2023-02-14,53.73030090332031,54.91148512534506,53.70325201199247,54.28933310812991,20505700
2023-02-15,53.73030090332031,54.03686761684513,53.405700449048815,54.009818725517285,13171400
2023-02-16,53.39667892456055,53.93767732404504,53.15322861291734,53.40569407406558,16538300
2023-02-17,54.20817184448242,54.307355678395844,53.54094077201987,53.64913975466014,16814700
2023-02-21,53.91964340209961,54.30736018159253,53.84751188755279,54.09096219836815,14278300
2023-02-22,54.081939697265625,54.42457382543418,53.87455687851677,53.964722125074125,12409600
2023-02-23,54.18112564086914,54.47867371775543,53.92866018901607,54.10899068914894,12222800
2023-02-24,53.955711364746094,54.018827730386555,53.54996084306889,53.8114448947702,9736200
2023-02-27,53.93767547607422,54.370474868750364,53.86554396375344,54.26227588047728,8849800
2023-02-28,53.65815734863281,53.82947613850265,53.32454179719841,53.82947613850265,16082200
2023-03-01,53.07207489013672,53.36060780879838,52.63025692367022,53.31552518517944,13275800
2023-03-02,53.84750747680664,53.90160524838952,53.017972770171426,53.05404024428244,11758300
2023-03-03,53.59504318237305,53.811444605967466,53.3876603478697,53.69422702487116,13101800
2023-03-06,54.42457962036133,54.4426133595097,53.39668056599246,53.43274460470516,16282700
2023-03-07,54.10898971557617,54.61392404978093,53.874558005871236,54.54179253894239,13961200
2023-03-08,54.136043548583984,54.39752759176722,53.85652576729323,54.136043548583984,10851600
2023-03-09,53.61308288574219,54.58688424088228,53.450782659885505,54.58688424088228,13900900
2023-03-10,53.387657165527344,54.22620704264735,53.1892929319392,53.82947513588733,13745800
2023-03-13,53.92866516113281,54.88442928245831,53.42373077128891,53.45979825047436,21956000
2023-03-14,54.12702941894531,54.51474622123904,53.513896031112644,54.09998052934756,19496900
2023-03-15,54.48769760131836,54.53278023073245,53.41471588709272,53.58603125469993,21089900
2023-03-16,54.78752517700195,54.82386930957718,54.24237705224263,54.596723679932914,15658300
2023-03-17,54.53312683105469,54.832957279951124,54.18786448041464,54.79661661091071,27351200
2023-03-20,55.060096740722656,55.060096740722656,54.48769227549159,54.66032169843899,12904100
2023-03-21,54.805702209472656,55.19639300514036,54.40592711282161,55.03284785969957,13716500
2023-03-22,54.56038284301758,55.30542027597653,54.5422107756323,54.87838882330869,10494200
2023-03-23,54.442264556884766,54.869299463118125,54.26055082024427,54.59672539219002,15479000
2023-03-24,55.332672119140625,55.44170104173934,54.433173976292075,54.74209214529424,12975600
2023-03-27,55.74153137207031,55.85964805987764,55.37810047523023,55.55072989128174,12777400
2023-03-28,55.805137634277344,56.09588723415811,55.66885233361202,55.77788126733774,10925700
2023-03-29,56.204917907714844,56.286690477032245,55.959600199762654,56.0777169034361,9441000
2023-03-30,56.19582748413086,56.4138888139895,56.02319805305291,56.223087316592725,9870700
2023-03-31,56.359371185302734,56.55926044377174,56.213998124407226,56.386631017073064,14440900
2023-04-03,56.695556640625,56.80458558410452,56.20492119601571,56.60469629941905,12300700
2023-04-04,56.522918701171875,57.004469801840806,56.40480546705428,56.68646383483795,11433400
2023-04-05,57.05897903442383,57.25886828907591,56.78640498369551,56.813661348978215,12789600
2023-04-06,57.0953254699707,57.27704266644656,56.677378344253306,57.113497536215014,9644200
2023-04-10,56.95903396606445,56.95903396606445,56.35028537301698,56.777320244297314,7952600
2023-04-11,56.859100341796875,56.97721358340726,56.69555519775591,56.92270084603863,9913000
2023-04-12,56.95903396606445,57.26795214542249,56.61377512193324,56.76823247862872,9593700
2023-04-13,57.376991271972656,57.38607557274041,56.76823914150896,57.02264115461574,9871400
2023-04-14,57.286128997802734,57.376989332245955,57.04081129375709,57.286128997802734,8946000
2023-04-17,57.658653259277344,57.722253766531566,57.36790709298156,57.5314522447689,9452400
2023-04-18,57.749507904052734,57.785848571778025,57.413329866346785,57.70407600395325,9035700
2023-04-19,57.85853958129883,57.994828356121815,57.63139393390553,57.903968017583985,9769500
2023-04-20,58.11293029785156,58.14927442619998,57.64046702722266,57.813099903894226,10706400
2023-04-21,58.1947135925293,58.394595925525444,57.96756449494705,58.14928169343248,12931100
2023-04-24,58.10385513305664,59.04877835689574,57.80402122599659,58.83072048445879,15532300
2023-04-25,58.01299285888672,58.30373898972974,57.81310706016169,58.30373898972974,12818900
2023-04-26,57.74041748046875,57.94030674061217,57.5950444183555,57.749505246457375,13179600
2023-04-27,57.85853958129883,57.931224386161574,57.340647782519504,57.72225080647584,13795800
2023-04-28,58.28556823730469,58.29465600316459,57.67681616547543,57.79493285988418,13687600
2023-05-01,58.42185592651367,58.776202537277115,58.20379114147912,58.28556716885062,9091500
2023-05-02,58.15837478637695,58.27648803013831,57.48602213019011,58.27648803013831,10948400
2023-05-03,57.83127975463867,58.31282738920821,57.76767925444901,58.16745085624063,11084600
2023-05-04,57.89488220214844,58.08568370913512,57.704077229194326,57.91305426938061,11938300
2023-05-05,58.16745376586914,58.340086674419865,57.81311057992143,57.82219488070266,9039000
2023-05-08,58.076595306396484,58.20379630966099,57.79493693230149,57.976654136665374,7240700
2023-05-09,57.59504318237305,57.92213343160035,57.49509855444613,57.82218880367344,9067700
2023-05-10,57.69498825073242,57.82218924507693,57.23161270476783,57.53144312487029,10134000
2023-05-11,58.0220832824707,58.08568378488254,57.249786020949614,57.76768127282337,9581500
2023-05-12,58.249229431152344,58.32191770080843,57.876710714083586,58.022083787428286,8740800
2023-05-15,58.094764709472656,58.376426536619334,57.88579114712534,58.34917017030319,8150000
2023-05-16,57.440589904785156,58.05842631589771,57.38607370405145,58.05842631589771,9129600
2023-05-17,57.376991271972656,57.622305518344206,56.99538478634501,57.604136916808706,11583000
2023-05-18,57.05897903442383,57.277040354586745,56.850005479999886,57.249780523336945,13595100
2023-05-19,57.086238861083984,57.331553080542776,56.88634960644797,57.27704034998176,14251400
2023-05-22,55.88690948486328,57.12258227114376,55.82330898550772,57.04989747158052,15055400
2023-05-23,55.78696060180664,56.032274799120096,55.57798360029746,55.88690175413552,13932700
2023-05-24,55.31449890136719,55.81421854099236,55.169125852276835,55.76879011302041,11090100
2023-05-25,54.88746643066406,55.178212541437965,54.651236515397905,54.94198262617181,14463600
2023-05-26,54.75117874145508,55.09644105446258,54.61489344898137,54.92381163094238,12570300
2023-05-30,54.3150634765625,54.696669948085706,54.07883353968993,54.59672531349707,15634200
2023-05-31,54.20603561401367,54.76935583306081,53.942545838697264,54.44226555556008,59432200
2023-06-01,54.514957427978516,54.66941481035998,54.305983840420716,54.46044122280218,13402700
2023-06-02,55.568904876708984,55.71427793627919,54.587637591101895,54.760267016226784,15259800
2023-06-05,55.19639205932617,55.823312795461575,55.01467484906493,55.42353770566085,12915600
2023-06-06,54.79661178588867,55.41444816275045,54.6239788927858,55.37810403094278,10943500
2023-06-07,54.714839935302734,54.84204093232,54.35140554442436,54.52403497380962,16817900
2023-06-08,54.851131439208984,54.88747557560287,54.496784774287654,54.633073552780914,15585900
2023-06-09,54.94198226928711,55.123695987865176,54.66940475948599,54.76026508474204,12581500
2023-06-12,54.70575714111328,55.10553570060631,54.53312769603881,55.05101949722975,14208900
2023-06-13,54.9238166809082,55.12370248810821,54.55129796834817,54.7057553405467,13397800
2023-06-14,55.29633712768555,55.49622640712195,55.06010371272116,55.17822042020335,14099700
2023-06-15,56.05619812011719,56.12028299339418,55.24140173785522,55.48858774579374,15271400
2023-06-16,56.45901870727539,56.916769804921,56.285074547421,56.3949338329941,26738000
2023-06-20,56.08366394042969,56.724516186959065,56.06535696947962,56.385781346562425,13971800
2023-06-21,56.23929977416992,56.504796247262924,55.82732309046763,56.129440489303875,13948700
2023-06-22,56.623809814453125,56.85268536502466,56.38578077849877,56.58719238055813,15193400
2023-06-23,56.02873992919922,56.733677100042044,56.0104294646153,56.70620965698415,25112100
2023-06-26,56.04705047607422,56.11113535603002,55.287181910363955,56.0378934975868,12856100
2023-06-27,55.928035736083984,56.17522177656275,55.82732992414476,56.04705201313616,9068500
2023-06-28,55.40619659423828,55.88225818336625,55.29633730208997,55.73577796304718,11173200
2023-06-29,54.94844436645508,55.25055828689093,54.71956880852701,55.13154551127031,17142300
2023-06-30,55.13154602050781,55.250558797227725,54.81111814103048,54.930134410114285,19739200
2023-07-03,55.46112823486328,55.50690264909974,54.95759920117037,55.11323640041107,9694500
2023-07-05,55.87309646606445,55.93718133874572,55.07661055390907,55.18646983673928,14716600
2023-07-06,55.442813873291016,55.863944042445034,55.38788248465035,55.59844756922736,12603900
2023-07-07,54.71040725708008,55.38788038855527,54.682943309980935,55.21393623632143,14574000
2023-07-10,54.298439025878906,55.06746104595868,54.14280182929553,54.90267036362988,15480600
2023-07-11,54.490692138671875,54.52731306536042,53.868150354421886,54.43576074863907,15967700
2023-07-12,54.783653259277344,54.975907888274335,54.42660795046469,54.70125791936952,14241300
2023-07-13,55.25056076049805,55.351266569273285,54.91182589746098,55.03999565686073,11269800
2023-07-14,55.75408935546875,55.88225911383654,55.0125312633014,55.05830567809504,11634200
2023-07-17,55.67169189453125,55.93718488718246,55.37873146015733,55.62591398911469,10014300
2023-07-18,55.451969146728516,56.07451093527661,55.305488931326835,55.80901445349737,11152900
2023-07-19,56.43155288696289,56.56887960864651,55.552671646805834,55.63506698134328,12936000
2023-07-20,57.118186950683594,57.136497415450705,56.45902418852359,56.46818116708918,11563000
2023-07-21,57.1639518737793,57.383673922133625,56.98085424124141,57.18226233550578,12815100
2023-07-24,57.18227005004883,57.502697934946475,57.12734214982245,57.145649121655275,10251100
2023-07-25,56.990020751953125,57.1181905209704,56.8069195852009,57.03579517055012,13422700
2023-07-26,57.722408294677734,57.83226757183862,56.202674906558954,56.63296202295397,17145500
2023-07-27,57.1639518737793,57.92382031979274,57.10902398096332,57.72240873316489,11517100
2023-07-28,57.20057678222656,57.46607325721172,56.96254774792645,57.30128258255636,9721800
2023-07-31,56.697052001953125,57.173113569038286,56.51395086194133,57.173113569038286,15577900
2023-08-01,56.550567626953125,57.09071402943936,56.41324090895898,56.843528032468015,9281600
2023-08-02,56.724517822265625,57.30128521000602,56.35831902252299,56.35831902252299,11059400
2023-08-03,56.43155288696289,56.87099350704142,56.330847090043385,56.64211796581113,8037400
2023-08-04,55.580135345458984,56.66042817462042,55.49774001129028,56.46817355901464,9359300
2023-08-07,56.019588470458984,56.14776173517563,55.60761520000223,55.653389619790275,6982600
2023-08-08,55.77239227294922,56.16605849781094,55.49774231178991,56.019578285701726,7956100
2023-08-09,55.90056610107422,56.42240208046302,55.61675915922475,55.76323937287136,7904100
2023-08-10,55.77239227294922,56.51395031120673,55.65337950161055,56.16605849781094,7870300
2023-08-11,56.00126647949219,56.028733919603944,55.56182585370421,55.69915257717205,8483900
2023-08-14,55.735774993896484,56.28507491773976,55.61675872986373,56.13859470522397,7176300
2023-08-15,55.36042404174805,55.75409030191115,55.26887171824264,55.56183216873183,7187400
2023-08-16,55.369571685791016,55.68084256813863,55.29633332707823,55.42450307409837,8372300
2023-08-17,55.488590240478516,55.86394601184645,55.34211002463649,55.46112629137183,12873500
2023-08-18,55.799861907958984,55.92803166204915,55.2688689354553,55.42450613139613,11083800
2023-08-21,55.32379913330078,55.78155024081288,55.223093330869915,55.71746536515028,8648500
2023-08-22,54.985069274902344,55.461130888944055,54.911827414727874,55.24140880078476,9411500
2023-08-23,55.17731857299805,55.33295227224275,55.07661277119793,55.11323369773684,7749500
2023-08-24,55.03084182739258,55.735778992056574,55.01253136296915,55.177322050416,8955100
2023-08-25,55.287174224853516,55.45196489107906,54.939282430336974,55.305484686918966,7629200
2023-08-28,55.442813873291016,55.59844756922736,55.26886622211075,55.43365689566905,6254300
2023-08-29,55.387882232666016,55.506898494664156,55.06745786462912,55.44281362105678,8189600
2023-08-30,55.36042404174805,55.60761007666655,55.19563335180237,55.51605775316116,9447900
2023-08-31,54.774505615234375,55.360426542682006,54.756195149706116,55.20478933187386,14663500
2023-09-01,54.298439025878906,55.049150582103934,54.12449136544079,54.93013431323005,11262300
2023-09-05,53.84983825683594,54.307589349459406,53.71251153210343,54.24350447588122,12474600
2023-09-06,53.81321716308594,53.85899506609617,53.483635818648835,53.66673695359874,13923500
2023-09-07,53.40125274658203,54.16111786674849,53.37378530179136,53.96886321503503,17628600
2023-09-08,53.40125274658203,53.47449111717391,53.10828878712177,53.37378530179136,14312300
2023-09-11,53.90476608276367,54.005471875263616,53.30968830473496,53.46532548197037,14767400
2023-09-12,53.373779296875,54.01463155618385,53.27307349282254,54.00547807052629,12292700
2023-09-13,53.50194549560547,53.721667552791075,53.41039667565691,53.46532806304422,12641400
2023-09-14,53.94487762451172,54.06483814145252,53.695730483206134,53.74187158054057,12311600
2023-09-15,53.46503829956055,54.11097493206553,53.28971410048166,53.898739263684305,55727500
2023-09-18,53.797237396240234,53.843374975330754,53.178986092269646,53.50195266597493,13617400
2023-09-19,53.686500549316406,53.88028047205206,53.446579532535,53.76031996366135,11998900
2023-09-20,53.92641830444336,54.28629983134004,53.59422565819233,53.79723168866719,14766600
2023-09-21,53.0959358215332,53.90796705106343,52.98520141017507,53.861829473033325,15941800
2023-09-22,53.15129852294922,53.492724338207324,53.05902336859765,53.38198992889964,14644100
2023-09-25,52.59763717651367,53.04979385195015,52.357719678574966,52.96674481034228,12358800
2023-09-26,52.163936614990234,52.505362410795236,52.043979625182175,52.348490433249715,11194700
2023-09-27,51.62873458862305,52.16393679130613,51.37958746114131,52.06243201491676,13766300
2023-09-28,51.49955368041992,51.970162626673996,51.39804889277821,51.88711357497367,12484800
2023-09-29,51.65641784667969,51.924020715398854,51.32422166758988,51.80406020182278,12271600
2023-10-02,51.195030212402344,51.68409480761712,50.825926119435536,51.591819664393185,11792500
2023-10-03,50.64137268066406,51.148893012223354,50.549094016698945,50.899745899624186,13604200
2023-10-04,50.78902053833008,51.01048231575362,50.48450619428335,50.65060428738675,12100500
2023-10-05,48.3344612121582,50.70596842925818,48.20527459645179,50.51218850569855,29878100
2023-10-06,49.03575897216797,49.17417520763914,47.56856166047214,48.02071831228302,30298900
2023-10-09,48.79584503173828,49.044992161644046,48.08531511017104,48.86966444796702,15704700
2023-10-10,49.857025146484375,50.133857647566025,49.423327700261304,49.94930382020208,20909700
2023-10-11,49.56174087524414,50.087716999902334,48.92503386120304,50.03235331524664,21138900
2023-10-12,48.73125076293945,49.67247206180376,48.38059886256147,49.60787523377749,19330400
2023-10-13,48.80506134033203,49.29412587488273,48.57436999081632,48.666648642664995,14494600
2023-10-16,49.303367614746094,49.4233281315903,48.75893575531039,48.92503384938037,12816800
2023-10-17,49.89393997192383,49.921621815865336,49.100360924931415,49.19263960485595,16457200
2023-10-18,49.87548065185547,50.31840772344906,49.75552013660987,49.9216182284664,12809500
2023-10-19,50.152305603027344,50.53063933296107,49.700152460460075,49.97698141796041,16202200
2023-10-20,50.355323791503906,50.77056905906782,50.23536326530282,50.318412318815604,15686400
2023-10-23,49.903160095214844,50.650597899849416,49.87547473647468,50.17998904211917,21212700
2023-10-24,51.342674255371094,51.83173886679606,51.028933829911196,51.35190388204205,25290800
2023-10-25,51.785606384277344,51.87788505970212,51.26885988218474,51.45341019289122,16701000
2023-10-26,51.47187042236328,52.256223391639594,51.416506732345745,52.01630233465744,16228400
2023-10-27,50.973575592041016,51.80406255745804,50.84438544535379,51.259630688098085,13626500
2023-10-30,51.813289642333984,51.93324663540635,51.13966765934536,51.14889728654872,15014300
2023-10-31,52.12703323364258,52.33926891120755,51.813292771139665,52.200852655370056,16639400
2023-11-01,52.08088684082031,52.486905939299156,51.914788758728285,52.41308300500437,14110800
2023-11-02,52.680686950683594,52.73605415254919,52.00706850163983,52.13625511925489,13087200
2023-11-03,52.357730865478516,53.14208035486158,52.320819390194785,52.966756127371916,13958700
2023-11-06,52.5699577331543,52.856012818347665,52.35772206605,52.394630015058816,12673200
2023-11-07,52.76373291015625,52.966742451729075,52.348487720607785,52.52381190282997,10449300
2023-11-08,52.680686950683594,53.031338855689704,52.52381497210007,52.89292261106138,13744000
2023-11-09,52.28390121459961,52.72682830102605,52.0162983331946,52.62532351703991,12021100
2023-11-10,52.339271545410156,52.53305149727818,51.730246325202245,52.477684288142264,11678900
2023-11-13,52.533042907714844,52.68991136117637,52.22852858736547,52.24698432072645,12798200
2023-11-14,52.689918518066406,52.81910866914122,52.42231914816209,52.61609909466677,12697100
2023-11-15,52.791419982910156,52.91138049846557,52.366948644878946,52.87446902905291,10201900
2023-11-16,52.736053466796875,53.08670184717201,52.42231303378088,52.82832861530164,16010400
2023-11-17,52.837554931640625,52.91137786679419,52.320808465850824,52.7729616234169,14475800
2023-11-20,52.96674346923828,53.132841548248464,52.56072437829285,52.64377341779795,13051000
2023-11-21,53.548091888427734,53.55732151657208,52.902158721193814,53.02211572649625,13891600
2023-11-22,53.90796661376953,54.0187010242294,53.640367255337026,53.760324253227914,11320600
2023-11-24,54.0463752746582,54.21247334694388,53.83413963119784,53.94487050603128,4816000
2023-11-27,53.94487762451172,54.15711329597836,53.769553422884016,54.0187005641896,16246500
2023-11-28,54.055606842041016,54.28629822626945,53.85259729749722,53.88950876379085,13739600
2023-11-29,53.732643127441406,54.13865874432922,53.61268260787872,54.0556132154838,11263600
2023-11-30,54.35581588745117,54.374418577824436,53.57452063227588,53.909361962793916,22727500
2023-12-01,54.541839599609375,54.58834455179634,54.16979643401325,54.19769869570534,15371200
2023-12-04,54.47673416137695,54.8394777704546,54.355818442317556,54.4953368526246,14942200
2023-12-05,54.56044006347656,54.718561152179774,54.33721133474858,54.45812704398042,11891500
2023-12-06,54.504634857177734,54.62555057276079,54.14189125852905,54.46743302385257,14868500
2023-12-07,54.634849548339844,54.77436439595362,54.30930780770731,54.56973836173319,11587900
2023-12-08,54.513938903808594,54.64415419291264,54.29071015955842,54.63485462144829,11178700
2023-12-11,54.91387939453125,54.96038434085891,54.411617458752616,54.71855649109511,14524800
2023-12-12,55.26732635498047,55.26732635498047,54.78367059830855,55.06270385734247,12899000
2023-12-13,55.7416877746582,55.82539810971042,55.11851004746936,55.29523383707987,16196800
2023-12-14,54.91387939453125,55.84399251348429,54.66274842664193,55.77888487900557,22478300
2023-12-15,54.504634857177734,55.03479912414127,53.76054496916755,54.71856402632485,65177400
2023-12-18,54.89528274536133,55.33243709475221,54.523236037611596,54.69065670128894,16717700
2023-12-19,54.71855926513672,55.062700143128104,54.54183549279237,54.87667680028676,14612200
2023-12-20,53.58382797241211,54.56974580315517,53.546622588734834,54.411628244677765,17701000
2023-12-21,53.9372673034668,54.01167451621257,53.453608002268,53.80704847198606,11725100
2023-12-22,54.244197845458984,54.37441311689369,53.965164614084614,54.058174508509396,9029400
2023-12-26,54.46743392944336,54.60694878995837,54.00237729819227,54.00237729819227,6422500
2023-12-27,54.60694885253906,54.662756925669335,54.31861601161729,54.54184120793734,8560100
2023-12-28,54.6441535949707,54.75576619182421,54.43952754398887,54.55114368894286,8400100
2023-12-29,54.81156921386719,54.85807416259606,54.53253597339379,54.63484898945741,9244300
2024-01-02,55.63936996459961,55.695178032535985,54.56973839180362,54.690654098282344,16322600
2024-01-03,55.76958465576172,55.992813377061765,55.58356131269504,55.741682396136774,14830600
2024-01-04,55.58355712890625,56.04861367751795,55.490547238423865,55.85329077864501,12912900
2024-01-05,55.499855041503906,55.76028916006917,54.9603912100981,55.62077075554848,10412800
2024-01-08,55.90910720825195,55.97421485095256,55.26732680434535,55.50915823274797,11554600
2024-01-09,55.806800842285156,55.93701614322102,55.45335677681578,55.79750126997581,10493700
2024-01-10,55.99282455444336,56.188147507009,55.788198481412195,56.011427247273545,12258000
2024-01-11,55.63007736206055,56.04862550565887,55.518461212207065,56.039325933888065,13754200
2024-01-12,56.16954040527344,56.23464805101817,55.68588107395502,55.8812075592898,13218000
2024-01-16,55.79749298095703,56.20674151568808,55.66727415126504,56.16953613577608,11826900
2024-01-17,55.79749298095703,56.0021154742724,55.6393718903812,55.676577270293194,8982100
2024-01-18,55.955604553222656,56.02071218707181,55.36963230048037,55.51845025614985,10397700
2024-01-19,55.6486701965332,56.0672182659932,55.47194643128564,56.04861557764609,14392600
2024-01-22,55.40684509277344,55.87190171000209,55.28592937882588,55.58356533000418,14314300
2024-01-23,55.667274475097656,55.806792876529116,55.30453088909627,55.36963853027086,14481600
2024-01-24,54.792972564697266,55.630075926493234,54.77436987353507,55.620772806861865,16370500
2024-01-25,55.02549743652344,55.034797007471944,54.560440830890855,54.88597903559353,14899700
2024-01-26,55.22081756591797,55.332433700255756,54.99759239344269,55.10920497968033,13025100
2024-01-29,55.5556640625,55.61147213488224,55.034799364567185,55.19292046226663,14547100
2024-01-30,55.71378707885742,55.82539967936511,55.29523539182782,55.66727857622033,22061500
2024-01-31,55.33243942260742,56.22534730105129,55.14641606090649,55.89980553104953,22837000
2024-02-01,56.71830368041992,56.7462059416035,55.211521258800595,55.40684418328637,15870900
2024-02-02,56.30905532836914,56.615990846709316,56.02071895214624,56.569485895215394,17544900
2024-02-05,55.843997955322266,56.16023658850685,55.69517998371189,56.16023658850685,12759600
2024-02-06,55.7509880065918,55.85330103376786,55.50916011807609,55.76959069772386,12775200
2024-02-07,55.79749298095703,56.0021154742724,55.750984482016875,55.87190019268072,10259900
2024-02-08,55.6486701965332,55.77888546686298,55.258020837443866,55.70447471347453,12874800
2024-02-09,55.39753723144531,55.41613991912265,54.90457487824565,55.31382691094725,15235300
2024-02-12,55.52776336669922,55.58356789255513,54.839477980304835,55.49055798406156,13516800
2024-02-13,55.20222091674805,56.4206705724997,54.68135975858288,55.34173932588545,24195700
2024-02-14,55.14641189575195,55.42544514317799,54.91388359821355,55.03479575830134,15872500
2024-02-15,55.24873352050781,55.42545377684878,54.99760249427541,55.26733266487987,13695800
2024-02-16,55.23942184448242,55.45334745263531,54.8394728885139,55.20221646529925,13947100
2024-02-20,56.4578742980957,56.58808958381622,55.35103727327047,55.43474760667658,18339300
2024-02-21,56.96013259887695,56.997334429451904,56.57878633770719,56.72760430430758,14373000
2024-02-22,56.87642288208008,56.9694327816672,56.271847890463114,56.727604913880555,12982800
2024-02-23,56.92293167114258,57.31357753347656,56.73690831132143,56.82061864583592,13612900
2024-02-26,56.46717071533203,56.98803537722151,56.42066576561517,56.96013311701143,10336100
2024-02-27,56.1230354309082,56.53228399660083,55.9184093740116,56.30905879644143,9931100
2024-02-28,56.1788444519043,56.26255479040017,55.86260578959772,56.15093864033857,8076500
2024-02-29,55.82539749145508,56.402066710928025,55.71378489532171,56.13233301784696,18152700
2024-03-01,55.36963653564453,55.71378096728464,55.19291630855112,55.71378096728464,10927600
2024-03-04,55.63007736206055,55.760292655455636,55.0813103769665,55.0906099487373,10150200
2024-03-05,55.36033630371094,55.90910321593037,55.26732285785162,55.72307987231189,12310000
2024-03-06,55.388240814208984,55.80679246733405,55.23012327197302,55.36033855336741,12378800
2024-03-07,55.285926818847656,55.592865875094155,55.09990701905005,55.518455116694916,13686900
2024-03-08,55.36033630371094,55.61146728538087,54.84877476983523,55.15571027092059,13239000
2024-03-11,56.03002166748047,56.076526618639214,55.41614708712412,55.60216689175911,14114300
2024-03-12,56.2718505859375,56.504378894143855,56.002116896874035,56.1044299201809,12684600
2024-03-13,56.8485221862793,56.93223252267612,56.550886223112954,56.62529698795482,13909500
2024-03-14,56.72195053100586,57.003215686111446,56.62819667146417,56.79695647982361,13996600
2024-03-15,56.14067077636719,56.6750756634572,55.915656498206886,56.271927615093766,36849900
2024-03-18,56.375057220458984,56.628196934172514,56.06566304487116,56.15004294944234,15856700
2024-03-19,56.468814849853516,56.58132020463157,56.309432561958005,56.47819238236545,15030600
2024-03-20,56.956336975097656,57.01259143495167,56.40318063754778,56.421932124165785,15258800
2024-03-21,56.69383239746094,57.18136039818741,56.553198013537184,56.778212312519,13067100
2024-03-22,56.71257781982422,56.9938429811003,56.65632335697678,56.74070326300766,11502800
2024-03-25,56.62820053100586,56.91883966128216,56.36568326873214,56.70320290845497,13144700
2024-03-26,56.75946044921875,56.918842745234144,56.60945210971211,56.72195747022186,13277400
2024-03-27,57.218849182128906,57.59387175200729,56.90945860198748,56.9938385013861,12551200
2024-03-28,57.35948181152344,57.434484177350875,57.19072201781148,57.32197884036963,13683500
2024-04-01,56.89071273803711,57.47199455996118,56.843835806289796,57.35948920847151,11668700
2024-04-02,56.3938102722168,56.937589112831624,56.35630729659354,56.67507543643003,13017300
2024-04-03,56.093788146972656,56.61881544854755,56.04690764377753,56.30004733981411,13672900
2024-04-04,55.596893310546875,56.393815522573156,55.47501041666409,56.337561053900885,14320700
2024-04-05,55.79377746582031,55.953163335617425,55.23124709631716,55.55001525943051,10157800
2024-04-08,55.56876754760742,55.75627886563156,55.38125622958328,55.69065044079525,10284500
2024-04-09,55.99066162109375,56.00941310870297,55.43750525430369,55.765647346263655,10779100
2024-04-10,55.2406120300293,55.68126301260495,55.02497530439108,55.615634599431594,11861900
2024-04-11,55.36250305175781,55.66251972085454,55.11874084929702,55.456260496151046,11109000
2024-04-12,54.640586853027344,55.32500010329672,54.49995605108424,55.26874921311181,12250900
2024-04-15,54.50933074951172,55.13749311814953,54.41557688027306,54.949981803191335,12425000
2024-04-16,54.434326171875,54.73434283310394,54.31244328560052,54.61245994682946,11236800
2024-04-17,54.85622024536133,54.90310075294728,54.471823687928406,54.64058350109219,13805100
2024-04-18,55.23124313354492,55.29687155272884,54.884349549789846,54.95935192465121,11125900
2024-04-19,56.412559509277344,56.590696859433855,55.315624270122925,55.40937813490374,21207900
2024-04-22,56.76882553100586,56.843831477273895,55.99065850911701,56.38442899758309,15624500
2024-04-23,56.853214263916016,56.89071724287576,56.37506379986251,56.75008286001718,13689100
2024-04-24,57.706382751464844,57.80014019136908,56.10316808214901,56.55319306424746,19548300
2024-04-25,57.884517669677734,58.68143620477427,57.537620521311986,58.00639697171712,19048500
2024-04-26,57.884517669677734,58.06265143329871,57.51886903411812,57.70638032957627,10994300
2024-04-29,58.16577911376953,58.17515306852818,57.68762516203244,58.05327019778418,13409300
2024-04-30,57.91263961791992,58.90644692034786,57.631374479943794,58.25953316887447,19349200
2024-05-01,58.06264877319336,58.6626820299849,57.387609571062725,57.94076590025748,16729800
2024-05-02,58.11890411376953,58.50330064826232,57.86576440913081,58.29703787193142,10991300
2024-05-03,58.28765869140625,58.43767058011602,57.79075682773611,58.11890246956832,11628700
2024-05-06,58.456424713134766,58.484553733502665,58.034528748903455,58.409547781162466,9310700
2024-05-07,58.709564208984375,58.89707551262416,58.36267062196319,58.84082104858803,9807000
2024-05-08,58.925201416015625,59.03771034496545,58.578307826288686,58.925201416015625,10484400
2024-05-09,58.95332717895508,59.20646689038362,58.83144430090123,58.88769876226773,9113700
2024-05-10,59.30959701538086,59.40335445464424,58.86894956852512,58.99082887484659,8371700
2024-05-13,59.60961151123047,59.647110906848475,59.23458894320822,59.290843401355644,10137600
2024-05-14,59.159584045410156,59.778368790055566,58.87831890265867,59.60961256558894,10852200
2024-05-15,59.18771743774414,59.431479625750306,59.065834555500764,59.12208901880092,9838900
2024-05-16,59.36585235595703,59.750248921414084,59.13146411905686,59.290849979918924,10228000
2024-05-17,59.093955993652344,59.41272411111998,59.00957609266149,59.38459866961648,11539000
2024-05-20,58.66268539428711,59.07520738786933,58.559554001771424,59.00020501470916,11000900
2024-05-21,58.9814567565918,59.047085177880355,58.54080571952798,58.8970768468664,9796200
2024-05-22,59.06583786010742,59.084589348923245,58.74706970319999,58.79394663699915,7419400
2024-05-23,58.21266174316406,58.95332941846389,58.17515876749507,58.58768434689275,9834300
2024-05-24,58.12827682495117,58.52204730608707,58.10015138386441,58.33453959686824,8203100
2024-05-28,57.95951843261719,58.2501611113311,57.56574794192129,57.93139299084759,12347000
2024-05-29,57.847015380859375,58.01577519112371,57.256356044934215,57.63137864029507,11861800
2024-05-30,58.100154876708984,58.20328626886754,57.75325772554285,57.98764595263756,9433800
2024-05-31,59.00020217895508,59.093956035019275,57.837635050765066,58.11890377191838,19816600
2024-06-03,59.00020217895508,59.15021049454601,58.55017723218227,58.793939403837406,9369000
2024-06-04,59.94713592529297,59.97526494654582,59.00958295042863,59.253348726722585,11895600
2024-06-05,59.92837905883789,60.06901342303978,59.39397419723945,59.9940110515511,9632500
2024-06-06,60.14402389526367,60.340909158772384,59.85338118974078,59.92838356687141,8658500
2024-06-07,59.919010162353516,60.20965287055124,59.82525629595722,60.087766406570694,9523100
2024-06-10,59.61899185180664,59.99401445999756,59.412729059653564,59.94713395161321,15685300
2024-06-11,59.58148956298828,59.67524700435787,59.13146457385634,59.618992539536116,8396000
2024-06-12,58.95332717895508,59.71274273676025,58.775189839534725,59.71274273676025,9569600
2024-06-13,59.056461334228516,59.10333826598794,58.55018188767326,58.934578450469516,9668900
2024-06-14,59.098976135253906,59.23125144602451,58.6643562272271,58.938357144813004,8179200
2024-06-17,59.16511154174805,59.42966575746534,58.74938863738055,58.92890460885547,10532700
2024-06-18,59.174560546875,59.3540765144348,58.99504097508352,59.080075613239565,10651700
2024-06-20,58.749393463134766,59.278498333798964,58.532083499531275,58.95725673450857,13306300
2024-06-21,59.30683517456055,59.61862644142872,58.7493866872686,58.7493866872686,28278100
2024-06-24,60.44063186645508,60.52566290325324,59.439113161461144,59.51470111092414,13212500
2024-06-25,60.31781005859375,60.53512003147933,60.00601513821517,60.41229140185454,10235300
2024-06-26,60.51622009277344,60.57290745089822,59.74145802416044,59.90208061538824,9402500
2024-06-27,60.38394546508789,60.72408045066599,60.109944533937245,60.516224386639024,8494100
2024-06-28,60.138282775878906,60.52565837307145,60.01545416931082,60.37448969392363,17358800
2024-07-01,59.7886962890625,60.75242458925433,59.63752399974904,60.49731707101276,10033400
2024-07-02,59.665870666503906,59.88318060488616,59.39186976862695,59.76979868589674,8878200
2024-07-03,59.835941314697266,60.15717927984855,59.458008784517816,59.70366240617225,9154200
2024-07-05,60.242210388183594,60.270557669036265,59.52414294800602,59.8359378077648,11735500
2024-07-08,59.486351013183594,60.08159347222972,59.37297269858535,60.08159347222972,11235100
2024-07-09,59.23124694824219,59.74145476895587,59.13676562036112,59.580835790711724,11657500
2024-07-10,59.363521575927734,59.39186525140351,58.853313791975644,59.25958996020808,11930400
2024-07-11,59.618621826171875,59.958760348592655,58.95724537061077,59.184001982737044,11431600
2024-07-12,60.18552780151367,60.57290703101903,59.89262990438258,59.95876755789093,9201500
2024-07-15,59.91152572631836,60.41228326577856,59.85483476545746,60.27056126997392,8207500
2024-07-16,60.72407913208008,60.76187310884544,59.89263326863408,59.93042724539944,9025100
2024-07-17,61.61221694946289,61.78228623345557,60.85635907163384,60.9130464301435,12508200
2024-07-18,61.59331512451172,62.1791036380635,61.149244987811045,61.224832927773434,11128200
2024-07-19,61.68779754638672,62.01848577904673,61.2437274017592,62.01848577904673,13775700
2024-07-22,61.19648742675781,61.68780187126647,60.77131784188135,61.65000789796093,11794200
2024-07-23,61.376007080078125,62.39642273530485,61.27207545546448,61.82007725643402,11810300
2024-07-24,62.17910385131836,62.330279731761635,61.25317681322288,61.4988268062491,13244600
2024-07-25,62.424774169921875,63.199532698834304,62.22636119149526,62.39643048849868,16328600
2024-07-26,63.35070037841797,63.40738773389766,62.368078702144594,62.42476605762428,13530100
2024-07-29,63.14284133911133,63.331804008947664,62.727114815314856,63.190078402338514,12140200
2024-07-30,63.9459342956543,64.08765988186661,62.698762112218915,62.81214402288132,13258000
2024-07-31,63.05779266357422,63.87979527919749,62.93496766933917,63.77586366543606,15576800
2024-08-01,64.21048736572266,64.35221295742424,63.020002487277516,63.3034536706807,16495900
2024-08-02,65.50491333007812,65.82615132312392,63.955396309408115,64.74904820408413,22514800
2024-08-05,64.34276580810547,65.71277031691635,63.99318416774193,65.18366189592649,25484300
2024-08-06,64.29552459716797,65.04193209874468,64.03096679951894,64.39000592066832,12969100
2024-08-07,64.68291473388672,65.3631919496309,64.08767577434283,64.29553905787184,13365300
2024-08-08,64.9380111694336,65.06083617572104,64.10655817775454,64.24828377483286,15240900
2024-08-09,64.8907699584961,64.9947015873531,64.48449373890874,64.9096633417139,12080400
2024-08-12,64.40890502929688,64.75849388664318,64.0876670591383,64.67345564200713,11012300
2024-08-13,64.68291473388672,64.82464035524418,64.25774507827887,64.32388274045041,9877600
2024-08-14,64.7962875366211,65.0891818265888,64.37111073249712,64.46559927238924,14328000
2024-08-15,64.8624267578125,65.11752707968428,64.72070115301098,64.83408307854494,11285100
2024-08-16,65.36319732666016,65.47657927476627,64.85298937288033,65.04195207792539,12651200
2024-08-19,65.1742172241211,65.58993650594186,65.0513850110118,65.52379885598424,9843900
2024-08-20,65.55215454101562,65.56160483801585,64.97580896789859,65.18367225111648,11957400
2024-08-21,65.7316665649414,66.26076780053339,65.50490992232537,65.64663552713428,8792400
2024-08-22,65.50491333007812,66.06235827393903,64.9947054513018,66.06235827393903,12509200
2024-08-23,65.93953704833984,65.99622441308843,65.13643481105545,65.57105476054507,11834700
2024-08-26,66.93158721923828,67.00717516121664,65.8828351602559,65.97731648349739,12912200
2024-08-27,67.55518341064453,67.58352708949063,67.1300138110259,67.38511412910437,16988400
2024-08-28,67.7913818359375,67.84806918651385,67.36621228968951,67.65910654561756,13272600
2024-08-29,68.07483673095703,68.23545570535458,67.3000783273454,67.93311113829792,17201700
2024-08-30,68.4716567993164,68.56613811689805,67.81972345361692,68.21654931253727,18624200
2024-09-03,68.98187255859375,69.2464231618656,68.26380148652494,68.44332105665796,14755800
2024-09-04,68.55669403076172,69.47317803206711,67.94256180663702,69.25587170279739,18140800
2024-09-05,67.24339294433594,68.67008494385375,67.0638805636954,68.61339758243717,23866100
2024-09-06,67.21504211425781,67.71579964274505,66.97883518886093,67.07331651732703,17485700
2024-09-09,67.8858642578125,68.32048410569567,67.0638688272681,67.30007573645217,12939300
2024-09-10,67.60242462158203,68.42442010477255,67.5740737355554,67.9992505243956,10277600
2024-09-11,67.15836334228516,67.4323642757808,66.67649913451943,67.42291397918737,11418200
2024-09-12,67.30008697509766,67.44180537750384,66.76153542056211,67.08277341063481,12337800
2024-09-13,67.93270874023438,67.98978473048862,67.0479946018796,67.39045780128787,11073800
2024-09-16,68.5890884399414,68.7222705581294,68.13246610840575,68.27515605083495,10786500
2024-09-17,68.30370330810547,68.82691671413886,68.22759716464854,68.39883235848596,12974400
2024-09-18,68.25614166259766,68.8554612692366,67.79951201619512,68.3893237974063,10719700
2024-09-19,67.1811752319336,68.43689779431168,67.16214506369064,68.07539717652173,13635600
2024-09-20,68.15149688720703,68.30370918722227,66.9528504271738,66.98139567683812,48578500
2024-09-23,68.23712921142578,68.68423658515722,67.7139084174336,68.06589397501772,11613000
2024-09-24,67.8565902709961,68.32272770856723,67.16213439806315,67.75194613592564,13330600
2024-09-25,67.97074127197266,68.41785579589721,67.83755914883106,68.2180826111848,12329100
2024-09-26,67.9231948852539,68.1229681126423,67.39045902100193,67.40948919001964,10815200
2024-09-27,68.29419708251953,68.68422841702565,67.980264643458,68.05637079678485,11175700
2024-09-30,68.36078643798828,68.68422669469336,68.19906630963574,68.49396857402944,18015300
2024-10-01,68.21807861328125,69.20743665426735,68.14197247369441,68.58908697141592,13294500
2024-10-02,67.55217742919922,67.9517238307625,66.9813958186971,67.91367075567811,11155500
2024-10-03,67.08602905273438,67.53314358829654,66.7816117265042,67.40947654441231,9374800
2024-10-04,66.7530746459961,66.85771878374031,66.3249902700473,66.55330145336121,12684800
2024-10-07,65.64956665039062,66.68648572035055,65.51638451769635,66.63892482032081,14512000
2024-10-08,65.81128692626953,66.05862828379229,65.50686958542688,65.67810479326849,13549700
2024-10-09,66.18229675292969,66.34401688105886,65.70664419404478,65.8208034210147,9037700
2024-10-10,65.87788391113281,66.50574881558572,65.63054253138931,66.42964265906733,8635200
2024-10-11,66.18229675292969,66.20131966181698,65.64005312611619,66.07765260934444,8786300
2024-10-14,66.91478729248047,67.03846158212066,66.08715662368644,66.18228566795369,7659300
2024-10-15,66.91478729248047,67.74242521915535,66.74355936752792,67.02894650032968,10358700
2024-10-16,67.13360595703125,67.25727301703122,66.56282430320307,66.67697627923921,7937300
2024-10-17,66.49622344970703,67.24775529888633,66.19180612858592,67.19067206138263,14674600
2024-10-18,67.00994110107422,67.11458525447088,66.22035603740215,66.46769742341999,15087500
2024-10-21,66.06813049316406,66.90528355273305,65.93494837148377,66.59135115539468,11981200
2024-10-22,66.06813049316406,66.35352490126827,65.33562882392249,65.64004613888903,18603300
2024-10-23,64.69825744628906,65.35465298491465,63.33789095626586,63.727922246419446,24655200
2024-10-24,64.02283477783203,64.72679850472265,63.689872193575084,64.3557901042072,17568800
2024-10-25,63.661338806152344,64.40335566084268,63.537671749664725,63.80403603002717,11138100
2024-10-28,63.42350769042969,64.11796358954629,63.356916625408786,63.69938703348249,10761400
2024-10-29,62.367557525634766,63.109574312536644,62.329504452219076,63.06201341417826,16525900
2024-10-30,62.71003341674805,63.29984521948792,62.139251781322315,62.32000208139534,14177800
2024-10-31,62.12973403930664,62.776621800545875,62.08217313882082,62.60538659145661,13383700
2024-11-01,61.8443489074707,62.46269869728621,61.730189678342825,62.28194839897095,12163100
2024-11-04,61.93947982788086,62.23438210628995,61.50188032325104,61.9109418342132,10984500
2024-11-05,62.18681716918945,62.28194622787213,61.492361250830214,61.492361250830214,8780200
2024-11-06,60.59813690185547,61.701650696481785,60.103457803720765,61.28307412093801,22899300
2024-11-07,60.56007766723633,61.25452989910632,60.50299805939225,61.15940084830686,14856100
2024-11-08,60.80742645263672,61.11184382537287,60.636194855796305,60.79791499740055,14719300
2024-11-11,60.274688720703125,60.997682592973966,60.17004458427386,60.87401192001749,13980900
2024-11-12,60.12248229980469,60.645699372524554,60.04637615085733,60.57910830666608,15021000
2024-11-13,59.932220458984375,60.17955818477951,59.44705646152659,59.97978498752872,13177600
2024-11-14,59.50413131713867,60.03686346199125,59.38997572500627,60.03686346199125,15910800
2024-11-15,58.73357391357422,59.58023480625093,58.40061497704404,59.447052683215134,26284300
2024-11-18,58.84773635864258,59.11410063575587,58.56234554331532,58.83822127506504,16062100
2024-11-19,59.54218673706055,59.57072472898296,58.62893470613345,58.88578752025813,16254800
2024-11-20,59.92271041870117,59.941733327415015,58.999943301616774,59.64683106611744,18904900
2024-11-21,60.655216217041016,60.702784378830906,59.884661349645626,60.074923109981476,17292300
2024-11-22,60.80742645263672,61.340162298336985,60.550577242905426,61.11184382537287,19562200
2024-11-25,61.245018005371094,61.55895042144738,60.731316023791244,61.187942023496035,36805300
2024-11-26,61.4067497253418,61.492363704207385,60.94060498079947,61.17843126593576,14473300
2024-11-27,61.29258346557617,61.92995609474509,61.12134826960289,61.79677397097491,13263400
2024-11-29,61.42198944091797,61.584936155018625,61.12484679839508,61.36447324370041,10648400
2024-12-02,61.009822845458984,61.527424721388456,60.72226381007703,61.39323245499156,16500100
2024-12-03,60.88521957397461,61.42199234363512,60.41554294346349,61.076924395743745,24874500
2024-12-04,59.629554748535156,60.722267447759506,59.33241575698851,60.65517131054153,28137700
2024-12-05,60.31010055541992,60.50180536271587,59.524114136325096,59.87876930958537,21040400
2024-12-06,59.936279296875,60.73185298205284,59.91710845014558,60.223838341351176,15581100
2024-12-09,60.00337600708008,60.319689496448376,59.33241464744764,60.08964298995642,22348300
2024-12-10,60.300514221191406,60.42512288874293,59.22697246815301,60.09922582808388,14949400
2024-12-11,60.041717529296875,60.99065433822437,59.81167467992759,60.38678545981596,32819000
2024-12-12,61.19194030761719,61.26862003553026,60.59765870454703,60.91396852394412,17542100
2024-12-13,60.50180435180664,61.19194018395472,60.49222075701125,60.933139246899195,13429000
2024-12-16,59.955448150634766,61.211111146184,59.763743346178124,60.607242291908335,24559700
2024-12-17,60.77019500732422,60.9139708738822,59.73499121707398,59.859599893263024,21902400
2024-12-18,60.243003845214844,61.000235815736424,60.18549496310159,60.204665809294355,20946100
2024-12-19,59.85960388183594,60.549736131522586,59.81167858978991,60.09923399853147,21300600
2024-12-20,59.955448150634766,60.444295584822456,59.696647213088056,59.87876842273112,42458100
2024-12-23,59.79250717163086,60.15674231288044,58.9777625887544,59.90752860273781,13010800
2024-12-24,60.233421325683594,60.233421325683594,59.437847648573296,59.61996886242342,5019100
2024-12-26,59.97462463378906,60.137575012655795,59.81167791138769,60.0225499252915,7943800
2024-12-27,59.85960388183594,60.338864115227,59.62955736096345,59.85960388183594,8542800
2024-12-30,59.45702362060547,59.7541662828158,59.12154291848527,59.7541662828158,8972200
2024-12-31,59.67748260498047,59.84043298556429,59.23656406816725,59.44743974075853,9256700
2025-01-02,59.27490234375,60.1471557712255,59.06402668332784,59.763746144360695,12991000
2025-01-03,59.18863296508789,59.50494644291951,59.06402429293012,59.33241248345954,10403200
2025-01-06,58.28762435913086,59.0160982232764,58.143844842665224,58.94900209064977,17924200
2025-01-07,58.31637954711914,59.159878497832004,58.10550389532467,58.575180486194625,17799600
2025-01-08,59.15029525756836,59.2078078000846,58.40265048718362,58.460163029699864,14412400
2025-01-10,58.536842346191406,59.092785950491574,58.21094525385189,59.025689812933315,22425000
2025-01-13,59.0927848815918,59.284486038881944,58.19177335388124,58.59435382841398,18016200
2025-01-14,59.46660614013672,59.49536058189698,58.75729943950752,59.10236736649118,16658300
2025-01-15,59.20780563354492,60.02254651215287,59.121538651159895,59.74457837465902,16187200
2025-01-16,59.66789627075195,59.71582156055991,58.77647198575603,58.872322565371945,12585500
2025-01-17,60.10881042480469,60.16632296227929,59.59120855692823,59.72540447770229,17948900
2025-01-21,59.83084487915039,60.607247761862816,59.71582344868145,60.290937913956874,19817100
2025-01-22,59.21738815307617,59.706235596533524,59.10236673080712,59.54328522989271,18191900
2025-01-23,58.977760314941406,59.40909523554462,58.82439719388973,59.23656126730334,16528400
2025-01-24,59.35158157348633,59.43784855597835,58.891492219017266,59.15988041813976,19244600
2025-01-27,61.22069549560547,61.5178381289991,59.87876916079839,60.26217511797253,20742900
2025-01-28,59.7733268737793,61.38364128055388,59.696643494187754,60.87562303192186,14956000
2025-01-29,60.22383117675781,60.73184575702298,59.95544301094015,59.96503026139687,11325600
2025-01-30,61.39323043823242,61.62327327122308,60.6072403988638,61.201521983298704,13201000
2025-01-31,60.84687042236328,61.27820530437322,60.760603445961294,61.0577460661159,12096800
2025-02-03,60.722267150878906,60.990655354903836,59.84043011948833,60.55932043456487,12067900
2025-02-04,60.070472717285156,60.99065509558427,59.76374647667385,60.97148424848791,15678000
2025-02-05,60.50180435180664,60.664754715048275,59.993789728955974,60.11839840008605,10686800
2025-02-06,60.731849670410156,61.096088425477326,60.30051478368126,60.981063351372995,13423400
2025-02-07,61.19194030761719,61.26862003553026,60.64558399155083,60.798947103841996,13184700
2025-02-10,61.87249755859375,61.96834814036614,61.0194112923721,61.44115897122205,16154300
2025-02-11,64.79597473144531,64.86307086398111,63.65534047833685,64.70012415824132,30589100
2025-02-12,65.85994720458984,65.965385051872,64.09627287356368,64.09627287356368,26033800
2025-02-13,66.61717224121094,66.72261007727465,65.90786914554384,66.13791200925978,24393100
2025-02-14,66.0133056640625,67.12518557727341,65.9078678301032,66.48297863437992,20779100
2025-02-18,66.18583679199219,66.49256302861882,65.58196425746483,65.70657659020493,15569100
2025-02-19,67.16352081298828,67.2210296940057,66.30085103307741,66.33919272473233,16032300
2025-02-20,67.134765625,67.16352006518855,66.5404803803604,66.81845215706619,13398000
2025-02-21,68.39043426513672,68.63006438331375,67.22103811836391,67.40315934831631,21662300
2025-02-24,67.66194915771484,68.75466910336696,67.41273912774668,67.90157924932811,21418400
2025-02-25,68.52462005615234,68.79300459302233,67.79614983119954,67.92075484819485,21555600
2025-02-26,67.86324310302734,68.32332877170428,67.60443851558294,68.31374152066898,14531200
2025-02-27,67.93034362792969,68.57255054316413,67.49900505860138,67.78656410482026,16789500
2025-02-28,68.25623321533203,68.60130112621164,67.63319352552551,68.48627605160847,22167400
2025-03-03,69.3201904296875,69.35853212069162,66.8376262688414,67.32646637505191,21717600
2025-03-04,67.2785415649414,69.63650060323283,66.98139530194152,69.08055707935378,25411900
2025-03-05,67.1731185913086,67.80573832043225,66.94306840532627,67.0005846082874,23933600
2025-03-06,67.53734588623047,67.6044420210971,66.56923824350044,67.48942425442873,21694000
2025-03-07,68.46710968017578,68.84093203593918,66.76094460762899,66.76094460762899,28393300
2025-03-10,68.48627471923828,70.18285980021172,68.36166970887308,68.97512213562908,25251200
2025-03-11,68.09329223632812,69.05181266649109,67.68112815884083,68.89844588745835,28076400
2025-03-12,67.03892517089844,67.79615723284107,66.84721668582571,67.45108927264111,18923300
2025-03-13,66.73218536376953,67.33605051509369,66.40628466175608,67.33605051509369,15746600
2025-03-14,66.78046417236328,66.87702206948198,66.02729489428864,66.15282679074875,14205100
2025-03-17,67.70744323730469,67.75571850954078,66.70322475189904,66.85771593670952,15634800
2025-03-18,66.99288940429688,67.77502532421624,66.91564750581092,67.69777605883488,12657600
2025-03-19,66.8963394165039,66.99289732620088,66.18180204447081,66.1914600455094,14780000
2025-03-20,67.3115463256836,67.40810423719846,66.71287548725715,66.92530731272771,16295300
2025-03-21,66.30731964111328,67.56259443630485,65.83418077635761,67.31153800388743,47479500
2025-03-24,66.57769012451172,66.70322203438347,65.97902667827829,66.43285694680758,12575400
2025-03-25,66.44251251220703,66.70322698521743,66.23973868147488,66.57769506602847,12513900
2025-03-26,67.61087036132812,67.92951806324355,66.52941008849358,66.54871872183894,14478200
2025-03-27,68.30610656738281,68.54750502875585,67.65916045895821,67.76537637131406,11663400
2025-03-28,67.94884490966797,68.86615616135613,67.137742208676,68.37370121314304,17412900
2025-03-31,69.15583038330078,69.46482010362061,68.06470467803386,68.29645249344576,24016900
2025-04-01,69.39723205566406,69.43585669335997,68.74062794862651,69.21376686833263,15309100
2025-04-02,68.87580871582031,69.8703691683548,68.60544362583768,69.48413016828124,14606500
2025-04-03,70.66214752197266,71.40565143228808,69.8317363475503,69.98623487623136,24959600
2025-04-04,67.52397155761719,70.49800209000591,67.38878902131731,69.9282979439744,26517300
2025-04-07,66.01765441894531,66.99289890686018,63.77747697339708,63.95128416171101,34258400
2025-04-08,66.06593322753906,67.5722647291822,65.42864508087597,66.58735482038897,22774400
2025-04-09,67.54328918457031,68.04540212930753,64.96515528442468,65.58313478033457,27918700
2025-04-10,68.3254165649414,68.75993081046681,66.60666084972253,67.77502841605788,22450200
2025-04-11,68.97236633300781,69.3779139662701,68.11298842909176,68.47026079185872,19988200
2025-04-14,69.957275390625,70.16005659331273,68.4895758981352,68.84684829466019,13930200
2025-04-15,69.3875732421875,70.13107725016427,69.25239069528264,70.12142661602554,14965500
2025-04-16,69.2137680053711,70.16970386163544,68.9337449026479,69.8703721231953,15276200
2025-04-17,70.48834228515625,70.90354788370354,69.25238348954446,69.42619065560834,20754500
2025-04-21,70.26625061035156,70.94217062340135,69.34893953815688,70.8552633592413,16037200
2025-04-22,71.35739135742188,71.8208723083377,70.41110608504866,70.48835536583358,15613500
2025-04-23,70.77802276611328,71.40565279186814,69.88967094307345,70.768364766163,16353900
2025-04-24,70.02485656738281,70.90355042927911,69.8124321273632,70.50765344968299,16893900
2025-04-25,69.43585205078125,70.41109646153511,68.68268271641372,70.1503893831395,16316000
2025-04-28,69.31997680664062,69.77380705183828,68.85648856112718,69.59999988063271,15997500
2025-04-29,69.86071014404297,70.20832450232723,67.8619312673565,68.74062516382395,16244100
2025-04-30,70.0538330078125,70.95183553483541,69.22342175198932,70.826303626253,21074700
2025-05-01,68.83718872070312,69.5613841320863,68.77925544519941,69.52275949278493,18034200
2025-05-02,69.18480682373047,69.34895602440594,68.65372721343091,69.03996626029449,12629600
2025-05-05,69.23307037353516,69.32963564406757,68.56681568161564,69.20410373913376,11932700
2025-05-06,69.25239562988281,69.42620282641609,68.71166540373346,69.21377098988688,12705500
2025-05-07,69.90898895263672,70.18901202408111,69.20410227391177,69.2523849081557,15018200
2025-05-08,68.72130584716797,69.9765806767391,68.68268121290009,69.71586623715483,14371100
2025-05-09,68.09367370605469,68.7020025342676,68.03574043361395,68.54750398523058,11228900
2025-05-12,67.13772583007812,67.9102037028684,66.33628132626484,67.73639654983533,21539000
2025-05-13,66.58735656738281,67.29224337812623,66.500456649743,67.19567809155261,14389100
2025-05-14,66.78046417236328,66.95426396703974,66.22041805542136,66.51009174677746,16286800
2025-05-15,69.14616394042969,69.2620378339884,67.20531858296833,67.30187647748635,19817100
2025-05-16,69.52275848388672,69.77381495225401,68.97237027389848,69.38757593174199,18441200
2025-05-19,69.45516204833984,69.6869024966736,69.17513896344255,69.5517199545709,13282800
2025-05-20,69.22341918945312,69.64827543545431,68.97236274847803,69.32963509267736,12137800
2025-05-21,69.37791442871094,69.60000424853749,69.11720733898919,69.2234232484415,12094400
2025-05-22,68.69235229492188,69.5131056704549,68.51854509106452,69.36826510609093,11101800
2025-05-23,69.30066680908203,69.50344799880062,68.25783105841015,69.07858435085139,12822100
2025-05-27,69.31031036376953,69.73517392316373,69.09787858407243,69.2716857341069,10666100
2025-05-28,68.7020034790039,69.42619886205688,68.60544556797612,69.2330756731049,8710900
2025-05-29,69.0302963256836,69.19445286488012,68.03573592458461,68.55715744268322,10291100
2025-05-30,69.61931610107422,69.97658848273461,69.14617717058081,69.14617717058081,28019500
2025-06-02,69.52275848388672,69.56138312262757,68.90477899782611,69.55172512121821,10202700
2025-06-03,68.71166229248047,69.31032576806793,68.04540017478838,69.24273449285978,20139800
2025-06-04,68.91443634033203,69.37791726699777,68.24817422049146,68.80822042653436,13565900
2025-06-05,68.47026824951172,69.00134048418063,68.39301896802996,68.92409120269888,13531400
2025-06-06,68.8951187133789,69.02065062685098,68.49922907147304,68.6344116191381,9524000
2025-06-09,69.30066680908203,69.35860744910008,68.64406270174976,68.89511916343761,12281300
2025-06-10,69.86071014404297,70.1890158677097,69.2910133366247,69.42619587963567,12265000
2025-06-11,69.59034729003906,69.8703703857992,69.2910155590421,69.78346310999267,12718500
2025-06-12,69.75450134277344,69.90899990303785,69.13652183550941,69.76415934451417,12806900
2025-06-13,69.06404876708984,69.90036426836417,68.78204212949082,69.79339316336805,17467200
2025-06-16,68.57781982421875,69.64753088439153,68.30553243409292,69.23909237992787,15045900
2025-06-17,67.70260620117188,68.51946829584377,67.66370694629117,68.44166978608237,15437000
2025-06-18,67.30389404296875,68.07213762938471,67.18719627895109,68.07213762938471,16227600
2025-06-20,66.94408416748047,67.64425594091952,66.88573899278538,67.18719895440934,40859400
2025-06-23,67.81929779052734,67.88736963299863,67.0705075233433,67.23582379516291,21822800
2025-06-24,68.2763671875,68.41251089720383,67.77069161135374,68.01380643857854,15216100
2025-06-25,67.71232604980469,68.09158451415576,67.5178371929539,68.0040667543552,12540400
2025-06-26,67.55674743652344,67.99435114525266,67.24556076338197,67.78040891635375,14454100
2025-06-27,68.39305877685547,68.61672024283682,67.55674325345768,67.67343361161315,23470700
2025-06-30,68.8014907836914,68.8403900433521,68.15966412820278,68.19856338786346,15429000
2025-07-01,69.69615173339844,70.4546687511552,68.94736138540848,69.03487915548418,21729300
2025-07-02,68.95708465576172,69.85174532904846,68.79176095497682,69.71560163612547,13050200
2025-07-03,69.38495635986328,69.4335822833149,68.5097416726539,69.08349640843115,9440500
2025-07-07,69.05433654785156,69.40442248725144,68.85012098641424,69.40442248725144,16984700
2025-07-08,68.30552673339844,68.73341112175684,67.9554408555187,68.73341112175684,17115500
2025-07-09,67.56646728515625,68.31525759142838,67.07051102453329,68.22773982622861,33704100
2025-07-10,67.84848022460938,67.92627874708911,67.25528689370893,67.3817039282819,14608400
2025-07-11,67.94571685791016,68.22773087423163,67.34278957274627,67.65397617364,12916700
2025-07-14,67.55674743652344,68.14994819146116,67.36225112876282,67.87766077987182,13983200
2025-07-15,67.44977569580078,67.63454533163889,67.24556013900492,67.59564607044796,12639800
2025-07-16,67.36224365234375,67.58591252662495,66.895467404076,67.44004216681327,13178300
2025-07-17,68.64588928222656,68.7431411346933,67.5956390167677,67.8873723163439,20464700
2025-07-18,67.92627716064453,68.75286603967888,67.90683124011649,68.50003197643797,14928000
2025-07-21,68.14022064208984,68.67507620743629,68.00407693805174,68.25691842524054,17811700
2025-07-22,67.74150848388672,68.32498249462814,66.79822191387204,67.53728553181637,22339900
2025-07-23,67.2552719116211,67.81929252576673,66.71068979485199,67.74150143989155,21030000
2025-07-24,67.19692993164062,67.63454102773488,67.08995882499147,67.35252696650302,12511400
2025-07-25,67.26499938964844,67.32335198528607,66.85656831655866,67.22610013231493,12574800
2025-07-28,66.21473693847656,67.00243385911216,66.18556435239269,66.8468368409659,13668800
2025-07-29,67.46920776367188,67.50810701687584,66.273087259564,66.45784943819044,16223400
2025-07-30,66.85657501220703,67.42060317111795,66.6426327850839,67.2066609439948,10448200
2025-07-31,66.02025604248047,66.75932712920695,65.87438567520516,66.273097517806,17193400
2025-08-01,66.96353912353516,67.13858207112519,66.38978435449438,66.71069766162186,16107500
2025-08-04,67.060791015625,67.17748880008959,66.4286910001739,66.82740286597131,10701500
2025-08-05,67.1483154296875,67.57619246254212,66.85657468154875,67.00244505561813,11993400
2025-08-06,67.59563446044922,67.87764849118918,66.73986569978335,67.216376003072,10783000
2025-08-07,68.49031066894531,68.77232476397133,67.4206068935446,67.54702393506281,15790800
2025-08-08,68.40277099609375,68.91818056231021,68.14993696656224,68.42222433330343,9232700
2025-08-11,68.8014907836914,68.90846189293951,68.0332470987619,68.36388709624019,10909400
2025-08-12,68.76258850097656,69.1029477339502,68.28608557481346,68.86955960552183,11061100
2025-08-13,68.51946258544922,68.82092251155821,68.2958011626179,68.74313142755416,10356500
2025-08-14,67.63453674316406,68.51947071024072,67.47893971815856,68.44167219773797,10722400
2025-08-15,67.99433898925781,68.45139595668844,67.65397978562038,67.81929605320511,12381100
2025-08-18,67.22610473632812,68.1207728777212,67.14831363560826,68.0527010275443,14094900
2025-08-19,68.19856262207031,68.28608781014285,67.33307450734513,67.39142710581851,13862200
2025-08-20,68.75286102294922,69.73504687164127,68.47085438985596,68.79176028044219,17530800
2025-08-21,68.71397399902344,68.95708881093178,68.39306066667838,68.65562139905826,8840400
2025-08-22,68.19856262207031,69.0640507367955,67.99434707560117,69.0057055575972,12999600
2025-08-25,67.0316162109375,68.29581620009569,66.8274006593243,68.17911841948447,13634600
2025-08-26,66.83712005615234,67.177479271804,66.69124970108037,67.13858001583317,17964200
2025-08-27,66.93437194824219,66.97327120854948,66.58428602475186,66.92464527834655,11562700
2025-08-28,66.47731018066406,67.00243902851135,66.39951166558859,66.98298569010511,16209900
2025-08-29,67.08995819091797,67.23582855490409,66.54538341259635,66.7787715434092,14601100
2025-09-02,67.15802764892578,67.43031502839942,66.38006476746892,67.06078321615301,24770100
2025-09-03,67.08995819091797,67.19692929655614,65.51457903383762,66.76905229327839,33581500
2025-09-04,66.37034606933594,67.54702091153418,66.23420236324857,67.20666164631577,16736000
2025-09-05,66.08831787109375,66.69124516875503,66.00080011556292,66.13694379257129,23978000
2025-09-08,65.57292175292969,66.01052540920429,65.31036104301985,65.99107949039693,21671700
2025-09-09,65.99108123779297,66.23419603533294,65.42705312687427,65.42705312687427,14120600
2025-09-10,65.95217895507812,66.21473965989843,65.35897828274484,65.92300636779525,16041900
2025-09-11,65.7576904296875,66.29253851091354,65.71879117335341,66.04942372328138,15128700
2025-09-12,65.16448974609375,65.85493485256897,65.09641790233633,65.73823708358144,18712400
2025-09-15,64.88031768798828,65.43887019959712,64.77252619660982,65.34087997366443,15986100
2025-09-16,64.90971374511719,65.1742955778558,64.7333283486831,65.01750523605885,18555900
2025-09-17,65.69364929199219,65.78183825049771,65.07630415392892,65.07630415392892,17372300
2025-09-18,65.12529754638672,65.69365132828905,65.01750605408886,65.45847328880967,17722900
2025-09-19,65.09589385986328,65.3898719830779,64.7235280498091,65.15468649403651,31192900
2025-09-22,64.88031768798828,65.2526835370025,64.75293114189328,64.83132631310944,13298700
2025-09-23,65.37026977539062,65.41926862155853,64.57653930545564,65.01749901626968,15072800
2025-09-24,65.11549377441406,65.43886823886022,64.63533644840827,65.07630366615524,14759300
2025-09-25,64.65493774414062,65.57605479413007,64.62553394924579,65.40947067059923,14395000
2025-09-26,64.35115814208984,64.99790705664735,64.18457401907035,64.74312650156337,17821600
2025-09-29,64.71372985839844,64.7725224953635,64.03758462860179,64.35115781937314,14818500
2025-09-30,64.98810577392578,65.30167896618386,64.63533499811362,64.74312648384371,13815000
2025-10-01,65.4388656616211,65.48786450927703,64.95870835452578,65.17429132233272,14877500
2025-10-02,64.77252197265625,65.31147939440201,64.53734395051924,65.19388664524624,14350700
2025-10-03,65.31147766113281,65.64464589397056,64.71372761875983,64.77252025369017,12249200
2025-10-06,64.77252197265625,65.16449032700093,64.51774142090602,65.15468906219432,14333300
2025-10-07,65.44866180419922,65.90922402189203,64.54713989681164,64.89010937503801,13328300
2025-10-08,64.79212188720703,65.52705971837518,64.7333217769151,65.33107181102581,12606700
2025-10-09,65.03710174560547,65.45846640495527,64.79212246635964,64.95870658196498,12705200
2025-10-10,65.69364929199219,66.04642007836401,65.04690035825222,65.18408816671072,17991700
2025-10-13,65.4584732055664,65.4584732055664,64.67453644006528,64.89992068990375,13690000
2025-10-14,66.15421295166016,66.21300559189413,65.40947377860472,65.52706653524768,14245600
2025-10-15,65.73284149169922,66.35998784361045,65.57605116563428,65.91902065868352,11193700
2025-10-16,66.23258972167969,66.74215077357337,65.81123256793798,65.83082761939214,15707200
2025-10-17,67.0655288696289,67.12432150338752,66.43838252228973,66.6343629522679,15541800
2025-10-20,67.0655288696289,67.26150929960708,66.55596778980696,67.05572760527774,17786800
2025-10-21,69.7896957397461,69.95627984931726,68.81957992240194,69.15274814154425,33651300
2025-10-22,69.38793182373047,70.18166980846195,69.09396116094165,69.92688925310526,18293000
2025-10-23,68.53541564941406,69.50553164479624,68.3198326557346,69.38793888201415,13989400
2025-10-24,68.31002807617188,68.64320381647156,68.25123543572047,68.50601600463493,15688200
2025-10-27,68.65299987792969,68.7117999965022,67.85926930086605,68.3786242451756,13800000
2025-10-28,68.75099182128906,69.47612842938857,68.54520263779597,68.64320033514493,12730500
2025-10-29,66.97733306884766,68.62359411504399,66.79115390148044,68.51580263469621,19789600
2025-10-30,67.59468841552734,67.89846034018632,67.01653340839866,67.0753260451263,14751700
2025-10-31,67.51628875732422,67.68287286775298,66.53637167079172,67.17331927227266,16742700
2025-11-03,66.60496520996094,67.50648713044556,66.3011933071436,67.418298181695,15660400
2025-11-04,67.28111267089844,67.34970656986725,66.79115411364286,67.09492602676555,12743800
2025-11-05,67.13412475585938,67.44769793881517,66.81075030826216,67.28111382078306,12850100
2025-11-06,67.6730728149414,67.7514679775491,66.55596791439153,66.92834119869096,15906700
2025-11-07,69.13316345214844,69.44673666618063,68.01605840989782,68.4080193203067,25108300
2025-11-10,69.10375213623047,69.24094741135572,68.04544732663392,68.60399978698393,15318000
2025-11-11,70.17186737060547,70.30905517284877,69.2409490730724,69.5545222605106,16160200
2025-11-12,70.0738754272461,70.4462412418629,69.90728383475697,70.05427289816534,13612600
2025-11-13,69.64270782470703,70.2306565880096,69.57411392692464,69.98567731361902,14002800
2025-11-14,69.73091125488281,70.20126732229785,69.18215254133207,69.97589055387915,13172000
2025-11-17,69.26054382324219,70.09347189783703,69.20175118715945,69.77009744703302,14772300
2025-11-18,69.7896957397461,69.90728100477325,69.15274814154425,69.56431152148734,12838900
2025-11-19,69.6819076538086,70.01507588916476,69.387929524586,69.77009660687074,12401500
2025-11-20,69.77989959716797,70.04448141524637,69.19195080035703,69.52511904395256,15396500
2025-11-21,71.48495483398438,71.72014033852818,70.05427665746251,70.24046331284934,26492500
2025-11-24,71.1321792602539,71.69073918877703,70.13266709990427,71.69073918877703,39818600
2025-11-25,71.15179443359375,71.46536766474036,70.69123211493375,71.33798110952239,17451200
2025-11-26,71.4163589477539,71.62214065138447,70.9362016392826,71.14198334291316,11795100
2025-11-28,71.65154266357422,71.75933414510548,71.2987719015036,71.53394991749256,7423000
2025-12-01,71.00025177001953,71.94758632563475,70.98051908409195,71.64167322861248,14388100
2025-12-02,69.73715209960938,70.85224088449384,69.50032221475122,70.85224088449384,19871300
2025-12-03,69.87529754638672,70.45751339427578,69.67794058058216,69.94437323728688,17001700
2025-12-04,69.52005004882812,70.39830135886356,69.44111177850974,69.89503882975501,17710000
2025-12-05,69.07598876953125,69.77661575217998,68.94770750071454,69.39176441704456,13978200
2025-12-08,69.32269287109375,69.4509741475746,68.57272284018585,68.91810129893102,17775100
2025-12-09,69.164794921875,69.69766772158269,68.90823239247449,69.44110519218218,13010600
2025-12-10,69.2832260131836,69.59900170709838,68.85890171867125,69.46085031155356,29789400
2025-12-11,68.19773864746094,69.756884226757,67.88196299470222,69.61873284921789,23124200
2025-12-12,69.58912658691406,69.68781260121206,68.12866693100831,68.1977426238054,18444500
2025-12-15,70.03319549560547,70.37857398144007,69.39177400552045,69.5003226051665,18660100
2025-12-16,69.44110870361328,70.35883287251339,69.39176569924918,70.35883287251339,17370000
2025-12-17,69.73715209960938,69.98385209220345,69.38190350797899,69.638473608309,13672700
2025-12-18,69.43123626708984,69.86543059913025,69.24374189122055,69.34242036795195,15524800
2025-12-19,69.13520050048828,69.83582754545967,69.10559770725773,69.13520050048828,36911100
2025-12-22,69.2832260131836,69.29309612106148,68.7404905388822,69.00692322209395,12828500
2025-12-23,68.94770812988281,69.33255946853012,68.77008385599288,69.27334635810989,9471000
2025-12-24,69.1845474243164,69.23389043495087,68.82929882807016,68.97732033128716,4515300
2025-12-26,68.94770812988281,69.23388098941024,68.8095567533779,69.0266463959675,5711400
2025-12-29,69.23388671875,69.49044927995605,68.92797362087204,69.07599511614383,9686900
2025-12-30,69.14506530761719,69.31281947552205,68.8786326602792,69.07598961914546,8610900
2025-12-31,68.9871826171875,69.2338825850155,68.95757229695229,69.14506668168093,8127800
