Date,Close,High,Low,Open,Volume
2021-01-04,340.0093994140625,346.4325336581142,336.0142913916523,346.3067750779154,4638400
2021-01-05,336.0724182128906,341.4701486499912,334.15707927286206,337.4073192090089,2990700
2021-01-06,336.1981201171875,342.4664774426378,333.30579057820785,338.9744034058841,3966800
2021-01-07,338.86163330078125,341.29273729778714,337.4281781476007,337.9802664714028,3100200
2021-01-08,342.7262268066406,343.82070837532575,338.50327425083225,340.31448340614037,3371500
2021-01-11,337.2538757324219,342.30977918242917,336.85676108778296,341.04093360368586,2403000
2021-01-12,332.13983154296875,337.0601214598138,325.46641437554854,336.16902997217926,4858100
2021-01-13,335.4424743652344,338.76466854916345,333.40851532626886,338.61936042506363,4125700
2021-01-14,316.6524963378906,338.5904563600305,316.42005052834713,337.72845011082956,8712200
2021-01-15,313.0978698730469,319.32572654961524,311.76124741381886,317.2433207805955,7911500
2021-01-19,315.693603515625,318.78332358191915,314.45384336312736,316.7105834123142,4625200
2021-01-20,324.3815612792969,327.3066120111035,318.78326619190267,319.61621650084186,5081000
2021-01-21,323.9263916015625,326.2702988079431,321.32095332299775,323.89733587778795,3484900
2021-01-22,318.6476745605469,324.61402885849145,318.5702024914716,320.0036870141513,3846600
2021-01-25,318.84136962890625,319.57748722909474,307.2573603090428,317.21419030468616,6257700
2021-01-26,317.39825439453125,320.1489710456001,315.57735037918167,319.62593850629077,3503100
2021-01-27,305.5721130371094,312.8460349492009,303.2766220920287,310.2890129214254,7449400
2021-01-28,314.08575439453125,318.6573750610177,311.85807028273854,316.8074153244685,6906400
2021-01-29,306.34698486328125,315.44178156468973,302.55989769539343,313.6208772938675,7627200
2021-02-01,311.45123291015625,313.34960882697476,307.59634008113767,310.82167263530505,4930700
2021-02-02,323.8586120605469,325.5923492122065,313.2819139098392,313.2819139098392,5686000
2021-02-03,322.35736083984375,325.43738615051046,320.66237445364317,323.3452851211283,4036800
2021-02-04,330.11553955078125,332.45947661585893,324.5269378681458,324.82719023837825,4537500
2021-02-05,328.1009216308594,333.50549354834476,326.7836893142479,331.75239578561644,2964800
2021-02-08,326.4349365234375,330.75472120968703,324.9820913566611,329.3115711359832,2652800
2021-02-09,322.9578857421875,325.65049167295115,319.6260242160056,325.38899011227863,2993300
2021-02-10,323.70355224609375,324.9239515382328,321.8051763369281,324.46872557673714,4246300
2021-02-11,332.0914001464844,338.600148786349,329.5537682182476,334.63872716944763,5110800
2021-02-12,330.28021240234375,332.3335626592253,326.11540043287397,330.5998254087303,3025100
2021-02-16,330.4835205078125,333.18582076062927,327.4422467002086,332.4109818379584,2916900
2021-02-17,326.72552490234375,329.67966142486637,325.28237469096683,328.3817898323842,2267000
2021-02-18,327.82000732421875,329.2631870977529,322.37668496118846,323.9748088898248,2393700
2021-02-19,322.6963195800781,328.34303187184764,320.59452374507833,327.8006386676308,4095800
2021-02-22,329.9508361816406,333.30205752113403,318.434602302435,319.62594601490116,4940300
2021-02-23,339.404052734375,343.14269385535596,327.7715950218158,329.9411679186249,6326600
2021-02-24,355.7727966308594,357.19658633714323,339.549355966744,341.7770404734555,7467400
2021-02-25,343.42364501953125,355.77283243964825,341.1378192718867,353.09958711595755,5207500
2021-02-26,342.7262268066406,348.09207728658146,336.20778330819195,345.8546682355493,4868500
2021-03-01,351.4916687011719,354.93008666997946,347.8886114991144,349.34145666835997,4382900
2021-03-02,351.4142150878906,355.0850494597372,348.0436034772555,350.6199859263517,3559200
2021-03-03,348.925048828125,353.94220135366646,344.27595521248026,348.68290791984737,3692300
2021-03-04,338.51300048828125,350.26168245914926,333.8445165349285,348.7797812359069,4572000
2021-03-05,349.5352783203125,350.41667484825587,335.5298552728335,343.7626468532022,4643200
2021-03-08,359.6566162109375,370.4367310395699,350.41654312200205,351.00735257831974,7213300
2021-03-09,364.6835021972656,375.14400526803837,361.0029728838634,363.21129638354694,5832800
2021-03-10,369.70074462890625,371.92842912590527,361.2742293332361,364.76106426793467,4509500
2021-03-11,372.2965087890625,377.25555005794195,370.5724666360815,373.38129537185273,3729700
2021-03-12,370.6789245605469,371.8605731993331,367.3180080717361,369.1583023472152,2467500
2021-03-15,369.75885009765625,375.66706442231737,366.7369363892251,371.2601118572245,4216200
2021-03-16,370.35931396484375,373.16814218883354,366.7853123034686,370.66926137722925,3445100
2021-03-17,366.7756652832031,372.9938567420279,364.05400387005363,369.8460249705432,3240900
2021-03-18,355.4627990722656,363.6762280678072,353.5644229175523,363.2403626761777,7205200
2021-03-19,345.3026123046875,354.7654678660976,339.13286701260165,353.3319831228369,12224300
2021-03-22,347.1331787109375,350.281010323726,342.8715049006514,344.75052059725,4140400
2021-03-23,344.10162353515625,348.0049341599875,342.3969714807498,348.0049341599875,3756300
2021-03-24,348.34393310546875,353.51605978050776,344.80868146834996,345.8547172716826,3550000
2021-03-25,347.0943908691406,348.1695116909491,343.0167469373521,346.7554173012606,2961800
2021-03-26,354.6298828125,355.08507931849937,346.02903350628594,348.6150817082265,2741200
2021-03-29,351.50140380859375,353.86470125092393,347.33656278104485,352.7895803330227,4054900
2021-03-30,346.9394836425781,353.1092288727526,345.87405780072527,349.43836465509264,2885800
2021-03-31,344.8570556640625,350.1357390722553,344.5955541347585,348.28577906156823,4372600
2021-04-01,351.8791809082031,351.9760431899903,344.07255983929105,345.81599223680587,3701800
2021-04-05,356.7413330078125,358.87215507797345,352.88643944673964,355.2690974979486,2180300
2021-04-06,357.9519958496094,359.0948936092029,351.10424526860703,353.428791601502,2661900
2021-04-07,359.4145812988281,362.2040493018217,357.39998194011963,357.5355950372007,2958300
2021-04-08,366.29949951171875,367.8219565243698,361.4606395215816,361.7030678512406,3528400
2021-04-09,368.5686950683594,368.8305366537933,363.0995263019006,364.6898410577362,2429300
2021-04-12,368.3358459472656,369.4025363500455,364.786692203451,366.6291413028178,2896600
2021-04-13,366.677734375,368.5880709655789,365.3879989747768,367.5795607387833,2652800
2021-04-14,366.86199951171875,369.4123506201847,364.22437774394825,365.58197065530675,2317400
2021-04-15,374.78448486328125,375.63783730452315,369.43167808635695,369.62563258420334,2942200
2021-04-16,374.4742736816406,377.315527121846,372.04998994222154,377.2185498536078,2725500
2021-04-19,370.58563232421875,375.9966194302164,369.77107671650407,373.2426372536666,3360900
2021-04-20,365.2231750488281,369.7614268134105,362.2461477067734,368.67535250325113,3135900
2021-04-21,371.49713134765625,372.4668445437643,365.26188259907303,367.1237153633535,2466300
2021-04-22,371.74932861328125,377.7033833149975,370.42082594091477,371.4778100349385,3713700
2021-04-23,375.337158203125,378.07175630641785,371.846185049272,372.7092439316436,2294800
2021-04-26,375.7348327636719,381.03916596986323,375.3760435592384,376.08391536475216,2255000
2021-04-27,377.28643798828125,378.6052341415393,374.4451845398856,376.46217559584125,2270000
2021-04-28,383.6671142578125,389.3399437655861,378.86705051531595,378.86705051531595,4065300
2021-04-29,377.1700744628906,380.5058912420584,372.1857329103839,379.6428320295919,4637100
2021-04-30,370.4886474609375,373.3396068259818,364.2339850677016,371.26440623520386,4043200
2021-05-03,367.90924072265625,375.15300066340114,365.43648350637875,373.7954078859683,3344100
2021-05-04,364.52496337890625,366.7552923348695,360.32608783495004,365.64983446062905,3321200
2021-05-05,357.96002197265625,368.1420127662918,356.8836247002392,366.48378152986317,2993900
2021-05-06,364.1080322265625,364.350460599294,354.6242354690365,359.89947922713964,3787300
2021-05-07,364.0304260253906,367.17231775112634,362.24615681479446,365.8341084448527,2935900
2021-05-10,355.24481201171875,364.6122472338707,354.34298563026226,364.4086157010623,3193700
2021-05-11,356.476318359375,357.7563471123886,348.38891239074036,350.0762337809141,3073100
2021-05-12,345.81915283203125,354.31385082268457,344.8688527363126,353.702926707836,3293200
2021-05-13,349.1162414550781,351.8508406105424,347.0798667923311,348.4471367767559,2626000
2021-05-14,352.8883972167969,353.66415607808904,350.5416778324371,352.03504471339335,2959700
2021-05-17,352.2969055175781,353.03389725330425,347.21561620698054,351.3271920098575,2511600
2021-05-18,352.07391357421875,358.63886380093754,351.88966562813374,355.8848808085481,3421200
2021-05-19,350.047119140625,350.21195383006045,344.6070121165265,346.5076419062916,3577900
2021-05-20,356.5635986328125,358.2218001193839,351.51137094215807,351.94775377229354,4087500
2021-05-21,356.4665832519531,361.2472622927963,356.3308091972604,357.9599498870792,2708700
2021-05-24,361.1019287109375,362.42072490576106,358.44492311099043,358.8715698379622,2351500
2021-05-25,356.0981750488281,362.43040270704097,355.7102955866657,361.8291851016934,3916300
2021-05-26,351.6665344238281,358.70666269386817,351.0847005051525,357.8242200093156,3101900
2021-05-27,351.0362243652344,355.3029570852674,349.62045119397436,353.50898151170173,5416300
2021-05-28,349.6591796875,354.3429111102169,349.5040516144736,352.49075530966354,3624300
2021-06-01,348.8931579589844,354.33323539005596,348.65072963296586,353.44111572255656,3119700
2021-06-02,355.7393493652344,359.92851815139215,351.88958617119044,352.5198939318,3531000
2021-06-03,350.8616638183594,355.58416272669797,350.77439317491604,352.35500095279093,2605900
2021-06-04,354.93450927734375,355.5260498752993,352.6847965454824,353.2763075501317,2295200
2021-06-07,353.05316162109375,360.1029953807571,352.27740291426403,356.66049583511784,2133400
2021-06-08,354.197509765625,356.5441995141215,352.22899283732625,353.94537482329116,3224200
2021-06-09,352.32586669921875,358.13446860650566,352.32586669921875,355.82654656848115,2520900
2021-06-10,353.2666015625,354.56604364072194,350.9974756177989,353.64480401660336,2460200
2021-06-11,354.4302062988281,355.73932515457017,352.78168187407135,354.4690031164215,2708300
2021-06-14,355.4192810058594,355.5259648492547,351.13316511839184,354.9150407818335,2515300
2021-06-15,356.970947265625,357.5818715370109,351.7538836320674,356.21457188041126,3562500
2021-06-16,352.80108642578125,358.19268980027215,350.3573900634564,358.19268980027215,3081000
2021-06-17,356.1659851074219,357.9696375336043,350.28952522560854,352.4907636323935,3824900
2021-06-18,356.29217529296875,359.16251919323594,351.03631468736677,351.1526755816153,5009400
2021-06-21,361.790283203125,365.0485348442718,355.108974847403,357.45566414758787,3094600
2021-06-22,366.59039306640625,367.28858776680784,360.7527005567624,362.66303677916,3582700
2021-06-23,363.7782897949219,367.2498506572523,362.95402750730125,366.55165584334236,2241800
2021-06-24,363.40008544921875,368.54926107704557,361.6061097958521,367.52136727219187,2788200
2021-06-25,368.1128234863281,368.15162030148866,362.0230256112888,364.0788425086083,3983900
2021-06-28,356.544189453125,369.3832140434849,354.06172570009824,369.3832140434849,4800300
2021-06-29,356.8544616699219,360.1418036601972,356.76719103212235,357.8338814829476,3394300
2021-06-30,354.0326232910156,358.95878340145606,353.2374512867892,356.80601870300245,2884900
2021-07-01,359.48248291015625,359.967339659632,354.52726113530207,354.9636144538457,3108500
2021-07-02,363.6716003417969,364.11766020142494,360.8788211291105,361.402474629815,2786500
2021-07-06,364.7286071777344,366.7843948953602,360.2485359075677,365.24255410714085,2740500
2021-07-07,362.5951843261719,366.6970523532464,361.1697046929894,365.37825656398064,3176600
2021-07-08,359.401123046875,359.7894594542882,354.9934292709049,356.7895184868808,2809000
2021-07-09,362.0710144042969,362.59528490455665,359.1099156567995,361.01278499159383,2404800
2021-07-12,364.61456298828125,365.1097088744831,361.2359744984981,364.07088616852275,2648300
2021-07-13,372.5269775390625,375.37160683892085,364.60479263731963,364.60479263731963,5161000
2021-07-14,379.410400390625,380.21622722334104,371.8183312403447,371.8183312403447,4140500
2021-07-15,378.8570861816406,381.8375911014681,376.15810812392834,378.7697127111736,3773000
2021-07-16,375.837646484375,381.9928679464724,374.0998065195168,381.69190505561863,2706500
2021-07-19,354.7991638183594,367.5659080592819,352.7797677325648,366.9833888180658,6814400
2021-07-20,363.4786071777344,365.6241895504929,354.62438007378057,356.30397076559757,3542200
2021-07-21,368.9834899902344,369.7990053886581,364.11949246331636,365.07094190889603,2393100
2021-07-22,371.0222473144531,371.70182858149093,366.06115888705875,369.21644016248524,4180300
2021-07-23,381.7987365722656,383.00258820500216,373.8668321654421,373.8668321654421,3720300
2021-07-26,381.3521423339844,381.43954542784263,376.9541667918728,380.25510017930964,2285800
2021-07-27,378.8958435058594,383.75984004557944,374.6435204260251,378.63372313290665,2783800
2021-07-28,372.2649841308594,380.3133877396915,371.18731868834004,380.20657818534403,3372600
2021-07-29,377.4783935546875,383.2355606108346,376.20657498756333,376.20657498756333,3774000
2021-07-30,374.6920471191406,377.6628631583076,371.9153844409457,377.6628631583076,2533300
2021-08-02,364.3234558105469,378.61445824806077,362.90598462578174,377.95425360757497,3430300
2021-08-03,356.8866271972656,365.6922971342879,349.0906556707189,365.6825790944793,6328500
2021-08-04,357.28466796875,358.498237771499,352.8381316197029,356.57593253780374,3203200
2021-08-05,361.10015869140625,361.1195651439567,356.3041280041484,357.4691669769566,2562400
2021-08-06,363.6145935058594,364.55632474425346,360.1874739816725,360.59524642257287,2038500
2021-08-09,359.8768310546875,363.5855074267839,358.13902045560985,363.28454449048917,2400800
2021-08-10,357.1195983886719,361.8865039817459,353.49829554318353,361.43991860404043,3225000
2021-08-11,353.6244812011719,359.1777771554125,353.14877137504044,357.80886702233147,3267700
2021-08-12,351.43035888671875,352.63421048033314,347.4207200831399,352.0031601974922,3802900
2021-08-13,352.177978515625,352.90612044225963,350.1197687435117,351.7022686045717,2304600
2021-08-16,352.9643249511719,353.2070388961338,346.2265834687756,349.9935086350913,2937300
2021-08-17,352.6439208984375,353.8380544281827,349.30417497396496,351.44975774052807,2812800
2021-08-18,350.4304504394531,355.0225799038598,350.08092690732497,350.65372833536884,2774500
2021-08-19,346.896484375,349.6440228874844,344.3819714022387,346.49842994064767,2727900
2021-08-20,344.6440734863281,347.8770397281794,343.032449384663,346.94499687515645,4135900
2021-08-23,350.48870849609375,351.68284232702956,346.35285275651466,347.05187021069463,3537900
2021-08-24,351.2362060546875,355.43031017267856,350.93524313044054,352.4497757905761,3032000
2021-08-25,348.6343688964844,351.8381816005034,348.0518494153432,351.411002622878,2340400
2021-08-26,342.57611083984375,347.7605060897165,341.5470062198881,347.5663231082232,3946300
2021-08-27,345.3625183105469,346.1100665539347,341.40141035400546,342.187801122346,3698300
2021-08-30,342.7606201171875,347.605210590138,341.9839473470841,344.4596177264349,4032100
2021-08-31,336.1394348144531,344.8674195081012,334.63459045571307,342.65386933413674,6780400
2021-09-01,339.382080078125,341.78978357786167,337.17821837891734,337.2559034372003,4499600
2021-09-02,331.33355712890625,340.32368835742017,329.4403770910738,340.2945638781377,7412000
2021-09-03,330.3142395019531,334.1102887756646,329.0521093378855,330.0229650203233,5171000
2021-09-07,334.6636962890625,337.8578201838137,333.0229476081463,334.83847285139274,4764300
2021-09-08,340.8092041015625,341.74121730742365,334.94522719051463,334.94522719051463,5054500
2021-09-09,341.16845703125,343.3334762379879,339.7218912990401,340.4888460865214,3716200
2021-09-10,337.2655334472656,344.6537301739851,336.9062919957671,344.5857631727696,3437700
2021-09-13,337.6829833984375,341.73143443682034,336.26551296783555,339.79944137970125,3234200
2021-09-14,335.7218933105469,339.68300120671546,335.1879345202889,339.4888182130771,3281900
2021-09-15,334.7024841308594,337.40146164300273,332.77049087533663,336.8869093354843,3833500
2021-09-16,336.21697998046875,337.54704733092353,334.64419874480217,335.34321591933843,3771100
2021-09-17,333.04241943359375,335.9161446293325,330.8385575573776,333.97443281066586,5527500
2021-09-20,329.78997802734375,331.1685765417949,325.83858818254913,328.459910447057,3956600
2021-09-21,327.5472717285156,333.1782224373624,327.450180241502,332.22680289785,2967300
2021-09-22,333.4016418457031,333.84822728212777,328.6735781593335,329.4114085264325,3238800
2021-09-23,343.7509460449219,344.44996345857015,335.13945919239376,335.6637000315025,4783200
2021-09-24,347.7216796875,349.4400836035415,342.4790648539374,343.71204092190527,3306200
2021-09-27,346.3721923828125,352.0225799116145,344.80912885982224,346.6440308054267,4158000
2021-09-28,340.94512939453125,345.62466141546713,338.8772018202746,345.13923352022067,3266900
2021-09-29,342.8965759277344,346.7702812418571,342.13930955892465,342.5276459686429,2808800
2021-09-30,337.5470275878906,345.6245523260438,337.27518923747965,344.40126493511514,4393300
2021-10-01,349.682861328125,352.59542894797244,337.0423285241282,339.6344971140173,5227300
2021-10-04,334.1685791015625,350.1391392772108,329.4502044943445,349.4401219142218,7901500
2021-10-05,333.2073669433594,338.4111687527386,332.93552854028337,337.4305950428528,4724100
2021-10-06,338.5277099609375,338.7121749324764,329.2268948411911,330.1006887603405,3712000
2021-10-07,344.0296630859375,347.90826211349923,339.2567352564124,339.2567352564124,3209200
2021-10-08,345.0503234863281,350.3092922676289,344.32126176431854,346.0612973805487,2336700
2021-10-11,337.4583435058594,344.97254989673206,337.2153229459868,344.0685205337493,2769800
2021-10-12,335.6990051269531,340.2289136514423,334.9991044608173,338.9165961942368,3042900
2021-10-13,332.79241943359375,339.7428027410998,327.57234163153566,336.58353490445154,3755700
2021-10-14,334.9602355957031,336.1559079673467,331.31492555904356,334.2409039081305,4083800
2021-10-15,346.0613708496094,346.6543269365754,338.03195988690334,339.25679333290356,4053600
2021-10-18,348.4332275390625,349.89135117969613,340.4524391190294,344.07828758608684,3280900
2021-10-19,351.99102783203125,352.1757258533344,347.62635787117154,348.3943112405058,2835400
2021-10-20,346.80987548828125,352.37018877760573,346.0613826156124,351.6022649338458,2796200
2021-10-21,346.2655029296875,346.4307700094198,337.5750829082812,344.7004643265002,2516300
2021-10-22,348.6568908691406,351.5439774744348,344.9921203584428,346.72242625775533,2774400
2021-10-25,350.78564453125,354.1296103977401,348.7734564866965,352.3409823216921,2447900
2021-10-26,347.3445129394531,357.09449886066426,346.84874139012976,353.23533029436857,3320100
2021-10-27,326.3475036621094,341.3175666498831,324.4810924061207,338.28467431630196,9652700
2021-10-28,323.73260498046875,340.7051556137679,319.6887385804468,334.5616173063201,9505100
2021-10-29,326.153076171875,328.70965763039845,321.866189227957,321.9925646864545,5843700
2021-11-01,324.7241516113281,331.38292275870236,323.58683168382163,325.89066249320535,5126200
2021-11-02,319.3096008300781,326.3960593545454,317.57929554304206,325.77394211596925,5375300
2021-11-03,320.23309326171875,320.3788996864812,314.31311509156285,319.32906376259155,3952500
2021-11-04,326.06561279296875,329.17628853459564,320.13590384739393,321.8273475022447,4819500
2021-11-05,339.0526428222656,340.38439101962314,331.48011230230486,332.8799133902607,7201500
2021-11-08,339.9081115722656,343.29093979320953,337.9542161925104,338.29445101138583,3862200
2021-11-09,335.0281982421875,340.4232734423111,330.1677861694281,340.2288450931603,4247800
2021-11-10,347.94720458984375,349.58029603333273,339.7428261013022,340.32608152129205,6337100
2021-11-11,344.4476318359375,349.599685723792,342.7270568784508,348.37485255693207,4472200
2021-11-12,353.3519287109375,353.6824331449081,345.9932583165259,346.11963376654967,4724200
2021-11-15,351.2716979980469,360.76896246931193,350.59125808607786,354.94619811820775,4693200
2021-11-16,359.2427978515625,360.71065188492634,351.89385669818563,354.58651448004366,4969000
2021-11-17,349.142822265625,357.72629615584907,341.4147559036275,349.54134991376776,11727300
2021-11-18,338.49853515625,352.36043969951754,334.9601409740547,350.659295496293,6533700
2021-11-19,330.23583984375,336.97236387287506,329.66231477767224,336.3405162350335,6954800
2021-11-22,312.330078125,331.94672443688063,310.83309251695516,330.313603381265,11378200
2021-11-23,319.815185546875,320.4859249354043,312.7092638886718,315.88796341190493,7116200
2021-11-24,330.5080261230469,330.8579615582767,315.9462206454208,317.8223622807411,6414400
2021-11-26,315.1199645996094,317.7445692797388,310.094285539722,312.60224507837023,6613900
2021-11-29,313.99237060546875,322.5564148605011,309.36524851876237,320.79694794916503,6362200
2021-11-30,306.1282043457031,311.8051620367842,301.4524606805619,309.12220510327296,10237600
2021-12-01,297.7293701171875,313.02993625538977,297.45718825573425,311.8245636783252,8008800
2021-12-02,311.2607727050781,313.20493735741314,300.36370846950945,300.94696379832965,6717600
2021-12-03,313.11749267578125,313.6813171616405,305.2339175169826,311.2997030727342,4732900
2021-12-06,324.0242004394531,327.3584654845696,313.0105203387815,315.683746832358,6055000
2021-12-07,330.0317687988281,332.86053268852913,327.8834449210623,327.8834449210623,4939500
2021-12-08,332.7826843261719,334.4255059508291,324.77273486554776,329.75952231010837,4226900
2021-12-09,334.9018859863281,336.85578150131965,329.54573104391284,330.5566755866051,3389600
2021-12-10,340.151123046875,340.4718972205126,335.2031969929569,337.3126290807077,3405900
2021-12-13,335.669677734375,339.7718655071218,330.82869805028474,339.44136114299243,4358300
2021-12-14,331.04266357421875,338.48881863570284,328.42775943343327,335.6795158059857,4518500
2021-12-15,336.68072509765625,336.9140153667535,326.16278703707155,330.50799629260115,4918700
2021-12-16,343.06732177734375,343.8935680562429,335.48506152062555,341.8813801037996,5369900
2021-12-17,339.55810546875,342.94096294717014,334.5129953696997,339.4414603256322,5898200
2021-12-20,327.6111755371094,333.9394409860408,326.8432518571401,331.7133641483211,5013900
2021-12-21,340.94818115234375,342.1730145040724,329.89560869738744,330.82879952148465,3105100
2021-12-22,347.5000305175781,348.60818903858234,336.9043085188062,336.9043085188062,3456400
2021-12-23,350.513427734375,352.3506775473488,345.0892214750389,347.5583188590024,2627000
2021-12-27,350.2510681152344,350.9995610138576,345.672567520933,349.949724892048,2677100
2021-12-28,350.70794677734375,353.97415962337925,348.40411584371816,348.773511965087,1920100
2021-12-29,351.2036437988281,353.0117027471286,350.1343472707798,351.67995466175904,1535200
2021-12-30,350.9120788574219,354.46990463775086,349.084558872002,351.8938917500499,1558000
2021-12-31,349.2886962890625,353.2353489253528,346.81959839544504,347.9569479904685,1984000
2022-01-03,360.593994140625,361.9257423411995,349.22061768991114,349.7455505155631,4708200
2022-01-04,364.9100341796875,371.7243117768136,361.27442575332566,361.60493021652195,6854500
2022-01-05,363.4615173339844,371.8214299268974,362.11033854414956,363.55873148407744,5976600
2022-01-06,360.1424865722656,364.25005882351434,356.7357333209064,358.86738987454794,4781100
2022-01-07,359.8017883300781,361.8847887636613,354.40937654936806,356.6286613647503,4551200
2022-01-10,354.21478271484375,361.0282900492179,339.4781254506065,361.0282900492179,6009300
2022-01-11,356.5313415527344,358.25417467091,346.603077196102,353.84486373056836,4131200
2022-01-12,357.5242004394531,362.2060510361759,357.2906039753533,359.11077906871293,5783100
2022-01-13,359.6752624511719,367.61786784744754,358.0789706666406,358.78950304509925,3892900
2022-01-14,362.22552490234375,364.7951750337272,354.44837289789996,354.6138568573707,4029900
2022-01-18,356.541015625,362.22545235914197,355.4703456123258,360.9114131473267,4933900
2022-01-19,351.11944580078125,359.46110137483674,350.1266016192306,352.7546801292387,4464800
2022-01-20,354.30230712890625,363.1306711966172,352.0343960900791,352.190107227953,5043200
2022-01-21,345.61993408203125,358.3222733825386,344.6757756652327,352.8422632719627,4867100
2022-01-24,340.11077880859375,340.7726551455424,321.78243031309347,333.4432703054148,7472800
2022-01-25,329.7347412109375,337.7941436669926,324.5078138900448,334.17325098647353,6994400
2022-01-26,335.47760009765625,345.318236048237,332.1584454735816,334.21221676837143,7438600
2022-01-27,341.1911926269531,350.0487567332593,325.4227804946485,339.779811586918,8416100
2022-01-28,372.3192443847656,372.5722973107475,345.9120323896784,349.48424025124945,8813400
2022-01-31,376.0860595703125,376.25151379171905,366.2648811556916,368.5911912722907,6345200
2022-02-01,381.6147766113281,384.9631308718861,372.23161991709065,375.48263242615513,5841100
2022-02-02,386.1797790527344,389.26533692322374,372.5527673155238,378.9185368300315,6115000
2022-02-03,379.6777648925781,382.47129761974486,376.1931265932297,378.1885283301552,4209200
2022-02-04,372.0174560546875,377.80891858997205,366.3817046663543,377.2443839948155,6045400
2022-02-07,366.10919189453125,372.2121365710619,363.3643148860404,372.0174827711285,4767500
2022-02-08,364.3960266113281,369.6521538257657,360.6680785729938,367.48158451510557,5825300
2022-02-09,371.2096252441406,378.10101818090124,370.4601500969954,375.32694127087984,5492800
2022-02-10,364.41552734375,369.8760516373802,360.6875494519208,361.816648331989,3995000
2022-02-11,359.9185791015625,370.752058458556,357.8453515010674,367.79304180373373,4345600
2022-02-14,364.1916809082031,367.2382966030004,356.98883669852415,358.993952066784,3678400
2022-02-15,371.3749694824219,372.8642058331167,363.4518221742831,364.60037733008176,5800400
2022-02-16,372.72796630859375,374.7428244679367,366.7418206378687,369.83709190308855,3424800
2022-02-17,363.7438659667969,371.1316490024813,362.2546295399123,368.513313825775,3972500
2022-02-18,360.0938415527344,364.8243476681249,359.1691394744427,364.53235211947066,4083800
2022-02-22,358.4780578613281,364.34740593256384,354.1076598554835,355.27570144066266,3897900
2022-02-23,351.6061706542969,363.60766341802326,350.53547076228784,362.0600275441555,3802500
2022-02-24,359.53900146484375,360.66810036802525,332.21683385682104,336.7234863835919,7425000
2022-02-25,359.2567138671875,362.66346699247146,352.0636134290149,357.43653909297484,3817900
2022-02-28,351.20709228515625,355.6261168670974,346.1845607027493,352.5405881883364,4952400
2022-03-01,335.3023986816406,351.94679791672394,332.1292418676651,348.31619132615117,5894200
2022-03-02,334.92279052734375,339.0401060511323,329.666662642518,333.82289110367833,4997900
2022-03-03,331.90533447265625,340.1886205470772,331.6230820402928,338.3684458422252,3975900
2022-03-04,321.94793701171875,329.8029143606171,315.3680267022342,327.92434034299083,4670900
2022-03-07,304.5832214355469,321.01348076474085,303.7947740678279,320.79934080038544,6874300
2022-03-08,305.9556884765625,316.0786381336294,297.4680032700373,303.09404252332223,5048200
2022-03-09,319.38800048828125,320.6728403189535,312.5550075644084,314.54066642048986,4015900
2022-03-10,315.9422912597656,317.4315279134193,311.2312417821649,313.36289832429105,3771300
2022-03-11,316.1369934082031,322.15233948537775,315.3972317285198,321.2373804724639,2987700
2022-03-14,319.8357238769531,327.9048705748481,318.541170717003,320.3321459968927,4122700
2022-03-15,326.074951171875,329.36490617821465,322.38591579507977,323.56370043881344,3738900
2022-03-16,335.4971008300781,341.59033273260604,327.7102351469131,332.87876486775104,4340800
2022-03-17,337.210205078125,337.63848504711206,330.6984365775423,332.49915512380136,3244200
2022-03-18,340.76300048828125,343.3423940181955,333.36547153671506,337.46333132857075,6790800
2022-03-21,336.3730163574219,340.67527142657184,333.36534395422757,336.80129621786307,6053800
2022-03-22,340.2178649902344,344.5006348087334,336.30497601277284,337.5411301406059,4669900
2022-03-23,333.06365966796875,337.49245674115974,332.6451228239347,334.25115771012275,2527800
2022-03-24,340.0426330566406,340.1399748003563,331.62309205450634,333.131785116245,2482700
2022-03-25,339.721435546875,342.17431698550484,336.4412234815653,341.0744175727265,2173800
2022-03-28,341.1523132324219,341.22045543695236,334.3777483343202,339.22508296653785,3134600
2022-03-29,357.7578125,360.88231386622317,347.5862366217561,349.1630722322422,5512400
2022-03-30,352.58917236328125,358.4682626662134,350.0389793010319,354.3120349362028,2614200
2022-03-31,347.8586730957031,354.4190962519356,347.83918692557194,350.00004278866885,4095700
2022-04-01,354.27313232421875,358.08870896827943,348.62766748929874,349.64968156482604,3806800
2022-04-04,357.1347961425781,359.9088724518234,353.47496046696864,354.54566023425116,3027200
2022-04-05,353.6404724121094,357.83564345138547,352.2874903934381,353.6307293256484,2215900
2022-04-06,344.1307678222656,347.5764640483244,340.2665347137754,346.9729867379285,3864500
2022-04-07,340.70953369140625,343.97481493086144,337.0641313934121,342.29831418899477,2848500
2022-04-08,343.3607177734375,346.8891892273686,336.90814915849955,338.5164130080683,2235100
2022-04-11,338.5846862792969,342.610239514277,337.0738991128865,341.77200398859395,1809200
2022-04-12,337.0544128417969,345.5149108873969,335.7678193680186,341.14820317824086,4038500
2022-04-13,346.1581726074219,347.9711170907711,334.1984739995377,335.69953420599654,3048500
2022-04-14,348.7702941894531,353.7705548667457,347.84430897300984,348.1464663076912,3358900
2022-04-18,347.776123046875,351.6359917014388,344.28667827877473,345.03719342206244,1871400
2022-04-19,354.6673583984375,355.44714344441434,347.064640111151,347.7859152511413,2999300
2022-04-20,356.0514221191406,362.48450680303984,354.66732239413835,357.3867685517297,3377300
2022-04-21,355.22296142578125,365.7303235838742,354.2677358674968,360.1355032679086,3605300
2022-04-22,342.29827880859375,352.94211353391404,341.74268757316565,351.38257327894775,2968800
2022-04-25,345.6318359375,346.0801937728008,338.37024159866263,340.44637663964005,3380400
2022-04-26,335.4070739746094,341.2066039778863,334.89047943408053,339.14022581577086,3116400
2022-04-27,352.4255676269531,364.28776042016284,346.99643093652,347.97114001218443,5702300
2022-04-28,369.2489929199219,372.30959342090193,359.4629360951208,359.79433358162527,6843300
2022-04-29,354.18975830078125,367.5822503332964,352.6009778843722,362.6404686044769,4741800
2022-05-02,349.95947265625,355.70049229565694,341.723171003139,353.8193113604623,3903800
2022-05-03,348.7411804199219,354.24828093633533,344.5011898468385,352.4450631356261,2686900
2022-05-04,359.19964599609375,359.90143746278056,344.7154887267024,350.28106717685455,3346600
2022-05-05,344.4328918457031,358.46869457049803,340.2026586342962,352.94211156275514,3424800
2022-05-06,338.3409729003906,342.3762823140743,332.1613216002036,337.49298085582853,3635200
2022-05-09,319.69482421875,333.73065888099006,316.67324984289627,332.3757989708563,5777400
2022-05-10,317.10205078125,325.2408764928252,314.87971555690945,323.90552998573656,5003500
2022-05-11,317.62841796875,322.6286799122092,310.49354092959476,317.24829692546945,4263900
2022-05-12,313.11553955078125,317.3457734453707,304.8597523423416,313.6321341802971,3891500
2022-05-13,324.3831481933594,326.7517137058532,317.84285903354476,319.38291593439317,3536000
2022-05-16,321.3908386230469,325.11420473623247,316.80969400646245,320.23093242748104,2062300
2022-05-17,330.2899169921875,332.5512492818129,324.12002137188824,331.50830338800785,2802300
2022-05-18,327.4046936035156,332.96054589315423,325.123878486036,325.1823586368109,4521400
2022-05-19,323.81787109375,327.7069510366576,316.2248785780979,321.65401561704124,4380700
2022-05-20,327.6776428222656,331.0208873323028,319.4023734778848,327.20980157047404,3428700
2022-05-23,339.6178283691406,342.41523826386293,330.38733352990613,330.455570294596,3420800
2022-05-24,332.0735168457031,335.2998003355509,327.48264709433727,335.19259665410107,2561500
2022-05-25,336.04058837890625,338.94520133200706,330.6309371265532,331.966283315831,3033400
2022-05-26,341.0409240722656,344.3159318209649,337.25904863929895,339.1987099043052,2817400
2022-05-27,348.7312927246094,348.7410493306751,343.2046810661431,344.45233681254484,2658700
2022-05-31,348.8190002441406,351.84060318524485,342.25922968275773,344.1598938141183,3873800
2022-06-01,348.0296630859375,355.22302171053764,345.8755640919514,349.1408458471585,2190000
2022-06-02,353.8973693847656,355.8175475148616,348.7119395437205,351.3728763678165,2484200
2022-06-03,348.7702941894531,351.82113735486564,346.7721233923256,350.3883142938037,2076600
2022-06-06,351.03167724609375,358.99503229516733,349.4623804505434,352.84462152069625,2196100
2022-06-07,354.81353759765625,355.2619251269594,347.3180234700859,347.90285478318333,2158800
2022-06-08,353.1662902832031,357.8351546083409,351.8504569618466,355.768776337973,1709600
2022-06-09,340.1734619140625,353.04936026686795,340.11498175012775,350.661340917506,2250600
2022-06-10,326.2837829589844,335.601997054568,326.1375825826866,332.69735401385566,3300500
2022-06-13,311.6534118652344,322.5311666783731,309.879464287112,313.85626348160395,4825100
2022-06-14,313.99273681640625,315.80568107796563,311.575448055239,312.0043223474744,2788400
2022-06-15,317.1604919433594,322.2679562345066,311.3512064221573,319.1293928943875,2357800
2022-06-16,300.9705810546875,308.44661061349467,297.3641466086028,308.0956999788923,4528500
2022-06-17,302.8323059082031,306.19506346028675,295.97034702790666,299.23562774232397,6235300
2022-06-21,309.3726501464844,312.1310934479368,306.91639402017216,308.05678696441146,3193700
2022-06-22,308.15423583984375,310.9711590495491,303.4853715307398,305.542022931397,2671500
2022-06-23,308.748779296875,311.88734292730976,305.6102156664403,310.8346407306033,2387600
2022-06-24,322.1413269042969,322.4434843168914,311.1466104920683,311.1466104920683,4318900
2022-06-27,320.5135192871094,323.5741195567949,318.84677537202083,323.5741195567949,2810800
2022-06-28,310.2401428222656,328.62314069217456,310.0744292004553,324.2857033933925,3394200
2022-06-29,314.43133544921875,317.8623000138364,310.35705945140637,311.0393378230339,3779500
2022-06-30,307.50115966796875,310.2400891653726,301.8575870800114,307.3256894676474,3411500
2022-07-01,310.1913146972656,310.87362274611655,303.4365899457978,306.1560357889445,2287700
2022-07-05,311.1856689453125,312.20910170777864,301.63350093065065,305.1619434779892,2112100
2022-07-06,312.07257080078125,314.2071559886125,307.7351041696142,310.9321482660303,2219200
2022-07-07,316.3581237792969,317.129302724923,311.91638210819565,314.679053372342,2202100
2022-07-08,315.3721618652344,317.24648487053014,311.75045681189573,315.0988261968947,1662100
2022-07-11,316.47528076171875,318.4569718341942,311.5552088678179,311.7797463024343,2073800
2022-07-12,315.1768493652344,319.5697623507168,312.5899176764976,312.5899176764976,2761500
2022-07-13,315.6747741699219,317.1976485381398,306.3422754349034,308.43136425287184,2442600
2022-07-14,317.2952880859375,319.7845940405397,307.8847058214314,308.6363714733207,2743900
2022-07-15,324.6557922363281,327.58440081575264,321.9126645835749,325.69056488441703,3387400
2022-07-18,323.1329345703125,329.47825348134546,321.9419658292031,327.51607610024064,2468500
2022-07-19,332.2799987792969,333.8712145167126,323.88464659472316,323.88464659472316,2689800
2022-07-20,333.14874267578125,335.1402048718941,328.28727145028904,332.2799376130972,2563600
2022-07-21,338.66436767578125,338.96698823123694,331.9675994103428,333.7345245082042,2230800
2022-07-22,335.6966247558594,342.73503862587523,332.2994282755878,340.5776387722204,2253000
2022-07-25,336.018798828125,337.31716539517595,332.016360896944,336.2531077870956,2180100
2022-07-26,333.1585388183594,336.4288246319784,331.2256462685209,334.49593208214,2254200
2022-07-27,335.10113525390625,340.6167050851193,323.35741638227216,334.84734277582425,4580300
2022-07-28,344.0627136230469,344.8534355648413,332.5142169819182,339.71859893279833,3635500
2022-07-29,345.370849609375,348.3092002272459,341.6319756321869,345.7027550370164,3176800
2022-08-01,342.19818115234375,346.39584180694095,337.4343061189494,339.533136446248,2289400
2022-08-02,340.70458984375,342.7936485961514,335.7942903593147,338.8204955711415,2878800
2022-08-03,345.70269775390625,347.99678026180425,340.2457277491117,341.6709754766664,2921200
2022-08-04,347.59661865234375,350.07615288885705,341.329382116605,346.2299403740781,2339500
2022-08-05,349.00225830078125,349.3146205425956,342.0614411848879,342.0614411848879,1848700
2022-08-08,343.7796325683594,350.45685713490934,341.5636626088546,350.45685713490934,2477600
2022-08-09,338.2933654785156,342.7643617074469,337.13168162988495,342.06149441912703,2467400
2022-08-10,344.9705505371094,346.1126911309708,342.69598132793516,345.90769688436535,2443700
2022-08-11,342.2371826171875,347.3817907117536,342.0126750277739,347.3817907117536,2609400
2022-08-12,345.83941650390625,346.99135865341964,341.92486284047476,346.29823309284916,2514200
2022-08-15,351.38427734375,353.3366833191755,342.4715392993163,343.94558555264393,2526300
2022-08-16,350.7008972167969,351.43304940305325,344.6972552477645,345.8393959751691,2448700
2022-08-17,346.8741149902344,348.4653302620149,343.3793222036453,345.0876770404793,2439900
2022-08-18,348.85577392578125,350.9643752804807,345.15598723424665,345.8881392411003,1934900
2022-08-19,345.8492126464844,348.2799486886636,345.1463452643497,348.1432957542401,1740700
2022-08-22,337.2878723144531,342.6472166831896,336.08713202683185,341.67101378665626,2312400
2022-08-23,332.77789306640625,336.9950678677633,331.2940452700699,334.53504675102545,2240700
2022-08-24,331.6258850097656,334.14450522195006,330.29826334082253,332.0847015729869,2218400
2022-08-25,336.4678649902344,336.91690998044015,329.2927677523843,331.90898436154583,2228500
2022-08-26,324.0602722167969,337.4147491239095,323.8064797476397,336.838763257178,1925000
2022-08-29,321.5124206542969,324.8900742372627,319.9700034391256,322.13717499854994,2308200
2022-08-30,320.00909423828125,325.04630515459166,317.8224091117033,323.1231841058725,2618900
2022-08-31,316.65093994140625,323.298879517779,316.56308525258385,320.4776685388728,3129000
2022-09-01,317.5099182128906,317.86133687402037,311.61364574831475,316.1041839856892,2493200
2022-09-02,314.8840026855469,321.82482074413474,312.9023120050227,321.57099845880174,1936800
2022-09-06,316.3678283691406,319.2085824337934,312.9316048247093,314.82544086781115,2043400
2022-09-07,320.79974365234375,321.3659579317564,314.3860844206473,316.3677748159039,1998300
2022-09-08,322.21533203125,322.4300978833515,315.7821578228088,316.80715905840384,2114000
2022-09-09,327.8577575683594,328.99989830483713,322.2933889920684,322.6741224317936,1815700
2022-09-12,330.3665466308594,331.4013191590052,327.94555309427363,330.0443830413111,2097800
2022-09-13,317.6954650878906,324.88030392688887,316.8559151263619,322.14694780147596,2316900
2022-09-14,318.0957336425781,320.6631521388541,315.65522629499253,319.2574175233368,2657900
2022-09-15,309.41729736328125,318.18361110820075,307.6699154271013,315.8895280789864,2486800
2022-09-16,307.630859375,308.11896088010644,301.75409818705344,305.4051177033687,3650900
2022-09-19,306.5570373535156,307.9432587689875,302.86699107932014,304.5265481524601,2369700
2022-09-20,305.8151550292969,306.8889844699623,302.07631001243055,303.75538064928287,2769600
2022-09-21,297.2537536621094,307.4843697675484,296.98041806878655,306.9962683658044,2366300
2022-09-22,291.2598571777344,295.8675356497682,289.5319889224763,295.74065430872537,3176500
2022-09-23,286.5935974121094,287.5600584169199,283.33308372043876,286.1543240384177,3245900
2022-09-26,283.20623779296875,288.3117902035794,282.23980635701054,283.14766799632594,3635600
2022-09-27,279.6626281738281,290.81084903349193,278.02258459790727,288.43868304602074,4073300
2022-09-28,283.2745666503906,286.00795280227305,274.98661308635656,278.3252105130533,5611400
2022-09-29,279.9457092285156,285.119602737991,278.0714162477927,281.4881265725718,3439700
2022-09-30,277.5735168457031,283.8407522972195,277.5735168457031,280.03353732100135,3804200
2022-10-03,283.5674743652344,285.7834445769474,278.1397877584561,281.0000555619403,5285200
2022-10-04,294.1005859375,296.73634522678736,288.93649494213804,289.1414891739981,3949200
2022-10-05,296.9609375,299.30381852858204,290.17631535070234,290.8889542007552,2845200
2022-10-06,292.5804748535156,298.2711192247487,292.2186719863138,295.8560067577205,2494400
2022-10-07,288.4151611328125,290.58582936054546,286.4791500628621,290.0676082441658,2210800
2022-10-10,285.2960205078125,290.64446655266937,283.1058076676002,290.4391415587525,1783500
2022-10-11,279.69329833984375,283.93687980424187,278.099545758558,283.38929684157176,3554900
2022-10-12,277.0827331542969,281.1013863931025,276.91649776570955,280.1725152009763,2646800
2022-10-13,287.4276123046875,288.86494715716265,270.7173898782237,271.1182824386464,3322800
2022-10-14,282.2746887207031,291.98401556905463,281.44357158380376,289.28533916575236,3106300
2022-10-17,288.483642578125,292.09164594915586,284.8658518780363,288.8552030093081,3417600
2022-10-18,293.7049560546875,296.95118612796193,289.9600496602019,296.4329649892308,3096000
2022-10-19,291.1431579589844,292.9813851910132,288.23915639336724,288.89425087833513,1914300
2022-10-20,289.6960144042969,296.002693346293,289.04089012857213,291.13334900859587,2463800
2022-10-21,295.65069580078125,295.98313670262445,286.9778106914976,287.96537590892893,3599600
2022-10-24,298.80889892578125,300.17778186542887,293.82222622332694,297.7528822013316,3184100
2022-10-25,304.4897766113281,305.16444565462905,299.06309212562087,299.1119989173931,3012400
2022-10-26,312.4098205566406,317.2400456797946,305.3502630566012,305.3502630566012,5278000
2022-10-27,312.2729797363281,315.9005280476479,307.08098053362824,309.15386528295386,4725800
2022-10-28,322.1484680175781,324.42667726872656,310.75736208301225,312.214241524499,3644400
2022-10-31,320.88714599609375,322.1191557061374,316.58492917802596,321.57160246598767,3157900
2022-11-01,325.78582763671875,326.22583963659883,319.82137635528403,324.8373818604954,3660400
2022-11-02,312.7129821777344,325.6000896767534,312.52720196163625,324.0552134917151,3074900
2022-11-03,302.2995910644531,309.7306788541677,301.742250528401,308.11735136928,2860900
2022-11-04,311.2951354980469,315.94936770487544,306.27913025385624,306.86580294336267,3414000
2022-11-07,317.9049987792969,318.56009339694725,310.6498721399193,315.2845606298562,2742100
2022-11-08,318.5111389160156,322.08002214857356,315.0987037222887,318.9804830325086,2387500
2022-11-09,308.62579345703125,316.4968926669701,308.14666205301586,315.1182224135153,3001200
2022-11-10,329.7751159667969,329.90223185822595,321.84535213686974,323.8204525992126,3255000
2022-11-11,331.7502746582031,335.0160492891879,328.88536271069086,331.4667107099346,3734700
2022-11-14,331.8284606933594,336.8542531124664,328.5528989623964,329.2569002005753,2348900
2022-11-15,335.8764953613281,343.41515460146,331.94580911331576,338.88803815846046,2983600
2022-11-16,335.14312744140625,337.4604560473256,332.54223491915866,335.53423259254953,2579600
2022-11-17,333.6862487792969,334.32182827742497,329.51114794368283,331.4667037178293,2004500
2022-11-18,336.0525207519531,340.8827464238168,333.74494917231567,337.9787445914568,2737700
2022-11-21,330.7333679199219,336.60003520009786,330.11736308119737,335.3778128500612,1965100
2022-11-22,337.2942199707031,337.6462354935661,330.05867025209847,332.27821510563035,2510700
2022-11-23,340.89251708984375,343.0044911924958,336.5022738257067,336.97161798152655,1937300
2022-11-25,343.4836730957031,343.5912143625268,340.34498394694845,341.20543343921446,944400
2022-11-28,336.9324951171875,342.4471769947548,335.6027314482055,338.97604742107035,2226200
2022-11-29,335.50494384765625,337.0596071661386,333.1778276141521,336.01337762596415,1724200
2022-11-30,348.4800109863281,348.4800109863281,333.89158254219853,335.2311333886202,4252300
2022-12-01,352.78228759765625,353.54495323788245,346.1822861512854,350.03473382713514,3374700
2022-12-02,352.05865478515625,354.23910991298544,348.14754377952045,349.5066691768952,2015500
2022-12-05,348.17694091796875,350.9244945252028,346.5734006227935,348.0889444846434,2202500
2022-12-06,339.8070983886719,347.11109933444055,336.69777232228904,345.9573287572658,2353300
2022-12-07,339.6995849609375,340.12002226406804,333.8817949686478,339.1715765806043,2454300
2022-12-08,343.3662414550781,344.3440192502364,339.50400722843875,342.2222283054024,1998600
2022-12-09,341.07830810546875,344.93075605540395,339.64097316131097,340.6578707004327,2301100
2022-12-12,350.210693359375,350.4746826274116,341.3422414100045,342.5253442119014,2427100
2022-12-13,349.21337890625,361.0542850592447,347.83470845537465,361.0347104035779,3072200
2022-12-14,349.5653381347656,354.0533344930884,345.90842900473984,349.06666192626,2587200
2022-12-15,338.5555419921875,345.9377519828964,334.9475397495802,343.6106660301182,2774900
2022-12-16,338.1546936035156,340.5013545140804,335.7493684081427,337.1084641254156,5947100
2022-12-19,333.6764831542969,338.1644799657906,331.9947040359657,337.68534852200776,2457300
2022-12-20,335.3288879394531,336.717315620477,333.05064909470406,333.78398239985864,1895900
2022-12-21,338.0080261230469,339.87558539047694,334.7617965114067,336.00359347360927,2087000
2022-12-22,333.9306640625,337.9200142031248,328.9537786330516,336.54134392213024,2276100
2022-12-23,335.9645080566406,336.88362171260474,330.18583681774857,331.48626835597895,1914500
2022-12-27,338.4675598144531,339.20089314925576,334.2142205047157,336.4533399753479,1637700
2022-12-28,334.35125732421875,341.74325790573494,334.18502190589516,338.8490130367927,1854100
2022-12-29,340.4720458984375,341.9485001267628,335.90583965866983,336.7271695421511,1459800
2022-12-30,340.00274658203125,340.16895212799835,335.984063581275,337.65605556640514,1617600
2023-01-03,339.0933837890625,346.7787340529551,336.29695315300546,342.1831657160739,2933600
2023-01-04,347.2578430175781,349.0471934278999,341.9191836112162,343.5814181100553,2661000
2023-01-05,343.952880859375,349.61422259239265,343.4639919666303,348.2062201941353,2608500
2023-01-06,360.0830383300781,361.11135932687864,347.9878781083077,349.9368043292974,4432800
2023-01-09,363.3149719238281,367.2618109904248,361.934063927963,363.96135629771237,3913500
2023-01-10,363.3541259765625,364.01028362280186,359.63252198858396,361.1995115683728,3485900
2023-01-11,370.0627746582031,370.1215640439193,363.59899078932904,364.9309125915952,3370200
2023-01-12,371.9725341796875,373.2653028605584,369.14218551112987,370.0627609062264,3291200
2023-01-13,367.7710876464844,370.0726010837207,366.58606451457104,367.32058817191177,4261000
2023-01-17,367.2618103027344,370.5230820275719,366.2628689383343,367.2618103027344,2814500
2023-01-18,361.3072814941406,368.0550895426357,360.8959351202864,366.78192723547585,2747100
2023-01-19,360.34747314453125,363.1484420194228,356.0970336613591,357.07639842396577,3111200
2023-01-20,368.5154113769531,368.8483918455693,361.77737630230064,362.5902658800246,3863400
2023-01-23,370.75811767578125,373.5101302106927,368.5937000759939,368.9658634601326,2743900
2023-01-24,372.1683654785156,381.95220864350694,367.47720049606903,381.95220864350694,2756200
2023-01-25,374.4993591308594,374.6658344269657,367.3597806284193,367.3597806284193,3501900
2023-01-26,369.4555969238281,376.18382885201623,365.3030994062161,375.4982913702875,3718400
2023-01-27,366.3118591308594,372.66792788538146,365.6752779116471,368.4272909405513,3405600
2023-01-30,363.4618225097656,366.0277532404959,361.7773140310501,361.8360735219951,2688600
2023-01-31,362.9526062011719,364.793816834334,359.44646342836097,362.3551781226985,3137400
2023-02-01,366.3607482910156,369.00504504056056,359.42685909188174,360.9644689046752,2951900
2023-02-02,367.20306396484375,372.61895045936893,365.1072088127686,371.68854188478537,2761600
2023-02-03,366.19427490234375,370.41533455665126,362.8448343282498,363.14843500776874,2739600
2023-02-06,365.27374267578125,366.60566464731676,361.43461896234203,362.36502760999264,2068300
2023-02-07,367.320556640625,369.28908943742675,361.22890643648105,363.8438235827974,2309100
2023-02-08,362.707763671875,368.0355106338677,362.50210543019455,365.4695796115237,2193600
2023-02-09,362.7763366699219,366.8406947726,361.630466658093,365.59688229934113,2287600
2023-02-10,359.2604064941406,362.6098475410525,355.43111610702897,362.0124493092298,2270700
2023-02-13,363.1778564453125,363.48148704752657,359.4954649100249,360.95470898153775,2286400
2023-02-14,362.3258056640625,365.7046262969288,360.14184121218454,361.9536422450404,1841400
2023-02-15,362.0124206542969,362.16909272170415,357.47795682774847,358.72173936974673,2203300
2023-02-16,359.9655456542969,365.3814321844808,357.3702347289545,357.3702347289545,2792700
2023-02-17,353.67803955078125,359.13310903843694,352.3754675391933,356.54757144084044,2718900
2023-02-21,348.6147155761719,354.3048231585096,347.86061537547033,349.39822541571016,2730900
2023-02-22,347.6451721191406,350.35800222905,345.9214802696943,348.02710890205213,2109300
2023-02-23,348.193603515625,350.3579915873052,344.403466114933,350.3579915873052,1975500
2023-02-24,345.8332824707031,346.6951282495362,342.37612603141207,343.58075545698654,2016100
2023-02-27,348.1446533203125,350.64202191690646,347.4982688850874,348.3013552944136,2200800
2023-02-28,347.95849609375,350.41668119147835,345.95078050607015,347.48839027345053,2732900
2023-03-01,346.2054443359375,347.9780921690914,342.1802694990156,346.69512671830796,1968100
2023-03-02,348.2328186035156,349.26113989359396,344.4328776391328,346.3328481213242,2526000
2023-03-03,354.04034423828125,354.22642592503524,349.72134226144783,350.7300867217169,2174900
2023-03-06,359.35833740234375,360.92532714063157,353.8053554374875,354.3537973627117,2789400
2023-03-07,352.5125732421875,361.5325148028554,352.1306066188883,359.5933916010047,1660800
2023-03-08,351.621337890625,354.23625501966137,349.90744951527824,351.20999152989157,1634400
2023-03-09,347.12603759765625,356.5083385686621,346.6069754858131,351.83677956207396,2414700
2023-03-10,339.94732666015625,345.7647563957649,338.10614580503403,345.1379784188357,3176400
2023-03-13,337.5968322753906,342.6405550243359,333.1896906696991,336.539131440675,3308200
2023-03-14,345.5395202636719,348.76160916352757,341.367416357501,343.7570690289577,3413300
2023-03-15,340.89727783203125,341.21068173320566,336.54892572656075,338.9091685337077,3082600
2023-03-16,340.81890869140625,341.49467271173523,333.2582121651524,339.46738065074834,3768100
2023-03-17,342.4447326660156,344.6776834304092,339.70249302815944,343.02255436734504,8426800
2023-03-20,342.1116943359375,346.538412151765,340.17254141273327,340.81892572046803,3864200
2023-03-21,347.2533874511719,348.84975687167116,343.5905427422965,347.0575025342627,3766800
2023-03-22,343.7864074707031,352.5713104858218,343.7864074707031,347.2925201298846,2596400
2023-03-23,347.05755615234375,352.43426021954997,344.579763998635,345.1380091990134,2598100
2023-03-24,344.3740234375,345.147729939752,339.1637959213108,343.21838023372675,2971500
2023-03-27,347.3023376464844,350.504879643524,346.9693572038513,348.232746153725,2420300
2023-03-28,347.0182800292969,348.55588977707555,345.51985323800346,348.2229093665479,1695900
2023-03-29,352.1109924316406,352.600674785863,348.4775577319054,350.0053642860521,2327000
2023-03-30,351.84661865234375,355.10789038802545,350.8476473967793,353.5017476073057,2480500
2023-03-31,355.91094970703125,356.14598768445643,352.9434756906765,353.67799925797067,3376600
2023-04-03,358.9078674316406,359.093949159544,354.28526376216024,355.1275032565899,2978000
2023-04-04,356.3908386230469,361.5031239867804,355.88157969541413,359.23099051671187,2198700
2023-04-05,356.842041015625,358.15644497652244,354.70365373860415,356.5379640511121,2239600
2023-04-06,354.56640625,355.12552719448195,349.17144891525754,354.3113623241521,2357600
2023-04-10,353.2617492675781,354.03663961153177,350.750614821034,352.8399390289684,1559100
2023-04-11,357.175537109375,358.2152899236129,354.26225952445986,356.479105681286,3033800
2023-04-12,354.8704528808594,361.56020658742824,354.1347769436636,359.08831628022295,2268800
2023-04-13,362.59014892578125,362.6882450398512,356.44972732345536,356.87150768575174,2611700
2023-04-14,365.3170166015625,366.25870328045477,362.0604175235318,362.9334339359933,2254600
2023-04-17,365.6407470703125,366.955151108358,361.3542135434283,366.229263852475,2432700
2023-04-18,365.20916748046875,366.80804133771665,362.8942249206965,366.80804133771665,2087800
2023-04-19,365.6799621582031,367.0041847896724,364.07129972647107,365.8663357844329,1795300
2023-04-20,367.8379821777344,368.0243558168163,362.6293987448762,364.35579458701113,2124800
2023-04-21,368.0733642578125,370.2215403246484,366.13119900020666,368.54420761997164,3537800
2023-04-24,367.5731201171875,370.42754622204785,366.48430421123516,367.98508186072576,1886300
2023-04-25,361.49151611328125,367.4259563677824,361.28553524410245,366.3665962487054,2245000
2023-04-26,359.7554016113281,365.11111479273876,359.0981845119677,362.5804023902323,2594200
2023-04-27,366.53338623046875,367.8183644836083,354.10535412092645,359.578769969021,3859900
2023-04-28,372.7718811035156,374.63558739289465,364.4146136724984,365.41512211802296,3107300
2023-05-01,372.6051330566406,375.1554822840064,371.722327921903,373.22310563137614,1745100
2023-05-02,368.8482360839844,371.60456575516025,363.8554531225196,370.5549944033632,2478700
2023-05-03,367.7398986816406,372.3010838302207,367.180777745208,369.476113175328,1970900
2023-05-04,368.9365539550781,369.65262260641725,365.032586343647,367.3474988032163,2814900
2023-05-05,377.3135070800781,377.79413914997593,371.01610740540985,373.30162425498,2683100
2023-05-08,378.147216796875,380.05995610322884,376.44042841822846,376.6758650528823,1719600
2023-05-09,375.6263732910156,378.79469549488414,375.3909665411623,376.5484229742533,2036400
2023-05-10,375.2339782714844,379.37338280691614,370.4373567172619,378.6180696746853,1940800
2023-05-11,376.06768798828125,378.3531743854144,372.0165616461311,374.9102019371483,1901200
2023-05-12,374.6258544921875,377.6666247109666,371.56541715356457,377.14674819600754,2044000
2023-05-15,376.08734130859375,376.3325666142172,373.2623409982543,374.57674504422863,1957400
2023-05-16,372.9779052734375,376.273749247621,370.1136902060191,375.2928479356798,2762700
2023-05-17,379.6087341308594,380.11879193768607,371.88904709196635,374.9004207201812,3260300
2023-05-18,384.53289794921875,384.53289794921875,378.4415095573432,379.7166692107746,3729500
2023-05-19,378.20611572265625,384.7094960331539,377.78433535435164,384.5133038022193,3369100
2023-05-22,377.18597412109375,379.97173020932667,376.84265268057686,377.63718033549003,1808800
2023-05-23,366.61181640625,374.733676987707,363.36503589185185,374.23340780627365,3979000
2023-05-24,361.4621276855469,362.5509137557655,358.5978827290768,362.3155070237684,2655700
2023-05-25,362.9727478027344,363.90458613432173,357.9407190340672,360.88342311541794,3752200
2023-05-26,367.2200012207031,368.50497948108784,362.98250057811964,363.9143687523212,2691300
2023-05-30,360.481201171875,369.43683417013716,359.2060415497848,369.09351275350366,3430100
2023-05-31,358.04852294921875,358.71555847407166,351.0154785466657,358.02891570294224,10695300
2023-06-01,363.7966613769531,364.0026422582876,359.05889156314504,360.1477075196601,3389700
2023-06-02,366.59222412109375,368.64230408092953,365.0423834283795,367.4357848025302,2501500
2023-06-05,363.4435119628906,365.67996556374663,361.4915280996761,365.63093247627353,2316200
2023-06-06,372.7032470703125,373.1152387848355,364.70890751579634,365.82714935897894,2758700
2023-06-07,364.2969665527344,373.23296347784185,361.2267405392988,372.04608122669424,3714500
2023-06-08,360.56951904296875,362.707876774285,358.8627602949114,362.3057036337604,2594700
2023-06-09,362.1683654785156,365.0031545621832,360.7362580164332,363.3846734653749,2201800
2023-06-12,368.1420593261719,368.7894577672268,362.8746242088746,363.5906929242986,2407500
2023-06-13,364.2870788574219,369.97629363131904,362.7470568465307,368.14201324529546,2444100
2023-06-14,367.6025390625,370.85910825864494,364.9148494498014,365.8074731237008,2775400
2023-06-15,371.80084228515625,372.32071878397005,363.4435439351344,366.14102254750895,2558100
2023-06-16,369.3387451171875,375.58708126732694,368.9758164455689,374.32171027772046,5886900
2023-06-20,367.4652099609375,372.2618312916757,366.6118306897582,367.8477758051101,3961700
2023-06-21,368.9562072753906,371.1632350683404,366.52356142043647,366.81781981893766,2301300
2023-06-22,370.5845031738281,371.2515388154382,366.80805707577304,367.94587625351386,1933300
2023-06-23,372.55615234375,373.8411307622923,366.0920158139443,367.81841182927695,3739700
2023-06-26,370.2117614746094,372.73265492669304,368.1812887108456,370.83952270605397,3327800
2023-06-27,374.498291015625,375.5282253388219,371.77138677881675,373.07597225051484,2197300
2023-06-28,372.9681091308594,374.11574687934865,371.43790550971914,373.9097659896999,2012400
2023-06-29,380.26593017578125,380.5994329467105,373.2328563474427,373.57617770816324,2524600
2023-06-30,385.7884826660156,387.6227933056654,380.6878136903502,380.6878136903502,4407100
2023-07-03,386.4358215332031,386.7791429340746,381.25666448622525,383.8658652242291,1304600
2023-07-05,387.191162109375,387.70121998408445,379.7363066047084,381.3842135242902,2781800
2023-07-06,386.189208984375,387.2402683555705,382.84929778208095,386.86698204627737,2156600
2023-07-07,381.8080139160156,385.51137837206016,381.5329655990537,383.7530177146867,2654400
2023-07-10,385.2265319824219,386.47406732214034,381.1499108544082,381.6116023542761,2148600
2023-07-11,390.76678466796875,391.41511930051223,385.40332722531576,386.66069530654624,2106200
2023-07-12,393.6056213378906,396.04178460438294,391.6606178444643,391.9454989066864,2273400
2023-07-13,393.4779968261719,396.11060656254716,393.37975885552686,395.87485941541496,2354900
2023-07-14,395.3935241699219,396.3561783195227,393.22257598214804,395.01040508571975,1978500
2023-07-17,395.0890197753906,396.8571833535797,394.0280976460611,394.84343983519653,2344500
2023-07-18,391.1204528808594,394.8336205040502,388.222597496577,393.34050520885904,2676200
2023-07-19,391.22845458984375,392.78053649743606,389.30311637925314,390.96323906397225,1809700
2023-07-20,391.022216796875,392.6528712605991,388.5565845083856,390.11849936947493,2570700
2023-07-21,390.4622802734375,394.41122498017114,390.39354067204266,391.62144039865973,1868100
2023-07-24,397.6332092285156,397.75108279884046,389.5978111078177,390.4524544487106,3029800
2023-07-25,394.1852722167969,397.70196376836645,393.91022388303173,396.2383169184757,2490500
2023-07-26,395.2953186035156,396.1794004375019,388.7530650671829,392.1224148230084,2572300
2023-07-27,387.5251159667969,398.0261158040372,386.9848521309273,398.0261158040372,3563300
2023-07-28,386.0123596191406,390.96325954083994,382.00450823930186,390.92395835709084,4501000
2023-07-31,387.3090515136719,389.07721517145137,385.53105506487555,387.0045347723656,3578300
2023-08-01,390.0496826171875,390.27559695770543,385.4229353392082,386.8178424754394,2344200
2023-08-02,383.1243591308594,387.24028150750513,382.69213601889504,386.9161291625426,2410600
2023-08-03,386.06146240234375,386.48385266495666,379.58797938609854,380.70780821930686,2190500
2023-08-04,384.43084716796875,389.0870332749052,383.17347906416217,384.68622992257207,2215800
2023-08-07,389.85321044921875,390.71765657262534,386.0516380466166,386.0516380466166,1559800
2023-08-08,386.23834228515625,389.3719449892025,383.232445957454,389.17546902897755,1747000
2023-08-09,386.70977783203125,389.77461024865136,384.94158452997027,386.89639097997775,1806100
2023-08-10,390.1184387207031,393.54672469332195,388.71369884320274,389.4504385779271,2154500
2023-08-11,387.9966125488281,389.656735097378,385.8649657927204,388.75298786072926,1464600
2023-08-14,391.5329895019531,392.17152131654785,387.63317892783016,389.4406736334253,1638500
2023-08-15,387.4760437011719,390.4622742057241,386.6312331138168,390.4622742057241,1753200
2023-08-16,387.3974609375,392.1420824352237,386.16956116782313,386.4839107035856,2002000
2023-08-17,385.6783752441406,389.2048995474095,384.07718925600597,389.13615994824096,2118600
2023-08-18,385.2363586425781,386.87681587611536,381.95538421946276,382.9279011799756,2001800
2023-08-21,386.2480773925781,388.0064078864044,384.1065978885975,386.2578802034944,1869400
2023-08-22,390.8060607910156,391.71961090546387,386.7196072945593,388.01627647649616,2422500
2023-08-23,393.9691467285156,394.81395728105355,391.3168714783387,392.2107860259462,1943200
2023-08-24,390.6391296386719,396.85720080752975,390.47212208166604,394.4898064825777,1970000
2023-08-25,395.766845703125,397.46623980164253,391.9456072232027,393.56642892664166,2154600
2023-08-28,400.2363586425781,400.58997936074695,396.0221985496157,396.85717632709594,1901300
2023-08-29,404.37188720703125,404.9023482240497,399.4013520622013,400.2166941781023,2188800
2023-08-30,406.59197998046875,410.3935526974609,406.20886088035866,407.44659338468927,2516600
2023-08-31,405.3444519042969,408.9299131366134,404.49964129764055,406.8866711889011,2535100
2023-09-01,408.2226257324219,409.1460086957317,405.19706411450704,406.52320177270906,1841700
2023-09-05,404.224609375,408.05565071004565,402.45644567513955,406.04190705309225,2045600
2023-09-06,405.8748474121094,406.0713233437818,401.6607174733063,403.51728612213196,2292100
2023-09-07,407.2893981933594,408.77271056601444,404.4505097863654,404.6371529317201,2502700
2023-09-08,407.5055236816406,408.9691705240366,406.54283952938226,407.6626984398473,1868900
2023-09-11,409.3228454589844,410.2069272954726,407.30910183264876,409.4800202264968,1544700
2023-09-12,408.91021728515625,410.2658232893809,407.90826196717313,408.5958977594089,1997600
2023-09-13,408.9396667480469,411.01237684091524,407.6331947768967,408.8119903724445,2142200
2023-09-14,406.03204345703125,411.1990549552236,400.5703480238933,410.9043410422581,3557700
2023-09-15,406.98486328125,410.90430920241914,403.87092669054203,404.5781680796094,4755500
2023-09-18,409.75506591796875,410.50163856430584,405.7373815044309,406.5625265450039,1808000
2023-09-19,406.21868896484375,409.7255777011383,403.8316591438782,409.5880385453526,1730900
2023-09-20,403.26190185546875,408.49768302592224,402.8296787577121,406.4544411132505,1580000
2023-09-21,396.2283935546875,401.5427458405104,394.99069132467895,401.1203556348568,2450700
2023-09-22,395.10870361328125,399.6568494573946,394.4603688946581,397.2403509447253,1885000
2023-09-25,395.3738708496094,396.1008078575046,392.77072947963205,393.517302090652,1846500
2023-09-26,388.3895568847656,393.76284669211867,386.6508318786204,392.92786897494346,2940400
2023-09-27,388.4878234863281,390.01040709964155,384.5585445069184,389.20489771413787,1987500
2023-09-28,392.3777770996094,394.2540112940064,388.3797287897375,388.8315874506758,2216200
2023-09-29,388.9101867675781,395.06932034789276,387.27953250702853,394.92197839200344,3032300
2023-10-02,388.8512878417969,389.3522505405918,385.5114066117421,386.6410683542285,2856800
2023-10-03,384.14599609375,390.8257590469115,382.0929512155636,387.5251787579675,2527900
2023-10-04,386.7982177734375,387.4956563721973,381.7097789032509,385.0693254945776,1813400
2023-10-05,387.79180908203125,388.3033450385768,383.66007320812196,384.04374769163934,2116600
2023-10-06,391.5005187988281,394.481261293026,384.15195145866994,386.8375828233346,2484000
2023-10-09,388.322998046875,390.05439665276106,383.24687669719,388.047550997891,2475100
2023-10-10,393.8614807128906,396.17328453161605,387.44748226526735,389.1100116058735,2713800
2023-10-11,393.3105773925781,398.5441012293966,390.90039325098445,396.6946582177783,2055600
2023-10-12,393.3991394042969,398.7507080751393,390.86109361111124,397.23573421793947,1779000
2023-10-13,391.5595397949219,395.6027423856966,388.65748360388824,392.32685875077635,2235600
2023-10-16,394.63861083984375,397.85544180513597,392.2972961220977,393.73355346183826,2202100
2023-10-17,395.2387390136719,397.0488240181865,391.97273238676416,393.1433899202431,2176000
2023-10-18,386.81793212890625,394.84528598901807,386.1785045955313,392.62201515885636,1951400
2023-10-19,381.564697265625,388.4115456064611,379.2332292975048,387.4474959104493,3472800
2023-10-20,378.1609802246094,383.6502577452404,377.92489130545795,381.56472556878936,2652500
2023-10-23,377.4330139160156,381.55487300347806,374.80640464253423,376.0951066767259,1771800
2023-10-24,380.62030029296875,383.0993237507246,377.6297108682718,379.23321799422587,2003300
2023-10-25,380.030029296875,382.312321903755,376.0261852016241,377.75758373394353,3504500
2023-10-26,358.6631774902344,369.445002005521,357.13838648532146,364.9886434314264,6920100
2023-10-27,358.1614074707031,362.3029902294958,353.9214743551408,360.5322334854951,3624900
2023-10-30,366.3658752441406,367.1627053118067,358.79103605745183,360.56176286971464,3386400
2023-10-31,370.23199462890625,371.5403607070089,367.04464422056134,367.25125203932413,2978800
2023-11-01,371.6780700683594,374.2161157287076,368.94326364982373,372.51425825844086,2354700
2023-11-02,376.4689025878906,376.8132189088004,372.33716677992714,374.1177405869862,2816000
2023-11-03,379.7742919921875,382.12545414647326,377.492029132351,378.74137298355123,2269100
2023-11-06,379.88250732421875,381.93852825234944,377.964194916163,380.8072288928583,2020500
2023-11-07,382.5484313964844,383.25672810500396,378.0527152052069,379.72509160688503,2324200
2023-11-08,383.364990234375,385.0078256513354,380.70886983160904,380.8170672447651,2838400
2023-11-09,381.65325927734375,385.08654576117107,380.9744736126562,384.60449085547054,2657100
2023-11-10,387.9689025878906,388.66735231217444,380.4530851980347,383.69945790104043,2807000
2023-11-13,387.93939208984375,389.19858301321307,386.63099596123396,387.93939208984375,1614600
2023-11-14,391.1856689453125,395.15015478091,390.3003056362549,390.7233082141472,2733900
2023-11-15,390.3790588378906,392.78924327930264,388.34273188444485,391.00866931228455,2434600
2023-11-16,390.6446838378906,393.44835977879126,389.11986287702496,391.53989433250683,3060600
2023-11-17,393.7926330566406,394.5993101817392,391.44150097431475,393.468010810504,2365500
2023-11-20,397.8259582519531,398.6129712485307,391.78578736328546,394.2057885321247,2768300
2023-11-21,402.30206298828125,403.6792983860431,399.09504840233,399.1245595172292,2567500
2023-11-22,403.6595764160156,406.138629982249,403.4825097388498,405.55822474833127,1967900
2023-11-24,405.7943420410156,406.2567028558367,403.8563654369545,405.78449499554705,1053500
2023-11-27,402.32171630859375,406.01075567982883,401.61341954845744,404.31871508736316,2665900
2023-11-28,402.3610534667969,403.96456063323586,400.83623259338634,402.42989271514267,2645000
2023-11-29,403.1578674316406,405.3811078732951,402.764375939253,404.3285248859904,2151400
2023-11-30,407.1026306152344,407.4272828390527,402.13473707972474,403.4332859320491,3203500
2023-12-01,407.62408447265625,409.8276910961094,404.87946076549514,406.1780098437208,2171400
2023-12-04,401.5937194824219,408.10609826526405,401.39695872500107,407.1026604324852,3097900
2023-12-05,402.0462341308594,402.400367469266,397.7472787623894,400.47223813227345,2755600
2023-12-06,403.70880126953125,407.0928824758779,400.5411449085258,404.7417202914219,2224200
2023-12-07,406.4337463378906,406.84693194473607,403.325112316818,405.37131623975415,2363000
2023-12-08,405.4598388671875,406.94530157782964,402.57747680476325,405.5188610921091,1959300
2023-12-11,408.9521484375,409.4046922250278,405.67629461876106,405.75498091749466,2236000
2023-12-12,413.91015625,414.15609217171715,407.95851895303434,410.22111742424244,2736500
2023-12-13,417.77630615234375,419.43883556163047,412.3362041864256,415.0021414552701,3694200
2023-12-14,411.75579833984375,418.92729897494297,409.1390362558717,418.100957793922,3989700
2023-12-15,411.76568603515625,412.4444717189845,404.90898994110086,405.9123978982257,5566600
2023-12-18,417.5303649902344,418.17963948706745,412.71002647657076,412.71002647657076,2686900
2023-12-19,418.5534362792969,419.74375775892764,415.65138033463273,417.1565070057036,2256200
2023-12-20,412.63134765625,420.65867062079155,412.42473984341774,418.16980001526474,3058300
2023-12-21,416.5564880371094,417.0090017910052,413.7724761978088,414.9333167286846,2213600
2023-12-22,417.20574951171875,420.2258501678704,416.0842671749804,417.84517697424656,1759000
2023-12-26,416.7827453613281,418.79940812534613,416.07444863057697,418.091111394595,1258200
2023-12-27,417.46148681640625,418.1009442764132,416.0842515592317,416.12360971557297,1324100
2023-12-28,419.3896484375,421.3964640994665,416.79255049169325,416.8810838278261,1505000
2023-12-29,419.5765686035156,421.38665355350173,417.3729621249206,419.74378823384455,1706100
2024-01-02,415.03167724609375,417.38280926624526,412.7395374294741,417.195895546556,2463700
2024-01-03,411.96240234375,414.49063125007604,410.7130584586863,414.3529227218822,3093700
2024-01-04,412.94610595703125,416.5663057981395,411.4803373663683,411.69676219370916,2042600
2024-01-05,412.6017761230469,415.88747632126973,410.21125623009704,413.6543590153662,2415900
2024-01-08,415.77447509765625,415.87298046682906,410.404609450803,413.2718193035109,2125400
2024-01-09,416.3853759765625,417.46920571715333,412.38508353576,412.9368459366434,2439300
2024-01-10,421.97198486328125,423.1543500671269,417.91257710223186,419.7353775961622,2709300
2024-01-11,420.4447937011719,425.44024312326746,419.50875206905664,423.67655787008016,2320600
2024-01-12,422.789794921875,424.7702160404754,421.41038890004495,423.62730110009915,1892400
2024-01-16,422.05084228515625,423.41055330383165,420.2477367799397,421.15422081532245,2398000
2024-01-17,421.1344909667969,424.05095359264243,419.2230176736211,419.2230176736211,2690400
2024-01-18,424.3860168457031,424.878664059256,421.1641148938355,422.3366176675952,2075700
2024-01-19,430.3568115234375,430.6425552687004,423.02622006467413,426.18900611597167,2400200
2024-01-22,433.2831726074219,434.45567524124357,430.82979939875446,432.52450681386506,2715500
2024-01-23,432.30767822265625,434.1206158812104,431.4208894175532,433.7954519676615,2328600
2024-01-24,432.24859619140625,434.44578310804707,429.3518287130925,432.08108293991995,2725700
2024-01-25,430.37646484375,432.17956994389004,428.07088018305166,429.5882415656412,2977800
2024-01-26,432.0810852050781,433.4211010176113,424.3366868518235,426.18901477955785,2725400
2024-01-29,434.1009521484375,434.4753687957604,428.2778892599649,429.37155150670674,2314200
2024-01-30,438.6431884765625,439.65804044134177,433.57876114925836,434.4162673498153,2663600
2024-01-31,442.62371826171875,455.2059141995693,440.05208479897516,443.38238396061945,4740500
2024-02-01,454.1418762207031,454.35864217624913,447.37287890975006,448.30892055160723,3292700
2024-02-02,453.80682373046875,457.01889268743474,451.7574248697265,455.4128582089517,2050300
2024-02-05,450.0429992675781,454.58519120610043,448.8310765475851,452.7525583829238,2438800
2024-02-06,453.72802734375,453.78714259653214,448.6636001842418,448.6636001842418,2201900
2024-02-07,455.1172790527344,455.44241293098514,452.8609467591936,454.42756103744586,2544300
2024-02-08,451.52099609375,453.9743693904156,450.7229100799239,453.23539863177683,2081300
2024-02-09,451.14654541015625,452.2402076174445,449.6587414396123,451.32389116234435,2155400
2024-02-12,451.96429443359375,452.644149837655,449.3729658744606,452.42738391072544,1794500
2024-02-13,453.68853759765625,455.0876685261914,449.3335542767849,450.04296727020716,2407700
2024-02-14,458.3489990234375,458.6051851305875,452.68355752522575,455.20590820414367,2202700
2024-02-15,464.3494567871094,465.16723775589736,458.3884388094521,458.97959128385634,2354100
2024-02-16,461.2458190917969,467.1970050007654,460.2014095537429,467.1970050007654,2237200
2024-02-20,445.106689453125,449.1464020009356,443.50065497126315,446.1412364160348,5044200
2024-02-21,452.29931640625,452.84124628858666,445.3530039256356,446.6437369961113,2895800
2024-02-22,464.6253662109375,465.551545235534,454.7921185153763,455.01874702353757,2572800
2024-02-23,466.45806884765625,468.18233397657013,464.92098198373066,466.76350769356003,1764100
2024-02-26,467.5320129394531,468.0936078442037,465.0589145978608,466.0442089084495,2066900
2024-02-27,467.7684326171875,468.01475617306806,463.0390323717981,467.5713617449657,2011100
2024-02-28,471.8081970214844,472.0939407971059,466.7043795968345,467.1970267629697,1931900
2024-02-29,467.7783203125,471.3549433470443,465.10815117377047,470.9706641462046,3072500
2024-03-01,469.6208190917969,470.47802030731816,466.9309548734411,467.9261117216554,1748300
2024-03-04,461.6004638671875,469.6207729792876,458.92046247683174,468.67489897939504,3212400
2024-03-05,460.644775390625,462.339482771274,457.7874279649064,460.49698726096284,2015100
2024-03-06,464.664794921875,466.65507857037915,460.2900858523509,460.2900858523509,1917100
2024-03-07,460.66448974609375,466.31020664871085,459.03876022024264,466.2412589023447,2178100
2024-03-08,462.35919189453125,464.684471904171,460.2309526946878,460.2309526946878,1596900
2024-03-11,462.2606506347656,462.4675540065246,457.8563841659884,462.10299994763693,1774500
2024-03-12,465.91607666015625,467.39401800176546,461.81724906450484,463.6104917755011,1853900
2024-03-13,468.61578369140625,469.1577135700462,465.82741419487826,467.256102884536,2103900
2024-03-14,472.42889404296875,474.91182470837947,470.16269924478513,473.94622552632273,2757700
2024-03-15,468.8325500488281,471.4238787390022,466.1229908595851,466.37917698676404,4179300
2024-03-18,471.8476257324219,473.7492366115229,469.6405459415092,471.60130214490727,2072300
2024-03-19,476.8824157714844,477.48343082941483,472.4584542223953,474.5374106515183,2049500
2024-03-20,480.86297607421875,481.26695029295354,476.5276877316092,477.19768055199233,1691100
2024-03-21,481.4542236328125,482.7942094546032,476.291261027782,481.34582562348754,2580300
2024-03-22,474.5867004394531,481.7005262143192,474.3797669948872,481.12903870379614,2277800
2024-03-25,469.0395202636719,475.2271674400119,467.4334856982186,474.5177543211858,2600300
2024-03-26,469.7882995605469,472.9412532765754,465.36433787587004,470.6947835262635,2515100
2024-03-27,470.9213562011719,475.0694361990482,467.7684028589661,473.43384428379824,2309400
2024-03-28,474.48809814453125,475.3354366574971,470.2611779365763,470.8819180452231,2214500
2024-04-01,471.3647766113281,476.1730174992802,470.31050451729044,473.5915513017638,1648200
2024-04-02,472.3796081542969,473.34520732994474,469.2956323858808,469.955792753998,3265100
2024-04-03,470.3992004394531,476.19270545017133,470.19226699461717,473.374778290008,2265000
2024-04-04,462.8616943359375,474.8724343064389,462.1030285466722,472.91170826361804,2552600
2024-04-05,470.1331481933594,472.26138739437874,465.58109354206556,467.02947730100396,2462700
2024-04-08,472.46173095703125,473.2806447872609,467.9526915013234,470.044404041618,1961800
2024-04-09,465.8609313964844,472.5011575106875,461.58868093309934,471.59341795414446,2217200
2024-04-10,462.9107666015625,468.0611272332719,462.59502852893945,463.8974254956797,2710500
2024-04-11,462.062255859375,464.07504857179424,457.99722575559406,462.03265729494717,2299900
2024-04-12,459.1713562011719,463.25610867887383,455.94496209911654,459.78307994480105,2486300
2024-04-15,453.65594482421875,464.71638365610784,452.31407294221884,463.966513189389,2070500
2024-04-16,453.685546875,457.19805049275897,452.8764792715815,453.8631382678159,1787200
2024-04-17,454.0210266113281,457.2276684853366,452.0378323092915,456.5961922479032,1735000
2024-04-18,448.6338195800781,455.74762190863106,447.74580247043195,454.35642922868453,1998900
2024-04-19,449.31463623046875,453.72497285584683,446.55197308860505,452.7679425749671,2548800
2024-04-22,450.6565246582031,454.59328466355316,449.0581418022098,451.39651895156635,2157400
2024-04-23,456.6455078125,456.80337685960154,451.20900729900114,452.3634115326127,2029100
2024-04-24,456.3297424316406,461.9043592089878,454.2084318132356,459.082529200692,4043100
2024-04-25,455.9449768066406,457.8097767728012,450.6269004450939,454.79060263654014,2006500
2024-04-26,456.2508239746094,458.61879932387734,454.79055795584804,456.734277202587,1963300
2024-04-29,451.0018615722656,455.4319511087025,449.60079246088,454.80050496882006,2120700
2024-04-30,445.1805725097656,451.6135786341804,444.86483438931174,450.1730648614706,2698800
2024-05-01,436.1723327636719,442.99014977630014,432.53155880003266,439.85255140611065,4979100
2024-05-02,435.2153015136719,438.7278052303182,432.2059734241697,437.08994763720546,3866500
2024-05-03,437.6622314453125,439.31984162147796,431.0713558670148,438.97450491350827,3711500
2024-05-06,443.3749084472656,444.48983783041524,439.6157404185118,441.2634740426367,2536200
2024-05-07,447.0157165527344,447.2525050733782,441.5594935796536,445.7330719186568,2345300
2024-05-08,448.7029113769531,449.03837183026906,443.91763922160015,447.9431947718355,2332400
2024-05-09,449.4132995605469,449.9461038529954,447.4991786862346,447.4991786862346,1970100
2024-05-10,450.8834533691406,452.4620837252841,448.91013531351723,451.2287599405195,1729900
2024-05-13,451.6530456542969,452.6002298889139,449.4330628444344,450.83410180036566,2069300
2024-05-14,448.1405029296875,452.8567314620218,443.3058500316933,451.81087539366945,2991000
2024-05-15,451.88983154296875,452.4818329775592,446.7493464753365,446.7493464753365,2437800
2024-05-16,452.7481689453125,458.7273195275285,452.6988480440179,453.8630983306212,2412200
2024-05-17,454.1295166015625,455.53058559779805,451.9983295975317,454.3071381013969,1985900
2024-05-20,453.5276794433594,456.0535240739119,452.6594147058989,453.3500880499088,1397200
2024-05-21,452.9751281738281,454.24792664521294,449.5514204264644,451.801001619141,2166000
2024-05-22,450.4295959472656,456.329828132392,449.0976302670196,452.7778493940291,1713700
2024-05-23,445.19036865234375,451.93911213966385,444.4306521138216,450.429525176848,2084600
2024-05-24,445.1607971191406,448.3871912960927,444.3122848383945,446.4730704413364,2162100
2024-05-28,439.14215087890625,444.61812610098053,436.49791212747186,443.99652614670447,2670800
2024-05-29,436.5670471191406,438.6291609962521,435.9059722827242,436.2118341906412,1876900
2024-05-30,436.2019958496094,438.2641097634753,434.79108055756103,436.3105138980225,2189900
2024-05-31,441.1056213378906,441.3720084130222,433.3998173937836,436.78405034533046,3917100
2024-06-03,437.27734375,439.0631938825749,432.04806382209097,437.56348325109354,2123800
2024-06-04,438.8363037109375,438.9448518561716,435.43234829607815,437.4451109358334,2096600
2024-06-05,440.70111083984375,441.5989741396061,436.409138184442,440.83922744187635,2157000
2024-06-06,442.69415283203125,443.7794837539692,438.6981959267633,442.50668521322183,1887100
2024-06-07,443.78936767578125,446.95653468934444,441.2931215672541,443.45390722326323,1664700
2024-06-10,443.2565612792969,444.1643008192152,438.44166048156364,442.43764754767653,1954500
2024-06-11,443.0493469238281,443.25653687408095,439.1717543350172,441.8653441300712,1777300
2024-06-12,437.0899353027344,446.46319576633704,435.7086187301868,445.4666605448649,2738900
2024-06-13,439.0632629394531,439.2112557700406,433.45904694462007,437.0899449037702,2916600
2024-06-14,438.6981506347656,439.0237348225116,435.31391784113623,437.4253522254243,2161500
2024-06-17,442.1317443847656,443.3453457790104,435.7875343223765,436.52752856291636,2351900
2024-06-18,444.1051025390625,445.18058742980577,440.7406215848693,441.0958043994504,2636500
2024-06-20,446.4730224609375,448.41674167217576,442.3783639927351,445.0423550310307,3006800
2024-06-21,448.7818603515625,449.22583884338854,444.25309907227467,446.157343750475,5007800
2024-06-24,450.86370849609375,456.8922109147821,448.86079184038846,448.86079184038846,2597100
2024-06-25,449.57110595703125,454.16893988263485,447.74578103411744,452.3633674077082,2299400
2024-06-26,446.3448181152344,448.61412184669757,445.3680353080181,446.70987713973165,2451400
2024-06-27,436.84326171875,442.7138946714002,436.10326748658946,442.58562418682163,3313800
2024-06-28,435.2744445800781,442.3191734790531,432.8669944516875,438.70802839690737,4105000
2024-07-01,431.7718200683594,436.5669983495272,429.7393049864747,434.9192646108827,3149700
2024-07-02,438.7178649902344,438.82641312446793,429.19661281988124,429.19661281988124,2061300
2024-07-03,442.2008361816406,443.2960433607437,438.35287199244874,439.3790058130479,3192400
2024-07-05,443.49334716796875,443.94723199044887,438.35286217535673,441.145093914978,2220700
2024-07-08,440.2866516113281,444.5983461250667,439.0632042281454,443.28610305540525,1802700
2024-07-09,439.4172058105469,442.2629675682239,437.5298920051645,441.3440227249622,1608400
2024-07-10,428.48858642578125,432.2137898404584,423.9530868120044,429.44703435820605,4760900
2024-07-11,431.2355041503906,432.5694425227858,425.00043688741397,426.86799885683206,4032600
2024-07-12,434.8816833496094,436.97652406551526,432.1248489640626,432.2038853330385,2645600
2024-07-15,438.7254638671875,439.1207060018252,433.5279408393277,435.09904867916595,1727700
2024-07-16,438.2610778808594,441.84796006928565,434.47658968829046,441.6305723561979,2846600
2024-07-17,445.8004150390625,446.1561239180232,436.8085131309236,437.14447045717833,2925000
2024-07-18,443.3893737792969,450.0196530207791,442.1641141697045,443.4190161842051,3339900
2024-07-19,438.419189453125,445.8794872068736,438.3006198172842,445.8597356525817,2121700
2024-07-22,442.6186828613281,443.5178761017767,437.98439547480876,440.11873929471255,2111700
2024-07-23,436.4725646972656,443.40915937370426,435.86979554446737,442.7273538534297,2385500
2024-07-24,427.31268310546875,430.68214716507356,423.7653042992991,428.8442576780164,3764800
2024-07-25,424.4965515136719,432.50033319274746,424.4570182522447,428.78499064971004,2384300
2024-07-26,432.9746398925781,435.54375926179847,426.9767411311585,427.14473488687673,2039600
2024-07-29,436.0575256347656,437.6583060320046,430.2474029440239,433.58722460543873,2248600
2024-07-30,442.134521484375,443.39931449442224,437.74726413435775,438.49821519482566,2266900
2024-07-31,458.20135498046875,468.3691235102106,452.1046682975513,456.5116773453951,4313600
2024-08-01,456.9167785644531,461.9463080106052,453.7350295255367,459.93053385951055,2590100
2024-08-02,456.53143310546875,461.2052540343054,453.16193850398815,454.75282822637973,3808100
2024-08-05,436.7492370605469,455.8199496032097,434.36786316747134,449.5948028564453,4496700
2024-08-06,442.974365234375,450.0394502499301,436.85789751868225,437.9547268481975,2758900
2024-08-07,444.4961242675781,451.4920343284966,443.70563992574364,445.17792982830434,2059800
2024-08-08,450.16790771484375,450.8497132473981,445.6719716657216,446.8675889837334,1585400
2024-08-09,451.3536376953125,453.349630058949,448.07307071128116,450.16788114649296,1760200
2024-08-12,450.276611328125,453.0136941252239,448.49800657597405,452.3318886007226,1760000
2024-08-13,453.9029846191406,454.1796872873869,449.4861152617547,452.69750664771357,1816100
2024-08-14,454.69354248046875,455.0690331031887,450.6521331689085,453.8042400427372,1654100
2024-08-15,463.14190673828125,463.42847009923827,458.4878680725939,459.57480654946403,2130500
2024-08-16,463.3099060058594,464.67351700629706,460.50364763983254,462.44035521398365,1921900
2024-08-19,461.4325256347656,464.5648507579822,459.98984798159995,463.42851820490665,1690800
2024-08-20,463.54705810546875,464.09054244297704,459.9799577751948,462.5688285150139,1763300
2024-08-21,462.44036865234375,463.5174163197024,459.0016986450109,462.9739621365085,2105900
2024-08-22,463.25067138671875,465.31583966366486,461.15586070024887,463.9126952510989,1538200
2024-08-23,460.89892578125,464.7525896780743,456.41285029364207,464.7130564148892,1986300
2024-08-26,463.07275390625,464.94028576217295,461.45222199271234,462.5391604523972,1434400
2024-08-27,469.34735107421875,469.85130218358836,462.65778608191107,465.48379626415635,1635900
2024-08-28,466.1952209472656,470.7504719483053,463.30003523679227,469.35721848115605,1445300
2024-08-29,475.0882873535156,476.1950075575976,468.8334983436553,468.8334983436553,1893400
2024-08-30,477.5981140136719,479.9695969600241,473.9519472985766,476.1159334028215,2982100
2024-09-03,476.3926086425781,480.9083261667415,474.33733145196436,476.7384568181015,2063700
2024-09-04,477.4005126953125,480.39451635231677,475.46377496655896,476.3629681645427,2156300
2024-09-05,471.6891784667969,478.40841583249016,467.48966642138004,477.400543797406,2293500
2024-09-06,470.46392822265625,474.7326160251972,469.0706746973112,471.4421578692635,2116200
2024-09-09,481.3035583496094,483.3983687568392,473.8729038540498,474.791848581837,2343600
2024-09-10,482.2225341796875,482.52884910870654,476.60012637149697,481.31348024680625,2234100
2024-09-11,482.3806457519531,483.29959055554707,472.1634836695711,480.74036214653563,2480000
2024-09-12,486.2639465332031,487.02481858887944,477.2621835904216,481.1652714809735,2299100
2024-09-13,487.4991149902344,490.9476760377265,485.6118313732815,487.24222416588356,2204700
2024-09-16,491.79742431640625,492.4001934759291,487.52876685907603,489.4160503959161,1589200
2024-09-17,495.0384826660156,495.7795730455376,491.9357999577068,492.67689033722877,2202800
2024-09-18,488.8824462890625,495.83879201607357,488.1709984129999,495.32498027698864,2193800
2024-09-19,487.1532897949219,495.1768233056048,480.4735856689639,494.06024233312485,3517200
2024-09-20,486.8864440917969,487.667067663787,481.9458420121868,483.8331556252029,3470200
2024-09-23,491.2342224121094,491.7776766058061,485.46357236045185,487.3014921058532,2191300
2024-09-24,481.61981201171875,487.39043205905335,478.6653413940109,486.82719614211913,4143700
2024-09-25,483.63555908203125,484.08019518485617,477.7957636912568,479.00127182843084,3483200
2024-09-26,485.4339294433594,487.76590941878123,483.1909068461265,485.1671477739225,3073700
2024-09-27,487.7758483886719,490.1077984390807,484.56445656422227,485.19683804287433,2177200
2024-09-30,487.93389892578125,489.1097647526755,484.28773180794025,485.9379063385125,2862400
2024-10-01,490.4832763671875,492.11366922018846,487.25210291601104,491.35282726346685,3748100
2024-10-02,489.68280029296875,490.0187575873308,483.86275706156607,487.08403899433097,1736500
2024-10-03,489.0899353027344,491.1847456390178,487.14333698929363,489.6630318427394,1382200
2024-10-04,491.78759765625,493.12153624178217,486.619716451513,489.67300525703087,1935600
2024-10-07,485.46356201171875,492.6076836767202,484.92010782960693,491.4219270820581,1990500
2024-10-08,491.1551208496094,491.6195386411994,485.6908162745393,486.649294263351,1750100
2024-10-09,494.6676330566406,495.4591683268872,490.35368430693234,493.1142141387684,1707500
2024-10-10,492.7580261230469,495.4295106316904,490.60106674073745,494.7171167757279,1491000
2024-10-11,496.9532470703125,497.6062772869061,491.22441441189227,491.26400023581397,1919900
2024-10-14,501.3067626953125,503.4142624873033,496.74545508344477,499.0310457943014,2127000
2024-10-15,501.8707275390625,504.492722168711,498.67484415567304,500.2777227520945,2885900
2024-10-16,508.6385192871094,509.9544838708553,500.6537769027167,501.0000849613414,2956700
2024-10-17,508.3317565917969,511.57706957130546,506.1154033101122,510.83499387409853,2227400
2024-10-18,510.884521484375,512.5269558135233,507.1642389380335,509.1034914724163,2604600
2024-10-21,509.5684814453125,513.3382230686384,508.50977967835917,511.527541699717,2217500
2024-10-22,507.5995788574219,509.1133818587614,505.106185219599,505.7493114438287,1855800
2024-10-23,508.30206298828125,509.2815932816309,506.49141150737154,507.2433610417515,1759700
2024-10-24,505.22491455078125,507.9162071278241,504.07716719135146,506.49138918961114,1911900
2024-10-25,501.9993591308594,509.2914849043613,500.2777531552818,507.0850657966125,1582200
2024-10-28,502.8403625488281,505.4623572243857,500.79225663705984,502.03892323658476,2186400
2024-10-29,500.9307861328125,505.9868110057122,500.3569275362019,502.17748298821147,2066300
2024-10-30,508.26251220703125,510.993360560173,501.64319426940375,507.1048909756873,3121000
2024-10-31,494.3114318847656,522.3223420663334,493.75735114441943,515.7425804332348,5523300
2024-11-01,502.71173095703125,505.1556347161671,493.2626461260959,495.1524691313103,3753700
2024-11-04,500.2381591796875,504.6114718885823,497.7151138982995,503.76057291984785,2165100
2024-11-05,500.2183837890625,502.78101490785286,498.2889748973769,500.23816160408103,2132900
2024-11-06,515.623779296875,517.4740161678219,510.4886140821995,515.3566127743517,3673700
2024-11-07,512.4082641601562,518.4933095468099,511.1319155937629,518.4536935231736,2382300
2024-11-08,519.215576171875,523.2524852058551,514.0408538761297,514.8422932793932,2215600
2024-11-11,524.5188598632812,528.387581452443,522.9357892794986,523.2622590886056,2213400
2024-11-12,523.5789184570312,525.2906808183797,521.7286811937752,523.5096508109397,2577600
2024-11-13,516.365966796875,524.8948854579193,510.9636338884205,524.4100723232392,2681500
2024-11-14,514.9015502929688,516.8408025563957,512.1806064096552,515.1191968163056,2480400
2024-11-15,516.3759155273438,517.8600670756595,512.5270013517107,513.0514305527839,2408100
2024-11-18,516.1185302734375,517.9588632623233,511.53744541844935,513.1106722575079,2493400
2024-11-19,513.9715576171875,517.127855415401,511.3000729582462,513.298749547353,2716000
2024-11-20,507.1246032714844,516.9793900354333,505.6008962834573,516.0196678106414,2409400
2024-11-21,509.6575622558594,514.6245415570394,506.17476453715494,507.8073250241996,3077300
2024-11-22,515.356689453125,516.1977447679523,510.72614458524157,511.4682202446512,3130400
2024-11-25,521.0360107421875,522.6686012818542,515.5150115442362,516.1284558995642,4503900
2024-11-26,522.896240234375,525.0433562313534,519.5123917037262,522.3224117986634,2326800
2024-11-27,526.7550048828125,527.981893676479,521.0162983758354,523.4601719583367,2086300
2024-11-29,527.3091430664062,530.1092591764235,524.4299156896666,527.3784107174984,1760600
2024-12-02,525.7457275390625,529.1691915172763,520.6699254016306,527.2991464371131,2355100
2024-12-03,520.6204833984375,529.1692094341132,520.4028368603924,529.020770147067,2319400
2024-12-04,515.6337890625,520.7194956950996,512.6951378827802,518.1073747331875,2630000
2024-12-05,519.2254638671875,521.8968882006275,516.6528984186792,519.057216552942,2538600
2024-12-06,522.9851684570312,525.389485976533,516.9792964646676,517.4047458637305,2122700
2024-12-09,517.296142578125,525.9735023009657,516.3660717504187,523.4306484380846,2942000
2024-12-10,523.4205932617188,524.063689254432,514.7234280361953,516.9892709929615,2003200
2024-12-11,528.8031005859375,530.2278881965176,521.6989705411866,523.5986672252038,2181100
2024-12-12,526.7846069335938,531.0787776975939,526.3492534938807,530.6236162500815,1860400
2024-12-13,523.4107666015625,529.0307464138913,523.3216909391133,528.5261252373316,1608200
2024-12-16,524.7068481445312,529.3472969577718,523.4106917582454,526.3789943580086,2923000
2024-12-17,525.3994750976562,526.1613587723393,519.3243344900341,523.8065004962939,4055800
2024-12-18,514.4662475585938,531.4548164968761,514.2188889993689,524.7167717592037,3190300
2024-12-19,517.751220703125,523.6284025977282,516.682614726707,518.6218673469238,3050500
2024-12-20,522.4509887695312,526.458185348405,513.9319140985647,517.3454742917805,7317100
2024-12-23,523.3712158203125,523.8065693501765,515.6239279460368,520.2742814717924,2270300
2024-12-24,530.0498046875,530.0794563098691,522.2530585417195,523.6778461721735,955000
2024-12-26,530.4851684570312,532.0187793831111,527.2892549378712,527.9917749576816,1109600
2024-12-27,526.576904296875,531.8802572257817,525.1916722318854,527.9719799762423,1541800
2024-12-30,519.9971923828125,522.9853033402233,515.8218085591387,521.4318842182047,2101600
2024-12-31,521.0064086914062,523.598721637089,520.0070704203081,522.0947622278899,1942600
2025-01-02,516.8804321289062,524.9541883463496,512.1904634573763,523.5986683710574,2818800
2025-01-03,515.851318359375,518.9186001279887,512.2102083265931,517.0089996711099,1627500
2025-01-06,506.5210266113281,515.8513835730448,505.6107640856231,515.465489753682,2920800
2025-01-07,505.9967041015625,510.8746382367926,505.68007787302207,508.2526131384197,2211800
2025-01-08,510.94384765625,511.9827414935233,506.12527771362636,506.6298686255218,2456700
2025-01-10,500.0736999511719,509.0809085831198,498.7756030370286,507.455830469903,2815500
2025-01-13,500.3115539550781,501.5402510229707,495.36700987737447,496.4371605107583,2885500
2025-01-14,504.38409423828125,504.75074986804907,499.6179036873352,502.4518719887742,2704800
2025-01-15,517.5925903320312,518.999701001875,509.05110318761285,510.87437170664407,3024800
2025-01-16,518.37548828125,522.3192208596585,515.9774850188605,518.8510973015635,3275600
2025-01-17,519.9213256835938,523.3200798242236,516.2649298069445,519.802423417628,2374800
2025-01-21,523.2506713867188,525.1531679807327,522.1111208630066,522.8542902099642,2706900
2025-01-22,522.378662109375,525.4702416415037,520.8824048687775,523.1912011565629,2037600
2025-01-23,529.3544921875,529.4833130337753,523.8649702373291,524.2315955754138,2196500
2025-01-24,528.6312255859375,531.1778265464724,527.3034635157928,528.1357793402135,2472900
2025-01-27,542.6524047851562,542.9991929822294,526.8179008798342,528.7204581005403,3074600
2025-01-28,542.3749389648438,546.5267812244869,537.7177318212026,541.5623998053759,2727800
2025-01-29,543.8018188476562,545.5953319423476,541.5227780805933,542.018224355141,2549000
2025-01-30,560.8551025390625,571.6855508653472,549.4796754055153,549.9453658744889,6005200
2025-01-31,550.3713989257812,560.3893073110538,549.5886156447862,558.6850012878413,4505100
2025-02-03,558.8138427734375,559.8542678124544,546.05114241399,547.6068509112656,3195500
2025-02-04,554.0178833007812,566.7905019596182,552.5018492465123,565.6807072137038,2638900
2025-02-05,561.1325073242188,561.7072419240587,554.7016245008807,556.2374958218252,2404700
2025-02-06,561.9945678710938,564.561006076074,559.3984343401174,560.9739800377241,1738400
2025-02-07,557.624755859375,564.8582590327745,556.6636191618702,562.8863926292101,2008300
2025-02-10,560.3397827148438,562.1036003714987,555.8906851255501,560.101978194683,2357700
2025-02-11,559.5570678710938,561.2712927296778,554.1269352529746,559.8444049548904,1847800
2025-02-12,559.4579467773438,559.6066048614515,554.3449674898937,556.8915687704163,1722200
2025-02-13,561.15234375,562.2225246118401,556.3563973152415,560.4487882842874,1709500
2025-02-14,559.616455078125,564.0556341017628,558.9921879680161,560.8550706967095,1927400
2025-02-18,563.431396484375,563.4512336886797,556.4060021964164,559.7552238427256,2064100
2025-02-19,563.3224487304688,565.5024245681147,561.4893215938603,562.32163751778,2459100
2025-02-20,558.1499633789062,563.3223932632483,553.9485283240052,562.9756050756422,2181900
2025-02-21,552.4324340820312,559.6560179379392,551.5109114034047,556.3167153732819,2256100
2025-02-24,553.908935546875,556.3465529928427,551.7190412384507,553.3441195357625,1752500
2025-02-25,558.8931274414062,560.8847705696435,547.6563798476242,557.3175817509107,3609500
2025-02-26,556.1582641601562,561.5189660834986,554.5034301063582,557.46624954432,2028000
2025-02-27,559.676025390625,569.4660501630271,558.8634861142914,560.4191949200323,2436500
2025-02-28,571.0612182617188,571.1801205158821,558.8633347747251,562.1332677227648,3205400
2025-03-03,569.6838989257812,576.9273206785583,564.8087247620332,572.071983718171,3092600
2025-03-04,550.0147094726562,567.9795954091674,546.9825808294779,565.264559624794,3318100
2025-03-05,553.21533203125,555.8808355711485,546.29892096727,547.5474553324747,2795400
2025-03-06,544.8125610351562,550.6191769903495,539.7292773039409,543.504575582985,3133200
2025-03-07,541.7903442382812,545.3674518638876,531.395890963373,542.0875999103446,3161300
2025-03-10,532.2281494140625,543.5639614933607,527.1746220964503,533.2487976705074,3893400
2025-03-11,521.01123046875,533.1496628031289,517.4935744187237,532.3074284246982,4582600
2025-03-12,519.8618774414062,527.8583875081147,514.5308707302673,525.678411821152,2810800
2025-03-13,515.095703125,523.7164806054245,512.9950157087122,519.7231545064252,2375800
2025-03-14,522.8345336914062,523.597479791192,516.2054604411951,517.8403967801175,2369500
2025-03-17,527.1448974609375,528.621317626233,516.7306074894796,518.48450658802,2544800
2025-03-18,525.3612670898438,527.7394331461865,520.7238977113229,527.4917100352873,2363300
2025-03-19,531.2075805664062,532.7236146240033,524.7568607920695,526.7287271667411,2804300
2025-03-20,531.4949340820312,535.5674878193468,527.6997988007594,528.7402238496625,2598600
2025-03-21,530.8112182617188,533.149710101838,525.9261253790323,530.563495130877,5973400
2025-03-24,538.718505859375,540.4922421322847,533.3379668686696,534.4378430231682,2758700
2025-03-25,540.1950073242188,542.19662981896,537.0638131792997,540.977851219914,2138200
2025-03-26,544.0694580078125,546.0116294579402,540.1554197760088,542.1570423685235,2681600
2025-03-27,552.4920043945312,556.7132166248043,542.8109641612189,544.0694171397208,2901200
2025-03-28,535.686279296875,553.5025642265131,535.171056419554,549.182227773711,2656400
2025-03-31,543.1280517578125,546.4079038729279,526.1838123433924,527.313383952878,4741800
2025-04-01,543.514404296875,546.1303747685782,539.0454698608669,541.8199565069432,2714900
2025-04-02,542.3947143554688,544.5251573156064,536.7169199678651,537.9158611261507,2994600
2025-04-03,525.7179565429688,535.0719833216732,522.2003005798887,523.607350869266,3443500
2025-04-04,485.3094177246094,516.1360996886498,483.8429161511273,514.8875654391048,6125100
2025-04-07,481.09808349609375,497.6261922713838,461.34960455110115,474.1420294981891,6009400
2025-04-08,475.54913330078125,500.9655194179653,467.36435172219336,496.4371335173892,3555400
2025-04-09,511.5458068847656,514.6026135313165,466.45816629276817,466.56732281491475,4698400
2025-04-10,495.5770568847656,504.7970575394125,480.48168528258884,503.0106038541045,4105300
2025-04-11,505.90863037109375,512.0221832434282,492.17292935757104,494.5052263054735,3736200
2025-04-14,508.59820556640625,519.4755739988415,504.6680256832153,511.9824817010835,3005500
2025-04-15,513.4810791015625,517.3615870658523,509.51122271549775,509.53109138149244,2210700
2025-04-16,509.56085205078125,517.7883578984248,506.0276821636819,512.161103230743,2501000
2025-04-17,513.4315795898438,520.031430920824,505.29336011478694,507.0996524320109,3329800
2025-04-21,505.48187255859375,513.7491162884064,499.7454307060641,513.1039903296692,3345600
2025-04-22,523.3561401367188,524.8150333693611,508.8859957869273,511.7343630674999,2384000
2025-04-23,526.0159301757812,539.8409484201218,523.6439263357263,533.687658617869,3051800
2025-04-24,531.4248657226562,532.0004513048476,521.311653798472,524.7058641675447,2209100
2025-04-25,529.4597778320312,532.8738570759576,525.8869309704556,531.4248981235842,2006100
2025-04-28,530.4620971679688,533.7074739758046,526.5021753245715,531.9905305638049,1735400
2025-04-29,535.613037109375,536.4069963023367,529.3902675988413,530.3133125505732,2041500
2025-04-30,543.929931640625,544.932330183157,525.5594094508399,534.4717792335433,3783500
2025-05-01,542.5107421875,548.6640327020394,535.6627145773299,545.8553418908873,2839900
2025-05-02,555.1744995117188,558.1419574363249,550.8076333039769,551.4428248569576,2632600
2025-05-05,556.8914794921875,560.2956242606595,551.6611740330181,553.606425575804,2130900
2025-05-06,554.777587890625,561.4767216563148,551.9093516365974,552.2864929020161,2341700
2025-05-07,562.062255859375,562.9554372759952,554.2813100373141,555.0554611735913,2493700
2025-05-08,562.8462524414062,569.5453853174997,562.7271615918476,565.1587108248776,2004300
2025-05-09,564.3549194335938,565.2878383074355,560.3453248554925,563.1738844824027,1528000
2025-05-12,573.9122924804688,576.4132610740353,562.1614896960523,575.6292361628882,3000300
2025-05-13,572.244873046875,578.4675814471119,571.4607876795162,573.6442207038092,2370200
2025-05-14,568.9599609375,574.2795550283511,567.967496641063,573.9123480846864,2237500
2025-05-15,577.8125610351562,578.6461968847622,569.3270058309461,569.8033691735781,2034200
2025-05-16,578.884521484375,579.8868593978913,576.0559622971118,576.0559622971118,2225900
2025-05-19,581.9909057617188,584.0155715009575,576.1056003157153,576.6415697526702,1875500
2025-05-20,576.7308349609375,579.5891365950957,572.502927936445,576.8598601480853,1964300
2025-05-21,565.248046875,574.6367801505099,562.8264317688013,572.1159428529523,2505300
2025-05-22,565.8435668945312,568.8407676582013,562.6577349301889,564.3746786526866,1869900
2025-05-23,559.3329467773438,563.2730002651605,558.2710028978942,560.2360624751768,1948800
2025-05-27,570.22021484375,570.2301491764042,562.2209569251204,562.5484870267147,2655200
2025-05-28,571.5800170898438,574.4780564315785,568.6224928889145,570.2501488630045,1702900
2025-05-29,573.426025390625,574.2199846782822,568.6224717512013,571.5403190791297,1347800
2025-05-30,581.18701171875,581.18701171875,572.1655460562097,572.4335307744738,4581100
2025-06-02,576.8400268554688,577.4355417346413,570.4486154088955,576.1254816907124,2089100
2025-06-03,577.5842895507812,578.1401275858384,569.1186024769567,575.5001392201168,2116900
2025-06-04,579.7281494140625,582.427623108278,577.8325087672,579.7678261771383,1530200
2025-06-05,581.0282592773438,582.2688395606656,578.2394372234447,581.891698308519,1480000
2025-06-06,585.6729736328125,586.7051146021525,581.6237027027419,583.4796059258559,1528600
2025-06-09,579.926513671875,585.553767664477,575.6291275345707,584.3032533160774,1936000
2025-06-10,585.0972900390625,585.4248201678593,578.7653639500799,580.2441864088031,2133700
2025-06-11,586.288330078125,590.2284447083714,583.1719777486968,585.8715120479809,2238100
2025-06-12,584.8392944335938,586.2187735438171,580.1548322182115,584.9881277086923,1984000
2025-06-13,557.7946166992188,570.9050284453006,548.3463392610079,568.5429590857478,5905400
2025-06-16,564.3845825195312,570.6668976758727,558.4000550743156,559.650569620386,3108200
2025-06-17,565.1587524414062,566.9848526525774,559.7498104207036,560.464355570673,2246600
2025-06-18,534.6702270507812,566.7764807444247,530.1346583201572,566.5779757864246,6966800
2025-06-20,528.9535522460938,534.2831400909696,523.356100865648,532.883731814458,8202800
2025-06-23,538.262939453125,539.0370906121472,523.5943499450648,527.4153129191492,3681100
2025-06-24,553.3286743164062,559.8689804156895,548.3266152587568,552.9812754511715,4503200
2025-06-25,545.5575561523438,554.2713599027326,544.4856779077495,551.8100681912687,2889200
2025-06-26,541.6968994140625,544.7735142995957,537.9850928827387,541.419040928535,3764100
2025-06-27,546.1728515625,552.5047773755759,541.4387784146619,542.6496161174991,3837500
2025-06-30,557.7052612304688,558.3900638609315,547.7409437870389,548.3363979982241,5054600
2025-07-01,560.3551635742188,562.0423647273404,552.842202765034,555.1050500804404,3827000
2025-07-02,557.2885131835938,561.7247990513679,553.1896312194121,558.6977953769654,2502300
2025-07-03,564.9503173828125,565.3671353900829,556.5143715952076,556.554108931753,1528700
2025-07-07,560.861328125,566.448906061027,556.1272548085457,566.3694919690284,2478300
2025-07-08,558.2015380859375,562.3500309574987,556.1967411219719,560.3254259017027,3083800
2025-07-09,561.6102294921875,561.9183072195976,555.7865353380938,558.5195044434666,2454300
2025-07-10,560.0301513671875,562.554399361617,557.5356860416338,562.1469651725366,2577200
2025-07-11,546.772705078125,557.3468256729199,542.4695039643696,556.353018714548,3221400
2025-07-14,549.59521484375,555.6077355906428,544.3975625301548,547.0908015733919,2500900
2025-07-15,546.9515991210938,551.423730565157,545.2522279929351,549.6845683369102,2449100
2025-07-16,552.0797119140625,552.0797119140625,546.0969740618175,548.9988736642716,2424200
2025-07-17,552.1691284179688,553.9281863320101,547.1007366530904,549.555410986381,2722000
2025-07-18,549.2373657226562,552.9045160843816,547.4684207535212,551.8213003912495,2579600
2025-07-21,551.215087890625,554.6238386902708,548.62120546905,549.9728291156594,2194400
2025-07-22,555.2996215820312,556.7406538960502,551.8014014526336,552.3678787343032,2010400
2025-07-23,558.6090698242188,559.0065562772421,551.0660471070332,553.5605126791577,2180400
2025-07-24,560.01025390625,564.323403047849,558.4201869424086,558.5195433812112,1874700
2025-07-25,564.7010498046875,566.4303251369191,560.3581175644434,560.8649688982723,1513300
2025-07-28,564.7607421875,568.1098673466331,562.7134412788345,563.8563437356096,2492400
2025-07-29,559.8313598632812,569.4514042300531,559.5133343482023,566.4998265905825,2393800
2025-07-30,555.6473999023438,562.107145201105,551.7715891173851,556.8598759462978,2833200
2025-07-31,562.9618530273438,575.8515620654825,559.0264159122504,565.0488842360215,4568300
2025-08-01,556.4226684570312,561.3718083752091,552.6561007499132,560.3680535050502,3316700
2025-08-04,566.2811889648438,566.3904931818957,559.0164619039871,560.7953546750655,2984700
2025-08-05,562.5345458984375,568.2887277958164,558.6487868483449,566.0724967283458,2883200
2025-08-06,565.6054077148438,566.8277709684766,560.4773294006005,565.4662601709854,2245200
2025-08-07,557.744384765625,570.3459120187295,550.4299791562731,569.4216180486558,2979600
2025-08-08,570.7632446289062,572.5918155444498,559.2052643438545,560.2586973396167,2907700
2025-08-11,570.0377807617188,573.0192017457277,565.9134574709736,571.4390219350503,2116600
2025-08-12,570.6241455078125,574.7385214026348,566.9272122623809,571.6179525940688,2593800
2025-08-13,574.321044921875,576.6763624762269,570.4849041006058,573.7545676970465,2352900
2025-08-14,580.144775390625,580.7808264188782,571.9359199876542,573.8936906330764,2642300
2025-08-15,578.0975952148438,585.908904368719,577.5112223437749,581.3771464737745,2263800
2025-08-18,580.5225219726562,581.8641373595453,577.0938751807264,578.4156556715348,1812000
2025-08-19,581.8839721679688,586.9126333854488,580.6019222603338,580.7907480250229,2334500
2025-08-20,589.009521484375,590.2021020077158,582.2814287297359,582.2814287297359,2884600
2025-08-21,588.2543334960938,588.542576401089,580.3138237723732,585.3921639432515,2349200
2025-08-22,595.2506713867188,598.0432666718583,589.4070812874597,591.6133037447481,2388900
2025-08-25,589.5362548828125,595.3301058484158,589.1883860487944,594.1176904596882,1984300
2025-08-26,587.9461059570312,592.3089329571694,582.659045786675,589.4070336924583,4774600
2025-08-27,587.0020751953125,590.9375731492249,586.1673111990464,587.5487176262346,1480900
2025-08-28,586.8231811523438,589.8543412512339,586.0678780715909,587.1611022463748,2159800
2025-08-29,591.6033935546875,593.1338952752119,586.6045754946789,588.3337901050431,2111200
2025-09-02,588.20458984375,591.9313663827048,582.3709471540129,591.9313663827048,2284500
2025-09-03,589.6058349609375,590.3213468720102,585.3125815230086,588.1648027066689,1959400
2025-09-04,591.9512329101562,592.1996846672379,585.6405218859821,589.3574111239441,1653700
2025-09-05,580.6019287109375,594.873044123978,575.4441283249992,591.7822580826584,2432100
2025-09-08,582.9672241210938,586.1374712155443,577.103798589953,579.0118912494792,1948200
2025-09-09,580.38330078125,587.5188279195293,579.6876237344966,579.9261277146024,2266000
2025-09-10,575.7919311523438,578.5249005287882,567.4638232544596,578.5249005287882,2535200
2025-09-11,585.0840454101562,586.3163565318348,576.4180764530798,577.2826837935211,2407000
2025-09-12,576.8154907226562,585.5610407959563,576.4080565442517,582.8081760121677,2242800
2025-09-15,579.3497924804688,582.8678476784686,577.8988123188909,579.1211756070526,2222600
2025-09-16,582.788330078125,584.467866467331,573.2577541618837,574.4304392358306,2537000
2025-09-17,594.9227294921875,595.1811290348074,583.8020259839013,584.0703733023404,2930800
2025-09-18,582.4205932617188,597.8941758771053,582.2516630519419,592.388506810387,3294600
2025-09-19,580.542236328125,585.2230888597379,577.9086843271268,584.9746371243326,6745300
2025-09-22,580.8702392578125,583.712512698235,576.547203103924,577.3720192344217,3241700
2025-09-23,566.440185546875,583.2256014865045,564.7308665050114,581.8243602094963,3223000
2025-09-24,565.2872924804688,568.1196178431117,561.4512124576764,567.7420270309633,2867200
2025-09-25,563.7868041992188,568.8453094625402,561.0737299931172,561.5010598040183,2700600
2025-09-26,561.6301879882812,566.1321024228857,560.5668071565125,563.1109508007358,2106500
2025-09-29,564.62158203125,565.7942671338777,559.026443189033,562.4948202732025,2615600
2025-09-30,565.2872924804688,567.0960282921072,560.1592756371228,562.305871822041,2379200
2025-10-01,570.2166748046875,571.9060982174842,561.510915580997,562.1767493021757,3685100
2025-10-02,573.7545776367188,576.2490427611885,567.2352065368038,569.1830293185609,2483500
2025-10-03,576.8552856445312,579.6080897893914,572.8601620917236,572.8601620917236,2331600
2025-10-06,575.2254638671875,577.5410513086227,565.7346185443572,575.6428458497551,2573500
2025-10-07,576.2490234375,582.4503688298119,575.3247296360206,575.4042511725569,2120700
2025-10-08,572.8701171875,579.4590625384197,572.5123612204228,577.7199002651006,1934700
2025-10-09,561.79443359375,576.5719875620148,559.764412647517,574.4224964544785,2579800
2025-10-10,554.7589721679688,566.6406965601308,553.9728499504212,564.8097114430644,3553900
2025-10-13,556.5103759765625,562.2422715066966,550.3108036399389,555.2764380544013,2996500
2025-10-14,565.14794921875,567.0287386515931,553.2861480863481,553.2861480863481,2627300
2025-10-15,560.06298828125,565.914293553121,556.6696588138108,561.5457060488693,2262400
2025-10-16,547.196044921875,561.8939721044451,544.7182083101683,560.0529654974874,3210600
2025-10-17,558.2318725585938,560.0529573228945,549.3156452498071,549.7932829307083,2756700
2025-10-20,563.5956420898438,564.6504659123256,551.0869876435563,558.9584137819801,2046400
2025-10-21,569.2379760742188,573.1686477094717,558.0329259172561,559.4160952285487,2722400
2025-10-22,568.5712280273438,573.6164890962738,565.8048285437154,568.2627435392908,1820500
2025-10-23,570.969482421875,574.1737366408021,568.8796959537838,571.5565686543443,2187500
2025-10-24,570.8699340820312,577.9850596551607,570.2828478495533,574.4225164143168,1839600
2025-10-27,569.5663452148438,572.9099307652721,563.7150401329696,572.9099307652721,2981000
2025-10-28,563.167724609375,571.1883818358436,562.6900868945671,570.2828502119792,2916000
2025-10-29,551.8731689453125,564.043456134609,548.5394835091379,558.8887464714337,3763400
2025-10-30,550.9774780273438,560.1723678259252,542.9767431705668,548.8678306162944,4284700
2025-10-31,549.2957763671875,551.7238693744919,540.8771077438181,546.2109314853558,3567100
2025-11-03,541.4144287109375,548.3105964375536,537.7225151707859,547.3154773877577,3175500
2025-11-04,550.0520629882812,551.325844544919,539.8321707583509,542.1707370026397,2653900
2025-11-05,550.6093139648438,553.6145929035926,546.6885425151054,550.3008294917252,2198500
2025-11-06,550.5794677734375,552.2910432942743,545.1858790792799,547.4945624406189,2593600
2025-11-07,549.2758178710938,555.9431274714249,547.9821752888791,551.0969026892798,2510400
2025-11-10,550.2610473632812,551.9925447785074,545.9024211000758,549.5843737031495,1978300
2025-11-11,555.624755859375,555.8039307560448,545.335257810277,550.3008926754093,1832400
2025-11-12,558.4906616210938,563.1478116252612,555.6844185280861,557.2666845890766,1761500
2025-11-13,552.8583374023438,560.849112361469,552.1517809609468,557.1472983848284,2031300
2025-11-14,543.0663452148438,554.2813572837772,541.3945523592623,553.3260210503371,2567800
2025-11-17,534.2296142578125,546.6387798502179,533.5927842540615,543.3349774607054,2557900
2025-11-18,525.0049438476562,533.3838295365583,522.1389960240023,530.9557365397751,3594700
2025-11-19,527.7713012695312,528.4081920100978,522.417556160054,525.5721271388395,2723100
2025-11-20,525.303466796875,535.8318437095389,524.6068712907897,530.6870343156545,3240300
2025-11-21,537.7623901367188,541.7527667396079,529.0749590245094,529.940707789294,3807500
2025-11-24,535.2247314453125,541.3845205031037,532.4981150951704,540.7874733962273,5941000
2025-11-25,543.8026733398438,547.7135446208898,536.3691632552859,538.8569608585108,3132600
2025-11-26,542.2702026367188,545.9919380697335,541.5139024602729,545.802863025622,2185300
2025-11-28,547.8429565429688,548.7087053156318,542.7578516956506,545.4546463676735,1254800
2025-12-01,541.3148803710938,547.0965803582449,540.7377550530218,544.967011014713,2227000
2025-12-02,543.2454223632812,552.0423016273471,538.3991973729142,544.6087913613859,3076000
2025-12-03,551.0272216796875,552.3607078574091,543.8325307815693,544.6485356459596,2687900
2025-12-04,539.6630249023438,556.2715647480131,536.9264474371255,554.3112093177178,2878800
2025-12-05,542.8573608398438,547.7533295345941,538.6081830819664,539.0659597080545,2126700
2025-12-08,537.8021240234375,544.6585086280986,534.7670231687742,544.0514398673703,2453800
2025-12-09,534.92626953125,539.2550741352643,533.3042205105431,536.0806417205541,1965300
2025-12-10,536.2297973632812,542.29009865753,534.8764501315145,535.4635970523245,3023400
2025-12-11,560.6202392578125,562.3716585816186,540.0014007792305,540.1208102115583,3659900
2025-12-12,569.1384887695312,570.9098300122753,563.1279909626217,563.2374394922961,3515400
2025-12-15,566.3521118164062,570.5017412633576,564.3916956975079,570.083808267288,2714000
2025-12-16,563.2572631835938,568.2129362565336,559.7345031307638,567.9144127106773,2748700
2025-12-17,562.7099609375,568.9692988661855,560.8093102058361,562.7597654816461,3287100
2025-12-18,563.4463500976562,566.3520805673203,560.2917791410832,562.2422342438679,2259000
2025-12-19,569.4368896484375,570.143445958822,562.4412351075811,563.4562151215789,7262100
2025-12-22,572.8900756835938,576.6217722933915,568.2130037851974,569.4369808372912,2500200
2025-12-23,573.536865234375,578.880649907402,572.9398180731846,573.0791493232122,1794700
2025-12-24,576.6217651367188,579.44786932127,574.1837112344606,574.4324910053595,1058900
2025-12-26,576.7709350585938,578.3631618649239,575.8554426057303,576.9202272001143,972300
2025-12-29,575.0792846679688,579.1492872962721,574.5916253469325,576.7709383495611,1274900
2025-12-30,574.6016845703125,574.9599736258616,571.4471738603528,573.2682589175706,1512800
2025-12-31,568.0935668945312,575.1588878393545,567.8348262241313,573.7458357978392,1736500
