Date,Close,High,Low,Open,Volume
2021-01-04,207.56539916992188,212.628432614177,204.81934121407613,212.18029080751847,37130100
2021-01-05,207.76560974121094,208.35678384593277,205.66793319149298,207.15537629858184,23823000
2021-01-06,202.3783721923828,206.42117742109096,202.0827924454249,202.3020912013757,35930700
2021-01-07,208.137451171875,209.13861918523918,203.77047714250094,204.08511622896737,27694500
2021-01-08,209.40562438964844,210.32098186986488,206.93608695061204,208.50934079732144,22956200
2021-01-11,207.3746795654297,208.728634495914,206.65001738495062,208.3090962965024,23031300
2021-01-12,204.9337158203125,207.00280310584745,203.39861001025608,206.43070295929502,23249300
2021-01-13,206.27816772460938,206.67863205947245,203.98025172181406,204.06607693930206,20087100
2021-01-14,203.11256408691406,207.34606452038847,202.8455878928311,205.86815123585768,29480800
2021-01-15,202.759765625,204.53325868233262,202.16860612225966,203.58931232139068,31746500
2021-01-19,206.37351989746094,206.88839845005378,202.74072282622367,203.80862770514977,30480900
2021-01-20,213.9060821533203,215.28864064220252,207.1839703739338,207.57490501983722,37777300
2021-01-21,214.50677490234375,215.7749191075521,212.075371036692,214.2493283744459,30709400
2021-01-22,215.44117736816406,219.36956815443511,215.29815961161134,216.51862629789636,30172700
2021-01-25,218.8546905517578,219.09306319554696,213.7916579255343,218.46375592415686,33152100
2021-01-26,221.52452087402344,223.28847013700926,219.37916655887562,221.07637903093,49169600
2021-01-27,222.0679931640625,229.25732167368406,219.4363638925336,226.93080188116176,69870600
2021-01-28,227.8175048828125,231.35496145402922,224.156104425464,224.65192361732747,49111200
2021-01-29,221.1717071533203,226.94985841468173,220.59007724966867,225.01427347529136,42503100
2021-02-01,228.5040283203125,231.22148249088136,221.61982466737663,224.12750973113813,33314200
2021-02-02,228.3705291748047,231.04030577405533,227.58867444558177,230.07728550233475,25916300
2021-02-03,231.6982421875,233.69103427666695,228.1321816996905,228.427776040609,27158100
2021-02-04,230.75428771972656,231.9270918000538,229.19056349507096,231.37406542742858,25296100
2021-02-05,230.9354248046875,231.96519641817662,229.2382126683199,230.96402835930283,18054800
2021-02-08,231.19285583496094,232.3465712580115,229.61005802324223,231.84122242822716,22211900
2021-02-09,232.4324493408203,233.37639589275983,230.1536069798949,230.62080814629257,23565000
2021-02-10,231.52664184570312,234.48245458099242,229.6863970456526,233.60524479540956,22186700
2021-02-11,233.11892700195312,233.74821975404504,230.88774789305762,233.39543288023918,15751100
2021-02-12,233.5956573486328,233.89123709414287,231.44075937329384,232.58494513457302,16561100
2021-02-16,232.36566162109375,234.68265139758873,231.62194010002432,233.6338058939717,26728500
2021-02-17,233.37867736816406,233.48380348312867,230.26314413417265,230.6263097281633,21653500
2021-02-18,232.9868621826172,233.12065774190984,230.1867070550558,231.0850549171446,16925600
2021-02-19,230.29183959960938,233.05377375121492,229.53683889334786,232.9486476243667,25262600
2021-02-22,224.11807250976562,227.38651912425996,222.1015730817524,226.899124179311,36446900
2021-02-23,222.9330596923828,224.4239287388966,218.59423353637678,220.12333822043468,30228700
2021-02-24,224.1563262939453,224.77751683776836,218.85226200566777,219.81750035690945,26339700
2021-02-25,218.8426971435547,224.1945337785198,217.78188435010034,221.79576547197954,39542200
2021-02-26,222.08251953125,224.94001393985326,219.36835773748183,221.27017985864828,37819200
2021-03-01,226.44039916992188,226.9469119322539,222.8183385683915,225.4464768789382,25324000
2021-03-02,223.50643920898438,226.78445210469692,223.10505255325617,226.50729480119938,22812500
2021-03-03,217.47604370117188,223.2292812046213,217.18933480024668,221.87220796170382,34029500
2021-03-04,216.68283081054688,222.18759526620298,214.32228361038455,216.69239700995695,44727800
2021-03-05,221.3370361328125,222.9330311039714,216.42480728718476,219.34920613150112,41872800
2021-03-08,217.3135986328125,223.0286010289096,217.06512533998108,221.11722762448446,35267400
2021-03-09,223.42039489746094,224.94949917221666,221.40389574415366,222.56028285704778,33080500
2021-03-10,222.1207275390625,226.49777489668543,221.75756188333716,226.49777489668543,29746800
2021-03-11,226.62193298339844,228.5715269287325,223.92689018964646,224.5480951328917,29907600
2021-03-12,225.3031005859375,225.37000564303278,222.89476643503502,223.6402007655921,22653700
2021-03-15,224.40478515625,224.76795075810895,221.53772513977538,224.54814690664654,26034900
2021-03-16,227.17630004882812,229.42215512507744,225.4847304458189,225.80966043568304,28092200
2021-03-17,226.53599548339844,227.9790919022909,222.89483106316706,225.68543480408619,29562100
2021-03-18,220.49603271484375,223.81226667216245,220.12331549170005,222.25449271210522,34833000
2021-03-19,220.14247131347656,222.1685227651984,219.18678446528716,220.78277975184858,46430700
2021-03-22,225.53253173828125,226.4021956379215,219.94175816101423,220.0660021106585,30127000
2021-03-23,227.05210876464844,230.36834366869905,226.56471366681598,226.9661004384355,31638400
2021-03-24,225.02603149414062,227.4534696700632,224.89223591881614,227.31012247600984,25620100
2021-03-25,222.04420471191406,226.44036857962652,221.30833658385814,224.87304325492036,34061900
2021-03-26,226.0008087158203,226.22062717768958,221.28927982619135,221.28927982619135,25479900
2021-03-29,224.81578063964844,226.30664979770663,221.60467222897535,226.10594914214153,25227500
2021-03-30,221.5759735107422,223.48734696493838,220.85920846541862,223.18152021260835,24792000
2021-03-31,225.32225036621094,228.504688728598,222.092024753779,222.58898590552727,43623500
2021-04-01,231.61068725585938,232.07896442554832,227.50123135762215,227.9026180384794,30338000
2021-04-05,238.0328826904297,238.8834432319684,231.94514876834452,232.0024876345528,36910600
2021-04-06,236.87649536132812,238.3482463965933,235.93992652070483,236.63757369710436,22931900
2021-04-07,238.8261260986328,239.8104823385441,236.23622303026858,236.8287441813467,22719800
2021-04-08,242.02761840820312,242.87817885306538,240.83301022257527,241.5688929480555,23625200
2021-04-09,244.512451171875,244.6462467282904,241.25355598314442,241.66449426976965,24326800
2021-04-12,244.56976318359375,246.25178094538492,243.33691929386083,243.42294217131268,27148700
2021-04-13,247.0354766845703,247.70446912444078,245.44903306408236,245.8600005621299,23837500
2021-04-14,244.263916015625,247.36033103123685,243.85297780853838,246.0701775515574,23070900
2021-04-15,248.00070190429688,248.4116401910308,246.30914692258776,246.50026676594953,25627500
2021-04-16,249.18577575683594,249.43426366654776,246.18493426409438,247.97206397718136,24878600
2021-04-19,247.27439880371094,249.89300052637145,246.39518326067673,248.660156360658,23209300
2021-04-20,246.8156280517578,248.66966236946797,245.45854026133196,246.39512361896334,19722900
2021-04-21,249.0327606201172,249.12833509751647,245.85033759589444,247.46545001866457,24030400
2021-04-22,245.77401733398438,250.17972002304504,244.31180293462384,248.67928456335076,25606200
2021-04-23,249.57763671875,249.92169918055876,245.869566752287,246.45255094734463,21462600
2021-04-26,249.95985412597656,250.81042932030428,248.6410309291481,250.0649948328601,19763300
2021-04-27,250.36126708984375,251.52720612882962,248.5932407126178,249.98853524607762,31014200
2021-04-28,243.2796173095703,245.171887578436,241.740961055206,244.73225067344254,46903100
2021-04-29,241.32044982910156,244.75137625676413,237.96599467202304,244.1397373356911,40589000
2021-04-30,241.00502014160156,241.86514676105617,238.53936174730796,238.67315727709615,30945100
2021-05-03,240.69924926757812,243.0789143649509,239.99203587034623,242.1710003473486,19626600
2021-05-04,236.80958557128906,240.07804670537047,234.8695428631059,239.84867666254803,32756100
2021-05-05,235.5481414794922,238.4438714978055,234.92695085372995,238.02336694631293,21901300
2021-05-06,238.66366577148438,238.787909724678,233.84701060906457,235.52901416460628,26491100
2021-05-07,241.27267456054688,243.03113461686635,240.03983053154383,240.97639942940194,27032900
2021-05-10,236.22665405273438,240.57503186928486,236.1693151784812,239.75314064553547,29299900
2021-05-11,235.3187255859375,235.67233957139493,231.82092344292948,233.71317897375303,33641600
2021-05-12,228.4091033935547,233.55070210291098,227.52032183189039,231.43862824513633,36684400
2021-05-13,232.26051330566406,234.7166348681072,230.7218572958672,231.08502287042182,29624300
2021-05-14,237.15365600585938,238.1380121702755,234.61154038910965,234.69754869490393,23901100
2021-05-17,234.3152618408203,235.6627836091261,232.7288329763286,235.62456255687053,24970200
2021-05-18,232.3083038330078,235.49074200688435,232.13627265956075,235.35694646425682,20168000
2021-05-19,232.883056640625,232.9884255073801,228.55338866338369,229.23348484456213,25739800
2021-05-20,236.10157775878906,237.50968232520998,233.5919015513451,233.68769674460555,21800700
2021-05-21,234.8467254638672,237.87367214593564,234.4348383135843,237.1456784165481,21863100
2021-05-24,240.22052001953125,240.58452421046962,237.08820432202634,237.35641332073013,21411500
2021-05-25,241.12091064453125,242.1075396069595,240.25881249244773,241.16880823437864,17704300
2021-05-26,240.90061950683594,242.28956203132947,240.19177311991052,240.8431336244148,17771600
2021-05-27,238.81246948242188,240.891097000664,238.75499820060006,240.59415230038618,24426200
2021-05-28,239.1668243408203,241.46577734023427,239.05188180655244,240.43125068294205,18270200
2021-06-01,236.98281860351562,240.70902330225366,236.56135779002153,240.65155203751777,23213300
2021-06-02,236.88705444335938,238.77410571979837,235.48852356730782,237.6821077652956,19406700
2021-06-03,235.364013671875,235.96747662588672,232.76811590692853,234.8946406042707,25307700
2021-06-04,240.23008728027344,241.05387621610285,237.0881979939227,237.32767135182317,25281100
2021-06-07,243.12295532226562,243.39116434225733,239.2913811894754,239.45422133616353,23079200
2021-06-08,241.93516540527344,245.23032134430707,241.87767951827612,244.41610603256754,22455000
2021-06-09,242.91221618652344,244.77053196890688,242.54822658507075,243.1229539319254,17937600
2021-06-10,246.40846252441406,246.619200219193,242.98879105239524,243.58268021970406,24563600
2021-06-11,247.03118896484375,247.60590172580916,245.80505712120518,247.1269549366099,18999700
2021-06-14,248.94696044921875,249.0044317216972,245.98704375362735,247.04073247004933,19150500
2021-06-15,247.48133850097656,249.0427095066787,246.82997796871686,248.83197177770197,18038900
2021-06-16,246.54261779785156,249.6078592604981,243.70724678964794,248.4775520192582,27220000
2021-06-17,249.91439819335938,250.72861348193877,245.23031436879756,245.28778563786543,27565500
2021-06-18,248.50633239746094,251.25548238283758,247.8549717580351,248.69792281262997,37202200
2021-06-21,251.57150268554688,252.4240124559613,247.0598337750627,248.87982505840912,26696100
2021-06-22,254.3302459716797,254.59845491217578,251.35118276546544,251.65771562105584,24694100
2021-06-23,254.100341796875,255.59465298644773,253.29571494345763,254.79002613303035,19518700
2021-06-24,255.46058654785156,256.5717463708945,254.29195546090864,254.9529042283444,21446900
2021-06-25,253.86094665527344,255.99705986751763,253.61191420204025,255.02001893731307,25611100
2021-06-28,257.4051208496094,257.5775346492932,254.7134426795022,254.98165166765068,19590000
2021-06-29,259.9722595214844,260.21173286835983,256.69628050647634,257.5487904204081,19937800
2021-06-30,259.4933776855469,259.9340005688029,258.248127663591,259.2922282090203,21656500
2021-07-01,260.1638488769531,260.39373393462904,258.24806210942415,258.2576211651032,16725300
2021-07-02,265.9591064453125,266.2943749941608,261.02596110039144,261.33249401548636,26458000
2021-07-06,265.9687194824219,267.6067092239565,262.75018203961656,266.32313540922155,31565600
2021-07-07,268.1430358886719,268.871044073546,265.48009396765076,267.6353536630571,23260000
2021-07-08,265.7388000488281,266.9936380649696,263.2961543378193,265.24067677167557,24618600
2021-07-09,266.23687744140625,266.34223167723803,263.7272015660929,264.1103530558396,23916700
2021-07-12,265.64300537109375,267.9898266674368,264.9341443751542,267.40552572361065,18931700
2021-07-13,269.1488952636719,270.94015122587615,265.7100615012556,265.83456308659123,26120100
2021-07-14,270.6145324707031,271.71610427305967,268.73703995210985,270.4612659855572,23113700
2021-07-15,269.19677734375,270.61447008005376,268.0472935864673,270.1259350983207,22604200
2021-07-16,268.9285583496094,272.1375069226489,267.6928677414366,270.1929845890148,26186800
2021-07-19,265.3460693359375,268.56457724046334,262.89386448508327,267.18520835778435,32935600
2021-07-20,267.5588073730469,269.13932573027193,264.62765573380375,266.32311662863236,26259700
2021-07-21,269.55126953125,269.66621209300195,265.6143406282734,267.1565353861028,24364300
2021-07-22,274.0916442871094,274.35985328231106,271.4861729483263,271.8884718248349,23384100
2021-07-23,277.4729919433594,277.7794956122771,274.4364570259696,275.26981960045765,22768100
2021-07-26,276.87908935546875,277.4921551936187,274.57059187126583,276.8312063761206,23176100
2021-07-27,274.47479248046875,277.386767469363,271.0359585638651,277.2430893009287,33604100
2021-07-28,274.1683044433594,277.9328192354718,271.87892473208046,276.82165916338664,33566900
2021-07-29,274.43646240234375,276.467191757566,274.0341343071643,274.187400760919,18168300
2021-07-30,272.9134216308594,274.58973513938895,271.9555281974139,273.16248327798326,20944800
2021-08-02,272.8272705078125,274.69514554535544,271.79272901793587,274.30240564943875,16267400
2021-08-03,275.03033447265625,275.1357179422913,272.0417118924598,273.40193331425957,17879000
2021-08-04,274.4460144042969,275.48052628962654,272.66431769348395,274.1682171665595,16191300
2021-08-05,277.329345703125,277.4347292005121,274.0533659477351,274.8005217895427,13900200
2021-08-06,277.2718200683594,277.3101439901318,275.50929969046035,276.3618388625209,16589300
2021-08-09,276.18939208984375,279.2738100175353,275.6912980438974,277.549613584763,16117600
2021-08-10,274.3789978027344,277.0706760159155,273.19121929801037,276.6396122772204,18616600
2021-08-11,274.86761474609375,276.50560482275705,273.8234848662326,275.11664723521795,13955900
2021-08-12,277.6070556640625,277.7603221003754,274.2831647350226,274.56096197787616,14561300
2021-08-13,280.5191345214844,280.5670175063844,277.1185948484272,277.29103790576875,18249000
2021-08-16,282.19537353515625,282.40611123158624,277.80820582745525,280.84474046702564,22507600
2021-08-17,280.7394104003906,281.07467896746925,278.82362342575755,280.0784907881244,20075300
2021-08-18,279.021484375,282.94676489700373,278.579988799018,280.27872459621557,21813000
2021-08-19,284.8182678222656,285.490088665484,277.01570926895175,277.0636839198015,29850500
2021-08-20,292.1026306152344,293.5230377753495,286.05635943722655,287.64951050790023,40817600
2021-08-23,292.3808898925781,293.1006853030909,289.6936654087505,291.03727765066435,22830200
2021-08-24,290.43267822265625,293.34065084403505,289.83765196769906,292.7360179434968,18175800
2021-08-25,289.8471984863281,292.3232815826595,288.32123587171554,292.04495251552714,20006100
2021-08-26,287.0448913574219,290.2503776581435,286.9105447389248,288.86836772999834,17666100
2021-08-27,287.64947509765625,288.7531556639914,284.8758490691569,286.9488636063391,22605700
2021-08-30,291.3636169433594,291.9682498481404,288.9355079671407,288.9930892639242,16348100
2021-08-31,289.72247314453125,292.2369539074186,289.3577720955228,292.16018861273085,26285300
2021-09-01,289.67449951171875,292.89919870843596,289.3481957201944,290.67262417838776,18983800
2021-09-02,289.0218505859375,291.14283957172955,288.0909139976585,290.02958175450493,16285600
2021-09-03,289.01226806640625,290.41346160185293,288.16770342962735,288.8682855530755,14747900
2021-09-07,288.0909118652344,288.96426715610795,286.1906707011484,288.8875018649386,17180400
2021-09-08,288.1197814941406,288.503666632325,285.490137544591,287.70710570280636,15046800
2021-09-09,285.2789611816406,289.97204208683576,285.0390293387629,288.705194927188,19927000
2021-09-10,283.8009338378906,287.84140660459923,283.48423673576656,286.4018157451152,19633400
2021-09-13,285.0294189453125,286.51701392472955,282.2366088163071,285.56686392320825,23652900
2021-09-14,287.71661376953125,289.2521830846945,286.09467252451213,287.4958659786448,21853400
2021-09-15,292.5441589355469,293.024022710736,289.6649762844122,291.0469863000417,28356300
2021-09-16,292.92791748046875,293.01428940804146,288.6475426567624,291.5267240633766,19550800
2021-09-17,287.7933654785156,292.23690671006113,287.4670617738263,291.92020964886325,41372500
2021-09-20,282.44775390625,286.6897617780861,277.86025823894886,284.395999300158,38278700
2021-09-21,282.9276428222656,285.5573159726547,282.2270605228024,283.78181431814966,22364100
2021-09-22,286.5553894042969,288.12935637243464,282.64932121103874,284.7799171748866,26626300
2021-09-23,287.4959716796875,288.78200303350246,285.54772599829147,286.8145733457126,18604600
2021-09-24,287.2944030761719,287.7262628330811,284.9718498809772,286.2195130742343,14999000
2021-09-27,282.3229675292969,284.5303284068583,281.14249251178086,284.21363131308823,23571700
2021-09-28,272.1018981933594,279.069528394677,271.3629186493173,278.1289850116234,43186200
2021-09-29,272.5625915527344,275.2210260039281,271.6124707643782,273.6182975889951,26353700
2021-09-30,270.56634521484375,276.23830803362955,270.27840943903544,274.20369075422246,32343600
2021-10-01,277.4572448730469,278.30180981633697,269.9617749341886,270.75833592609666,30086300
2021-10-04,271.70831298828125,276.1614605902717,268.9635076643741,275.8255502626874,31350700
2021-10-05,277.130859375,278.7047968877301,272.61052278816857,272.61052278816857,24993000
2021-10-06,281.3056640625,281.8047410195279,274.0117597743309,274.2708756099428,28002600
2021-10-07,282.9756774902344,284.6935980268707,282.0831378869021,283.2923746987016,20430500
2021-10-08,282.9756774902344,284.6935980268707,281.9295779623674,284.29049956389696,17685700
2021-10-11,282.38055419921875,285.9699246769011,280.960147351055,281.1233138675637,19298600
2021-10-12,281.0849304199219,283.54182991335233,280.57627613312303,283.44585132765303,17974100
2021-10-13,284.3768005371094,285.30773721131357,281.6703624588803,283.0331881435553,23416300
2021-10-14,290.5573425292969,291.056390013878,285.83547291155634,287.1599008270888,27262900
2021-10-15,291.9585876464844,292.1889420783388,288.4171921254101,290.16390256494424,25384800
2021-10-18,294.9145812988281,295.79751392665924,290.4998302940227,291.34439492137415,22729300
2021-10-19,295.8167724609375,296.84365846900545,294.8474384623916,295.9319350570906,17682100
2021-10-20,295.0298156738281,297.22759971094877,293.7821524294178,296.75731334940286,16537100
2021-10-21,298.2448425292969,298.49435169218145,294.0220192983192,294.79942529790196,16918100
2021-10-22,296.7091979980469,298.56146404860306,295.4039540692806,297.89925008631417,17449300
2021-10-25,295.72076416015625,296.9396072317386,294.1180067552253,296.90120994069343,17554500
2021-10-26,297.6210632324219,299.81884727726106,296.1718947099922,298.4752347150335,28107300
2021-10-27,310.1550598144531,312.9670535510442,303.2738027325777,303.2738027325777,52588700
2021-10-28,311.2875671386719,311.78661480927093,308.41796248920383,311.2683538472866,26297900
2021-10-29,318.26470947265625,318.6294104720148,310.8556147805,311.07636256657173,34766000
2021-11-01,316.1053161621094,318.1399329660543,313.2261348081766,318.01516375454963,27073200
2021-11-02,319.7139587402344,320.02107850414706,316.71000761817237,317.00752073679007,26487100
2021-11-03,320.548828125,321.412576594574,317.3337367157379,320.4528495642596,21500100
2021-11-04,322.8906555175781,322.98663410539643,316.2397523503642,319.48363531417436,23992200
2021-11-05,322.5259094238281,325.1459751338179,320.951972099872,324.8772526985791,22570100
2021-11-08,323.4184265136719,324.0518499151926,320.9711341206324,323.71593957200855,20897000
2021-11-09,322.4203796386719,325.078813563159,321.0575540639552,323.5336374688277,21307400
2021-11-10,317.47772216796875,321.15349346911216,316.63318689786576,321.0959121845267,25500900
2021-11-11,319.04205322265625,320.3280839430203,317.1993937054505,317.90958234348346,16849800
2021-11-12,323.1593933105469,323.6488636296379,320.34739921433277,320.47216845555636,23831000
2021-11-15,322.5356140136719,324.2727183705063,320.5777617974973,323.9464145492368,16723000
2021-11-16,325.8370666503906,326.95035397533974,321.9981569596239,322.1612942198898,20886800
2021-11-17,326.05816650390625,329.0099268651389,324.9813100529108,325.8851065761686,19053400
2021-11-18,328.12530517578125,329.2598774584323,324.1351564442823,325.1543261152059,22463500
2021-11-19,329.89447021484375,331.8078416400719,329.01954636756113,329.44260130183307,21963400
2021-11-22,326.7408142089844,336.2018344650954,326.47160009386823,331.3463268296399,31031100
2021-11-23,324.6735534667969,326.37539705653046,320.7122484325142,324.06781451737515,30427600
2021-11-24,324.894775390625,325.1351461786082,321.0488427828943,323.32755315823283,21661300
2021-11-26,316.98175048828125,324.9139862915625,315.4818391564863,321.4718896050423,24217200
2021-11-29,323.6640625,325.9716160847785,321.84684534637535,322.03915370433015,28563500
2021-11-30,317.856689453125,324.7697551795586,316.31831064916247,322.4045150069706,42885600
2021-12-01,317.3663024902344,326.21195801552415,316.70290620086416,322.22180934894953,33337600
2021-12-02,316.7991027832031,320.6450357362237,315.17419376318077,317.5779018588186,30766000
2021-12-03,310.5686340332031,319.8854066749846,305.78043811748984,319.2027326168605,41779300
2021-12-06,313.626220703125,314.8376989761692,306.93430556211973,311.4725076329486,30032600
2021-12-07,322.0198669433594,322.86594725103106,317.38551230648477,318.86620419363703,31021900
2021-12-08,322.06793212890625,322.57751689845855,318.0585354762929,322.3948327978521,24761000
2021-12-09,320.27008056640625,323.52949356795324,319.3278164061056,321.52962129274965,22214200
2021-12-10,329.3464660644531,329.78874012403924,321.89497120742305,322.0776553641923,38095700
2021-12-13,326.327392578125,330.5483179150928,326.0197109116661,327.55808990182186,28899400
2021-12-14,315.6933898925781,321.75075164875943,311.6263053995195,320.38543259627,44438700
2021-12-15,321.76031494140625,322.279524033455,312.0012673025278,315.95294877643335,35381100
2021-12-16,312.3858947753906,323.7891011125143,310.5783016127801,322.77952611826163,35034800
2021-12-17,311.32818603515625,312.4050716507524,305.0304840740271,308.52067208536005,47750300
2021-12-20,307.5881042480469,310.3667755304143,305.3382370063855,307.72269664260455,28326500
2021-12-21,314.683837890625,315.10689283678283,307.4823089268054,310.8379051743816,24740600
2021-12-22,320.3661193847656,320.7603015592964,313.20305992289275,315.6548296221217,24831500
2021-12-23,321.79876708984375,323.4333000256045,319.91426851160736,319.9334876096026,19617800
2021-12-27,329.2598876953125,329.28873101360773,322.51025779288784,322.539101111183,19947000
2021-12-28,328.1061096191406,330.567504020854,327.21193737349995,329.9329216504245,15661500
2021-12-29,328.7791748046875,331.0386367329647,326.5965892757154,328.1541872836197,15042000
2021-12-30,326.25048828125,329.91373694625986,325.7697466785753,328.7407262620481,15994500
2021-12-31,323.36602783203125,326.28891555203285,322.91412956697064,325.4716783285754,18000800
2022-01-03,321.8564453125,324.98126516990294,317.0778734645708,322.433341000755,28865100
2022-01-04,316.3375549316406,322.28913749513237,313.55885476913005,321.93336411107276,32674300
2022-01-05,304.194091796875,313.51086734109714,303.8095043444839,313.3089347213249,40054300
2022-01-06,301.79034423828125,306.4247001927171,299.49238536143025,301.0884509560254,39646100
2022-01-07,301.9442138671875,304.30945449198936,298.14634321960966,302.049962942499,32720000
2022-01-10,302.165283203125,302.597962334878,292.95428801782003,297.56939515988586,44289500
2022-01-11,302.8478698730469,304.415062225708,297.9539258295352,301.30949148923696,29386800
2022-01-12,306.01123046875,310.9532679259109,304.86706317706137,307.35733034753923,34372200
2022-01-13,293.05999755859375,308.52066014986855,292.2908229193429,308.1264486110597,45366000
2022-01-14,298.2520446777344,298.84815945566663,292.0504674590349,292.53120896925554,39846400
2022-01-18,290.9928283691406,297.8674260520063,290.1178753051929,292.3581471597959,42333200
2022-01-19,291.6466369628906,301.8191439350218,291.04092729643247,294.49264788128625,45933900
2022-01-20,289.98333740234375,299.64623177263644,289.54106334856164,297.1656180407453,35380700
2022-01-21,284.6278991699219,292.3966712973026,284.22406327473504,291.0313814474847,57984400
2022-01-24,284.9547424316406,285.6662305381032,265.4173987440913,280.9453743252705,85731500
2022-01-25,277.3782653808594,283.6279058744891,274.1861636133682,280.2915581603582,72848600
2022-01-26,285.2816162109375,296.61750913568017,281.7433657696805,296.1271434101873,90428900
2022-01-27,288.2910461425781,295.46370078193985,286.4546101746923,291.0024351218943,53481300
2022-01-28,296.38677978515625,296.5983072336974,283.1087009699881,288.666071926605,49743700
2022-01-31,299.0020751953125,300.34814589285327,294.5696221023162,297.05026534834326,46444500
2022-02-01,296.8675231933594,298.6654918462446,293.37733494145994,298.45396439636784,40950400
2022-02-02,301.3864440917969,302.9825093458668,296.9828649919706,297.703977220742,36636000
2022-02-03,289.6468200683594,299.2424331685659,288.4064984985747,297.5694324128608,43730000
2022-02-04,294.15618896484375,296.906016986016,288.4161327669498,288.64687935833757,35096500
2022-02-07,289.3582763671875,295.98287796690846,288.3487017661909,294.3772180338793,28533300
2022-02-08,292.829345703125,293.79082898408933,288.39692186210715,289.64683839050434,32421200
2022-02-09,299.22320556640625,299.91547470681274,295.55036170966486,297.9348214827328,31284700
2022-02-10,290.7333068847656,297.2136945346378,289.11802208324127,292.3293725846551,45386200
2022-02-11,283.67596435546875,292.5696824760353,282.8875412205064,291.51204526354115,39175600
2022-02-14,283.63751220703125,285.3297318388345,280.128104788829,282.45487744042305,36359500
2022-02-15,288.8968811035156,289.2141576740427,285.5797520645728,288.4546070123702,27058300
2022-02-16,288.5596618652344,289.8796128761614,282.9522516965207,287.4709345634299,29982100
2022-02-17,280.1099548339844,285.9582018841707,279.4066103677046,285.5342722610437,32461600
2022-02-18,277.4122619628906,283.12563925409984,275.85144328731116,282.34522991631013,34264000
2022-02-22,277.2099609375,280.8904283246642,274.10758220532034,274.5893178506724,41736100
2022-02-23,270.0321044921875,281.04460436118626,269.8683308283759,279.58010909240227,37811200
2022-02-24,283.8289489746094,284.37813456051526,261.60166355056816,262.5555199373533,56989700
2022-02-25,286.44964599609375,286.75796386461934,280.9963949831395,284.35892976880194,32546700
2022-02-28,287.8755798339844,288.2128006483137,282.2970731254426,283.559218096748,34627500
2022-03-01,284.1759033203125,289.0125191995379,281.47816573841146,285.5729192190914,31217800
2022-03-02,289.22442626953125,290.4576682481348,282.9715074955346,284.57084383733564,31873000
2022-03-03,285.11041259765625,292.05703176941057,283.30869674167064,291.82580808856017,27314500
2022-03-04,279.27178955078125,284.8599409855132,276.68007868700784,283.5399899491922,32356500
2022-03-07,268.7217712402344,279.1079901922431,268.35564745891236,277.9903600081898,43157200
2022-03-08,265.77349853515625,273.5872347405663,260.13718693761393,267.6522494658014,48159500
2022-03-09,277.9613952636719,279.02121928908525,270.5233976527745,273.0862341495731,35204500
2022-03-10,275.15771484375,276.13083008813146,270.33071510240313,272.68158699777644,30628000
2022-03-11,269.8393859863281,278.93455646472097,269.2227503051047,277.44115846333716,27209300
2022-03-14,266.3419494628906,274.97464216380376,265.7446020938021,270.0994808190958,30660700
2022-03-15,276.6607971191406,277.3063358721881,268.5483846755829,270.10920358547907,34245100
2022-03-16,283.63623046875,283.8096481851476,272.854988057363,278.54907556535204,37826300
2022-03-17,284.4359436035156,284.81168204871824,278.7996317030362,282.576451409173,30816600
2022-03-18,289.45550537109375,290.00469074578774,282.03679836578453,284.5803458124412,43390600
2022-03-21,288.2319641113281,289.1761761984461,284.1275685810139,287.9718375477952,28351200
2022-03-22,292.9530334472656,293.8586986740922,287.85626286698505,288.84863696836237,27599700
2022-03-23,288.54998779296875,292.1533901687108,286.84465430957243,289.53274726035676,25715400
2022-03-24,292.9916076660156,293.0879606698215,287.4227451186162,288.2127985858923,24484500
2022-03-25,292.58697509765625,294.34050002683153,288.3573511232307,294.0803733450445,22566500
2022-03-28,299.35052490234375,299.4468485037341,293.2131884282858,293.2131884282858,29578200
2022-03-29,303.8884582519531,304.2834849768808,297.7607660592807,302.4432514351578,30393400
2022-03-30,302.39508056640625,304.40876140768165,300.1983672332794,302.298756961056,28163600
2022-03-31,297.0478210449219,303.6283461991608,296.64317958234875,302.43362184596117,33422100
2022-04-01,298.1173095703125,298.801365976558,294.3790361342476,298.0691183624966,27110500
2022-04-04,303.4645080566406,303.5993787276326,298.39664041936675,298.76276415932574,24289600
2022-04-05,299.52392578125,303.3681663887453,298.5508104784777,301.82660661689823,23156700
2022-04-06,288.5596618652344,295.7856968034289,285.8715686354388,294.0418160572362,40110400
2022-04-07,290.3612976074219,292.5580106672026,285.5246829888432,285.8233566950077,31411200
2022-04-08,286.1220703125,290.1204702874654,285.4572727698381,289.46531686660774,24361900
2022-04-11,274.83978271484375,281.921271966205,274.5892708132743,281.13124798929533,34569300
2022-04-12,271.75665283203125,280.11957482236716,270.24399616662504,278.6743681898196,30966700
2022-04-13,277.11358642578125,278.0385105603026,271.02444128433206,272.4022274692682,21907200
2022-04-14,269.60809326171875,277.7783384197441,269.11674301597424,277.5663736108414,28221600
2022-04-18,270.27288818359375,272.14202437159116,268.1725283526451,268.72171390745734,20778000
2022-04-19,274.8783264160156,275.71657107306396,268.2400250211419,269.17459327763214,22297700
2022-04-20,275.8995666503906,279.11758595882566,274.94573968215394,278.82852699073885,22906700
2022-04-21,270.5523986816406,282.58614693419463,269.82979513911937,278.0385607971482,29454600
2022-04-22,264.0200500488281,272.8550951713469,263.393799558569,271.39059991716476,29405800
2022-04-25,270.46563720703125,270.8413756866367,260.87908697872507,263.3070532274066,35678900
2022-04-26,260.3492431640625,268.19188507903243,260.137278279722,267.3633137874921,46518400
2022-04-27,272.8742370605469,280.3411367431412,268.9625474500182,271.795154326994,63477700
2022-04-28,279.0501403808594,280.3508322510041,271.17856852888485,274.7723263295594,33646600
2022-04-29,267.382568359375,279.29108997541846,266.3998381310292,278.06746249784794,37073900
2022-05-02,274.0786437988281,274.5314764230111,266.1300066784379,267.56556930704056,35151100
2022-05-03,271.4869079589844,273.7510711128351,269.9164452309345,273.58726807497914,25978600
2022-05-04,279.3874816894531,280.2546001760667,266.6214840615691,272.2674130500583,33599300
2022-05-05,267.2186584472656,275.8898964970235,264.31860164617336,275.10948742476916,43260400
2022-05-06,264.69439697265625,269.04927528391744,261.36076616080453,264.7714617150036,37780300
2022-05-09,254.91519165039062,262.41099624830406,253.70123795853172,260.1950242973113,47726000
2022-05-10,259.6555480957031,263.750301637101,255.38737675510967,261.76555286102507,39336400
2022-05-11,251.0323944091797,261.44751510704526,249.82805548109343,255.97500607449467,48975900
2022-05-12,246.02235412597656,250.38687708360916,240.88705133910193,248.27687299785254,51033800
2022-05-13,251.5815887451172,253.43146634006962,246.0223706452165,247.94931299700548,34925100
2022-05-16,251.9477081298828,256.1099105942852,246.43665192316664,250.46395431193443,32550900
2022-05-17,257.0733947753906,258.5282163055622,252.87264501904795,256.3893090476885,28828800
2022-05-18,245.36891174316406,254.56252427185584,244.10382723032592,253.98308927658698,31356000
2022-05-19,244.46115112304688,248.83585464293373,243.24435524609143,245.19508938818183,32692300
2022-05-20,243.9010467529297,249.67603468949343,237.99087400334946,248.420587153045,39199300
2022-05-23,251.71368408203125,252.5345479716084,244.7412185194128,246.73060439189265,33175400
2022-05-24,250.718994140625,252.37035900338427,244.80882139282033,249.0483255820953,29043900
2022-05-25,253.51956176757812,255.50893286369595,248.31437179357388,249.2897536459207,28547900
2022-05-26,256.7837219238281,257.9522293193264,252.4669728572484,253.2781702660378,25002100
2022-05-27,263.8719787597656,263.96855616192437,258.38672418405815,259.2751950241192,26910800
2022-05-31,262.54901123046875,265.3495796777819,259.709805919586,263.1863868585538,37827700
2022-06-01,263.08013916015625,268.16944748829445,260.78173234380733,265.7648261496329,25292200
2022-06-02,265.166015625,265.23362274910033,252.63105360262074,255.38334728727818,44008200
2022-06-03,260.76239013671875,264.0748154478667,259.2076029156242,261.04245577782234,28059000
2022-06-06,259.5359802246094,264.77980709613064,258.0584370323219,262.732495427998,22400300
2022-06-07,263.15740966796875,263.76581500022235,256.82231988834405,257.49833236224606,22860700
2022-06-08,261.1390380859375,263.64023679590827,260.36644828068603,262.3944559964506,17372300
2022-06-09,255.7117462158203,263.3601943996646,255.55722824112877,258.5992253476871,26439700
2022-06-10,244.31629943847656,251.64605970485297,243.87206395245485,251.64605970485297,31422800
2022-06-13,233.9541473388672,240.48239119497188,233.24917940412797,236.70644141538565,46135800
2022-06-14,236.10769653320312,237.31484044107447,233.22985484717458,235.49929128823007,28651500
2022-06-15,243.12844848632812,246.54708847653447,237.97153296010552,239.79673406143797,33111700
2022-06-16,236.5712432861328,238.93724247462407,234.68810167633953,237.5466102902709,33169200
2022-06-17,239.15939331054688,241.91168786918539,235.66350856453076,236.3105360612127,43084800
2022-06-21,245.0405731201172,246.0159401392919,240.95558733169304,241.67987371090587,29928300
2022-06-22,244.45150756835938,248.3530054561835,241.78612402987773,243.25401534558895,25939900
2022-06-23,249.9849853515625,250.47750946113382,244.93431446825159,246.80780403535596,25861400
2022-06-24,258.5219421386719,258.7923411858124,252.74695527389528,252.83386609569553,33923200
2022-06-27,255.8083038330078,259.1013666061605,254.2534870945373,259.0144557779908,24615100
2022-06-28,247.6866455078125,257.7590479870569,247.53212753900692,254.92950951957212,27295500
2022-06-29,251.33706665039062,252.98843151702386,246.99133318160082,248.75859390135693,20069800
2022-06-30,248.0246124267578,250.6320551562228,244.22935890804,248.23707094153858,31730900
2022-07-01,250.6803741455078,250.86386241719325,245.88078247866835,247.59976933487354,22837700
2022-07-05,253.8382568359375,253.9638045325972,246.00630564678934,247.37761951989364,22941000
2022-07-06,257.08306884765625,258.8020409501888,253.40369581093594,254.70741739613206,23824400
2022-07-07,259.19793701171875,259.8353125390256,255.93381513155052,256.0303925395583,20859900
2022-07-08,258.4833984375,258.9083155891827,254.26322667634338,255.7117998376354,19658800
2022-07-11,255.4413299560547,257.39206399672923,253.19119709803016,256.5422299287005,19455200
2022-07-12,244.97296142578125,256.8222904951569,243.3988410088484,256.76434994360125,35868500
2022-07-13,244.05552673339844,244.8570720526818,239.60357943296265,241.6122686543637,29497400
2022-07-14,245.36891174316406,246.39256746391416,237.5079908622042,241.97925680708025,25102800
2022-07-15,247.9184112548828,251.44326589652985,246.03526953214475,246.9526960395664,29774100
2022-07-18,245.5330810546875,251.89714046464383,244.6156545937457,250.84451446983314,20975000
2022-07-19,250.63201904296875,250.815507255263,244.9825802573405,248.74886295733143,25012600
2022-07-20,253.2781219482422,255.7889874324287,250.03333293209215,250.98938157590604,22788300
2022-07-21,255.760009765625,255.80831320834824,248.21777641916702,250.8831597992093,22404700
2022-07-22,251.4335174560547,256.2331216924542,250.1877664531957,256.1462108879254,21881300
2022-07-25,249.95603942871094,252.5345118478316,248.00530543442562,252.05165427259675,21056000
2022-07-26,243.2636260986328,250.97004315253255,241.01352289869635,250.95070998904438,39348000
2022-07-27,259.5262756347656,260.79136010238045,249.97536828625238,252.2061678876976,45994000
2022-07-28,266.9333190917969,268.3142846363358,258.68610373864,260.5016528744498,33459300
2022-07-29,271.1149597167969,272.3317706761654,267.1458831627397,268.17920581962255,32152800
2022-08-01,268.4785461425781,271.6364248715957,266.38293077002675,268.29505785999686,21539600
2022-08-02,265.3979187011719,268.3626721126067,263.0415707195236,266.5374558232472,22754200
2022-08-03,272.7855529785156,273.7802383800219,267.1264470117995,267.27132785781305,23518900
2022-08-04,273.9250793457031,274.0699307149256,270.5644096945988,272.13850053519735,18098700
2022-08-05,273.21044921875,273.9250689272582,269.1254639343299,269.57935118815436,16774600
2022-08-08,270.7093200683594,276.11733164460054,269.74360476800535,274.31141927705306,18739200
2022-08-09,272.62139892578125,273.3746556298809,268.09219211802474,270.05262233660574,23405200
2022-08-10,279.2461853027344,279.8738942312327,277.10229657539446,278.2901367727336,24687800
2022-08-11,277.1795654296875,281.2259144656879,276.687070719345,280.87827114074025,20065900
2022-08-12,281.9020080566406,281.9020080566406,277.10240096341505,278.58961104800113,22619700
2022-08-15,283.4084777832031,284.09412741241835,280.1636589641089,281.02315975011504,18085700
2022-08-16,282.67449951171875,283.9589172842201,280.46303283251734,281.97918336040345,18102900
2022-08-17,281.9293212890625,283.8938831580585,280.1389500408416,280.4002359720042,18253400
2022-08-18,280.8163757324219,282.50027733774294,279.76148592010856,280.8357203997343,17186200
2022-08-19,276.9259948730469,279.9260727784797,276.3550169722019,279.5873490654093,20570000
2022-08-22,268.7967224121094,273.3548871851572,268.28380815555704,272.9871317684134,25061100
2022-08-23,267.5289611816406,269.87093596211275,266.52247730381634,267.5289611816406,17527400
2022-08-24,266.8999328613281,268.29351690361904,266.24183017802443,266.5321774149117,18137000
2022-08-25,269.86126708984375,270.02577059536407,265.67082824168347,268.3902454376077,16583400
2022-08-26,259.4481201171875,271.3032415870308,259.34168014145877,270.0838482135881,27549300
2022-08-29,256.6802978515625,258.78033116845745,255.34477754961907,257.28030737067536,20338500
2022-08-30,254.4931182861328,258.4415857939152,252.25758389365097,258.073859967287,22767100
2022-08-31,253.04150390625,258.4996828935802,252.9060026363371,256.8351555238569,24791800
2022-09-01,252.00601196289062,252.48023691824085,247.17687383626492,250.52533262450333,23263400
2022-09-02,247.80593872070312,256.20613302523753,246.26719569629415,253.26414827190314,22855400
2022-09-06,245.08651733398438,249.51886860124202,243.81874738590238,247.9414362596074,21328200
2022-09-07,249.7704620361328,250.4865986759276,245.057451273247,246.48973931975843,24126700
2022-09-08,250.1866455078125,252.0350805590205,246.57688549508825,249.20922275197296,20319900
2022-09-09,255.9351348876953,256.6803328721326,251.8995711991458,252.10279358860814,22084700
2022-09-12,258.0545654296875,258.828795252262,256.61260484004885,257.21261449388913,18747700
2022-09-13,243.8671112060547,252.00600375133774,243.47999634028216,250.49629269213037,33353300
2022-09-14,244.0896759033203,246.03487812902216,241.8057500396919,245.35744562009026,23913000
2022-09-15,237.47015380859375,243.2960878234106,236.15399296543862,241.71864109172554,31530900
2022-09-16,236.85081481933594,237.3927608644155,234.25719690326952,236.38627698047728,39791800
2022-09-19,236.6378936767578,237.23790323040416,233.0861980227324,234.65397254260654,26826900
2022-09-20,234.63461303710938,235.66044153829108,231.91519584554464,234.26687239156138,26660300
2022-09-21,231.24745178222656,239.6766917207571,231.19906057717108,236.3959688481416,28625600
2022-09-22,233.21202087402344,235.99918898239684,229.91195323025747,230.20227093577722,31061200
2022-09-23,230.2506866455078,233.35721932747165,227.61836421122973,231.81846148984823,34176000
2022-09-26,229.79580688476562,233.66686706312993,229.263533156856,229.40870677369827,27694200
2022-09-27,228.7893524169922,234.00560575138226,226.94091751914982,232.24426616908045,27018700
2022-09-28,233.2991180419922,234.5184966384645,227.16347665591098,229.17642964868273,29029700
2022-09-29,229.8441925048828,232.21521385312766,226.853802133828,231.18938529349765,27484200
2022-09-30,225.39247131347656,232.78619560885667,225.22795302914213,230.60872427461211,35694800
2022-10-03,232.9797821044922,233.82173303998002,227.0957683574116,227.82159220301807,28880400
2022-10-04,240.85736083984375,242.2896489224366,237.08306843402076,237.18952317598578,34888400
2022-10-05,241.16705322265625,242.50257374872547,236.23146021082852,238.0605356080036,20347100
2022-10-06,238.83474731445312,242.27031644163847,238.14764234917035,239.93799895986987,20239900
2022-10-07,226.6892852783203,233.54106344265196,225.65376961113512,233.13458913635256,37769600
2022-10-10,221.86013793945312,226.99896799750226,219.42136587622,225.5376480865996,29743600
2022-10-11,218.14390563964844,221.67624187674608,216.8858082240652,220.28265795591057,30474000
2022-10-12,218.47296142578125,220.5149462849339,216.74066847271945,218.13423774935973,21903900
2022-10-13,226.6892852783203,228.48932881951694,212.0663551272384,212.76314712814823,42551800
2022-10-14,221.1923370361328,229.5925438135571,220.9794275826942,227.94733171572798,30198600
2022-10-17,229.87322998046875,231.25714167375685,227.5602721133645,228.21836002283007,28142300
2022-10-18,230.81198120117188,236.0669387164965,227.782871649091,235.3991931876777,26329600
2022-10-19,228.85708618164062,231.88619566301972,226.73767825485612,229.39903227367395,19985700
2022-10-20,228.53768920898438,233.5313599425322,227.29895124255845,228.16994856599382,21811000
2022-10-21,234.31527709960938,235.166915097807,226.9409118947973,227.17318083073934,26299700
2022-10-24,239.27987670898438,239.85085446829365,233.52167838261744,235.90237181871956,24911200
2022-10-25,242.58001708984375,242.9477578069221,237.90570962314226,239.2896067054904,34775500
2022-10-26,223.86341857910156,230.61841449713438,222.64402516459023,223.71824496136685,82543200
2022-10-27,219.44073486328125,226.15702697219044,218.50200154160817,223.59244061528798,40424600
2022-10-28,228.26670837402344,228.97318740219828,218.76326447934332,218.94714217799373,40647700
2022-10-31,224.6472930908203,227.34735093033876,223.69887276321543,226.22473999169745,28357300
2022-11-01,220.81494140625,228.1409296481597,220.0020223387947,227.03767812320683,30592300
2022-11-02,213.0050811767578,223.84404616078317,212.94700287287873,222.0633621151271,38407000
2022-11-03,207.3436279296875,213.3050632032554,207.0823272743383,212.99537134996444,36633900
2022-11-04,214.2534942626953,214.447044310669,206.5500783111964,210.5372801806807,36789100
2022-11-07,220.52462768554688,221.04722910682952,214.1470592473895,214.8341789629505,33498000
2022-11-08,221.4923858642578,224.18277156558537,218.56005889650208,221.3278675751174,28192500
2022-11-09,217.27288818359375,221.26008953603755,217.09869759308222,220.0406963347761,27852900
2022-11-10,235.14752197265625,235.48624560984527,227.42476185380536,227.84089369162848,46268000
2022-11-11,239.1444091796875,239.99604710310476,234.1313788126477,235.15722211445575,34620200
2022-11-14,233.76364135742188,236.0475673740293,231.49907477577239,234.18946032496393,31123300
2022-11-15,234.1701202392578,239.03797746539766,232.2926536001012,237.74117578758222,31390100
2022-11-16,234.5971221923828,236.60604855552322,233.3257795259496,235.62584176038104,24093300
2022-11-17,234.54856872558594,236.07224872369898,230.61808681154827,230.76365473112853,23123500
2022-11-18,234.1021728515625,236.5478177930803,231.9767921721455,236.3245938837583,27613500
2022-11-21,234.90765380859375,237.45033878363537,234.07302987509001,234.30593853934627,26394700
2022-11-22,237.79974365234375,238.07148033059326,233.6072243246812,236.40223227361014,19665700
2022-11-23,240.2744903564453,240.9538320187203,237.06216314669393,237.87737314142396,19508500
2022-11-25,240.18716430664062,241.3614517929226,239.44958062083853,240.01246797791015,9200800
2022-11-28,234.62620544433594,239.3719120438035,233.69454115958348,238.81873915133238,24778200
2022-11-29,233.23841857910156,235.62582136830417,231.1809796211648,234.27683765009397,17956300
2022-11-30,247.6114501953125,247.7958461354622,232.78232631910618,233.47138249410668,47594200
2022-12-01,247.17469787597656,248.5624948221186,243.51593758658888,246.37888704446783,26041500
2022-12-02,247.4949493408203,248.50425481236772,242.32222362886404,242.44839236600893,21528500
2022-12-05,242.8171844482422,246.33037684588194,240.7403313992676,244.57377324279298,23435300
2022-12-06,237.88706970214844,244.42819318650004,236.58661356400265,243.41888770234414,22463700
2022-12-07,237.1591796875,238.8963690586571,235.06292774126453,237.60561262563206,20481500
2022-12-08,240.0998077392578,241.40027877672188,235.88787438426903,237.61534962771674,22611800
2022-12-09,238.17820739746094,240.98292942150877,236.95539248747858,237.4794517893177,20609700
2022-12-12,245.05902099609375,245.08813458227053,239.87659533709365,240.14833201376896,30665100
2022-12-13,249.33892822265625,256.13237523471446,245.6025264426085,253.96816645301047,42196900
2022-12-14,249.63002014160156,254.84155883572362,246.80588411276605,249.54267939230644,35410900
2022-12-15,241.66232299804688,246.69918125283206,240.0416023610737,246.23334901675673,35560400
2022-12-16,237.4697723388672,242.4678019516118,236.3245836806278,241.21587335248572,86102000
2022-12-19,233.35488891601562,237.97444210459676,231.66624165874438,237.63476384948163,29696400
2022-12-20,234.66505432128906,235.74230142731602,231.38478542376703,232.33586378495446,25150800
2022-12-21,237.2174530029297,238.37234134182555,233.02493348625407,234.55831327324242,23690600
2022-12-22,231.1615753173828,234.84944921071,226.96904125544336,234.14097913275145,28651700
2022-12-23,231.68560791015625,231.821476231181,227.03695660431103,229.14292298446298,21207000
2022-12-27,229.96786499023438,231.87972122287346,228.87120393787913,231.65651213728756,16688600
2022-12-28,227.60955810546875,232.6464155156222,227.26018028486453,229.8999205275325,17457100
2022-12-29,233.89833068847656,234.78148218567202,228.6964916617764,228.6964916617764,19770700
2022-12-30,232.7434844970703,232.87935283490333,229.6767250905103,231.1809912077217,21938500
2023-01-03,232.51055908203125,238.49849510687616,230.39487805775428,235.90728230837536,25740000
2023-01-04,222.33978271484375,225.9985278733158,219.2924376104367,225.4259409938991,50623400
2023-01-05,215.7501678466797,220.8355534662342,215.21639405316571,220.49587519530553,39585600
2023-01-06,218.2928466796875,219.09835714227594,212.87751216247153,216.4198034707522,43613600
2023-01-09,220.41822814941406,224.41666688908288,219.7291868413214,219.76800002138827,27369800
2023-01-10,222.09718322753906,224.48458614807703,220.62203068917864,221.0393352972296,27033900
2023-01-11,228.81297302246094,228.98765452783252,224.29047536414728,224.46515686951886,28669300
2023-01-12,231.47210693359375,232.82109060207105,226.6681731391479,228.31800704319014,27269500
2023-01-13,232.17088317871094,232.30675151679418,227.98806347571494,230.00668936190732,21333300
2023-01-17,233.25782775878906,233.80130107166906,230.0940134168222,230.948051370512,29831300
2023-01-18,228.8517608642578,235.22790165813967,228.5703246450245,234.44180535391547,30028700
2023-01-19,225.08627319335938,228.57035182284125,223.87315781209423,226.88168988104673,28623000
2023-01-20,233.1316375732422,233.63629766385853,227.59012059300107,227.92979878656774,35389800
2023-01-23,235.42202758789062,237.93559913009912,232.57847740404011,233.98570310784828,31934000
2023-01-24,234.89797973632812,236.75162381980027,233.34520074340116,235.34441276702486,40234400
2023-01-25,233.5101318359375,236.12075825686085,224.08664593704998,227.5610098347346,66526600
2023-01-26,240.68209838867188,240.9829486422917,234.85914439539755,236.46045082013288,33454500
2023-01-27,240.83738708496094,242.458107545592,239.5466304719591,241.64289751902396,26498900
2023-01-30,235.54820251464844,238.35292478678218,235.05324194345323,237.2950768809861,25867400
2023-01-31,240.49769592285156,240.6335642533175,235.78110272448055,236.26634887736424,26541100
2023-02-01,245.29193115234375,247.65022035562143,238.22674832599188,240.68209268360533,31259900
2023-02-02,256.7922668457031,256.8796075980904,249.65914256333582,251.18282257259764,39940400
2023-02-03,250.72666931152344,256.40405468460085,249.51355404450143,251.88155741509414,29077300
2023-02-06,249.1932830810547,250.6781350311893,247.26201299101024,249.84352591670253,22518000
2023-02-07,259.6649475097656,260.8392350360664,252.40565360237943,252.84238703481986,50841400
2023-02-08,258.85943603515625,268.59347315321855,258.35476105655573,265.13852274513965,54686000
2023-02-09,255.84120178222656,265.8955184484022,255.0453909060254,265.72080730740066,42375100
2023-02-10,255.33651733398438,256.29729518565995,252.96851387057905,253.81283739078765,25818500
2023-02-13,263.3139953613281,266.49720913120274,259.26702917112374,259.742590569191,44630900
2023-02-14,264.138916015625,266.856282749665,261.33417890703004,264.62416219078045,37047900
2023-02-15,262.0276794433594,263.39950469785816,258.9726863891012,261.0547562578646,28922400
2023-02-16,255.05177307128906,259.5174863332623,254.8085423074043,256.8711344345461,29603600
2023-02-17,251.07257080078125,253.04760380497552,249.068351286821,252.36657534668234,30000100
2023-02-21,245.8284912109375,248.5721416274502,244.77773242454728,247.58947974202172,28397400
2023-02-22,244.69992065429688,247.45329522642257,243.5616022361045,247.2100644145277,22491100
2023-02-23,247.8716583251953,249.88560171481558,243.6978093067613,248.64026115369037,29219100
2023-02-24,242.47190856933594,244.2037105882477,241.38223939221282,243.19187704458037,24990900
2023-02-27,243.386474609375,245.97445391978178,242.6373195783351,245.6242009691581,21190000
2023-02-28,242.66650390625,244.68046206564443,241.99518451978517,242.32598969202303,22491000
2023-03-01,239.60177612304688,244.13558648881542,239.1347623459425,243.9701913432016,27565300
2023-03-02,244.31076049804688,244.59290171146822,238.95968256617152,239.87423280619296,24808200
2023-03-03,248.3775634765625,248.69862992215678,244.58316883886687,245.3615103876745,30760100
2023-03-06,249.914794921875,253.07679554061426,249.04889380779935,249.48670630896015,24109800
2023-03-07,247.26840209960938,250.71255821742662,246.528985881538,249.36018084473946,21473200
2023-03-08,246.83062744140625,247.64787941469785,244.01887982125263,247.1614177859818,17340200
2023-03-09,245.4879913330078,252.53194586818475,244.76802281359187,248.8932225660645,26653400
2023-03-10,241.8589630126953,245.9452372856859,240.89577859254197,244.2815470078051,28333900
2023-03-13,247.04466247558594,250.9266314715002,239.07641892091627,240.701198918384,33339700
2023-03-14,253.7286376953125,254.00105499083594,248.93211882541823,249.79801983882402,33620300
2023-03-15,258.2527160644531,259.26456442561187,252.19139432118732,252.9405641280701,46028000
2023-03-16,268.72137451171875,269.0716125790634,256.15119488258745,258.0289293565625,54768800
2023-03-17,271.8638916015625,275.6582857099673,268.83811504692954,270.72558821466924,69527400
2023-03-20,264.85882568359375,269.96667117719255,262.5432643092286,269.4802097016117,43466600
2023-03-21,266.3669128417969,267.5538803349331,262.2222505034053,267.4371343013886,34558700
2023-03-22,264.917236328125,273.43031336043435,264.81019934883693,265.9971667055635,34873300
2023-03-23,270.1418151855469,273.4497475874127,267.7484328177196,270.4142324494357,36610900
2023-03-24,272.97296142578125,273.0313344194018,267.82619141908435,269.7331118236009,28172000
2023-03-27,268.8965148925781,273.83895161321755,268.05978551317787,272.90495366822654,26840200
2023-03-28,267.7776794433594,268.6630431725957,264.6837609123016,268.3225140934646,21878600
2023-03-29,272.9146423339844,273.52758857930763,270.8714980799914,271.4065938576128,25087000
2023-03-30,276.35882568359375,276.757727762298,273.8584356014265,276.53397442659906,25053400
2023-03-31,280.4936828613281,281.4374193382453,275.3372029511124,276.0474474143603,32766000
2023-04-03,279.4527587890625,280.4645776022263,276.2615716824238,278.7619618964318,24883300
2023-04-04,279.4040832519531,282.5855611844231,277.93498937950386,279.4527472277195,25824300
2023-04-05,276.64093017578125,279.37484150873803,275.25939610333745,278.1100534490355,22064800
2023-04-06,283.7043762207031,284.1713602969535,274.3934952141327,275.54153732325625,29770300
2023-04-10,281.5542297363281,281.7585352734682,277.00092706983764,281.37908101323706,23103000
2023-04-11,275.171875,278.2366070491665,274.01412362630157,278.0128240085293,27276600
2023-04-12,275.81396484375,279.2386732168352,274.32539366289427,277.07878271017614,27403400
2023-04-13,281.9920349121094,282.05040792429327,275.50265429718814,275.91126538247534,24222700
2023-04-14,278.3922119140625,280.6688482565068,276.00853859815146,279.22891147364464,20987900
2023-04-17,280.980224609375,283.70442754241606,278.4117226515916,282.0796326398558,23836200
2023-04-18,280.5618591308594,283.86008303886325,279.2386978273748,283.67522525510293,20161800
2023-04-19,280.63970947265625,281.2234396408052,276.8355761901663,278.2462970182061,17150300
2023-04-20,278.363037109375,281.20398586251105,277.3609274204324,277.52633742538336,23244400
2023-04-21,278.02252197265625,278.51869257683563,275.3956176560884,277.2928296281938,21676400
2023-04-24,274.1405334472656,277.234451496004,271.173129844423,274.45187596772155,26611000
2023-04-25,267.96246337890625,273.97512034038175,267.91379941457996,271.94171485112884,45772200
2023-04-26,287.3723449707031,291.4586346304273,284.80384294642164,288.6663495624961,64599200
2023-04-27,296.5761413574219,296.936147852177,287.2555509397699,287.9560567732343,46462600
2023-04-28,298.94036865234375,300.56513364270495,295.0973104351293,295.7783684985938,36469600
2023-05-01,297.286376953125,300.2440714597597,296.887474923344,298.65820207273595,21294100
2023-05-02,297.1404113769531,300.80832032877777,295.6810269045357,299.426786321991,26404400
2023-05-03,296.15777587890625,300.25377368049993,295.85617210321027,298.31766627691815,22360800
2023-05-04,297.1404113769531,299.426786321991,295.1848266827128,297.9479243875394,22519900
2023-05-05,302.238525390625,303.522790882385,296.0312718717056,297.44202210464323,28197100
2023-05-08,300.29278564453125,301.80083464980765,297.8021042471063,301.73272288949374,21318600
2023-05-09,298.6874084472656,301.6451031506541,298.0160890953245,299.66033160181695,21340800
2023-05-10,303.8536682128906,304.5249876536261,299.3393196181208,300.2635789224399,30078000
2023-05-11,301.7131042480469,302.6957658716708,297.9673748611149,301.70339520916224,31680200
2023-05-12,300.60406494140625,302.2385686971637,298.29824184109515,302.14127044452766,19774700
2023-05-15,301.08074951171875,301.5088380158988,299.2613882145806,300.7305114762556,16336500
2023-05-16,303.299072265625,305.21573217875385,301.4407853698495,301.4407853698495,26730300
2023-05-17,306.16571044921875,306.5849748220485,302.98703781876026,304.49838322404014,24315000
2023-05-18,310.5728759765625,311.07992095632784,305.892648471435,306.68243649097326,27276000
2023-05-19,310.3974609375,310.79723506942764,308.47661095325554,308.8373747474863,27546700
2023-05-22,313.1665954589844,314.54141972113337,310.0757031921086,310.6509792014614,24115700
2023-05-23,307.394287109375,314.66815212283035,307.3845270869392,312.04526511786804,30797200
2023-05-24,306.01947021484375,308.60334694737196,304.81038789466385,306.87751903685313,23384900
2023-05-25,317.7882995605469,318.7438294879401,312.0159906409768,315.1751430242443,43301700
2023-05-26,324.58447265625,325.08172801991043,315.7992609054812,315.93575245913513,36630600
2023-05-30,322.9462890625,327.36326419300417,322.2735022093098,326.86600894737563,29503100
2023-05-31,320.1966857910156,327.5583014347169,319.16310540886235,323.9993748636306,45950600
2023-06-01,324.2821044921875,325.2084138620462,316.61822604492374,317.7980281716673,26773900
2023-06-02,327.0317687988281,329.0793797798021,324.25287030723234,325.9104672337744,25873800
2023-06-05,327.55828857421875,330.1129147289543,326.31022580563945,326.8562514071327,21307100
2023-06-06,325.3547058105469,327.0025428376745,323.88240041372416,326.96353250247705,20396200
2023-06-07,315.3116760253906,326.1444673202271,314.45362725824225,323.37532887108034,40717100
2023-06-08,317.144775390625,318.4903491637824,315.28242630303987,315.85770223750364,23277700
2023-06-09,318.6365966796875,321.75673881470783,316.3159729270914,316.8814888323344,22529000
2023-06-12,323.57037353515625,323.8141360540533,317.0472861489783,320.3819407440362,24260300
2023-06-13,325.949462890625,328.572349691123,322.14677395783576,326.1249647437929,22951300
2023-06-14,328.9234313964844,330.58102864146844,324.5064551740273,325.9982807920447,26003800
2023-06-15,339.4149169921875,341.1114945004108,328.78687775426107,329.0598905688736,38899100
2023-06-16,333.7889099121094,342.70088270371474,333.4184158445692,342.55463113018976,46552000
2023-06-20,329.61566162109375,333.54511218147553,327.48029960440283,330.84423422142726,26375400
2023-06-21,325.2376708984375,329.30364243212927,323.78485594149885,327.9775589781728,25117800
2023-06-22,331.2342224121094,331.63399647710884,325.0231587622799,325.7836965611128,23556800
2023-06-23,326.6612548828125,329.5279043913859,325.13044892910204,326.01771828331994,23146900
2023-06-26,320.4014892578125,327.72409574191425,320.2942182667598,325.3937413274087,21520600
2023-06-27,326.2225036621094,327.7630696544983,321.08397083431,323.5800965917035,24354100
2023-06-28,327.4705505371094,329.5474118113246,325.48144019271336,326.3102386492254,20259500
2023-06-29,326.6904602050781,327.72401072843235,324.32109606698276,326.358946806659,16997000
2023-06-30,332.0435485839844,334.17891054970244,328.78688502474677,329.32315064368396,26832800
2023-07-03,329.55718994140625,332.39458944231734,328.1726353949494,330.72726202126387,12508700
2023-07-05,329.71319580078125,333.1258712588089,326.37854101667716,326.7295447808277,18172400
2023-07-06,332.7552795410156,334.43236661409844,327.1292521462773,328.8843301211992,28161200
2023-07-07,328.80633544921875,333.2623207283037,328.5918232764179,330.8539462339244,21214800
2023-07-10,323.5508117675781,326.86600540201454,319.4166095021663,326.25171917261997,32791400
2023-07-11,324.1748962402344,324.55515029230673,318.84137119543414,322.80007207810127,26698200
2023-07-12,328.786865234375,333.1258197926784,327.29503995487715,328.20182929500714,29995300
2023-07-13,334.1106262207031,335.16366709536976,330.5614300476907,331.0879653631058,20567200
2023-07-14,336.6262512207031,342.66181307865304,335.71946186556954,338.9176246633776,28352700
2023-07-17,337.1040344238281,338.33257714303016,333.6621092446477,337.05526407197954,20363900
2023-07-18,350.52069091796875,357.62881326178683,333.63284869185065,337.20150526147,64738600
2023-07-19,346.220703125,353.41657610071684,343.6465868791131,352.7242990079896,39732900
2023-07-20,338.215576171875,349.03863672095343,336.7530012262202,344.74842283159865,33778400
2023-07-21,335.1929016113281,341.55997642385313,331.35120253084744,340.4386749626526,69405400
2023-07-24,336.4994812011719,338.2643490243122,333.76935318489967,337.2210384138867,26678100
2023-07-25,342.2230224609375,343.11032143509397,336.4604740174563,338.44955437650464,41637700
2023-07-26,329.3426513671875,336.0705206538034,324.79891447113727,332.92109821610006,58383700
2023-07-27,322.46856689453125,332.81383406452954,320.84022015182325,331.9850652931189,39635300
2023-07-28,329.9276428222656,331.52673900384514,324.85740099740747,325.3449259664994,28484900
2023-07-31,327.538818359375,329.2744062182313,325.0426629130829,328.51386838696095,25446000
2023-08-01,327.94830322265625,330.0934250583603,325.37418677597503,326.827001708787,18311900
2023-08-02,319.328857421875,325.3059183538415,318.2172862001048,325.3059183538415,27761300
2023-08-03,318.5098571777344,321.6495195711113,317.81757996467144,317.86632056535905,18253700
2023-08-04,319.6019287109375,326.7783131025437,319.07539331182784,323.5996401737791,23741500
2023-08-07,321.873779296875,322.84882941223,319.34840306884576,320.1772016181311,17741500
2023-08-08,317.9150390625,320.54768595225426,314.9411484793251,318.80233812895545,22327600
2023-08-09,314.1904296875,318.9486495627494,313.03984786233747,318.32463292180273,22373300
2023-08-10,314.8728332519531,320.0698654893564,313.16649605600196,317.88573364435064,20113700
2023-08-11,313.0008239746094,314.3658880842269,311.2457160426732,312.26953644201075,24355500
2023-08-14,315.9552307128906,315.97472100192863,312.09401103937836,313.3713539974467,18836100
2023-08-15,313.8295593261719,316.97898134379494,312.8935197157339,314.9411305404492,16966300
2023-08-16,313.0674743652344,316.9954936708588,312.48119971164607,313.45831419457073,20698900
2023-08-17,309.6280212402344,314.50381263909213,308.9733414603899,313.20426358487214,21257200
2023-08-18,309.2372131347656,311.0937247535903,304.4200159024574,307.29273496852556,24755000
2023-08-21,314.5135803222656,315.3831966115051,309.78435031765304,310.65396660689254,24040000
2023-08-22,315.080322265625,318.61747186045255,314.1032077999083,318.0507585907704,16084600
2023-08-23,319.5163879394531,321.66605140677217,316.0573948399172,316.40917150691627,21166400
2023-08-24,312.64727783203125,325.35954498918005,312.63749714645934,325.2325153533981,23281400
2023-08-25,315.5884094238281,317.91391657239774,311.5040487015702,314.11295718549064,21684100
2023-08-28,316.29193115234375,318.68584344960186,314.3572339791844,318.207066953983,14808500
2023-08-29,320.89410400390625,321.4510662996378,314.5135489536253,314.5135489536253,19284600
2023-08-30,321.2655029296875,322.26214904101624,318.97905844898986,321.14825395413936,15222100
2023-08-31,320.2590026855469,323.33690686450706,319.30141990622377,321.6660497077852,26411000
2023-09-01,321.1383972167969,324.3921747944003,319.30141751711045,323.7277442108601,14942000
2023-09-05,325.91650390625,327.18677054781415,321.13842988312655,321.47064520868975,18553900
2023-09-06,325.2618713378906,326.8056990885685,322.6236503266788,325.7504285755841,17535800
2023-09-07,322.35986328125,325.4572996917217,321.4999977101508,323.7082861250948,18381000
2023-09-08,326.6200256347656,328.4667861972207,321.92010767166425,322.5356945258159,19530100
2023-09-11,330.2060852050781,330.6751109123213,327.75351820340376,329.5220931094113,16583300
2023-09-12,324.17724609375,329.08237965274225,323.8939043767627,328.1345774558951,17565500
2023-09-13,328.3690185546875,329.14094717585755,323.5909452896053,323.7277257811767,16544400
2023-09-14,330.9486999511719,333.059241074138,328.86744125187914,331.38838359380287,20267000
2023-09-15,322.6627197265625,329.6783939916595,322.1057573596053,329.20939816193993,37679800
2023-09-18,321.5292663574219,322.8385960925468,318.89104551464607,320.29809265490445,16834200
2023-09-19,321.128662109375,321.85174708859677,317.0834237409372,318.7054373268487,16505900
2023-09-20,313.428955078125,322.0471106852366,313.1749256275898,321.9689546587249,21436500
2023-09-21,312.21734619140625,317.9041588491349,307.79101939102566,311.9535360525413,35560400
2023-09-22,309.75506591796875,314.09345652566765,308.9147319725734,313.96642687422224,21447900
2023-09-25,310.2729187011719,310.39994834578414,307.7910397456029,309.34464808220946,17836000
2023-09-26,304.9964599609375,308.65085775757245,302.92495267803366,307.9180220612958,26297600
2023-09-27,305.63165283203125,307.10707545013054,302.60259191792346,305.15284644995364,19410100
2023-09-28,306.4621887207031,308.2600757204857,302.3680768122536,303.8728115871533,19683600
2023-09-29,308.5238342285156,312.15870054663463,307.771466967037,310.4780627905331,24147300
2023-10-02,314.4354248046875,314.5233913479347,307.96693177846345,309.0417636602757,20570000
2023-10-03,306.2178649902344,314.03477939534076,304.0877331522798,313.4875679533543,21033500
2023-10-04,311.6603698730469,312.7156700194833,306.81389127739357,306.84320351373003,20720100
2023-10-05,312.05120849609375,312.6570444101147,307.6932870679997,311.7873983700248,16965600
2023-10-06,319.77044677734375,321.65627028707706,309.0612521971817,309.30553078090355,25673600
2023-10-09,322.2718811035156,322.7408769349448,315.78382712320234,317.3179038998877,19891200
2023-10-10,320.8746337890625,323.5226056424412,320.17111018080624,323.38579530400693,20557100
2023-10-11,324.8124084472656,325.203248275294,321.60747414676473,323.6300784570828,20063200
2023-10-12,323.5811462402344,325.9946195382519,321.19698517583004,323.00465243306866,19313100
2023-10-13,320.2297058105469,326.190079660526,318.8910340646987,324.7732817040409,21072400
2023-10-16,325.0273742675781,328.44727494049874,323.03405238313746,323.4737360067268,22158000
2023-10-17,324.46063232421875,325.828586634413,319.9170559493173,322.0471583622745,18338500
2023-10-18,322.5552062988281,327.909803713785,320.78663169696983,324.88074324116036,23153600
2023-10-19,323.737548828125,329.1703024841639,323.33692834747904,324.5485406563444,25052100
2023-10-20,319.19390869140625,324.3237582391077,318.00182817517407,324.1283234715317,25027700
2023-10-23,321.7832946777344,325.1152580837002,316.96612824184217,318.0213985858915,24374700
2023-10-24,322.9656677246094,324.2456853865201,320.10272927891094,323.71803518553446,31153600
2023-10-25,332.8735656738281,338.2770069491987,329.8933489527061,337.1239893295993,55053800
2023-10-26,320.3860168457031,333.81155756370936,319.45774634837835,332.7465065726092,37828500
2023-10-27,322.2620544433594,329.0139176156299,320.8843197467533,322.86786051864124,29856500
2023-10-30,329.5904846191406,331.6815239306809,324.235886505314,325.77974409067264,22828100
2023-10-31,330.3721618652344,331.24180806391223,327.03044704898707,331.09524685603606,20265300
2023-11-01,338.14996337890625,339.46907368839175,331.8768762591472,332.0136865785613,28158800
2023-11-02,340.3484802246094,340.8467882699962,336.87970636333785,339.29318001958046,24348100
2023-11-03,344.7259216308594,346.2795596471139,339.3811050850171,341.6284859220493,23637700
2023-11-06,348.3706359863281,349.35753118619317,345.2634189928444,345.36113640793855,23828300
2023-11-07,352.2790832519531,354.16490704694723,349.44545721598166,351.17493911544506,25833900
2023-11-08,354.88800048828125,355.54265050853274,352.2986231921823,353.40276735497133,26767800
2023-11-09,352.4354553222656,356.4416310081341,352.1129908166349,354.00859546088725,24847300
2023-11-10,361.20989990234375,361.6300519453443,352.8067099465058,353.21708130319655,28042100
2023-11-13,358.288330078125,360.03737334526807,357.5261819771122,359.7930947254669,19986500
2023-11-14,361.7961120605469,363.43768679672274,358.94295491704753,362.51919694143055,27683900
2023-11-15,361.9430847167969,365.33075462470396,359.436566943663,363.51941777960104,26860100
2023-11-16,368.30718994140625,368.48342035388106,362.4423744800686,363.20606948048294,27182300
2023-11-17,362.1192626953125,366.54477320500723,359.32882848725313,365.80064944827456,40157000
2023-11-20,369.5506591796875,370.9507617987498,363.24526724468734,363.46066994605786,52465100
2023-11-21,365.2720031738281,368.35615509696635,363.3627506177611,367.8176632886869,28423100
2023-11-22,369.9520263671875,371.85147806167527,367.1322205576516,370.0988850281661,23345300
2023-11-24,369.5408020019531,370.0695230751344,367.2986899991627,369.44288626548433,10176600
2023-11-27,370.69610595703125,372.68370265137486,368.33650717542696,368.9043706026068,22179200
2023-11-28,374.7006530761719,374.994370396148,370.25554172918464,370.4415726583984,20453100
2023-11-29,370.93115234375,376.26721663239306,369.55062106548934,375.7385254123956,28963400
2023-11-30,370.9898986816406,372.1452267516367,367.6218003340975,370.578664516551,30554400
2023-12-01,366.68182373046875,370.2555237215733,363.5486996979007,368.88479316220673,33040500
2023-12-04,361.4241027832031,361.79613477265366,355.3145134346435,361.3849305128498,32063300
2023-12-05,364.73345947265625,365.2817517868028,357.9776914107373,358.7903592232799,23065000
2023-12-06,361.0911560058594,366.35870548187097,360.33726166675575,365.73209860202707,21182100
2023-12-07,363.1962585449219,363.68580733396766,358.6630319776083,360.5331119373255,23118900
2023-12-08,366.40777587890625,366.6329492470928,360.5331891522053,361.48291520154305,20154400
2023-12-11,363.5389709472656,363.8327181906465,358.44768073859893,360.77793808950827,27708800
2023-12-12,366.5545349121094,366.59370717928465,362.7164594804309,363.09832185609827,24838300
2023-12-13,366.54473876953125,369.74640682649743,363.0199816736299,368.16024372357776,30955500
2023-12-14,358.28118896484375,365.9475401487158,356.5188251808004,365.50693426286074,43277500
2023-12-15,362.98089599609375,364.61597239957655,358.6238993402138,359.1819921925265,78502300
2023-12-18,364.8607177734375,365.2034079122954,360.97369907312446,361.72762335454945,21802900
2023-12-19,365.4580383300781,365.4580383300781,362.1095108541582,363.7250161772289,20603700
2023-12-20,362.8731384277344,368.1700598934919,362.785023231556,367.161590586535,26316700
2023-12-21,365.73211669921875,366.5839268091088,362.3052751851502,364.77259031859234,17708000
2023-12-22,366.7503662109375,367.33783074743565,364.9194584779402,365.8691843460341,17107500
2023-12-26,366.8287353515625,369.0610768362086,365.69297847275107,367.1616249726416,12673100
2023-12-27,366.25103759765625,367.2203346368523,365.0173650898164,365.8789757378514,14905400
2023-12-28,367.43572998046875,368.59105792655595,366.3391454974242,367.5238451750327,14327000
2023-12-29,368.1799011230469,369.2764857473798,365.6734134446601,368.14072884940924,18730800
2024-01-02,363.117919921875,368.0427796247224,359.1036138103624,366.0454121665628,25258600
2024-01-03,362.8535461425781,365.45794912599047,360.8072359155438,361.2967846745382,23083500
2024-01-04,360.2491760253906,365.30132326469203,359.49528162444665,362.9221232500447,20901500
2024-01-05,360.06317138671875,364.28307999206555,358.8392992881915,361.25767175006894,21004600
2024-01-08,366.85809326171875,367.35744261436474,361.2968258961624,361.58074269539895,23134000
2024-01-09,367.93505859375,368.13086016631314,363.43120410921466,364.23407123187167,20830000
2024-01-10,374.7691955566406,376.1399561660862,368.45403366179033,368.50297659226095,25514200
2024-01-11,376.59033203125,382.5138608324762,372.4291670394017,377.9316910243427,27850800
2024-01-12,380.3500671386719,380.55566927985785,376.6099069263744,377.43234537080764,21661200
2024-01-16,382.1124267578125,385.7938434606626,379.51782397721394,385.43158211314164,27202300
2024-01-17,381.3291931152344,381.95580012337945,376.7665941196336,379.8703470627965,22234100
2024-01-18,385.6371765136719,385.75466344784127,381.96556042243856,383.5321225973024,23392100
2024-01-19,390.33685302734375,390.33685302734375,385.2749052923237,387.48767542805655,29331100
2024-01-22,388.2220153808594,392.2460923450514,385.36303712070327,391.6586277842315,27016900
2024-01-23,390.5620422363281,391.03201985975426,385.6959257751216,387.47789064929606,20525900
2024-01-24,394.1455078125,397.1513444657461,392.07962632176026,393.1468390669837,24867000
2024-01-25,396.4072570800781,398.5025403738,394.1161721859946,395.8687653294727,21021200
2024-01-26,395.4868469238281,397.6800456471152,394.0182006704119,395.917652215205,17803300
2024-01-29,401.1558837890625,401.41045873539736,395.8785331996652,397.57238286313674,24510200
2024-01-30,400.049560546875,404.41632830339967,397.9543068235812,403.64286256632073,33477600
2024-01-31,389.2696228027344,406.6388350866889,388.907361460185,398.45356335794276,47871100
2024-02-01,395.3400573730469,399.4718507500115,393.40143322301293,393.4308049580275,30657700
2024-02-02,402.62451171875,404.0246140998081,395.12462060191353,395.36939499914837,28256700
2024-02-05,397.1709899902344,402.56582806837224,395.5456841655395,401.3321553615057,25352300
2024-02-06,397.0142517089844,399.44242436350055,394.4881932042721,397.39611409161796,18382600
2024-02-07,405.3953552246094,405.64012962816963,398.88436206584436,398.9235343367266,22340500
2024-02-08,405.4540710449219,406.87377444064305,403.9071100669644,405.3953275824479,21225300
2024-02-09,411.759521484375,412.0238969836169,406.4136564644989,406.5703156804263,22032800
2024-02-12,406.580078125,411.94551383927785,406.0807287884979,411.769283442755,21202900
2024-02-13,397.8269348144531,401.49855072964925,394.9581860838381,396.4757753769111,27824900
2024-02-14,401.6720886230469,402.01541247950905,396.8460370500132,400.27921574475005,20401200
2024-02-15,398.7979736328125,401.3189145007645,396.57132314024744,400.347825112345,21825500
2024-02-16,396.34576416015625,400.4950166150196,395.737605866878,400.17130014605374,22296500
2024-02-20,395.1000061035156,396.7675320143623,390.41126629664336,395.5413968145009,24307900
2024-02-21,394.5016784667969,394.60959394201785,389.63638185870155,392.53007321174096,18518900
2024-02-22,403.7908935546875,404.9483581581281,400.7697091781749,402.3587758261095,27009900
2024-02-23,402.5058898925781,407.92049268532105,401.1620503723916,407.7341476569605,16295900
2024-02-26,399.7593688964844,404.2911603614398,399.58278265548927,403.6045125913183,16193500
2024-02-27,399.70050048828125,400.5244598178457,396.13979878680874,400.2007433350152,14835800
2024-02-28,399.93585205078125,401.48567367865326,397.58167859587735,400.3870613953607,13183100
2024-02-29,405.7428894042969,406.29219561123216,398.17027676875426,400.83834831741547,31947300
2024-03-01,407.5673828125,407.93031407980567,403.0355914321904,403.41813008815376,17823400
2024-03-04,406.9984436035156,409.38204334564557,404.4480762959748,405.54668869062186,17596000
2024-03-05,394.962646484375,406.3411866044012,392.9910415291509,406.056714869292,26919200
2024-03-06,394.4133605957031,397.4247558475786,390.7840183450358,395.27656457076307,22344100
2024-03-07,401.3288269042969,401.9565926355365,394.5605358436286,398.3664647487739,18718500
2024-03-08,398.46453857421875,402.58436507476455,396.61060766849016,400.171309298901,18002200
2024-03-11,396.7969970703125,397.93485423983793,393.5992565104688,396.0515271512708,16120800
2024-03-12,407.3515625,407.63603426425436,399.02366133031137,399.8378019777306,22457000
2024-03-13,407.1750183105469,410.19620253246603,403.5947092048327,410.1177430442753,17115900
2024-03-14,417.1017761230469,419.6521433696343,410.009799228429,412.21684262615895,34157300
2024-03-15,408.46978759765625,414.5317928189051,404.9090862008724,411.28498921650765,45079900
2024-03-18,409.35260009765625,412.6975005120342,405.8801768330178,406.3412048651448,20106000
2024-03-19,413.3645324707031,413.61957818454806,407.61639479250874,409.8528643144651,19837900
2024-03-20,417.11163330078125,417.82767717758037,412.6288753346162,413.94328882066856,17860100
2024-03-21,421.17254638671875,422.5948752417206,419.004747660182,421.6237557740876,21296200
2024-03-22,420.5545959472656,421.65320840400005,417.93558766825475,421.4962894258474,17648500
2024-03-25,414.786865234375,419.25001591585095,413.56072987159786,417.1214317546939,18060500
2024-03-26,413.59991455078125,417.85705232022457,413.3056540804049,417.48430243445387,16725600
2024-03-27,413.3841552734375,416.3465173372015,411.0103740796991,416.3366986755512,16705000
2024-03-28,412.6877136230469,413.81575210575176,411.11825446083225,412.9231220201488,21871200
2024-04-01,416.4642333984375,419.7208560550212,414.15909296576694,415.85607505767865,16316000
2024-04-02,413.3939514160156,414.31600751259526,409.8626759328322,412.08932675524255,17912000
2024-04-03,412.4228515625,415.17920112214335,411.0888008867087,411.71659648353796,16502300
2024-04-04,409.9019470214844,420.4859554910503,409.59786785676073,416.8761903565226,19370900
2024-04-05,417.3960876464844,418.3672072160066,410.3335658710208,411.9913032872843,16554800
2024-04-08,416.48382568359375,419.12247124179834,415.21844567326013,417.0527692258899,14272400
2024-04-09,418.14154052734375,419.5736580977935,413.57050478624086,418.29848942937065,12496900
2024-04-10,415.1792297363281,415.93451830181,411.68719880938414,414.1296507389469,16216600
2024-04-11,419.7599792480469,421.1724892503074,414.29631416534033,417.6902776086561,17966400
2024-04-12,413.8451843261719,417.06256218596104,411.75584496590756,415.9541310748391,19253800
2024-04-15,405.7428894042969,418.6712525249299,405.5368771254888,418.4554515197094,20273500
2024-04-16,406.6648864746094,410.4119627811132,405.8311384974836,406.6550977488978,16765600
2024-04-17,403.9771728515625,410.88277399306753,402.4959920980667,409.2838890616667,15855500
2024-04-18,396.5517578125,404.02630364117994,396.23788993068626,402.7903496970384,21029900
2024-04-19,391.50006103515625,397.73865251494925,390.17582902876677,396.3163237053195,30565800
2024-04-22,393.304931640625,395.1588624515417,388.1944084543801,392.441727661041,20286900
2024-04-23,399.78875732421875,400.4067342721825,395.3648518176367,396.5223162949651,15734500
2024-04-24,401.25030517578125,404.5952057239604,399.01383568119996,401.7407592748994,15065300
2024-04-25,391.421630859375,392.25540884693,380.6218216022703,386.507271018032,40586500
2024-04-26,398.5625915527344,405.1150505614492,398.0132854043954,404.3009099992489,29694700
2024-04-29,394.5703125,398.562615947593,391.56873588609426,397.5130370183344,19582100
2024-04-30,381.89697265625,394.4820415046003,381.74005368851095,393.82481984555585,28781400
2024-05-01,387.39990234375,394.05045900742965,382.85829240714,385.11436938308555,23562500
2024-05-02,390.24456787109375,392.29466269624953,387.11546789192266,390.0680115554222,17709400
2024-05-03,398.8961486816406,399.37678414031285,394.1877711661832,394.59976579857647,17446700
2024-05-06,405.644775390625,406.0273140130064,398.6116505989638,400.95603550783153,16996600
2024-05-07,401.52496337890625,406.75322090554647,401.27973632622934,406.74340224425765,20018200
2024-05-08,402.70208740234375,404.3598247646084,398.9451919846881,400.37733960441915,11792300
2024-05-09,404.4481201171875,404.84047745279514,401.28959417288524,402.7315305808264,14689700
2024-05-10,406.8218688964844,407.44966453116945,403.93799631140473,405.0562460600837,13402300
2024-05-13,405.8213806152344,410.36299080631596,402.97675254945415,410.0294855785296,15440200
2024-05-14,408.60711669921875,409.51935413927424,403.69275704643184,404.15378509704203,15109300
2024-05-15,415.7511291503906,416.4684944276212,410.0417760209351,410.6608675632263,22239500
2024-05-16,413.6973571777344,418.0506409370668,413.06845922359344,414.493323488297,17530100
2024-05-17,412.9309387207031,415.59401656244523,410.78870878728935,415.2205942827064,15352200
2024-05-20,417.9720458984375,419.37726753163014,412.7147152549324,412.9309055053418,16272100
2024-05-21,421.6079406738281,425.4698558470045,417.4905197677202,419.4362019217813,21453300
2024-05-22,423.0622863769531,424.91956115828395,419.7310254046841,422.6397422694005,18073700
2024-05-23,419.6033020019531,426.0889796466093,418.0506847119264,425.4698880093599,17211700
2024-05-24,422.70855712890625,423.59296088139126,417.05816150216543,419.7900037534496,11855300
2024-05-28,422.86578369140625,423.35712243524114,419.2102222377172,422.1877338257991,15718000
2024-05-29,421.7357177734375,423.4750461602697,418.3159892619867,418.3159892619867,15517100
2024-05-30,407.48687744140625,416.95003623481153,407.0643033400361,416.95003623481153,28394500
2024-05-31,407.9389343261719,409.5308671519035,397.50290358954135,409.5308671519035,47995300
2024-06-03,406.35675048828125,409.2163453409128,401.83645840787784,408.3319416725267,17484700
2024-06-04,408.86260986328125,409.226195718034,402.58328662384173,405.2856495851976,14348900
2024-06-05,416.6650695800781,416.7338342090642,409.08860495020656,410.57245747625547,16988000
2024-06-06,417.166259765625,417.9425834215114,413.2945078470223,416.6651146111646,14861300
2024-06-07,416.5078125,418.8957113302609,415.67253073124033,418.8171103351825,13621700
2024-06-10,420.458251953125,420.6646058483147,416.54721437209554,417.34318081391007,13982900
2024-06-11,425.1849365234375,425.32252578204896,417.88364915702846,418.10967580091557,14551100
2024-06-12,433.4197998046875,435.71926189584553,425.7450897945803,427.7792397175461,22366200
2024-06-13,433.9307556152344,435.7094296372952,431.7590465451533,433.2134201697404,15960600
2024-06-14,434.9035949707031,435.4637283515464,429.15492551069684,430.68790003484014,13582000
2024-06-17,440.6030578613281,443.12854595845386,433.0855818033449,434.9231837298592,20790000
2024-06-18,438.6082458496094,442.3424381224516,437.1833815521162,441.919864030814,17112500
2024-06-20,437.9793701171875,438.79497924029823,433.6260860366594,438.5689526211533,19877400
2024-06-21,441.98870849609375,442.77483854275334,438.7753636944757,439.63028836717615,34187100
2024-06-24,439.9152526855469,444.9072412251996,438.677069430459,442.00833058442447,15913700
2024-06-25,443.1384582519531,443.60031790530934,439.01120049902784,440.4852168409384,16413400
2024-06-26,444.3274230957031,445.7424809709231,440.42619256271684,441.22215886891127,16507000
2024-06-27,445.0054931640625,448.267989524247,443.9441847148766,444.3470860716105,14806300
2024-06-28,439.20770263671875,447.49166642517747,438.6770484115445,445.22168389223947,28362300
2024-07-01,448.81829833984375,449.447196335744,437.94005138791704,440.88808384173325,17662800
2024-07-02,451.3241271972656,451.6287548273333,445.26099374388446,445.349461110364,13979800
2024-07-03,452.788330078125,453.0339994689676,449.9484075142332,450.2530351597629,9932800
2024-07-05,459.460693359375,460.2370169877969,451.01949716215944,451.6483951731934,16000300
2024-07-08,458.1635437011719,459.598274429734,456.4143789671548,458.46817132419625,12962300
2024-07-09,451.57965087890625,459.23468742094946,450.0663190511327,458.9104170237532,17207200
2024-07-10,458.17340087890625,458.3797547644369,450.9113994976311,453.2305340754163,18196100
2024-07-11,446.8234558105469,456.72883147324404,443.7279978013262,454.96002402992053,23111200
2024-07-12,445.6933898925781,448.4547114032981,442.8436310012122,446.45987718044813,16324300
2024-07-15,446.0962829589844,449.3391368001631,443.61011000854984,445.44771219074863,14429400
2024-07-16,441.7332458496094,446.43044381085906,438.9228021690068,446.35184279409714,17175700
2024-07-17,435.83709716796875,437.1440749862863,431.5722805813875,434.92321432561624,21778000
2024-07-18,432.74169921875,436.9475578488645,426.8751131633182,436.6429302135875,20794800
2024-07-19,429.5381774902344,433.49839687991425,424.5167095108502,425.59766083378145,20940400
2024-07-22,435.2671813964844,436.898429671943,431.306992206013,434.1371082507153,15808800
2024-07-23,437.14410400390625,440.62279084734524,435.4244183311835,436.21054835742433,13107100
2024-07-24,421.4703674316406,433.8324669900576,420.18306232506063,432.82031037979385,26805800
2024-07-25,411.1522216796875,422.35473813773996,410.2776543804513,421.37206072933304,29943800
2024-07-26,417.90325927734375,421.490056226304,410.0418390958428,410.95575198353527,23583800
2024-07-29,419.33795166015625,424.66404655168895,417.3431176712943,424.1039132176947,15125800
2024-07-30,415.59393310546875,421.6177202883819,410.1302192518137,420.3107725606888,32687600
2024-07-31,411.1031799316406,414.47375690208054,405.06952507333295,413.2159307737182,42891400
2024-08-01,409.88458251953125,420.05530026736574,405.9342299111822,413.5008583778063,30296400
2024-08-02,401.4139404296875,407.8111808388244,397.335834619087,405.34465060644726,29437900
2024-08-05,388.3050537109375,394.09303926008795,378.90082173461536,382.4286607640187,40709200
2024-08-06,392.687744140625,398.6427974223072,391.59698650264767,393.07100276300895,24946500
2024-08-07,391.5281982421875,402.97638538590667,390.58483621712907,401.5613573427881,20650900
2024-08-08,395.71441650390625,398.82948747665125,393.01205329948556,395.4687471216862,20203000
2024-08-09,398.9866638183594,400.98149772413467,395.29181721770595,397.03114540515713,19276700
2024-08-12,399.76300048828125,401.67923346079886,397.2375123110676,400.0086698442997,16762900
2024-08-13,406.8382873535156,407.7620065253935,402.47519721922214,402.49483997156227,19414300
2024-08-14,409.638916015625,410.484034234621,405.30533476037385,407.61460282522484,18267000
2024-08-15,414.4823913574219,414.5611340262228,411.16480439429694,413.27150876832536,20752100
2024-08-16,411.96221923828125,414.787581998409,410.81040112271256,414.05909962624725,22775600
2024-08-19,414.97467041015625,415.19125033166955,409.9835081573214,412.4446299731582,15234000
2024-08-20,418.1938171386719,419.2373304106215,415.08298552534507,415.14205004692775,16387600
2024-08-21,417.54400634765625,419.7688395557991,415.16162772943295,417.4849117973839,16067300
2024-08-22,409.0876159667969,420.1528389914807,408.1622318516386,417.7606059891525,19361900
2024-08-23,410.3083801269531,412.73996960606866,405.6814592418378,410.4954277824997,18493800
2024-08-26,407.0596618652344,410.7907306533513,404.94310328054127,409.89487877847426,13152800
2024-08-27,407.40423583984375,407.91613833509496,403.8700687036349,406.43946532338146,13492900
2024-08-28,404.214599609375,408.5461674240689,400.97575531583215,408.4280383994025,14882700
2024-08-29,406.6954345703125,415.48655408743093,404.2146347079457,408.4871383812944,17045200
2024-08-30,410.6529235839844,410.99745657650817,405.7208262421071,409.1368642535232,24308300
2024-09-03,403.0726318359375,413.35027748692255,400.7001071362785,411.4109125689516,20313600
2024-09-04,402.5410461425781,404.8446523736478,398.0814949690352,399.59755429893164,15135800
2024-09-05,402.03900146484375,406.67574622741506,399.8141378862011,401.28095677141835,14195500
2024-09-06,395.4530334472656,404.26383081056673,394.5670056307313,402.6985610672717,19609500
2024-09-09,399.4104919433594,402.294919165343,395.8960031892495,400.90684301767806,15295100
2024-09-10,407.7586669921875,409.85551750473985,401.3597503882825,401.8519747424291,19594300
2024-09-11,416.461181640625,417.39638986900843,403.21048066101315,409.03843011648604,19266900
2024-09-12,420.3595886230469,420.7238298297295,413.2223356546228,416.72697057085117,17395700
2024-09-13,423.8937683105469,425.11447510259467,418.84354159900835,419.20778281644255,15874600
2024-09-16,424.63214111328125,426.78808638530086,421.5606656690322,423.9036586161946,13834700
2024-09-17,428.3828430175781,434.9786612819886,425.54762597309116,433.3838592052121,18874200
2024-09-18,424.11029052734375,429.2491133188561,423.71651710377296,428.23513248274287,18898000
2024-09-19,431.8678283691406,434.6341269777226,430.1056566789826,434.3683366283435,21706600
2024-09-20,428.5009460449219,432.409208323067,427.4672869965637,430.4206328981448,55167100
2024-09-23,426.7684020996094,429.6725079875257,423.6969266994437,427.52641684805,15128900
2024-09-24,422.495849609375,426.61083784634445,419.4735849772464,426.2662748026867,17015800
2024-09-25,425.3901062011719,426.384408985251,421.9051794925785,423.14556440453987,13396400
2024-09-26,424.6025390625,428.53047950890726,422.45644824495844,428.3237537072511,14492000
2024-09-27,421.36370849609375,425.1341637224931,420.8222737453315,424.80927883764434,14896100
2024-09-30,423.6082458496094,423.7264049247719,418.7549211722127,421.5507517579481,16807300
2024-10-01,414.1477355957031,421.81659955830685,412.2969671899716,421.78706729834266,19092900
2024-10-02,410.6430969238281,416.24461251055664,410.22961524498584,416.00832438993655,16582300
2024-10-03,410.0622863769531,413.0254566537122,407.84727671300476,411.1353318978847,13686400
2024-10-04,409.5896911621094,413.2223089798081,408.5166457695598,411.7357819472086,19169700
2024-10-07,403.171142578125,410.6233966552464,402.6395318501973,409.5306729821077,20919800
2024-10-08,408.2607421875,409.19598053892946,401.82246884384335,404.5099947662806,19229300
2024-10-09,410.9678955078125,413.8424985783194,407.8570343920262,409.39277177231503,14974300
2024-10-10,409.3730773925781,410.85960430218415,406.72490841573625,408.77257820362894,13848400
2024-10-11,409.8456726074219,410.6430736171545,406.8234080163179,409.6684790592566,14144900
2024-10-14,412.621826171875,417.4456186019399,411.02699410502277,411.27310627026066,16653100
2024-10-15,412.2279968261719,415.90985501650863,408.80213492837686,415.61450241094855,18900200
2024-10-16,409.6487731933594,409.8850312589263,404.09649835161355,408.71356498849764,15508900
2024-10-17,410.23944091796875,415.9295528895068,409.12700914123224,415.79171565844746,14820000
2024-10-18,411.6570739746094,413.12389293089865,409.78662744422246,410.6529471112624,17145300
2024-10-21,412.2674560546875,412.4446496235521,407.3156799270225,409.6488187127166,14206100
2024-10-22,420.8616638183594,423.8838984262341,411.53893363879695,411.9819175179694,25482200
2024-10-23,417.9969482421875,424.3761569602065,415.95913210482394,424.15957703194096,19654400
2024-10-24,418.1249084472656,419.35546932603506,415.83112614516494,418.7155536346828,13581600
2024-10-25,421.49169921875,425.7937351729216,419.9362835126177,420.1233311665373,16899100
2024-10-28,419.9559631347656,425.2227696357769,419.670464602579,424.9471252042487,14882400
2024-10-29,425.23260498046875,426.43363353122214,419.17822176857095,421.3440208086144,17644100
2024-10-30,425.8036193847656,431.68077966192817,425.3803136298507,430.6372663836306,29749100
2024-10-31,400.03076171875,409.6882017012257,399.9815212546983,408.9006246633273,53971000
2024-11-01,403.9881896972656,409.0384161036912,401.162826864631,402.64935394725995,24230400
2024-11-04,402.10791015625,404.0374512515174,399.26286901744754,403.42706781751014,19672300
2024-11-05,405.061279296875,408.44778544240023,401.7338376736444,402.0193362267301,17626000
2024-11-06,413.6456604003906,413.91148078515863,404.13588205792996,406.0063586804049,26681800
2024-11-07,418.8139953613281,420.2119257079772,413.35031719618456,414.7285393416903,19901800
2024-11-08,415.96893310546875,419.8673412736044,415.22074253188157,418.70569909892066,16891400
2024-11-11,411.5093994140625,418.2036383732599,409.530647967578,415.9492425000552,24503300
2024-11-12,416.45135498046875,417.8394313280264,410.7120319666306,411.7456911405818,19401200
2024-11-13,418.5876159667969,422.6533640239858,411.7062988498683,415.0829808583345,21502200
2024-11-14,420.25128173828125,421.5113747579457,413.4684163916041,418.3906594438851,30246900
2024-11-15,408.54620361328125,416.2248913266483,407.2073678244848,413.2912534776132,28247600
2024-11-18,409.29437255859375,411.89330132284374,405.69128696291637,408.41819885611204,24727000
2024-11-19,411.2928771972656,411.4405385103304,405.1498961868294,406.68563392869004,18133500
2024-11-20,409.028564453125,410.8005900683197,404.19491792354364,410.3871084118776,19191700
2024-11-21,407.26287841796875,414.0790385036892,404.71793020151534,413.80284233986384,20780200
2024-11-22,411.3367919921875,411.73135363774225,405.4774597411712,405.7832472742104,24814600
2024-11-25,413.1025085449219,415.36138685697927,409.21601445717323,412.698073057269,27691100
2024-11-26,422.17755126953125,423.21330950979313,413.161695275106,413.891635863064,23458900
2024-11-27,417.2454528808594,421.42789081016514,416.28862504102557,419.33665679394954,18332400
2024-11-29,417.7090759277344,419.10980447039015,412.1259395107062,414.384847961252,16271900
2024-12-02,425.1269836425781,427.11953971126485,415.58829615007085,415.84477479075025,20207200
2024-12-03,425.3439636230469,426.5967051479557,421.93093157664276,424.00241788094525,18302000
2024-12-04,431.4794921875,433.698935348809,426.754535872994,427.1490975254907,26009400
2024-12-05,436.6088562011719,438.6211597736825,430.2464705000807,431.97270407918,21697800
2024-12-06,437.54595947265625,440.04159877439776,435.7703869006791,436.2931878578621,18821000
2024-12-09,439.96270751953125,442.2413336019405,434.51768404131514,436.5891705079944,19144400
2024-12-10,437.3092041015625,443.51378920495125,435.6027181772746,438.3548361326827,18469500
2024-12-11,442.892333984375,444.2338797106506,438.019420871054,438.019420871054,19200200
2024-12-12,443.45458984375,449.96496224230685,443.0106891858234,443.0106891858234,20834800
2024-12-13,441.1957092285156,445.2992167545738,439.5286583553318,442.34983294961415,20177800
2024-12-16,445.45703125,446.039014950384,439.23272866925197,441.19569319284585,23598800
2024-12-17,448.2880554199219,449.1068002031095,443.4644812477741,444.8849272856994,22733500
2024-12-18,431.4499206542969,446.50265760588917,431.08492025325205,445.1907332778121,24444500
2024-12-19,431.0947570800781,437.1612287919841,430.39440791706704,435.6224173363725,22963700
2024-12-20,430.6706848144531,437.71370316583733,422.80892156271733,427.22806088809443,64263700
2024-12-23,429.3389587402344,431.70635881030796,426.9518110200716,430.80871372187636,19152500
2024-12-24,433.363525390625,433.6298778354008,428.2933464556966,428.74709084992185,7164500
2024-12-26,432.1601257324219,434.9517090842379,430.70024449975995,433.1169536147247,8194200
2024-12-27,424.6830749511719,429.3093836032803,420.5598497453618,428.6978084898888,18117700
2024-12-30,419.0604553222656,421.7435167493127,416.17025429217676,420.27376177490316,13158700
2024-12-31,415.7757263183594,420.93470998738326,414.9471377359365,420.31326102478425,13246500
2025-01-02,412.89532470703125,420.2836247921959,409.21600045312425,419.7509500092328,16896500
2025-01-03,417.6005859375,418.27134378737713,413.8423310893823,415.3613950253171,16662900
2025-01-06,422.0394287109375,428.42156165470556,419.70162020085996,422.1873855590837,20573600
2025-01-07,416.6338806152344,424.801430542522,415.0851952170159,423.1738448521772,18139100
2025-01-08,418.79412841796875,421.171402275518,415.81515330470927,417.70906128958796,15054600
2025-01-10,413.2603454589844,418.9420997125399,409.383695034764,418.8631994200863,20201100
2025-01-13,411.52423095703125,412.8164377086338,406.690782868284,409.6007014640922,17604800
2025-01-14,410.0248718261719,414.03957499111027,405.14208486737954,412.1357932076061,16935900
2025-01-15,420.5203552246094,422.3353628905166,412.58953664498,413.43787278736687,19637800
2025-01-16,418.8138427734375,423.6571645662551,418.6264508238549,422.8779150872359,15300000
2025-01-17,423.2034606933594,428.57945778773313,422.35515456567043,428.1947398206691,26197500
2025-01-21,422.6806335449219,425.0480336398343,419.82002384260585,424.3575582513444,26085700
2025-01-22,440.1402587890625,441.1957044539868,430.0787709144918,431.6175824572203,27803800
2025-01-23,440.6432800292969,440.6827452232724,435.50404480374874,435.9972543675129,18389300
2025-01-24,438.029296875,440.5841189283991,435.40541825453283,439.1143639891968,15549500
2025-01-27,428.6582946777344,429.2896173703644,417.7485015093757,418.2515848986201,35647800
2025-01-28,441.1266784667969,442.29064589853647,425.52151949148305,428.69779052094407,23491700
2025-01-29,436.32275390625,440.8109789415141,434.41897223898974,440.62355690140845,23581400
2025-01-30,409.3541259765625,417.1172408671569,407.54899194570174,413.0827896381068,54586300
2025-01-31,409.4231262207031,414.97667080056476,409.2751693701902,413.2899024984714,34161900
2025-02-03,405.33941650390625,409.7684293585694,403.11009933813943,406.0101743775102,25679100
2025-02-04,406.76971435546875,408.2986823038951,404.1754268282418,407.08537575034575,20532100
2025-02-05,407.6772155761719,408.2098602907994,404.8264495269334,406.74997908357795,16316700
2025-02-06,410.1728515625,412.5205341470821,408.3775613386283,408.3775613386283,16309800
2025-02-07,404.18524169921875,412.96436600470287,402.5576561425311,410.8238533335017,22886800
2025-02-10,406.6217346191406,409.81772327895646,405.3394016663598,408.0914896331453,20817900
2025-02-11,405.8523254394531,406.88805357704496,403.741373863551,404.07678288840276,18140600
2025-02-12,403.4848937988281,405.17166210079324,398.87830316572246,401.6797299133385,19121700
2025-02-13,404.9645690917969,405.4183135199023,400.84131373042015,401.472636502677,23891700
2025-02-14,402.8832092285156,403.35670130819824,400.3678521686821,402.25191655873215,22758500
2025-02-18,404.0767517089844,405.0237056562673,400.9793811541372,402.4590098668831,21423100
2025-02-19,409.1370849609375,409.8473079963777,402.11378500109834,402.34067225656025,24114200
2025-02-20,411.3017272949219,414.4448231183109,407.75338500421714,410.4714772753562,23508700
2025-02-21,403.47357177734375,413.1993956224997,403.15730762956775,412.4976421272199,27524800
2025-02-24,399.3124084472656,404.62009578289485,394.6867174896375,403.7700887978409,26443700
2025-02-25,393.283203125,397.25657880262406,392.09714469383994,396.44608593506547,29387400
2025-02-26,395.09197998046875,398.9170718958632,389.6755530638089,393.3919357776839,19619000
2025-02-27,387.97552490234375,401.03224256641477,387.6197164134029,396.61410618114576,21127400
2025-02-28,392.3837585449219,393.0163471729864,382.0846775634414,388.1040123360274,32845700
2025-03-03,383.98236083984375,394.1925192721913,381.67940898205217,394.1925192721913,23007700
2025-03-04,384.1009826660156,388.0249203607145,376.5792952112664,378.9514422192701,29342900
2025-03-05,396.3669738769531,397.0094560898268,384.2986543499986,384.822503579622,23433100
2025-03-06,392.284912109375,397.4838599812305,388.12373889118527,389.7051801734712,23304600
2025-03-07,388.7464599609375,390.2191619837315,381.0666253730808,387.76795648683793,22034100
2025-03-10,375.7490539550781,381.91664235119805,372.8431639999478,381.3631423753148,32840100
2025-03-11,376.0356750488281,381.5212666884101,372.5367409966354,374.6024872406928,30380200
2025-03-12,378.82293701171875,380.7503233781215,374.55308456142495,378.5066728711865,24253600
2025-03-13,374.37518310546875,380.8492026304598,373.0705217726956,378.7142611357114,20473000
2025-03-14,384.05157470703125,385.7022111357248,375.10659301872727,375.3734493768336,19952800
2025-03-17,384.18994140625,388.1533930243756,381.09625384575537,382.2131473268013,22474300
2025-03-18,379.070068359375,382.8754034622388,376.6781641211092,382.57889637930924,19486900
2025-03-19,383.3201599121094,385.158563988563,379.54447585576617,381.0567221702146,19185500
2025-03-20,382.3515625,387.244140619299,378.8328709429988,381.26431956643484,18470500
2025-03-21,386.72027587890625,387.19468720298374,378.35841433019584,378.7735544022507,39675900
2025-03-24,388.5191345214844,390.81222312553433,385.28708673252123,390.81222312553433,21004500
2025-03-25,390.574951171875,391.76100944047965,388.0842016606715,389.3493485786056,15775000
2025-03-26,385.4452209472656,390.72325787798576,384.0614710304359,390.4168571879551,16108400
2025-03-27,386.0481262207031,387.6888690270636,382.9050306805178,385.60336562359333,13766800
2025-03-28,374.40484619140625,384.61500612887534,372.5565482590105,383.5771709738401,21632000
2025-03-31,371.0343933105469,372.6948931611048,362.97893300010196,368.2174556076631,35184700
2025-04-01,377.7554626464844,378.4078083047587,368.8994337189865,370.302940607575,19689500
2025-04-02,377.7060852050781,380.61194495123306,372.2501138660857,373.584455994143,16092600
2025-04-03,368.78082275390625,373.10014336261634,365.0644702169303,370.4413527847735,30198000
2025-04-04,355.6648254394531,370.24368334469244,355.3090169453245,359.9050576420754,49209900
2025-04-07,353.70782470703125,366.6953790248224,340.7894955993312,346.8088312203085,50425000
2025-04-08,350.4460754394531,369.3145725706382,346.18608632628985,363.98712785508354,35868900
2025-04-09,385.95916748046875,388.66739600040677,349.00301621371585,349.43791334353114,50199700
2025-04-10,376.92523193359375,379.44563241847453,363.5324334212975,377.6269854135807,38024400
2025-04-11,383.94287109375,385.52428234575257,374.4937970946495,376.2234920445777,23839200
2025-04-14,383.3102722167969,390.0709046779098,379.75203666792555,388.6575040815548,19251200
2025-04-15,381.2544250488281,387.3429548173336,379.702634359307,384.0021677861047,17199900
2025-04-16,367.2982482910156,377.18221973337427,363.730149078798,376.25315416820064,21967800
2025-04-17,363.5126647949219,369.9767899290697,362.6330071079686,369.41339637295704,21120200
2025-04-21,354.9531555175781,360.25097956592975,351.54320368031085,358.6102367890087,20807300
2025-04-22,362.5638427734375,363.5028019496421,355.68457702509073,359.1637542302739,19485000
2025-04-23,370.0460205078125,375.9764033603888,368.69189108581185,371.6966268435602,20545500
2025-04-24,382.8061828613281,383.9428636514652,370.8367085183124,371.3408006891215,22232300
2025-04-25,387.3033752441406,387.60977590482884,380.13749690604453,382.50964370251074,18973200
2025-04-28,386.62139892578125,388.18305301396595,382.1538550582223,387.41210451108003,16579400
2025-04-29,389.4679870605469,390.51568553400665,385.85045019118235,386.75975859738145,14974000
2025-04-30,390.673828125,392.05757796403765,379.979364791359,385.77135703314644,36461100
2025-05-01,420.464111328125,431.91962985286955,419.9699127886788,426.1078502028247,58938100
2025-05-02,430.2295227050781,434.34125858777406,425.00089318437847,426.73058824697114,30757400
2025-05-05,431.10919189453125,434.40054108405303,427.09627177369964,427.8474632490504,20136100
2025-05-06,428.2823486328125,432.65107712392626,426.1671945058241,427.18524232094876,15104200
2025-05-07,428.3218994140625,433.0365428333408,426.1078693467033,428.80620435216304,23295300
2025-05-08,433.0859375,438.52212113478646,430.6050513161737,432.8487017029497,23491300
2025-05-09,433.6394958496094,435.626153625383,430.82255791751214,434.89474938101273,15324200
2025-05-12,444.0473327636719,444.15604197647247,434.67731651128963,440.7658468423136,22821900
2025-05-13,443.9287109375,445.4409573721911,440.19254074927665,442.5844751269483,23618800
2025-05-14,447.6845397949219,448.6333924695745,442.94024625817593,442.94024625817593,19902800
2025-05-15,448.6946105957031,451.7246558325709,446.0210270484144,446.3576953837484,21992300
2025-05-16,449.82342529296875,449.91254071320964,444.3376746324017,447.6251542704443,23849800
2025-05-19,454.37841796875,455.0913715701619,446.3874026485213,446.46663650360125,21336500
2025-05-20,453.6852722167969,453.8535912700005,449.87295142774695,451.13050930908776,15441800
2025-05-21,448.14007568359375,453.29906971148773,447.3875051898017,450.12049890400635,19216900
2025-05-22,450.40765380859375,455.74490907390424,449.4570590917957,450.4967994491365,18025600
2025-05-23,445.7734680175781,449.2491205375805,444.51591011589574,445.5754438212613,16883500
2025-05-27,456.18060302734375,456.4380677238799,451.65532857824905,452.0118204825961,20974300
2025-05-28,452.8832092285156,457.9927052337918,452.45742544945836,456.70544210957024,17086300
2025-05-29,454.1902770996094,457.2005290082406,450.8532686393741,457.0321797296883,13974800
2025-05-30,455.8537902832031,457.16087682654637,451.08099341488645,455.2200705832806,34770500
2025-06-02,457.4480895996094,457.5867035205711,452.41782757710985,452.6653804963421,16626500
2025-06-03,458.4382629394531,459.59682380087423,456.3489007620485,456.95294554827,15743800
2025-06-04,459.3294982910156,461.1316908447896,458.4878122988585,459.4582306475514,14162700
2025-06-05,463.1022033691406,465.0529216385449,459.4879366863286,460.4088263203011,20131700
2025-06-06,465.7757873535156,468.7068055435685,464.1914425792919,465.4886174973397,15285600
2025-06-09,468.1225891113281,468.7959258262165,464.03300988597726,465.1024554626714,16469900
2025-06-10,466.3104553222656,468.1720277278758,462.38919566775553,466.5778015728124,15375900
2025-06-11,467.99383544921875,470.81594475736864,465.0628173622344,465.4192790589967,16399200
2025-06-12,474.1826171875,475.7174632765806,468.88497916047487,470.3702965389571,18950600
2025-06-13,470.3109130859375,474.48960742449077,468.13246560456287,471.74673205457395,16814500
2025-06-16,474.45001220703125,475.98482813726486,470.3505215770748,470.5584575569121,15626100
2025-06-17,473.3608093261719,474.0539393845567,469.4395492382731,470.74663593423935,15414100
2025-06-18,475.53924560546875,476.291816149254,469.8158233270243,473.3211811212961,17526500
2025-06-20,472.72705078125,478.72773115460745,472.2022397987241,477.50979012623617,37576200
2025-06-23,481.24285888671875,482.97572926336846,467.8849134818946,473.52910172023695,24864000
2025-06-24,485.3126220703125,487.0356109071577,482.0350238939456,484.1640031375646,22305600
2025-06-25,487.45147705078125,489.71907018583636,484.59969288856837,487.2237477118272,17495100
2025-06-26,492.580810546875,493.1650318097281,487.98621386300664,488.15456314430565,21578900
2025-06-27,491.0855712890625,494.4126679494895,488.2040517426954,492.6797975508017,34539200
2025-06-30,492.5411682128906,495.8583832017286,490.4815111095117,492.17479474651304,28369000
2025-07-01,487.2336120605469,493.1748817381986,486.1741086010328,491.61036068604886,19945400
2025-07-02,486.28302001953125,488.66943364597034,483.9164299655294,485.1937811955959,16319600
2025-07-03,493.9571838378906,495.2345653483035,488.6100468852986,488.9764203666982,13984800
2025-07-07,492.8481140136719,493.8680307430937,490.3824968234557,492.51144569917784,13981600
2025-07-08,491.7588806152344,493.3234318678901,489.2734398258723,492.37280697303856,11846600
2025-07-09,498.5815124511719,501.81949389446856,494.8483949293652,495.40291107466015,18659500
2025-07-10,496.5713195800781,499.50233742843255,492.877819466512,498.12592881176073,16492100
2025-07-11,498.393310546875,500.0865639242522,492.9273231662245,493.5907782355643,16459500
2025-07-14,498.09625244140625,499.0369655948213,496.1257409313552,496.6109349689791,12058800
2025-07-15,500.86883544921875,503.3245408608939,497.8684955298327,498.09622485625505,14927200
2025-07-16,500.67083740234375,501.760076321519,496.97736708309617,500.23514183467364,15154400
2025-07-17,506.6912841796875,508.3449206172861,500.67078077223215,500.730191050298,17503100
2025-07-18,505.05743408203125,509.6025320949179,502.4630844244223,509.4440643876484,21209700
2025-07-21,505.06732177734375,507.0774803175347,500.60145783110823,501.7501069031347,14066800
2025-07-22,500.32421875,506.19619667447284,500.32421875,505.968437121084,13868600
2025-07-23,500.9183654785156,501.82937349813983,495.7989881406536,501.78975657062705,16396600
2025-07-24,505.8793640136719,508.6420329312165,502.33438916388565,503.79000158856684,16107000
2025-07-25,508.6816711425781,513.216797186473,505.3644257046499,507.4537578741833,19125700
2025-07-28,507.4834289550781,509.9589578768102,505.1267205865717,509.04798015617376,14308000
2025-07-29,507.55279541015625,512.5533521818816,506.5526719682665,510.4838436674275,16469200
2025-07-30,508.2162170410156,510.89971236727115,504.4534248625209,510.12731827097724,26380400
2025-07-31,528.2779541015625,550.0131135040644,526.6936395202101,549.7952354974353,51617300
2025-08-01,518.9797973632812,530.5553736121248,515.7616096000787,529.7632164041114,28977600
2025-08-04,530.3969116210938,532.9813491761439,522.9604134562841,523.0990575737549,25349000
2025-08-05,522.5841674804688,532.0406760929504,522.0791498987046,531.9218555369729,19171600
2025-08-06,519.8016967773438,526.4955370830186,518.9006307843745,525.70337986457,21355700
2025-08-07,515.7418212890625,522.9208551796034,512.483986539974,521.6434435727333,16079100
2025-08-08,516.9300537109375,519.524403327164,514.3257923084495,517.4845698020915,15531000
2025-08-11,516.6627197265625,522.4257584225397,514.6327376205326,517.1875004407061,20194400
2025-08-12,524.0595703125,525.7825288027884,517.5836082950698,518.6233183732385,18667000
2025-08-13,515.484375,527.4857348349631,514.2861971986356,526.9014833945702,19619200
2025-08-14,517.36572265625,520.8017882377586,515.0486614235291,517.4449565045493,20269100
2025-08-15,515.078369140625,520.9503168823401,513.9990723038397,517.6529556536844,25213300
2025-08-18,512.0383911132812,517.7024328589179,508.9885829187347,516.4844919382945,23760600
2025-08-19,504.78021240234375,510.1174378041072,503.57215290768977,509.9590305231463,21481000
2025-08-20,500.76983642578125,505.9981527246316,499.5023667236012,504.87920872605446,27723000
2025-08-21,500.1251220703125,503.48747238505433,498.6175369804135,499.57962247206007,18443300
2025-08-22,503.09075927734375,506.5621975190336,498.3100856343386,500.13506667774504,24324200
2025-08-25,500.1449890136719,504.04291093011733,500.00611695670057,502.4956437530773,21638600
2025-08-26,497.9430847167969,500.8590951140394,494.44189267773186,500.24412923099453,30835700
2025-08-27,502.6047058105469,503.1502356611414,495.82052770460996,497.90339657266526,17277900
2025-08-28,505.4810485839844,506.919197559233,501.3748189208979,502.9518399416591,18015600
2025-08-29,502.5551452636719,505.44140176386463,500.3730863144936,504.5090702372647,20961600
2025-09-02,500.9979248046875,501.87074834041937,492.75574161607386,496.38587753866574,18128000
2025-09-03,501.22607421875,503.64616490840893,498.220801883355,499.6788070917271,16345100
2025-09-04,503.8247375488281,504.00326140342247,499.04406365219614,500.18467308127,15509500
2025-09-05,490.9605712890625,507.7920894589463,488.3520284612672,504.9157608525771,31994800
2025-09-08,494.1344299316406,497.1099483047291,490.990285532587,494.0451377441344,16771000
2025-09-09,494.34271240234375,498.15137232357364,493.63851485593227,497.33805669614713,14410500
2025-09-10,496.2867431640625,499.1234199731124,492.6665349159027,498.8754600894228,21611800
2025-09-11,496.9215087890625,499.0638857033828,493.8170463660224,498.15138006137016,18881600
2025-09-12,505.73895263671875,508.367321245748,499.73833579713096,502.5154742767582,23624900
2025-09-15,511.15435791015625,511.26344571936806,502.8625947427051,504.6379958107742,17143800
2025-09-16,504.8859558105469,513.0090929577493,504.449544036503,512.6619733694059,19711900
2025-09-17,505.8579406738281,507.1175961354426,501.80132099339164,506.4530503919847,15816600
2025-09-18,504.30078125,508.883074673213,503.5172196080818,507.31595138937655,18913700
2025-09-19,513.703369140625,515.0621842649809,506.1455578149837,506.39351766303514,52474100
2025-09-22,510.2518310546875,513.5149611406991,508.35738375283694,511.3825425873763,20009300
2025-09-23,505.0744323730469,510.3907077578639,503.17008724169204,509.60711582016205,19799600
2025-09-24,505.9869079589844,508.29788064425674,502.7832857896144,506.215041937542,13533700
2025-09-25,502.8923645019531,505.84805701475193,500.9186136455738,504.15198973027213,15786500
2025-09-26,507.28619384765625,509.74596656687834,502.4856945681329,505.8976246789574,16213100
2025-09-29,510.40057373046875,512.6322125671903,504.72728094557834,507.325895548039,17617800
2025-09-30,513.7232666015625,513.9315141469417,505.5009089039439,509.05168089535164,19728200
2025-10-01,515.4689331054688,516.262392605391,507.5143608700387,510.5989672146665,22632300
2025-10-02,511.53131103515625,517.343476169315,506.5126054199375,513.4158303625842,21222900
2025-10-03,513.1281127929688,516.2425031799986,510.7973143114264,512.8801529316524,15112300
2025-10-06,524.256591796875,526.6965386672223,513.9712214168786,514.377848960065,21388600
2025-10-07,519.7039794921875,525.4764919541412,517.1847292577561,523.9788048028778,14615200
2025-10-08,520.5669555664062,522.6498549115006,518.8213688365025,519.0098207695767,13363400
2025-10-09,518.136962890625,520.0512058016051,513.1777655449532,518.07745494396,18343600
2025-10-10,506.790283203125,519.3073226434543,505.47115003636685,515.3994727403434,24133800
2025-10-13,509.85504150390625,512.1957680051081,507.50438692257717,512.1957680051081,14284200
2025-10-14,509.37896728515625,511.07503445038043,501.87073577210117,506.06622732552523,14684300
2025-10-15,509.2401123046875,512.9694382549203,505.838110317394,510.75765569343554,14694700
2025-10-16,507.4349670410156,512.6321960787722,503.9833851231019,508.3970827878481,15559600
2025-10-17,509.38897705078125,511.2734358883721,503.17012365144205,504.88601698312937,19867800
2025-10-20,512.5726318359375,514.4670788802013,509.2400661752128,510.4104293345006,14665600
2025-10-21,513.4356079101562,514.4572316509175,508.8533142722573,513.2769402267872,15586200
2025-10-22,516.2921142578125,520.943843958813,513.4852520447155,516.8971823641815,18962700
2025-10-23,516.3118896484375,519.6742395740552,514.3777908083965,518.1964086283891,14023500
2025-10-24,519.3370971679688,521.0628883153897,516.4607987679614,518.5237814648117,15532400
2025-10-27,527.1825561523438,530.2175826339089,524.6930292943027,527.4404441110845,18734700
2025-10-28,537.6464233398438,549.2013167264516,536.3570441492753,545.511702993095,29986700
2025-10-29,537.130615234375,541.8121286840217,532.3499420595073,540.4929653309738,36023000
2025-10-30,521.4695434570312,530.6043464776645,517.8592331602406,526.1509968235328,41023100
2025-10-31,513.5844116210938,525.0004940086545,510.89650476941233,524.5640822050067,34006400
2025-11-03,512.810791015625,520.6760707602963,510.3907002836433,515.5680732671589,22374700
2025-11-04,510.1328430175781,511.342858187808,503.6957838776707,507.5838081580189,20958700
2025-11-05,503.02130126953125,510.6287232020861,502.4460174356622,509.11117977922714,23024300
2025-11-06,493.0434265136719,501.5732523540539,491.7639450704796,501.5335702984596,27406500
2025-11-07,492.7657165527344,495.304823297102,489.22484220934433,492.89466053302914,24019800
2025-11-10,501.8707580566406,502.7138276367279,494.72950196106785,495.95940345274505,26101500
2025-11-11,504.5289001464844,505.4414057875519,498.2505695472254,500.68055811559174,17980000
2025-11-12,506.9688720703125,507.4945458106546,495.0469415436793,505.2033686484966,26574900
2025-11-13,499.1828918457031,509.3095642884979,497.1992129195551,506.1455939798088,25273100
2025-11-14,506.0166320800781,507.42505738590404,493.38060745410195,494.16416907736203,28505700
2025-11-17,503.34857177734375,507.9407930820625,500.78963942134817,504.3007594029326,19092800
2025-11-18,489.76043701171875,498.87544447228873,482.8076324047851,491.3275301094218,33815100
2025-11-19,483.14483642578125,491.14898819063853,478.88983663624714,486.1005289347495,23245300
2025-11-20,475.41387939453125,490.45844852333465,472.50235794747454,489.60385435710714,26802500
2025-11-21,469.1436462402344,475.9007957312625,465.3179114267742,475.4834301610789,31769200
2025-11-24,471.0118103027344,473.89352206444323,465.0694984877541,472.0055061050608,34421000
2025-11-25,473.98297119140625,476.12935785467323,461.95927573241335,471.08139630740516,28019800
2025-11-26,482.4393310546875,485.23161394332453,478.1664510662567,483.244222260298,25709100
2025-11-28,488.9082946777344,489.5243812398697,483.5820692635899,484.5260924315005,14386700
2025-12-01,483.6714782714844,486.7718042788117,481.59465771305275,485.3607732415945,23964000
2025-12-02,486.91094970703125,490.38888506208144,483.2541563831954,483.6516286444489,19562700
2025-12-03,474.7182922363281,481.18723109312356,472.2042431453193,473.3171775583083,34615100
2025-12-04,477.8087158203125,478.28570075231454,473.48613274494215,476.7355376297969,22318200
2025-12-05,480.11407470703125,480.35255199911325,475.86105782216015,479.4780948278929,22608700
2025-12-08,487.92449951171875,489.19642891935564,481.3263751862239,481.8331697469475,21965900
2025-12-09,488.918212890625,489.0175885389743,485.4204144751398,486.01663804004494,14696100
2025-12-10,475.5430603027344,481.19719183884354,472.084987996716,480.97857754952304,35756200
2025-12-11,480.4221496582031,482.96600869209163,472.86010822118624,473.6252734590456,24669200
2025-12-12,475.5132751464844,479.4085762318817,473.3370788032073,476.79515128743174,21248100
2025-12-15,471.82666015625,477.6894594742654,469.5411415575728,477.0733729131614,23727700
2025-12-16,473.38677978515625,474.87732355778707,467.911505956298,468.9350114671635,20705600
2025-12-17,473.1184387207031,476.9739832708393,472.0055042784347,473.903466892556,24527200
2025-12-18,480.9289245605469,486.51349034093164,474.87732052138307,475.1754171439269,28573500
2025-12-19,482.856689453125,484.7745151206103,479.44828972039977,484.2875835443981,70836100
2025-12-22,481.86297607421875,485.6489546100234,479.6470235443271,483.05539282771,16963000
2025-12-23,483.7807922363281,484.75459468390824,481.6840783901604,481.922585996358,14683600
2025-12-24,484.94342041015625,486.0762481946253,481.77352833631136,482.61817584356095,5855900
2025-12-26,484.6354064941406,485.04282544173617,482.8964387136479,483.64171061957336,8842200
2025-12-29,484.02923583984375,485.27135560420123,481.1276307272214,481.80333660098637,10893400
2025-12-30,484.4068603515625,486.5929730105466,482.43933166580535,482.8666136001516,13944500
2025-12-31,480.5711669921875,485.06269150087525,480.25317705215497,484.7645645601486,15601600
