Date,Close,High,Low,Open,Volume
2021-01-04,13.060794830322266,13.597629030369669,12.910401695595096,13.051582318788373,560640000
2021-01-05,13.350873947143555,13.389467900488006,13.034401060131557,13.0470994890118,322760000
2021-01-06,12.563800811767578,13.191766594805781,12.535415751922324,13.16935698709165,580424000
2021-01-07,13.29036808013916,13.323982965116926,12.834707343598083,12.915381167862042,461480000
2021-01-08,13.223387718200684,13.36705786522473,12.989581430224522,13.308793649429084,292528000
2021-01-11,13.566756248474121,13.904892249468213,13.308797324436568,13.364820880051957,518344000
2021-01-12,13.430554389953613,13.699220853511294,13.291366518342056,13.697228086074581,291476000
2021-01-13,13.47736644744873,13.570241954933193,13.33120672827616,13.435784283748028,210028000
2021-01-14,13.147198677062988,13.545093004651417,13.127528408243663,13.520442716544837,283120000
2021-01-15,12.807817459106445,13.271695346356372,12.796861987374657,13.17483621037775,277780000
2021-01-19,12.972900390625,13.041373506221632,12.79237828621631,12.963935787634238,226188000
2021-01-20,13.312030792236328,13.376520268382707,13.00427270745559,13.059051005987701,258572000
2021-01-21,13.811763763427734,13.942984337506825,13.199733528843137,13.364568036299605,337780000
2021-01-22,13.657387733459473,13.78611878930567,13.572480460380298,13.68477736022851,246820000
2021-01-25,13.598377227783203,13.772922949913667,13.183302194742383,13.726360770124714,251112000
2021-01-26,13.38125228881836,13.589909643164159,13.333693731069246,13.525917879750628,163980000
2021-01-27,12.865832328796387,13.17956588706727,12.742330152960971,13.176826544521976,371272000
2021-01-28,12.998547554016113,13.286137711006822,12.908411395926858,12.944018103883906,228316000
2021-01-29,12.937541007995605,13.281154636734682,12.859605581781828,13.022448269146302,271552000
2021-02-01,13.183798789978027,13.21741272526366,12.850891747211746,13.000787159383922,217204000
2021-02-02,13.502264022827148,13.517451986494493,13.232103488617547,13.3448990521838,220440000
2021-02-03,13.476120948791504,13.875758199731045,13.462177275976654,13.58119621183441,245408000
2021-02-04,13.609333038330078,13.618545550549243,13.284145319662846,13.476618341474891,201340000
2021-02-05,13.536373138427734,13.682036035958832,13.491305073075738,13.669835325719276,169152000
2021-02-08,14.380719184875488,14.415578363671342,13.672078622183603,13.672078622183603,434624000
2021-02-09,14.20592212677002,14.524635648121032,14.165335411563284,14.283110023436533,287560000
2021-02-10,14.704909324645996,14.845093553817506,14.283858920285903,14.405119461071688,485352000
2021-02-11,15.18945598602295,15.21087016144193,14.865015793501902,14.920043907883057,450828000
2021-02-12,14.901118278503418,15.22979187160144,14.715616167747536,14.989511461890103,374756000
2021-02-16,15.268637657165527,15.310718485509026,14.889915901123095,15.003706913820904,321960000
2021-02-17,14.846091270446777,15.162315316732863,14.720597275681127,15.11002559817303,274756000
2021-02-18,14.769402503967285,14.813474199049633,14.516422672580028,14.669804025488334,233868000
2021-02-19,14.866509437561035,15.116002383057575,14.7870798988498,14.964115141640802,271724000
2021-02-22,14.298052787780762,15.072428084036344,14.267426101767738,14.715368455188019,325884000
2021-02-23,14.085163116455078,14.181524533940966,13.335686902429352,14.018680862200867,391780000
2021-02-24,14.440726280212402,14.448445641095974,13.700712460905951,14.06598916049394,448320000
2021-02-25,13.254015922546387,14.316976805653484,13.16313319589413,13.989049754794058,824436000
2021-02-26,13.659380912780762,13.798817635314652,13.307301288699822,13.69722734472465,500932000
2021-03-01,13.786120414733887,13.869035880161727,13.498780057911683,13.819236639241204,353184000
2021-03-02,13.352368354797363,13.864551312583613,13.342159459835498,13.844133522659883,264116000
2021-03-03,12.753287315368652,13.39743748342225,12.747310913046222,13.37228948153276,377592000
2021-03-04,12.320530891418457,12.922850893850201,12.035182423098172,12.74930064406693,573344000
2021-03-05,12.411416053771973,12.499560385516855,11.632309598213094,12.499560385516855,542840000
2021-03-08,11.546656608581543,12.421127205316727,11.520013555432708,12.399962837749444,543112000
2021-03-09,12.474235534667969,12.570380320180579,12.014929374310588,12.085668531876562,521824000
2021-03-10,12.422425270080566,12.932293687337854,12.41171496237117,12.793306731118925,384376000
2021-03-11,12.945744514465332,12.99830122675379,12.687696596615787,12.902404444000641,299916000
2021-03-12,12.808752059936523,12.84138182759341,12.543729858351645,12.601765255652683,243964000
2021-03-15,13.142768859863281,13.158211962080784,12.720327373768852,12.817468886000968,221988000
2021-03-16,13.242402076721191,13.462838518161057,13.068542937398949,13.307411714289238,272128000
2021-03-17,13.292217254638672,13.403805133986928,12.941759670722005,12.991825039852959,243864000
2021-03-18,12.675741195678711,13.135545224725465,12.670261569305001,13.088220142222372,293896000
2021-03-19,12.798537254333496,12.874009196386721,12.56614486370807,12.703139313327759,299208000
2021-03-22,13.137787818908691,13.345272507132586,12.85931502565977,12.865293491438804,297804000
2021-03-23,13.022709846496582,13.295453056393745,12.973391315699493,13.205534747108478,222048000
2021-03-24,12.59653091430664,13.110884070467083,12.590304455981338,13.102913101614503,245840000
2021-03-25,12.489179611206055,12.668020482645497,12.22689771964549,12.45356156367243,295144000
2021-03-26,12.792061805725098,12.80899952364286,12.328023824665465,12.508358356195133,363968000
2021-03-29,12.900659561157227,13.014489826860041,12.65332197655928,12.773129756465236,273520000
2021-03-30,12.824441909790039,12.927561877681123,12.658304817189459,12.794801380172224,200204000
2021-03-31,13.299192428588867,13.420992735807696,12.934786334230242,12.967665043865257,314776000
2021-04-01,13.760986328125,13.819021709994194,13.461589927459961,13.522366547343738,308276000
2021-04-05,13.936090469360352,13.962492820296003,13.682525472140757,13.816531631922624,255672000
2021-04-06,13.810555458068848,14.002597032896157,13.722879532840807,13.948297705902563,191744000
2021-04-07,14.09151840209961,14.191150299741128,13.661105981821104,13.829733469793657,251284000
2021-04-08,14.264383316040039,14.418315513515902,14.196632435457225,14.200369451800379,244416000
2021-04-09,14.347074508666992,14.355045478293736,14.122902033632048,14.161758253910516,195172000
2021-04-12,15.153101921081543,15.296074841669363,14.087283745856782,14.237230908904042,869324000
2021-04-13,15.62187385559082,15.642298695804206,15.07015897630807,15.175520404329175,676212000
2021-04-14,15.22085189819336,15.662721441224473,15.171533365001741,15.567572446035657,385500000
2021-04-15,16.07794189453125,16.154658563081032,15.574050016503216,15.604936219474224,598480000
2021-04-16,15.85401725769043,16.10633661100152,15.806940170418816,15.993999997068041,335208000
2021-04-19,15.305290222167969,15.749402181564943,15.177013572325267,15.479398285932946,404420000
2021-04-20,15.115492820739746,15.440045020755381,14.908008137498932,15.26693366441033,334132000
2021-04-21,15.30404281616211,15.306035320736337,15.04674177840438,15.063180653768573,216776000
2021-04-22,14.795670509338379,15.381758649575245,14.729165313862191,15.318491630862203,277788000
2021-04-23,15.209145545959473,15.27863902524811,14.845487265337356,14.879361749601612,227500000
2021-04-26,15.421113014221191,15.422109741768356,15.069410715459696,15.129190614058306,197796000
2021-04-27,15.325217247009277,15.612905694192488,15.298067110638453,15.521243816067019,164572000
2021-04-28,15.220601081848145,15.475162801608885,15.159576467603044,15.30802899668714,209416000
2021-04-29,15.26842975616455,15.379768712604903,15.016110356954385,15.343402877039852,173196000
2021-04-30,14.95433521270752,15.308528865809581,14.941881343927635,15.118729701211409,201912000
2021-05-03,14.782222747802734,15.19071578425241,14.73315409860537,15.06941335539349,203912000
2021-05-04,14.298502922058105,14.583700949045891,13.958756633234461,14.583452004723556,405324000
2021-05-05,14.405359268188477,14.75905499847583,14.334620122131005,14.654938309097338,292024000
2021-05-06,14.469624519348145,14.517697387535478,14.16574610808728,14.441976491548107,193380000
2021-05-07,14.7578125,14.915729703234886,14.617828793921266,14.753827489558498,229328000
2021-05-10,14.2133207321167,14.75158504127591,14.197628684614322,14.732903760867538,268904000
2021-05-11,14.253669738769531,14.301991547121727,13.69946450914894,13.774188670983172,285584000
2021-05-12,13.70793342590332,14.20783933441675,13.658864784297744,13.958010377250185,303408000
2021-05-13,13.61502456665039,14.028998076504566,13.409532427846457,13.982169938542986,285404000
2021-05-14,14.190651893615723,14.275339526116129,13.697969198962545,13.838949606962357,258616000
2021-05-17,14.113436698913574,14.11717276437191,13.802584080647618,14.104967840462367,216980000
2021-05-18,13.96423625946045,14.351308574282077,13.952529225125941,14.214563077949034,186256000
2021-05-19,14.014054298400879,14.027753839066552,13.493474603613123,13.516638780467643,344000000
2021-05-20,14.558794021606445,14.629782114343872,14.218050986432957,14.249932964504612,321592000
2021-05-21,14.936650276184082,15.166054390870835,14.814849979402481,15.108018052622167,672992000
2021-05-24,15.554621696472168,15.687132304008871,15.120223305868196,15.156589134652451,554816000
2021-05-25,15.590239524841309,15.760361630715945,15.42559704511767,15.708054812680162,435408000
2021-05-26,15.642297744750977,15.735703186240535,15.528966303165006,15.676422124487875,370440000
2021-05-27,15.431079864501953,15.692117070173078,15.403182889110003,15.642051691073036,581476000
2021-05-28,16.184797286987305,16.21767694767889,15.44403099782794,15.44403099782794,644536000
2021-06-01,16.20471954345703,16.32801538481645,15.84479739278684,16.210200118763833,472804000
2021-06-02,16.716585159301758,16.856569802587472,16.175830504462102,16.192519278165797,594168000
2021-06-03,16.907377243041992,17.195565429117057,16.522049469970472,16.63936684781397,580008000
2021-06-04,17.513648986816406,17.596093290887584,17.032673204029777,17.04960902455998,617120000
2021-06-07,17.554244995117188,17.747034348298172,17.12956302093456,17.5066719180592,575756000
2021-06-08,17.39284324645996,17.55673796608518,17.18759905493115,17.46283462472556,323848000
2021-06-09,17.29841423034668,17.514418168620654,17.196268545386232,17.455372530301904,381656000
2021-06-10,17.364938735961914,17.431709138454295,17.11679834270945,17.290198386485635,287772000
2021-06-11,17.763805389404297,17.877412740518896,17.38362021079101,17.41924641470844,416308000
2021-06-14,17.956640243530273,17.97731876578179,17.601868346834245,17.84427977971432,321376000
2021-06-15,17.727184295654297,17.954150035131732,17.666893640244776,17.85324933990934,243032000
2021-06-16,17.748857498168945,17.892860137369315,17.523885687576584,17.729425885437355,307124000
2021-06-17,18.592941284179688,18.770078247109847,17.695047795899175,17.713234404849683,809656000
2021-06-18,18.57450294494629,19.308215040452524,18.519941225336265,18.71925259251508,968856000
2021-06-21,18.363733291625977,18.472607738221978,17.761317116263903,18.37170513870822,672384000
2021-06-22,18.82164764404297,18.898383795362612,18.32262411331532,18.407830114038756,580144000
2021-06-23,18.991558074951172,19.086729825944072,18.842573513046347,18.942229189755093,332356000
2021-06-24,19.139297485351562,19.353058520618433,19.022451210045137,19.161471913925485,320924000
2021-06-25,18.96540069580078,19.278817427102744,18.829371801358914,19.21404094846536,278364000
2021-06-28,19.916109085083008,20.00953591368963,19.252404529713022,19.294508567808425,495436000
2021-06-29,19.957717895507812,20.029468310884855,19.58924145905206,19.81396426181728,367632000
2021-06-30,19.93355369567871,20.093002037862693,19.795281878543864,19.930314776489794,326568000
2021-07-01,20.142335891723633,20.385494388346057,19.950000307430916,20.055635858060118,480136000
2021-07-02,20.416379928588867,20.434568434216665,20.217817481948444,20.369791959842154,342764000
2021-07-06,20.62715721130371,20.7701619798175,20.28010810318178,20.666022347235145,446708000
2021-07-07,20.301532745361328,20.803048270219904,20.26192060678892,20.781622741141774,418428000
2021-07-08,19.83414649963379,20.063602249461436,19.632843115344528,19.788056528694977,503300000
2021-07-09,19.98113441467285,20.011031686742374,19.686155219860904,19.893687412394865,296624000
2021-07-12,20.441797256469727,20.461975876319716,20.118165723734343,20.17023553460196,321984000
2021-07-13,20.180198669433594,20.390720799183015,20.044667777946696,20.330179245184596,290708000
2021-07-14,19.773107528686523,20.347371324645856,19.684664506102898,20.287578671273554,380100000
2021-07-15,18.9008731842041,19.778587910474652,18.793494657119066,19.743459705435733,550564000
2021-07-16,18.098400115966797,19.090967290639107,18.010704097196164,18.964904144857933,688224000
2021-07-19,18.71501922607422,18.976364277481892,17.803919215628007,17.853499010534822,749060000
2021-07-20,18.547847747802734,18.773068604657446,18.10139195799194,18.66544105629697,434687000
2021-07-21,19.343093872070312,19.459691152678595,18.677397187844907,18.816914001718725,371017000
2021-07-22,19.526460647583008,19.818449966161833,19.209555981723096,19.574295529309875,323826000
2021-07-23,19.490583419799805,19.632094138275786,19.18364454445937,19.5882451844346,195672000
2021-07-26,19.227493286132812,19.374981936997983,18.848802099805674,19.244434884003283,203943000
2021-07-27,19.14179229736328,19.55436484344968,18.676401037537744,19.19859503384595,248863000
2021-07-28,19.435775756835938,19.57828250324593,18.929527349738116,19.252409967559455,202191000
2021-07-29,19.594226837158203,19.78456845561129,19.261376580692936,19.451718199146022,190781000
2021-07-30,19.431791305541992,19.562338390382465,19.196604690590537,19.35106921939,183497000
2021-08-02,19.681921005249023,19.892194121271995,19.294261963742557,19.63209411744404,217444000
2021-08-03,19.746700286865234,20.152296989603176,19.153749973523123,19.671958043759762,301811000
2021-08-04,20.204118728637695,20.247967690687908,19.759654974548358,19.921097238700884,231309000
2021-08-05,20.565860748291016,20.661530493054816,20.271877575083252,20.42933387160919,211435000
2021-08-06,20.295795440673828,20.4990927022112,20.1403330525304,20.453251740531083,178497000
2021-08-09,20.22504425048828,20.4373093965313,20.073567760929837,20.37552283364435,146443000
2021-08-10,19.867280960083008,20.35957761344973,19.766627375953473,20.25195008967123,179238000
2021-08-11,19.631103515625,19.97989756236368,19.363031566187686,19.9739177253544,185925000
2021-08-12,19.83639144897461,19.95996268817905,19.552373948791477,19.801512240234526,151652000
2021-08-13,20.118412017822266,20.1443233694404,19.782573757798062,19.836388472220936,183063000
2021-08-16,19.8812313079834,20.217069532094754,19.385942869614865,20.065593064053427,210876000
2021-08-17,19.39093017578125,19.70185501306102,19.2005885511107,19.61714701214786,204585000
2021-08-18,18.974369049072266,19.566321363540087,18.934506018766548,19.432782492944614,285913000
2021-08-19,19.729761123657227,20.424359224715,18.697330779144767,19.42680809108731,766555000
2021-08-20,20.744247436523438,20.79307832111632,19.86429170671667,19.922090443139417,675741000
2021-08-23,21.88231658935547,21.921181725380446,20.877791484608885,20.898719011758836,575807000
2021-08-24,21.717880249023438,21.8833084230163,21.46077013569365,21.678019114764727,297299000
2021-08-25,22.136436462402344,22.392550614625392,21.647129597163453,21.662077287513025,347701000
2021-08-26,21.991933822631836,22.262995617571487,21.71489219229339,22.12347879676051,237940000
2021-08-27,22.557971954345703,22.643675947875877,22.090588763919488,22.10753036152277,304722000
2021-08-30,22.60979652404785,22.963572419378465,22.473269615708634,22.751307262334937,262580000
2021-08-31,22.3117733001709,22.62075868040585,22.047640789736928,22.62075868040585,259850000
2021-09-01,22.367589950561523,22.622753028655936,22.283865100248764,22.41144663929597,201767000
2021-09-02,22.322734832763672,22.51909087939799,22.222065406056725,22.4443354699411,187834000
2021-09-03,22.768274307250977,22.91080616281464,22.12737809725463,22.2519691858628,280532000
2021-09-07,22.587865829467773,22.82409003815894,22.448322522567985,22.758305960984877,198107000
2021-09-08,22.265928268432617,22.536041717228212,21.905110981321915,22.43935888934045,254434000
2021-09-09,22.104455947875977,22.464275126748724,22.058606891844985,22.239014571951014,196856000
2021-09-10,22.40446662902832,22.55198127895653,22.19714689291508,22.274890843403057,248376000
2021-09-13,22.07953453063965,22.88887850668766,21.786495670040438,22.609793787016553,297500000
2021-09-14,22.169240951538086,22.336690647857136,22.013751133052175,22.202132041411108,199755000
2021-09-15,22.26791763305664,22.29383355511717,21.894144334606132,22.236022722228473,166538000
2021-09-16,22.169240951538086,22.204126304937887,21.855270869830687,22.11043394136282,156033000
2021-09-17,21.8283634185791,22.24798583109001,21.758592696915716,22.227054614590994,294503000
2021-09-20,21.043935775756836,21.362888683857676,20.594410879277827,21.076826867613953,349440000
2021-09-21,21.176498413085938,21.354911802354714,20.881467187077302,21.34693855063017,204688000
2021-09-22,21.86922264099121,21.888159587451916,21.126658982440958,21.296102923922355,268726000
2021-09-23,22.408458709716797,22.46128483770894,21.81839426303045,22.067576479469295,248555000
2021-09-24,22.008766174316406,22.076544517927047,21.78948654099759,21.997802477816837,217655000
2021-09-27,21.58914566040039,21.7276909027937,21.255242424863432,21.638981339967028,245215000
2021-09-28,20.631288528442383,21.34893447038271,20.58344521216512,21.14460514549343,343069000
2021-09-29,20.449886322021484,20.94825075454832,20.400048738103138,20.871502966534447,218394000
2021-09-30,20.648235321044922,20.99709081329455,20.62032703375371,20.700065269029956,221009000
2021-10-01,20.674148559570312,20.79076450155357,20.13691029679446,20.68212181172919,240978000
2021-10-04,19.66745376586914,20.474803591708355,19.491032716054217,20.436927789431792,345635000
2021-10-05,20.38409996032715,20.580456026751712,19.789052772537165,19.884739402108554,279282000
2021-10-06,20.632287979125977,20.652221111305703,20.014315254928512,20.054185321506793,297202000
2021-10-07,21.00605583190918,21.252247535524535,20.9033921481847,21.022998514575608,256919000
2021-10-08,20.76285743713379,21.136630744836808,20.707040866525467,21.03197467494621,151258000
2021-10-11,20.627304077148438,20.994100339135553,20.44390594615488,20.507697674953654,163388000
2021-10-12,20.603382110595703,20.988119137089015,20.460850231226793,20.759868133383815,162134000
2021-10-13,20.870500564575195,20.921334319318166,20.645240054992183,20.84956935399439,180652000
2021-10-14,21.67486000061035,21.683829432378424,21.052900818856443,21.218358128233028,243589000
2021-10-15,21.79048728942871,21.859261828651796,21.591142644931946,21.73865733965983,226994000
2021-10-18,22.149309158325195,22.218083693968943,21.573198850194263,21.677856826800955,189494000
2021-10-19,22.217082977294922,22.30579062746577,21.964910365115337,22.203126935634774,161473000
2021-10-20,22.03070068359375,22.359621161989526,21.910096191330364,22.232039597473953,146276000
2021-10-21,22.617769241333008,22.636708092213606,22.010762150737015,22.024716293024067,187590000
2021-10-22,22.651653289794922,23.054330962445018,22.487194064501068,22.748336082650347,249384000
2021-10-25,23.09022331237793,23.278604263396428,22.69551873786427,22.897853833402657,230235000
2021-10-26,24.636146545410156,25.176375311741033,23.845741281251218,23.9105291901344,485898000
2021-10-27,24.371013641357422,25.00792321942295,24.20256586759915,24.393939116260093,245990000
2021-10-28,24.859411239624023,24.868382573846535,24.442779360511576,24.79661760339399,234204000
2021-10-29,25.483366012573242,25.624901707362692,24.91822131585797,24.91921749719109,292503000
2021-11-01,25.742515563964844,25.80929583390009,25.144477876307487,25.565098331318534,265740000
2021-11-02,26.314634323120117,26.590728607704555,25.71560052254652,25.737529816984793,294112000
2021-11-03,26.51099395751953,26.69638634791327,26.149182413290003,26.58275893777931,239910000
2021-11-04,29.70351219177246,31.2623950368217,27.029288562062703,27.139925507145282,1153631000
2021-11-05,29.654674530029297,31.297282321186877,29.313792339899493,30.088251003295557,851260000
2021-11-08,30.703235626220703,30.998266887418577,29.80916860642571,30.050377560399664,503101000
2021-11-09,30.556713104248047,32.204307519629445,29.86598118563401,32.17639923609389,646746000
2021-11-10,29.362634658813477,30.749085226450433,28.683862559196594,29.259972850188642,636206000
2021-11-11,30.29058265686035,30.489929144616983,29.679589036849205,30.36832850950686,332172000
2021-11-12,30.29058265686035,30.579634873996568,29.533068664937748,29.911826611453552,413054000
2021-11-15,29.926780700683594,30.543755287298133,29.15132584547051,30.45205718413863,384909000
2021-11-16,30.104196548461914,30.290585092245067,29.608822634811435,29.661650656013027,264484000
2021-11-17,29.165283203125,30.409201930373957,28.705790752092632,30.31849809734663,428508000
2021-11-18,31.57138442993164,32.65283428082638,31.218542338444994,32.261122107751916,781711000
2021-11-19,32.87710189819336,32.97976560905506,31.800634810586825,32.13752850967371,533867000
2021-11-22,31.851463317871094,34.533660369454104,31.795646751201797,33.40735581710539,754335000
2021-11-23,31.642152786254883,32.25414458908274,30.778984519657556,31.431842568314533,532163000
2021-11-24,32.567108154296875,32.74751577697891,30.8268198317491,31.358077087355277,435162000
2021-11-26,31.399944305419922,32.60299466798655,31.24744493690994,32.49335390329238,283069000
2021-11-29,33.26681900024414,33.30270053648563,31.931202291527786,32.26012461188157,454964000
2021-11-30,32.56909942626953,33.24388657306229,31.75975750495304,33.06048661123423,622066000
2021-12-01,31.336008071899414,33.184171666297914,31.2811809672,33.11439240625947,484368000
2021-12-02,32.02482223510742,32.37571483720508,30.92728987787385,31.11569572363088,472890000
2021-12-03,30.596342086791992,32.027820642535175,30.03511346450326,31.899225278294047,544325000
2021-12-06,29.942405700683594,30.145761817550646,27.949700565814876,29.78589864714848,658938000
2021-12-07,32.32487869262695,32.346812573827144,30.55447261848209,30.859510618013076,593053000
2021-12-08,31.72577667236328,32.188316185516875,31.322051376993954,31.898232211155804,475551000
2021-12-09,30.39398193359375,32.10358318046431,30.332176907618503,31.63406386343503,488507000
2021-12-10,30.1029052734375,31.206419637067192,29.766966606069154,31.051907053635162,488825000
2021-12-13,28.072317123413086,30.19860138828651,28.02745875745351,30.15374302232693,598344000
2021-12-14,28.24775505065918,28.58768070622938,27.164178566252954,27.611763887759054,667035000
2021-12-15,30.36307716369629,30.40394841022342,27.750331012948195,28.310561418103585,698297000
2021-12-16,28.297603607177734,31.061871670056004,28.004530741243016,31.053897441434426,707366000
2021-12-17,27.713455200195312,28.83092545842423,27.6725839442025,27.896875799114685,713758000
2021-12-20,27.631710052490234,28.055370925868335,27.059518227197945,27.21901421962327,461847000
2021-12-21,28.983440399169922,29.028298765292003,27.314710320233896,28.284647712043096,524385000
2021-12-22,29.307416915893555,29.4619294942851,28.35941146999594,28.80002091891176,395184000
2021-12-23,29.54665184020996,29.96433287464557,29.338310425181003,29.661289433627687,343022000
2021-12-27,30.847545623779297,30.989098625583328,29.546655113197424,29.566592584176444,403686000
2021-12-28,30.226511001586914,31.231336047997825,29.917485879079116,31.213393083122995,420591000
2021-12-29,29.90652084350586,30.451799123179573,29.273520345909006,30.177665528495464,343139000
2021-12-30,29.49283218383789,30.36108963663272,29.446977512392152,29.733072483260834,308864000
2021-12-31,29.318376541137695,29.93542853604102,29.238628557646763,29.580548773634128,266530000
2022-01-03,30.02614402770996,30.614286167328913,29.691201708964883,29.72110791823675,391547000
2022-01-04,29.1977596282959,30.372049319821922,28.25972307978426,30.18165084016446,527154000
2022-01-05,27.517065048217773,29.323358674496106,27.446289504860772,28.857828469194196,498064000
2022-01-06,28.089258193969727,28.34843960109803,26.979764412182007,27.55295241716997,454186000
2022-01-07,27.16119384765625,28.332494693927416,26.971791660779605,28.052379478532124,409939000
2022-01-10,27.31370735168457,27.382490289709768,25.563237098121473,26.4972864282957,594681000
2022-01-11,27.72939682006836,27.976616901866414,26.754478046594247,27.236953065488187,404089000
2022-01-12,27.91082763671875,28.504949514228787,27.52105820708782,27.978612384474925,383413000
2022-01-13,26.491310119628906,28.390309630110426,26.41455104320911,28.289627869102336,540171000
2022-01-14,26.857154846191406,27.111352875878474,26.12745967935316,26.21717640732011,395832000
2022-01-18,25.82142448425293,26.554110383396345,25.688843914417376,26.177300546732358,424270000
2022-01-19,24.988056182861328,26.459407663390692,24.97310403064186,25.996870135634115,488315000
2022-01-20,24.073944091796875,25.49844459786639,24.00217033924269,25.224311034871068,435181000
2022-01-21,23.300390243530273,24.74482640351697,23.189739748176777,23.432970816782724,718958000
2022-01-24,23.298397064208984,23.30637129274654,20.82222037714528,22.259678694181396,913982000
2022-01-25,22.25369644165039,22.87074846480711,21.930717378924925,22.47499743870543,664616000
2022-01-26,22.700284957885742,23.98123803745793,22.229771275614063,23.166811526105583,755959000
2022-01-27,21.874897003173828,23.919438849325257,21.60674309968497,23.493783457519353,573353000
2022-01-28,22.768068313598633,22.786011274912312,21.228930332631833,21.942674981094438,543774000
2022-01-31,24.408884048461914,24.431812327350496,22.97940026137151,23.10899000382188,564680000
2022-02-01,24.56041145324707,25.065814798100266,23.814765930647102,25.02494354865154,518925000
2022-02-02,25.16250991821289,25.735698020360548,24.475678597564364,25.712771637079914,543419000
2022-02-03,23.87258529663086,24.99802967321124,23.705115075622988,24.38097948355901,410178000
2022-02-04,24.242412567138672,24.557417375083098,23.55757585819483,23.89650525040583,354829000
2022-02-07,24.65012550354004,25.1026943053942,24.125781045791168,24.29524574603593,376868000
2022-02-08,25.028932571411133,25.1505481244359,23.90448448091836,24.28229068862886,410359000
2022-02-09,26.62090301513672,26.64084048931407,25.27316132302811,25.541313315747384,524282000
2022-02-10,25.742677688598633,26.84021038947603,25.519384054932555,25.913140626547364,513200000
2022-02-11,23.873577117919922,26.069640256444483,23.69813270066166,25.834383427476414,605472000
2022-02-14,24.19057846069336,24.79666354683214,23.680189818886806,23.85862696314563,440424000
2022-02-15,26.41156578063965,26.46140756576052,24.705953427119574,24.870432839092235,699869000
2022-02-16,26.42751121520996,26.498288671486034,25.47153166394175,26.176305909012655,732676000
2022-02-17,24.429824829101562,25.70380014996148,24.08890276641559,25.549287576906618,810595000
2022-02-18,23.56754493713379,24.90731216889236,23.02725202902934,24.59031284874341,761255000
2022-02-22,23.316341400146484,23.988218678165815,22.92757016662024,22.9624597952012,633422000
2022-02-23,22.316499710083008,24.078933611616357,22.230771994916,23.727044613283795,566511000
2022-02-24,23.67321014404297,23.725046427228275,20.82421097780637,20.948817318078245,735801000
2022-02-25,24.080923080444336,24.140733592878306,23.30736782876033,23.646297234789348,528866000
2022-02-28,24.30820655822754,24.587325461796915,23.632342229680074,23.91644455057124,477319000
2022-03-01,23.40306854248047,24.300235899548934,23.059155656499062,24.214506278553596,412056000
2022-03-02,24.147842407226562,24.336280413234043,23.34524228336605,23.685225970986814,389642000
2022-03-03,23.643348693847656,24.253524852561736,23.39907779476586,24.189714450005976,365095000
2022-03-04,22.867664337158203,23.609447114971164,22.41501653226553,23.314329501450473,431415000
2022-03-07,21.288381576538086,22.96437474060364,21.266447763904743,22.749016800661877,450821000
2022-03-08,21.449901580810547,22.306341548855194,20.588475444727642,21.24551242955818,557467000
2022-03-09,22.945438385009766,23.150824061769303,22.180723175157855,22.320305489298665,492742000
2022-03-10,22.59049415588379,22.720105999777736,21.816805180949956,22.46387173081111,428066000
2022-03-11,22.03415870666504,23.076045454723392,21.980318734826213,22.953410808497686,367209000
2022-03-14,21.266448974609375,22.195671367540292,21.095958926406958,21.80384262804617,385354000
2022-03-15,22.90455436706543,22.96936124008591,21.258474245006287,21.45388943534592,491996000
2022-03-16,24.423025131225586,24.52372407838985,23.102970005610363,23.42999199016364,671422000
2022-03-17,24.692218780517578,24.767990675406676,23.834780252653196,24.048143411462764,471941000
2022-03-18,26.37418556213379,26.489841079768297,24.550636279337244,24.725114127062692,730719000
2022-03-21,26.654348373413086,27.07110416186951,25.889633364007818,26.42802540885607,591727000
2022-03-22,26.44497299194336,27.156846357898804,25.99432004218782,26.64736727935604,547007000
2022-03-23,25.55763053894043,26.532715564299693,25.498806299804944,26.048163421646912,502120000
2022-03-24,28.066131591796875,28.23562518243766,25.829814189665502,26.08804332010231,877379000
2022-03-25,27.6094970703125,28.273513231464275,27.189751821010642,27.802919332389703,579016000
2022-03-28,28.134923934936523,28.165831710193313,27.12494158890915,27.673304055239864,425494000
2022-03-29,28.57062530517578,28.85976031919867,27.896638718914144,28.60950867127436,488984000
2022-03-30,27.607501983642578,28.41110037401944,27.42105885059828,28.219672974520872,463487000
2022-03-31,27.20470428466797,28.163838026854247,27.188753110757293,27.699226807551824,523440000
2022-04-01,26.632415771484375,27.414080364707395,26.188741881916698,27.293440575757664,517235000
2022-04-04,27.278484344482422,27.475894378510496,26.533710211634048,26.648367352938315,397120000
2022-04-05,25.85374641418457,27.23761178708363,25.7430770432779,27.17280490188313,436615000
2022-04-06,24.334287643432617,25.22462691873164,23.931491886634323,24.859718060988605,703833000
2022-04-07,24.135873794555664,24.64834229932388,23.40804924530621,24.368179386256767,557992000
2022-04-08,23.050119400024414,23.851724837527705,22.99329001527572,23.845742196501757,524781000
2022-04-11,21.851701736450195,22.253500942815894,21.59546745592254,22.147817756385205,575207000
2022-04-12,21.4399356842041,22.6572987895722,21.21859693777354,22.469859146979278,662258000
2022-04-13,22.136850357055664,22.432966395854017,21.39107965829104,21.663267032253867,516943000
2022-04-14,21.19466209411621,22.70913730080681,21.09994582726885,22.437946450799743,569097000
2022-04-18,21.718103408813477,22.02219313271973,21.016200346382977,21.13684014323295,525701000
2022-04-19,22.131864547729492,22.306342402426626,21.250497509099134,21.655288033662476,512781000
2022-04-20,21.418001174926758,22.60246161145475,21.13684172009428,22.449917550765523,468974000
2022-04-21,20.122867584228516,22.325285752038848,19.940412249254727,21.644320110833693,656209000
2022-04-22,19.456857681274414,20.424965416989473,19.441902979823055,20.24251007228569,624713000
2022-04-25,19.84270477294922,19.8855759292998,19.039106397949094,19.14478957941765,641566000
2022-04-26,18.73202133178711,19.729041835581757,18.61437288191269,19.659250704582643,653143000
2022-04-27,18.360136032104492,19.10989445940128,18.235508451875706,18.542589470786602,499460000
2022-04-28,19.723066329956055,19.97730771532612,18.43491555563578,18.910493792955876,570327000
2022-04-29,18.491741180419922,20.068030059623467,18.461829879065967,19.344193301516768,500435000
2022-05-02,19.474807739257812,19.51568405448222,18.336209816554007,18.48576255245507,572049000
2022-05-03,19.543598175048828,19.7659352569291,19.07599562451621,19.342200337321106,475751000
2022-05-04,20.273418426513672,20.339221777103816,18.695134485364377,19.863643621096067,648855000
2022-05-05,18.787858963012695,19.865637775003147,18.44488396034569,19.807811910008564,626331000
2022-05-06,18.61935806274414,19.45386415893865,17.93639951654731,18.68017713798414,633297000
2022-05-09,16.899497985839844,18.200608121706267,16.776863370793325,17.98026782674294,644455000
2022-05-10,17.542579650878906,18.143783810287378,16.974278119895548,17.636299465737004,761474000
2022-05-11,16.58045768737793,17.700113318070212,16.518644015836202,17.295322672383584,670167000
2022-05-12,16.126808166503906,16.73798268883239,15.520620763164581,16.170677698614824,708728000
2022-05-13,17.65324592590332,17.874584618378165,16.54356304480127,16.737981755398717,670437000
2022-05-16,17.212566375732422,17.73500542241008,17.055038053763205,17.456837299175664,521446000
2022-05-17,18.122844696044922,18.316266948710442,17.581463204511554,18.020150928461515,585830000
2022-05-18,16.887537002563477,18.06402177879582,16.813758061200716,17.6522521071145,545161000
2022-05-19,17.072980880737305,17.634303190844598,16.684141563200637,16.88653775929863,621310000
2022-05-20,16.644264221191406,17.35813066451446,15.708061631405265,17.280363930362633,739105000
2022-05-23,16.84765625,16.86460579941811,16.13079851441161,16.225514794885957,639889000
2022-05-24,16.10586929321289,16.547550187898246,15.732984010714674,16.460809506552845,588550000
2022-05-25,16.924427032470703,17.060021530351076,15.952331454150205,15.972272324867756,781132000
2022-05-26,17.797813415527344,18.038094588752674,15.974262384109384,15.988220610755953,996575000
2022-05-27,18.754955291748047,18.82474642934616,18.046073205336302,18.1318174179565,738379000
2022-05-31,18.616371154785156,19.142797955948794,18.29532999144944,18.923452187686582,664100000
2022-06-01,18.26542091369629,18.99623696880328,18.068010839185806,18.668218552747707,544514000
2022-06-02,19.533628463745117,19.56054844841514,18.143782516021254,18.237502324193954,648656000
2022-06-03,18.664226531982422,19.274404605825605,18.466816482062402,19.025149434663984,598779000
2022-06-06,18.730024337768555,19.279383165715426,18.508685689587832,19.08197317422982,422406000
2022-06-07,18.86961555480957,18.94339449795544,18.133813364518677,18.416967656771526,388914000
2022-06-08,18.596370697021484,19.12689735772894,18.48368268854018,18.74695170077605,363252000
2022-06-09,17.998029708862305,18.880579582283133,17.991049120633004,18.42983139770459,395574000
2022-06-10,16.9270076751709,17.648005592341615,16.822296926639886,17.551274019304014,465248000
2022-06-13,15.603680610656738,16.266839478389468,15.562793756532253,15.955702996068341,604153000
2022-06-14,15.792156219482422,16.021518975223227,15.369329385877796,15.687446432401757,469680000
2022-06-15,16.481243133544922,16.82129863210318,15.881906301777965,16.05043807467459,563936000
2022-06-16,15.557807922363281,15.897864407425715,15.358361819515217,15.816090696879078,545749000
2022-06-17,15.836034774780273,15.950716157739642,15.285562995334534,15.604676739581116,630334000
2022-06-21,16.520143508911133,16.960919442196246,16.36158324244075,16.429395802362563,483089000
2022-06-22,16.314706802368164,16.61587073985761,16.135204840649315,16.181077014713374,437135000
2022-06-23,16.180076599121094,16.53907853768647,15.809105900398132,16.47326129370827,463680000
2022-06-24,17.078582763671875,17.092543941061024,16.26484203486428,16.454316515193973,472153000
2022-06-27,16.822296142578125,17.282020263994987,16.579968879448046,17.26407044859053,427968000
2022-06-28,15.937753677368164,17.154375384027293,15.90085545872729,16.85321143493184,461149000
2022-06-29,15.49897289276123,15.776203147746788,15.128003007057377,15.770220191992788,482352000
2022-06-30,15.117032051086426,15.523902477901675,14.820854376855518,15.318472470620367,686070000
2022-07-01,14.482789039611816,15.021293870313341,14.352152181051169,14.857748388493345,577610000
2022-07-05,14.92257022857666,14.929550817854716,14.016087452919178,14.135755105271844,651397000
2022-07-06,15.08811092376709,15.276587784305496,14.748054467101642,14.9684432720513,529066000
2022-07-07,15.814093589782715,15.900852605446328,15.34639225199434,15.413207136407195,492903000
2022-07-08,15.794151306152344,15.99260071355022,15.3463940472355,15.387280900081658,467972000
2022-07-11,15.110050201416016,15.484011966579512,14.996365505258906,15.483014331967349,437321000
2022-07-12,15.040245056152344,15.388278822055844,14.835812677537918,15.225729983268637,458483000
2022-07-13,15.122015953063965,15.33243221201758,14.424951823504246,14.549605743927154,521918000
2022-07-14,15.329442024230957,15.430162236147307,14.687224899011335,15.06617297485196,456235000
2022-07-15,15.718360900878906,15.738305033694623,15.402238169306203,15.615646381948205,385935000
2022-07-18,16.05641746520996,16.85021293384526,15.95769256206536,16.256861125490182,670517000
2022-07-19,16.944955825805664,17.062629156569145,16.127226415976143,16.440356240924725,702366000
2022-07-20,17.757699966430664,17.88335248572077,16.754486493931914,16.900082197018165,760538000
2022-07-21,18.000024795532227,18.093764403863,17.49642380939711,17.835482614701714,557049000
2022-07-22,17.27105140686035,17.917256187628578,17.089554175506528,17.843461655137467,536671000
2022-07-25,16.97686767578125,17.076591197104143,16.602905897371375,16.971880453577725,480748000
2022-07-26,16.487232208251953,16.87216331483539,16.43238416185571,16.84224567987331,397865000
2022-07-27,17.740747451782227,17.886343144331377,16.866174710818715,16.984844729606653,569776000
2022-07-28,17.934207916259766,18.089776144359217,17.391715338129444,17.925233960102176,474646000
2022-07-29,18.112712860107422,18.19348797443547,17.643016231379985,17.763681512135797,435460000
2022-08-01,18.38994598388672,18.793825424102035,17.94019436661478,18.131662250640616,476469000
2022-08-02,18.47471046447754,18.885570510659182,18.041911963650172,18.07182959440469,489527000
2022-08-03,18.8406925201416,18.915485636087563,18.08678506318179,18.133655821615758,418146000
2022-08-04,19.161802291870117,19.220638962108396,18.708062062276774,18.796816360490926,409652000
2022-08-05,18.936424255371094,19.17575952370509,18.614318611870626,18.75791901204397,386068000
2022-08-08,17.743738174438477,18.188504443935763,17.19426496293747,17.45354536402082,981859000
2022-08-09,17.038694381713867,17.398694940794755,16.677697139131496,17.20423514221183,668263000
2022-08-10,18.046894073486328,18.067835838460873,17.269053012858226,17.648998636902306,597422000
2022-08-11,17.89232635498047,18.65520971795895,17.82650909360647,18.080804181955322,509327000
2022-08-12,18.65719985961914,18.6661757172825,17.90329248620022,18.109720093847795,478094000
2022-08-15,18.97930908203125,19.110943606719005,18.56147037086015,18.649226086629287,457666000
2022-08-16,18.826730728149414,19.08900306515244,18.449777011947884,18.867617579479603,451240000
2022-08-17,18.284236907958984,18.63626023321667,18.09476431039142,18.47171804037453,446799000
2022-08-18,18.721027374267578,18.812771727418596,18.13266064622917,18.25033399183685,415447000
2022-08-19,17.79958152770996,18.46872322543329,17.720799787166403,18.355038543269355,441588000
2022-08-22,16.986839294433594,17.509388691765842,16.91902677104241,17.44157616837466,409593000
2022-08-23,17.13343048095703,17.416644561805427,16.923014238335547,16.94196263706093,369986000
2022-08-24,17.17431640625,17.357806968229475,16.848222128016733,16.96489685836931,522661000
2022-08-25,17.8634090423584,17.897315311031562,16.78639903354692,16.79736826116041,770691000
2022-08-26,16.214982986450195,17.874375614644485,16.192045948797936,17.807561673056387,769127000
2022-08-29,15.757253646850586,16.29276663412164,15.723348333249264,15.97564814658675,496132000
2022-08-30,15.425175666809082,15.994593942634191,15.13996723606161,15.915813141555713,530181000
2022-08-31,15.052210807800293,15.496976116815032,14.91758433882462,15.341407879469896,573710000
2022-09-01,13.89841365814209,14.340186988303111,13.233260527452883,14.169659947404499,1178865000
2022-09-02,13.60921859741211,14.13176711995098,13.553372925822355,14.060964535551635,743157000
2022-09-06,13.427721977233887,13.740852790055504,13.314037269416279,13.692985344440922,535751000
2022-09-07,13.680095672607422,13.803789664823167,13.313005420498245,13.529468955559182,512657000
2022-09-08,13.955412864685059,13.973368965250524,13.335948799799713,13.425725497360691,624873000
2022-09-09,14.351432800292969,14.438217613905524,14.091078359455306,14.122000907484114,486612000
2022-09-12,14.469141006469727,14.511036991860852,14.162899808803669,14.33347754387466,484159000
2022-09-13,13.09853744506836,13.887582320478687,13.06661696561573,13.767879095556324,714956000
2022-09-14,13.09554386138916,13.257143051448159,12.881075254382225,13.221231803218423,588507000
2022-09-15,12.897034645080566,13.200282946033923,12.75837836522552,12.982822462776163,523625000
2022-09-16,13.165371894836426,13.179337223190453,12.585807914194328,12.710498889536233,670751000
2022-09-19,13.348917007446289,13.429717086609914,12.977836924096026,12.97983183509863,569685000
2022-09-20,13.143424987792969,13.44966616014184,13.024719705664902,13.182329079094677,524818000
2022-09-21,13.228217124938965,13.996314062404092,13.0775903896323,13.180336402327288,807679000
2022-09-22,12.529945373535156,13.116491960905076,12.397274767166287,13.037686800354493,759162000
2022-09-23,12.48505687713623,12.579822277960686,12.22669736982,12.38929449653901,663309000
2022-09-26,12.197769165039062,12.627704338358164,12.183803837251507,12.460119453590893,547343000
2022-09-27,12.38231086730957,12.704512253671364,12.22769434741233,12.476078329732838,553854000
2022-09-28,12.704513549804688,12.791298357950701,12.323457977799615,12.379319288548018,542414000
2022-09-29,12.189790725708008,12.469098260371657,11.916467924408922,12.417226765945308,532763000
2022-09-30,12.108988761901855,12.601767882452046,12.045146859340639,12.057117275528151,565638000
2022-10-03,12.481067657470703,12.646657634128852,12.075073310975306,12.316475611950034,547478000
2022-10-04,13.134448051452637,13.187317472632325,12.847159945252836,12.847159945252836,584182000
2022-10-05,13.176342964172363,13.2880665303076,12.58979733374113,12.87908032737509,507131000
2022-10-06,13.097538948059082,13.62223854641482,13.070605273695971,13.187316594180706,644157000
2022-10-07,12.04614543914795,12.638676791416017,11.992279039061453,12.474084749119333,672478000
2022-10-10,11.641151428222656,12.09402864489106,11.379799017664041,12.007243818479312,698699000
2022-10-11,11.557355880737305,11.816712348676244,11.255104551505667,11.532417118510912,667482000
2022-10-12,11.47156810760498,11.705986765590792,11.31695158643632,11.550373264718909,492590000
2022-10-13,11.930431365966797,12.048139665363264,10.786266778590695,10.943876148054613,850103000
2022-10-14,11.199243545532227,12.081057843251315,11.176300644723986,12.0271914472458,713432000
2022-10-17,11.858609199523926,11.9184612819513,11.488527073512962,11.489524053285416,580774000
2022-10-18,11.937414169311523,12.4611158389974,11.589277019716143,12.313481973149718,659362000
2022-10-19,12.021208763122559,12.319470353317195,11.804745194046799,11.849634027138018,523131000
2022-10-20,12.16385269165039,12.737430913529549,12.07507202855851,12.083052622860917,652398000
2022-10-21,12.435182571411133,12.467104004984547,11.857614389075882,12.068092268875745,609494000
2022-10-24,12.567851066589355,12.678576698624157,12.034173916407727,12.477076444546938,517457000
2022-10-25,13.228217124938965,13.267121222834982,12.632692848550477,12.662619370414102,505482000
2022-10-26,12.864118576049805,13.354901886783574,12.676583621317251,12.837185850244591,532953000
2022-10-27,13.143424987792969,13.803788998303101,13.089558589412318,13.59630304820485,583113000
2022-10-28,13.799798011779785,13.815759201014696,13.028709325811903,13.071603238162181,521040000
2022-10-31,13.463632583618164,13.803790122164811,13.264127212017728,13.743938035026355,486341000
2022-11-01,13.50951862335205,13.89057419579045,13.485577789770767,13.776855711937651,432817000
2022-11-02,13.186318397521973,14.174868513384318,13.178338754402183,13.815758887447336,672628000
2022-11-03,13.387818336486816,13.746928905168618,12.923968770800348,13.010753571214046,500065000
2022-11-04,14.121004104614258,14.193823590572745,13.66313824443395,13.951424297335134,612576000
2022-11-07,14.265643119812012,14.3763687541529,13.919501841346959,14.192823644192917,410061000
2022-11-08,14.565898895263672,14.854183943001459,14.180852592961925,14.764406302820655,595292000
2022-11-09,13.741938591003418,14.175863463499182,13.724980425965063,14.126983878744571,454414000
2022-11-10,15.71106243133545,15.734005334197544,14.511036451418649,14.763411236851555,700819000
2022-11-11,16.286630630493164,16.348477607470496,15.443720605223104,15.767916841966692,655487000
2022-11-14,16.25471305847168,16.499108168761815,15.882635102124247,16.177903764636575,527852000
2022-11-15,16.62480354309082,16.95598169754291,16.3415051692744,16.68066487269397,545876000
2022-11-16,15.87066650390625,16.321548716407033,15.833758273609781,16.122044306055884,649547000
2022-11-17,15.638242721557617,16.225787271704426,15.496593581923413,15.676148882942353,710894000
2022-11-18,15.370904922485352,15.962439267152297,15.082618903576678,15.926527067026893,492072000
2022-11-21,15.279134750366211,15.438739057119866,15.042720181282743,15.109554936611273,404739000
2022-11-22,15.998353958129883,16.018304974497063,15.084617956956317,15.290109049480908,472866000
2022-11-23,16.47816276550293,16.486144313073122,16.008328349427657,16.05820398423219,427241000
2022-11-25,16.229778289794922,16.44624088571978,16.1320209884095,16.277659960613633,167934000
2022-11-28,15.787872314453125,16.31656273871607,15.68612519322037,15.98637975502715,303741000
2022-11-29,15.60033893585205,15.892614834416975,15.481633631985178,15.787873909100043,298384000
2022-11-30,16.885486602783203,16.892471055218984,15.562425774426714,15.662203530429233,565298000
2022-12-01,17.09701156616211,17.22672251600334,16.59812007687738,16.961313400800822,470977000
2022-12-02,16.838584899902344,16.895459640770735,16.408540682249722,16.622066938764753,371389000
2022-12-05,16.57317352294922,16.957320143368804,16.43547900431618,16.64202078226574,352255000
2022-12-06,15.951557159423828,16.53625748277145,15.783929395985323,16.493353544908274,352694000
2022-12-07,16.084259033203125,16.150112680566554,15.632262419910722,15.737030105203344,372388000
2022-12-08,17.13094139099121,17.140919451951596,15.923622658472098,16.23692768264248,515456000
2022-12-09,16.963306427001953,17.54401680190964,16.937365000489294,17.121954302942694,465338000
2022-12-12,17.496122360229492,17.499115967644453,16.75975964222129,16.999227301100692,457328000
2022-12-13,18.031936645507812,18.748345320787976,17.671736886309308,18.48991872198985,656589000
2022-12-14,17.634811401367188,18.21153082775306,17.38137488233043,17.947117115512146,496888000
2022-12-15,16.91441535949707,17.281599496574888,16.662975165285864,17.107985485394817,478542000
2022-12-16,16.534257888793945,17.003217021729515,16.37361555870543,16.826609420854215,478232000
2022-12-19,16.21796417236328,16.57217667143344,16.109206574205285,16.53525994983705,354039000
2022-12-20,16.04933738708496,16.27383892516191,15.816855115740298,16.02838403707244,403260000
2022-12-21,16.464412689208984,16.590134671337612,16.066297202560737,16.07827163091564,325025000
2022-12-22,15.30499267578125,16.102222004625823,14.849006080737974,16.05831892986543,565045000
2022-12-23,15.172286987304688,15.304991533429133,14.850003158774006,15.162308930007534,349326000
2022-12-27,14.089693069458008,15.066522651056324,14.024836646016347,15.04058027199165,464902000
2022-12-28,14.0048828125,14.230381609035915,13.853219366158653,13.89612425706417,351066000
2022-12-29,14.570622444152832,14.650444994919857,14.195456645859789,14.370068832497605,354923000
2022-12-30,14.5816011428833,14.59656727894766,14.201445300640174,14.302221216588292,310490000
2023-01-03,14.2832612991333,14.96275213841312,14.06474698864116,14.818073166185235,401277000
2023-01-04,14.716300964355469,14.820070487005857,14.209427782320121,14.534705251277302,431324000
2023-01-05,14.23337459564209,14.531711494421922,14.116633408077806,14.458873382334806,389168000
2023-01-06,14.826057434082031,14.976722686175162,14.00288666985135,14.44191076025438,405044000
2023-01-09,15.593351364135742,16.020401941381497,15.1074306292161,15.250114184790577,504231000
2023-01-10,15.873727798461914,15.926609787228095,15.437696417809999,15.472618665402736,384101000
2023-01-11,15.96552562713623,15.992466195096986,15.528496936448766,15.804883260537807,353285000
2023-01-12,16.474390029907227,16.60011010345823,15.457649393597999,16.064302035827335,551409000
2023-01-13,16.861534118652344,16.884483841910928,16.129162184625386,16.241910621869895,447287000
2023-01-17,17.662752151489258,17.688695480685343,16.861533003782395,16.861533003782395,511102000
2023-01-18,17.338476181030273,17.833374940410984,17.243685577032387,17.62783226446367,439624000
2023-01-19,16.72783088684082,17.158874241400532,16.693907773124163,16.998229980422312,452932000
2023-01-20,17.799448013305664,17.81641051877651,16.787696318202407,16.973282837444028,564967000
2023-01-23,19.150447845458984,19.202332601538465,17.77849636841415,18.023949346098004,655163000
2023-01-24,19.222288131713867,19.45177965907979,18.778275018636265,18.785259468912272,496204000
2023-01-25,19.28016471862793,19.32706141205319,18.538811770935492,18.871073759074832,449537000
2023-01-26,19.758098602294922,20.121291926493868,19.235260153653364,19.657322688857523,489535000
2023-01-27,20.319849014282227,20.582266410433473,19.36197832095678,19.41885115591402,542142000
2023-01-30,19.11952018737793,20.095350783793005,19.107545755024255,19.90577336731511,488611000
2023-01-31,19.493688583374023,19.643355663941833,18.907990025151328,19.12750161644277,498017000
2023-02-01,20.896568298339844,21.14501488817615,19.567520729990026,19.647343286751223,660477000
2023-02-02,21.660869598388672,21.900337276933485,20.65410773302951,20.953441855430544,564276000
2023-02-03,21.053220748901367,21.696791212168588,20.74290942748652,20.95344207269312,429366000
2023-02-06,21.04224395751953,21.522176520252494,20.73991434273434,20.759870457178742,452197000
2023-02-07,22.12384033203125,22.20965010200628,21.103107721044175,21.334593701458743,664150000
2023-02-08,22.15576934814453,22.82727757872674,21.95920561326959,22.337365045310303,559651000
2023-02-09,22.287477493286133,22.96896380674192,22.07095953858251,22.555882109825383,523876000
2023-02-10,21.217853546142578,22.02905079986804,20.76486152389426,21.641912436236254,550737000
2023-02-13,21.739694595336914,21.999118385629707,20.915525681631326,21.490248862723064,474919000
2023-02-14,22.920072555541992,22.99789874171555,21.318629492503824,21.530159368940577,675474000
2023-02-15,22.713531494140625,22.804329348665444,22.056991258302702,22.499008003095835,420575000
2023-02-16,21.95322036743164,22.50000383331045,21.878385888019974,22.083928543019674,412026000
2023-02-17,21.3405818939209,21.691800771351655,20.92849743532747,21.58304317749563,465888000
2023-02-21,20.609207153320312,21.44634583081081,20.5722885301492,20.953441579866375,410015000
2023-02-22,20.70798683166504,21.05721124102222,20.37572493019937,20.661092053593148,513184000
2023-02-23,23.61153793334961,23.835042267919597,22.97395461774742,23.388035501899783,1117995000
2023-02-24,23.234371185302734,23.421955993730073,22.89612399551086,23.17350751127071,589716000
2023-02-27,23.448894500732422,23.827053916300855,23.401999726272685,23.617520428698207,452994000
2023-02-28,23.164527893066406,23.772178848920596,23.154549835484183,23.320182165733303,455963000
2023-03-01,22.647682189941406,23.20444575826432,22.458102856082288,23.140586554854767,460026000
2023-03-02,23.262311935424805,23.328165597904217,22.382267363825353,22.438144871095187,389415000
2023-03-03,23.8370304107666,23.847008467110722,23.07871525669022,23.26829452098923,412393000
2023-03-06,23.501779556274414,24.19423923751773,23.43492676138987,23.83803229096399,437429000
2023-03-07,23.240312576293945,24.075598519904673,23.19340793639445,23.55167395870932,515154000
2023-03-08,24.131486892700195,24.150448993437568,23.37603695159869,23.438907679098733,513573000
2023-03-09,23.388017654418945,24.403933037890315,23.33512476636629,24.125503032647835,501257000
2023-03-10,22.917978286743164,23.578623466893095,22.679467330163575,23.36106942050816,474866000
2023-03-13,22.918973922729492,23.250294843227117,22.25134506080111,22.705413316762304,421890000
2023-03-14,24.013731002807617,24.169411731602075,23.411964998999608,23.44789249237886,474910000
2023-03-15,24.178394317626953,24.2362742238191,23.312171498969583,23.71234953099833,524486000
2023-03-16,25.48870277404785,25.535605516897093,23.845073897032023,23.977802891862606,583253000
2023-03-17,25.67232322692871,26.344942862076078,25.615438834375922,25.92879693686172,848547000
2023-03-20,25.846965789794922,25.970712430849073,25.07854201438664,25.562549518958868,432747000
2023-03-21,26.14535903930664,26.337964679003704,25.329034940797325,26.126398838719393,547408000
2023-03-22,26.41380500793457,27.53250995771594,26.183277100976117,26.370891881444173,797295000
2023-03-23,27.135326385498047,27.442696318613994,26.635352731683053,27.05948178238723,564889000
2023-03-24,26.724166870117188,27.111372891793874,26.301035262211116,26.975651684052345,454920000
2023-03-27,26.47667694091797,26.944716509158773,26.3110164665487,26.782050151047695,361026000
2023-03-28,26.355924606323242,26.45871435039119,25.7970717555382,26.392849502534016,356104000
2023-03-29,26.928747177124023,27.02255456693602,26.542540461107045,26.770074250919894,393694000
2023-03-30,27.32693099975586,27.44269460926943,27.04650622795167,27.17324699449219,364516000
2023-03-31,27.720123291015625,27.77700578403353,27.049498418004845,27.08442659853217,433933000
2023-04-03,27.907737731933594,27.94266591204821,27.280025990589856,27.45267208283813,398716000
2023-04-04,27.396787643432617,27.94266851512213,27.25108667754047,27.908737736009,368592000
2023-04-05,26.825960159301758,26.9427192704289,26.3409552107088,26.77406658654195,515015000
2023-04-06,26.98163604736328,27.024547263842212,26.37288455652641,26.529562651009662,397654000
2023-04-10,27.52252769470215,27.56444150970001,26.614391229529172,26.76807521785466,395279000
2023-04-11,27.113367080688477,27.733095757858216,27.070453958606574,27.667230920271166,314378000
2023-04-12,26.44074821472168,27.4117554199044,26.39384357131544,27.31395651647884,446259000
2023-04-13,26.408811569213867,26.831943139385213,26.275087085274208,26.67925655636213,353615000
2023-04-14,26.703210830688477,26.827954885781043,26.166312310977247,26.44973120006375,395660000
2023-04-17,26.94670867919922,26.95070019905627,26.3788735796498,26.510603252147177,321471000
2023-04-18,27.610347747802734,28.052441434897503,27.30098304931903,27.476623258466837,604812000
2023-04-19,27.873807907104492,27.94266686552096,27.176239781728775,27.304975350464428,358660000
2023-04-20,27.048500061035156,27.97260451308213,26.94471292728332,27.614338469088974,427713000
2023-04-21,27.063474655151367,27.12734469943511,26.667288132805762,26.896816762220137,345103000
2023-04-24,26.98662757873535,27.309963550008472,26.616386963271044,26.9576876302619,339282000
2023-04-25,26.187267303466797,27.191207903080986,26.171301222877446,27.02255332861515,378527000
2023-04-26,26.90080451965332,27.274039268907778,26.65031901312097,26.94671176186849,406337000
2023-04-27,27.170251846313477,27.43870204664904,26.57048262204744,27.306972360442714,377161000
2023-04-28,27.692184448242188,27.70116489389645,27.015571252856407,27.1692571711631,292216000
2023-05-01,28.850805282592773,28.99850296142685,27.723119847489293,27.782996461743867,570329000
2023-05-02,28.152238845825195,28.776958460184716,28.025499975903916,28.621277734605123,402730000
2023-05-03,27.745071411132812,28.30891502450401,27.415747210218576,27.782993707204334,383387000
2023-05-04,27.505563735961914,27.801954572191782,27.184222567509938,27.594380294690612,321850000
2023-05-05,28.621273040771484,28.696118323225086,27.674216876393494,27.769021662211923,361494000
2023-05-08,29.091310501098633,29.16016946274796,28.291951910306917,28.46359870886539,344979000
2023-05-09,28.512495040893555,28.91367230214077,28.391744423620203,28.83982442392339,314869000
2023-05-10,28.82585906982422,29.05339288631877,28.402727410108433,28.945612307547268,369350000
2023-05-11,28.519479751586914,28.890719649228302,28.18816076276868,28.836829372653604,322149000
2023-05-12,28.281970977783203,28.72107056378974,27.988572349830026,28.470583157825374,274222000
2023-05-15,28.89371681213379,28.90968479771039,28.09435819789657,28.449628270125718,293926000
2023-05-16,29.153182983398438,29.808839206478215,28.77296450239682,28.781944947212995,449405000
2023-05-17,30.116209030151367,30.13716594058163,29.369741392303435,29.52342540212538,432535000
2023-05-18,31.61313247680664,31.762824941212354,30.25791345051095,30.34772930984297,748725000
2023-05-19,31.199983596801758,31.51533653819643,30.852696589930833,31.47142600851462,473908000
2023-05-22,31.112165451049805,31.455460948812917,30.617180758045432,30.837727010931786,372000000
2023-05-23,30.625164031982422,31.223935873295638,30.568281535055462,30.936525465603022,356253000
2023-05-24,30.4754695892334,30.54432854642124,29.74496810397816,30.14814019154648,721419000
2023-05-25,37.90223693847656,39.399165745558044,36.55998955658973,38.44412443571779,1543911000
2023-05-26,38.86626052856445,39.089800933075296,37.47311881105836,37.81242284228532,714397000
2023-05-30,40.028873443603516,41.852132355940626,39.867206384616175,40.51188361880298,923401000
2023-05-31,37.756534576416016,40.212494220771234,37.7445581109248,39.40714734389047,1002580000
2023-06-01,39.68857192993164,39.967997415586815,38.26149953067262,38.410192719285774,635873000
2023-06-02,39.2464714050293,40.4170698367897,38.97802122010776,40.014895164925456,482731000
2023-06-05,39.090789794921875,39.48398018738729,38.62773924122982,38.82932526473996,396094000
2023-06-06,38.57485580444336,39.07982029424169,38.06989131464503,38.75049794421731,388729000
2023-06-07,37.40213394165039,39.42220064737449,37.28336583715142,38.8393365135724,511998000
2023-06-08,38.43511962890625,38.788431404042456,37.43207648828261,37.650648624822814,417772000
2023-06-09,38.69462203979492,39.633790585447805,38.49201760502022,38.961101220453585,427717000
2023-06-12,39.405235290527344,39.453142301230535,38.542916712430916,39.12378588583667,388701000
2023-06-13,40.94224548339844,41.02109426945124,39.66274022839159,40.10787227427034,613208000
2023-06-14,42.91339874267578,42.91639126476324,40.47314927155152,40.744623565348384,740465000
2023-06-15,42.57007598876953,43.20484109231197,42.06505921158456,42.519176450195246,568622000
2023-06-16,42.60898971557617,43.635988226566326,42.578047952217986,43.36551525859182,655709000
2023-06-20,43.72282409667969,43.90447325497645,42.591030025374586,42.914401391724816,451153000
2023-06-21,42.961307525634766,43.53020280046162,41.998187390967416,43.416422222584046,551603000
2023-06-22,42.941349029541016,43.341566542076215,42.15188658669768,42.170846843287116,417737000
2023-06-23,42.12693405151367,42.725765968157205,41.9333109957247,42.38143932936339,358140000
2023-06-26,40.55299758911133,42.680852228000454,40.02203048498169,42.378439961624785,594322000
2023-06-27,41.794578552246094,41.858453292545065,40.369357466339395,40.71967293420545,462175000
2023-06-28,41.037052154541016,41.76363726159132,40.43921783251657,40.58094002022697,582639000
2023-06-29,40.74263000488281,41.51911724853508,40.52106150883683,41.47719909021722,380514000
2023-06-30,42.21975326538086,42.467272192490576,41.420311904436474,41.5989647398468,501148000
2023-07-03,42.330528259277344,42.81458581035407,42.11994000015232,42.434326127886784,198209000
2023-07-05,42.2347297668457,43.09305457985884,42.003178561095986,42.053080590984536,323618000
2023-07-06,42.021141052246094,42.096993500956245,41.2656128948708,41.76264574505463,303582000
2023-07-07,42.42036056518555,43.129980526432945,42.097990517388034,42.239712723775206,355881000
2023-07-10,42.097984313964844,42.72775789742395,41.56801476475212,42.57405800948138,353908000
2023-07-11,42.32255172729492,42.67486603723535,41.985211451319245,42.39840417547179,298244000
2023-07-12,43.81663513183594,43.84957190915323,42.693822639384614,42.94932537767914,481277000
2023-07-13,45.88761520385742,46.065266739732245,44.40550165096542,44.43145207784274,478204000
2023-07-14,45.38059616088867,47.99450350820883,44.972390985691305,46.492428621249765,772075000
2023-07-17,46.37066650390625,46.40559830268811,45.1740001632929,46.1990038397671,510488000
2023-07-18,47.40165710449219,47.8028759240553,45.645080740043866,46.61019966194242,569164000
2023-07-19,46.9854621887207,47.7250225002053,46.65111448328101,47.37171073363014,427502000
2023-07-20,45.431495666503906,46.99545027981004,44.974385975713794,46.41657614955658,537865000
2023-07-21,44.22284698486328,45.776822685139486,44.01425371443011,45.698971418551594,963769000
2023-07-24,44.52525329589844,45.021288544388135,43.95436692767747,44.64402138745575,382516000
2023-07-25,45.59018325805664,46.09320109466631,44.83565269586211,44.85361925028961,348081000
2023-07-26,45.363624572753906,45.96345774796509,44.54322423850326,45.93151847506049,364237000
2023-07-27,45.810760498046875,47.302852779891246,45.66105061247082,46.42855649018283,455976000
2023-07-28,46.65910339355469,46.93556524542494,46.29082136263418,46.57726209617673,331194000
2023-07-31,46.638145446777344,47.038366761861774,46.41557944946755,46.66309836248381,251055000
2023-08-01,46.41657257080078,46.808809981833214,45.9375063312931,46.36966307349115,237858000
2023-08-02,44.18292999267578,45.75087468728102,43.302644871740895,45.74189331269121,530142000
2023-08-03,44.42844009399414,45.03026820175156,43.714830257264936,43.714830257264936,324176000
2023-08-04,44.593135833740234,45.55326355445046,44.306695052607424,44.89754317360456,362666000
2023-08-07,45.32870101928711,45.45146298171195,44.47636125716046,45.02329618186399,322154000
2023-08-08,44.57715606689453,45.154031311172126,43.970336566145846,44.76578774990283,353843000
2023-08-09,42.471256256103516,44.22583731482129,42.05207094997095,44.18790919409857,586449000
2023-08-10,42.30558395385742,43.489278793199354,41.75365777083557,42.07802662294512,492705000
2023-08-11,40.77556610107422,41.936306917018776,40.55998646089097,41.66982393739307,533085000
2023-08-14,43.667930603027344,43.714840105511556,40.23262525589616,40.40728424676243,690286000
2023-08-15,43.85456466674805,45.17998551740348,43.62501232005784,44.473361921944495,676512000
2023-08-16,43.40144729614258,44.588134620821634,43.321601018047524,44.43343721611258,527451000
2023-08-17,43.25973129272461,43.976333846961566,42.917395846957874,43.88451365983629,452395000
2023-08-18,43.21481704711914,43.49327393992906,41.57900368302175,42.552106546557646,583768000
2023-08-21,46.87568283081055,46.97349186656967,44.13602090022551,44.407491420923556,692573000
2023-08-22,45.57920837402344,48.09331176452581,45.24486061801989,48.04141091720703,755293000
2023-08-23,47.024391174316406,47.10822748349232,45.12010004821166,45.77682161070316,779046000
2023-08-24,47.07129669189453,50.16826400478164,47.067306662299096,50.118361983877634,1156044000
2023-08-25,45.928531646728516,47.71205604609622,44.93646092899701,46.92059855717943,925341000
2023-08-28,46.743934631347656,46.88865315492435,44.800721716075714,46.391620353475034,685192000
2023-08-29,48.68914794921875,48.985571364963455,46.30079918990067,46.575266020642104,701397000
2023-08-30,49.168212890625,49.82992198159772,48.330843509784565,48.94863943193041,735206000
2023-08-31,49.25904083251953,49.64728445636799,48.86281334141854,49.28399374905417,528570000
2023-09-01,48.4146728515625,49.7031628603495,48.04838590640615,49.665238548597735,463830000
2023-09-05,48.45360565185547,48.75601791251672,47.76694364415611,48.1292368066892,382653000
2023-09-06,46.973365783691406,48.45859385625443,46.49326248710991,48.350797071158595,468670000
2023-09-07,46.1548957824707,46.25770462589442,45.067922908266546,45.440229441727205,433330000
2023-09-08,45.48714065551758,46.519215678178135,45.18670244634744,45.856454433608306,473069000
2023-09-11,45.09387969970703,46.0770424255395,44.22949106974816,46.06207096484273,473966000
2023-09-12,44.78644561767578,45.587951736657104,44.44807617569655,44.6546914479524,349256000
2023-09-13,45.40030288696289,45.844473946840324,44.420129217307256,44.516948715229006,398355000
2023-09-14,45.496124267578125,45.90136648262812,45.04696145729557,45.864436629731664,370097000
2023-09-15,43.8182487487793,45.514082288276775,43.726417212467545,45.25656332752661,506831000
2023-09-18,43.88412857055664,44.15961559349167,41.921789942113186,42.66839815481211,500271000
2023-09-19,43.43896484375,43.88413352477652,42.92192782259573,43.751381753727316,373064000
2023-09-20,42.16034698486328,43.82124998391259,42.14437793528599,43.51881278602881,367108000
2023-09-21,40.94062042236328,42.021603947761406,40.903690569058845,41.505568360727295,450736000
2023-09-22,41.53251266479492,42.03657329804599,41.154216840592476,41.49458141963167,479236000
2023-09-25,42.14338302612305,42.45679753767784,41.10032682953403,41.513557426280826,419091000
2023-09-26,41.83295822143555,42.74026599878411,41.577434392681035,41.92279078773523,402282000
2023-09-27,42.388916015625,42.79216683776979,41.55148148041127,42.25117631483952,444935000
2023-09-28,43.008766174316406,43.36509986355093,42.03658080053992,42.38093579889095,424663000
2023-09-29,43.417999267578125,44.06179864340564,43.22635545841842,43.74538760189782,397830000
2023-10-02,44.6986083984375,45.09087429927052,43.779322054087544,43.94800606273331,433298000
2023-10-03,43.43596267700195,45.045961784832514,43.165467413747166,44.724558993956826,470850000
2023-10-04,43.958988189697266,44.06079943552314,43.21138241263282,43.6605451941074,361821000
2023-10-05,44.60478591918945,44.816392949836604,43.80627636575413,43.967973455641534,393483000
2023-10-06,45.676780700683594,45.70373084635426,43.94401350767715,44.11070232897844,434436000
2023-10-09,45.18869400024414,45.52007649973999,44.28538045832398,44.75849682767498,409675000
2023-10-10,45.71272659301758,46.17286677038151,45.00404949375793,45.225636261945006,368582000
2023-10-11,46.718841552734375,46.77174426177856,45.96424879463127,46.109976834306515,378137000
2023-10-12,46.857582092285156,47.52034710135052,46.24372943331202,46.68989566086201,481325000
2023-10-13,45.37635040283203,47.02827139098628,45.19568766753486,46.87255982126832,474115000
2023-10-16,46.00916290283203,46.13891807478204,44.82836342341364,44.9790832052808,375099000
2023-10-17,43.85618209838867,44.670664500769895,42.40089687991119,43.918066921379186,812333000
2023-10-18,42.11742401123047,43.13852165493323,41.74711648202066,42.51168892025405,627294000
2023-10-19,42.022613525390625,43.21638582989178,41.80401951663401,42.731290656514126,501233000
2023-10-20,41.30992889404297,42.390912280968735,41.00150240429951,41.81199054712487,477266000
2023-10-23,42.894981384277344,43.16747569287728,40.86876235135564,41.15223395492377,478530000
2023-10-24,43.58169174194336,43.615628825296106,42.611505424258,42.996784415979555,401463000
2023-10-25,41.701202392578125,43.56872058494652,41.477620479123594,43.31718712471628,398379000
2023-10-26,40.25090789794922,42.17731428874224,39.80573926150373,41.775064849583806,541001000
2023-10-27,40.42457962036133,41.12926616420593,39.94048219347045,41.053407480581996,416784000
2023-10-30,41.0843505859375,41.688223517144955,40.40561655584123,41.010490884180456,388028000
2023-10-31,40.70405960083008,40.80287807912132,39.15694672159714,40.37467609597359,517969000
2023-11-01,42.246185302734375,42.30208077870125,40.79289531240805,40.80786677095721,437593000
2023-11-02,43.424991607666016,43.802286120371775,42.81413164942189,43.24732164549146,409172000
2023-11-03,44.92119598388672,45.22462694220357,43.64158173973637,43.93802957100558,424610000
2023-11-06,45.665809631347656,45.849468936509936,44.815394894536624,45.200677734191665,400733000
2023-11-07,45.86942672729492,46.131933661639785,45.07390997743288,45.63386613375853,343165000
2023-11-08,46.487274169921875,46.779727832903724,45.8823998221808,46.01415398971753,346719000
2023-11-09,46.862579345703125,48.14019475321026,46.662950986381574,47.37861498022088,540496000
2023-11-10,48.2449951171875,48.38174104695151,47.194955890683396,47.41155087354873,421245000
2023-11-13,48.52946472167969,49.02454332437156,48.00943495548385,48.230024106474055,384136000
2023-11-14,49.56352996826172,49.74119990193618,48.94867974988804,49.58748734734276,416954000
2023-11-15,48.79696273803711,49.86696509098912,48.11024418489581,49.8420139297863,475497000
2023-11-16,49.38786315917969,49.432781344923285,48.240006851203624,48.588356005845505,339756000
2023-11-17,49.20620346069336,49.62442196935827,48.915744960766254,49.43178055903223,325205000
2023-11-20,50.31513977050781,50.45388089415767,49.08942564411514,49.22018224237135,414120000
2023-11-21,49.85099411010742,50.42292511523791,49.13033850268946,50.032654396209196,565747000
2023-11-22,48.625282287597656,50.24126692176278,47.60119189596065,49.759168450104845,899420000
2023-11-24,47.68703842163086,48.829906801279186,47.656094105123046,48.37974638442562,294645000
2023-11-27,48.15217590332031,48.43963786164908,47.56327430743016,47.710997549377275,395662000
2023-11-28,47.7319450378418,48.233012905100836,47.38459352330444,48.1461731226698,401491000
2023-11-29,48.05036163330078,48.67120510025969,47.770884217997974,48.288918833586436,382005000
2023-11-30,46.68291091918945,48.02041588268528,46.335559349897565,47.934573676190574,526247000
2023-12-01,46.67791748046875,47.11210883022558,46.10099466756543,46.43836652084653,369317000
2023-12-04,45.425254821777344,45.99120035967438,44.926185864436995,45.99120035967438,437543000
2023-12-05,46.483375549316406,46.51731180808335,45.19067140687653,45.385325095795785,371718000
2023-12-06,45.42226028442383,47.30292009715476,45.331422145943435,47.13122440124437,380590000
2023-12-07,46.51332092285156,46.54626331215597,45.52308054469381,45.618910872891085,350823000
2023-12-08,47.42170715332031,47.65629078492983,46.467402174460815,46.5123243077979,359224000
2023-12-11,46.54426956176758,47.446664942684954,45.74868658721169,47.40673880790064,509728000
2023-12-12,47.57244873046875,47.581431635575925,45.96430689603469,45.96430689603469,372387000
2023-12-13,48.0026741027832,48.50777677637629,47.52352626972847,47.544488916025955,447792000
2023-12-14,48.26421356201172,48.58364549785844,47.33786247122784,48.30414350597482,391232000
2023-12-15,48.803253173828125,49.31634111544804,48.034618938742405,48.10848894942567,479948000
2023-12-18,49.9881477355957,50.34351507731144,49.062794375670336,49.31235079913167,412587000
2023-12-19,49.51598358154297,49.61181391094036,48.80824198487287,49.33630266590499,464444000
2023-12-20,48.025634765625,49.91028529819524,48.012657344636494,49.5668939044448,397894000
2023-12-21,48.903076171875,49.007889407965415,48.333086371904265,48.724392927903814,300425000
2023-12-22,48.74335861206055,49.29537497058781,48.38099994161529,49.107708829124014,252507000
2023-12-26,49.191566467285156,49.51199608268566,48.87313220671744,48.881117433977685,244200000
2023-12-27,49.32931900024414,49.59185284551433,48.997907338293054,49.42315398247824,233648000
2023-12-28,49.43412780761719,49.795484989479434,49.324322381717465,49.55491529927827,246587000
2023-12-29,49.43412780761719,49.90828725509975,48.66449595698359,49.72461182444803,389293000
2024-01-02,48.08252716064453,49.20752624943747,47.51054587491967,49.15661805673898,411254000
2024-01-03,47.484596252441406,48.09850289557728,47.23603751691528,47.40074566328975,320896000
2024-01-04,47.912837982177734,48.413946184142475,47.42370571637504,47.68224504410837,306535000
2024-01-05,49.0098876953125,49.459090025386296,48.22029079492016,48.37601604637922,415039000
2024-01-08,52.16028594970703,52.18225008334284,49.39120958940494,49.424151981929796,642510000
2024-01-09,53.04571533203125,54.22861420741035,51.598287244233845,52.30802809263291,773100000
2024-01-10,54.25356674194336,54.50312317370562,53.39409433002728,53.52087170860792,533796000
2024-01-11,54.724727630615234,55.247799966123495,53.46496957614301,54.9014155282273,596759000
2024-01-12,54.6129264831543,54.87246729450568,54.23360346337735,54.523086018906326,352994000
2024-01-16,56.28196334838867,56.734158722808395,54.80259436306696,54.920385030235444,449580000
2024-01-17,55.953548431396484,56.370806056804064,54.64287831771136,56.24702551752996,474394000
2024-01-18,57.00566864013672,57.497793898777594,56.00744302517233,57.15839703737256,491650000
2024-01-19,59.38544464111328,59.394427545023596,57.12346261571884,57.88610696898355,543501000
2024-01-22,59.54815673828125,60.223957503871716,58.96519328035112,59.94245635666948,452955000
2024-01-23,59.76677322387695,59.803706328736965,58.481056408623395,59.46430941121268,294654000
2024-01-24,61.25312805175781,62.73748925623283,59.83165479543139,60.197006547482026,560271000
2024-01-25,61.507667541503906,62.60771334377325,60.74202640224238,62.23936480631996,482777000
2024-01-26,60.92271041870117,61.67337885004867,60.465526677085045,60.85183724757184,390309000
2024-01-29,62.35416030883789,62.37811598607431,60.79892621300264,61.12334647652739,348733000
2024-01-30,62.662620544433594,63.38034661468554,62.1495325776363,62.788400246614664,410735000
2024-01-31,61.41783142089844,62.15851544921119,60.59229912426738,61.330983989988475,453795000
2024-02-01,62.9151725769043,63.07888305643791,61.54061686379006,61.98981538927627,369146000
2024-02-02,66.04261016845703,66.48182425910672,63.57698787949549,63.86048434942647,476578000
2024-02-05,69.208984375,69.37369252800232,67.08575942583846,68.10394628020288,680078000
2024-02-06,68.10196685791016,69.63024898227587,66.18238187687902,69.50646841922831,683111000
2024-02-07,69.97461700439453,70.09540449820057,67.48005062301553,68.19777661316522,495575000
2024-02-08,69.5174331665039,70.66838724943909,69.33176617612584,69.94966354395652,414422000
2024-02-09,72.0050048828125,72.05690694381363,70.08740841333696,70.40783795325798,436637000
2024-02-12,72.11979675292969,74.47860256491589,71.12356661094503,72.47116950777065,613710000
2024-02-13,72.00003051757812,73.31968365428922,69.4964845401849,70.27509946360114,602580000
2024-02-14,73.76887512207031,74.1042774694229,71.8103584587589,73.07211558631658,504917000
2024-02-15,72.52908325195312,73.84374789733648,72.27154539670707,73.73794078168315,420122000
2024-02-16,72.48416900634766,74.26999642545042,72.3723682041214,73.96853028407958,495327000
2024-02-20,69.32878112792969,71.82833631589585,67.61382690331146,71.81934960299229,704833000
2024-02-21,67.35227966308594,68.76576751724065,66.13045246980936,67.88532873628714,673755000
2024-02-22,78.39866638183594,78.4355956825634,74.0883262285213,74.89189836868567,865100000
2024-02-23,78.67715454101562,82.24780364536768,77.4323654765101,80.64665337566204,829388000
2024-02-26,78.95167541503906,80.50291911362528,78.36571128314377,79.5585907729136,503973000
2024-02-27,78.56135559082031,79.33898034064636,77.0250924240117,79.24014935736925,391705000
2024-02-28,77.52519226074219,78.79293534780788,76.98814490868608,77.48226929356848,393110000
2024-02-29,78.97163391113281,79.84807446200602,78.2109848648127,78.95366810218512,507289000
2024-03-01,82.13301849365234,82.15398495162512,79.29406260115205,79.8580626053772,479135000
2024-03-04,85.08576202392578,87.53940093463996,83.57045769196934,83.98072393894745,615616000
2024-03-05,85.81550598144531,85.94827947163024,83.2729084960246,85.12270452666515,520639000
2024-03-06,88.54678344726562,89.56901674063066,86.87966990374186,87.86996078675678,582520000
2024-03-07,92.50891876220703,92.60674904676837,89.44721547430589,90.00225477502153,608119000
2024-03-08,87.37677764892578,97.23172342794146,86.35654019119092,94.9736304522142,1142269000
2024-03-11,85.62582397460938,88.64359662209651,84.02060015441661,86.27969121669621,678364000
2024-03-12,91.75422668457031,91.80114256968415,86.0011815049168,87.8969031445505,668075000
2024-03-13,90.73098754882812,91.34592070136199,88.28222228746216,90.89769886633881,635713000
2024-03-14,87.79207611083984,90.48941185201531,86.45039611721776,89.42225831640668,602318000
2024-03-15,87.68527221679688,89.39131979974543,86.10800722766477,86.77984124405515,642086000
2024-03-18,88.30219268798828,92.24536587684682,86.9345566695886,90.23185202169164,668976000
2024-03-19,89.24356842041016,90.38758481674583,84.86314816147532,86.55022352343148,672171000
2024-03-20,90.21589660644531,90.25383297742074,88.07060663291891,89.64188526910227,479063000
2024-03-21,91.27703094482422,92.4879403765992,90.24881163098036,92.14054202127372,480372000
2024-03-22,94.12611389160156,94.61426754269417,90.67708069798141,90.9835495525749,586719000
2024-03-25,94.83787536621094,96.59882785449742,93.34845614456138,93.77871131394467,552136000
2024-03-26,92.4011001586914,96.20851455285562,92.34220396856466,95.68541767838448,513648000
2024-03-27,90.09410095214844,93.07893385392306,88.96904884364167,92.95115660792449,586067000
2024-03-28,90.19991302490234,91.1422825108375,89.03892009399118,89.8445252112995,435212000
2024-04-01,90.20690155029297,92.06568455405531,89.0499070749777,90.14301673764523,452441000
2024-04-02,89.29747772216797,89.93836697964663,87.46864171818919,88.29520668047454,433064000
2024-04-03,88.81031036376953,90.21787822523544,88.24728931215489,88.33114383542578,370067000
2024-04-04,85.756591796875,90.47742601324012,85.73163346290652,90.24981545155312,434965000
2024-04-05,87.85597229003906,88.32815477151372,85.77756814573236,86.71593914747515,399678000
2024-04-08,86.98247528076172,88.67654220104028,86.58216705957724,88.54676191015398,283220000
2024-04-09,85.20654296875,87.4836082761363,82.87857850073121,87.29094090122678,501700000
2024-04-10,86.88864135742188,87.24901778988773,83.56439211342133,83.78102010903869,431929000
2024-04-11,90.4594497680664,90.58223837088431,86.77582976459976,87.26897200773683,431637000
2024-04-12,88.03364562988281,90.01921543730927,87.37878071175011,89.54403223705786,426805000
2024-04-15,85.85242462158203,90.45645646962656,85.78055040974887,88.94407438415881,443077000
2024-04-16,87.26398468017578,87.96576550123054,85.91532070970885,86.28367890740496,370453000
2024-04-17,83.88983154296875,88.62164096734257,83.80497167986917,88.18738725935935,495400000
2024-04-18,84.52471923828125,86.0410998135889,82.25964198597137,84.82320627802973,447260000
2024-04-19,76.06836700439453,84.17833393456459,75.47539894537725,83.00636595540483,875198000
2024-04-22,79.3806381225586,79.93467971860302,76.26802794241385,77.9690792079323,596341000
2024-04-23,82.28060150146484,82.6260044176808,80.12533482945194,80.62945964317713,438559000
2024-04-24,79.53935241699219,83.93674114541149,79.04620255838257,83.80496541021976,512208000
2024-04-25,82.48926544189453,83.17906608261447,78.08787733468318,78.73175981196158,424641000
2024-04-26,87.58345031738281,88.17842147858853,83.2429613231266,83.67321658546781,551011000
2024-04-29,87.60540771484375,87.8399947565515,85.11870586410434,87.44368500312586,388971000
2024-04-30,86.25275421142578,88.66557903150859,86.15093302077396,87.0893041357892,363709000
2024-05-01,82.89753723144531,85.85142484392729,81.11461964994571,84.93002290842145,559863000
2024-05-02,85.66876220703125,86.0880348767794,83.05627839074917,84.30312143328865,377898000
2024-05-03,88.6356201171875,89.12676696706856,86.88964093377092,87.63734759857738,398341000
2024-05-06,91.98082733154297,92.06069095925291,88.90115758999175,89.23557796278553,376203000
2024-05-07,90.39756774902344,91.62244547206083,88.85723403089521,90.94062670307744,437342000
2024-05-08,90.25580596923828,91.03645266362885,89.26551537048084,89.3284100650337,325721000
2024-05-09,88.59367370605469,90.91465376369365,88.07856635544896,90.37259263440303,378013000
2024-05-10,89.72273254394531,91.24310415488777,89.07285618291228,90.14899684375659,335325000
2024-05-13,90.24283599853516,90.84080023922876,88.37606371894472,90.32169428450598,289680000
2024-05-14,91.19818115234375,91.49266969851776,88.78036057605543,89.44421267221655,296507000
2024-05-15,94.46653747558594,94.69813898318716,91.44077486128403,92.31226797545344,417735000
2024-05-16,94.19599914550781,95.65347613046144,93.94043705092355,94.74604980958085,323952000
2024-05-17,92.31924438476562,94.57634022771545,91.64741042469609,94.20598653059943,359691000
2024-05-20,94.61625671386719,95.0355292933575,93.27857535562269,93.58803736197783,318764000
2024-05-21,95.22122192382812,95.23519767784772,93.01903151729087,93.43730641374981,328946000
2024-05-22,94.78595733642578,95.85410845473368,93.08789965048524,95.29408064750574,548648000
2024-05-23,103.61969757080078,106.1363388077003,101.34462744914427,101.85175314144693,835065000
2024-05-24,106.28507232666016,106.29105867121642,102.82206339543845,104.2685576920773,429494000
2024-05-28,113.7042465209961,114.74045547346739,109.69318953443825,110.0535659980523,652728000
2024-05-29,114.62662506103516,115.29247256775368,110.70940819239908,112.85469764744549,557442000
2024-05-30,110.30911254882812,115.61892428256706,109.47356046717066,114.45194499585061,484553000
2024-05-31,109.44361114501953,112.52228313915187,106.75526253688238,112.32561724375552,613263000
2024-06-03,114.80133819580078,114.80133819580078,111.80951385006522,113.42472260342709,438392000
2024-06-04,116.23584747314453,116.39856789561996,113.84798144289938,115.51609997186799,403324000
2024-06-05,122.2284927368164,122.23747225440593,117.26508152569082,118.16652151115385,528402000
2024-06-06,120.78897094726562,125.37004011083056,118.11559592598994,123.83369734866147,664696000
2024-06-07,120.6791763305664,121.48178833918006,117.81812979264019,119.56310374577737,412386000
2024-06-10,121.57960510253906,122.88733960177423,116.80786391189227,120.16206002224595,313434100
2024-06-11,120.71104431152344,122.66781818606155,118.54460929253459,121.56962216023484,222551200
2024-06-12,124.99398040771484,126.6712162731191,122.36831081363356,122.85750238613136,299595000
2024-06-13,129.396728515625,129.5864183097163,126.9507630154097,129.1770893049594,260704500
2024-06-14,131.66299438476562,132.62140615970972,128.10885485479358,129.7461556011969,309320400
2024-06-17,130.7644805908203,133.5099557271365,129.3667902512595,132.77118307637525,288504400
2024-06-18,135.35690307617188,136.10566894087242,130.47495024767164,130.92420671975586,294335100
2024-06-20,130.56480407714844,140.52837801062054,129.30688285479897,139.56996619369176,517768400
2024-06-21,126.3617172241211,130.41504130352394,124.09545606742938,126.91081519572728,649445800
2024-06-24,117.91564178466797,124.2551908621237,117.8457572795687,123.03719724453093,476060900
2024-06-25,125.88251495361328,126.29184395373642,119.1236583558784,121.00056206941291,414192600
2024-06-26,126.19200134277344,127.9091645624237,122.39825146602374,125.92244138152637,362975900
2024-06-27,123.78598022460938,126.20200405764365,122.71774114608809,123.89579983596734,252571700
2024-06-28,123.33672332763672,127.49986001719877,122.54802231076043,124.37501298465715,315516700
2024-07-01,124.09546661376953,124.63457133754859,118.63446631453066,123.26683055595603,284885500
2024-07-02,122.4681396484375,123.20692743216773,120.8308389451457,120.93067286767031,218374000
2024-07-03,128.0689239501953,128.0689239501953,121.16031210370706,121.45982152361671,215749000
2024-07-05,125.62294006347656,128.6379747149119,125.47318537524079,127.17038486367325,214176700
2024-07-08,127.98902893066406,130.55480700867955,126.83094180644568,127.28019823232947,237677300
2024-07-09,131.163818359375,133.59980576329167,128.43829962119838,130.1355144487565,285366600
2024-07-10,134.68801879882812,134.87770860466375,132.20211043348235,133.80946190177127,248978600
2024-07-11,127.19036865234375,135.92596317348227,126.84094609019272,135.52662745493282,374782700
2024-07-12,129.02734375,131.70292655352904,127.01066335258953,128.04894535138322,252680500
2024-07-15,128.22865295410156,131.1737956487568,126.97072416574117,130.3451595951711,208326200
2024-07-16,126.15206909179688,128.82765170945768,124.37499938694933,128.22864817880884,214769500
2024-07-17,117.79583740234375,121.64948612259293,116.52793062400055,121.15030890615485,390086200
2024-07-18,120.89073181152344,122.19858126764932,116.36818755438776,121.64948329559192,320979500
2024-07-19,117.73594665527344,121.39990584738524,117.176870571876,120.15196272062997,217223800
2024-07-22,123.33672332763672,123.86585002604772,119.66277824004172,120.15196984200875,258068900
2024-07-23,122.38826751708984,124.4848179409612,121.89907597271183,122.57795729865761,173911000
2024-07-24,114.06200408935547,119.75262181556741,113.25333936427286,118.9739065074374,327776900
2024-07-25,112.09523010253906,116.43807019163434,106.12507509382444,112.85398157444311,460067000
2024-07-26,112.87395477294922,116.00878722251285,111.3963944118867,115.99880916186419,293399100
2024-07-29,111.40637969970703,116.0886649396649,111.11686358531041,113.50293033164324,248152100
2024-07-30,103.55931091308594,111.80571322284378,102.37126667488353,111.33648541055072,486833300
2024-07-31,116.82743072509766,118.1452582531107,110.6975352036146,112.71421539482289,473174200
2024-08-01,109.03028106689453,119.9622661121472,106.6342290284255,117.33658921457162,523462300
2024-08-02,107.09347534179688,108.54109382170915,101.20319035397925,103.58925680976456,482027500
2024-08-05,100.28470611572266,103.239842127859,90.5407717150732,91.90851250035082,552842400
2024-08-06,104.07845306396484,107.53275860175525,100.38454458708775,103.66912407688663,409012100
2024-08-07,98.74724578857422,108.62097103799087,98.52760658313275,107.6325946135043,411440400
2024-08-08,104.7972640991211,105.32639072006307,97.35951914167633,101.83215026963444,391910000
2024-08-09,104.57763671875,106.42459107060563,103.2598090475883,105.46617163856445,290844200
2024-08-12,108.84061431884766,110.88724428013212,106.08516112777683,106.14505996593543,325559900
2024-08-13,115.94889068603516,116.03874655153282,111.39639661656214,112.25498209343158,312646700
2024-08-14,117.88571166992188,118.40485270467185,113.88230763624145,118.33496818813165,339246400
2024-08-15,122.65782928466797,123.03720123653866,117.27669936691132,118.56457753138926,318086700
2024-08-16,124.375,124.79430704362497,120.98059332504539,121.73934484458584,302589900
2024-08-19,129.78607177734375,129.78607177734375,123.21689800857207,124.07548340044629,318333600
2024-08-20,127.04059600830078,129.66627292631446,125.68283342982758,128.18869746225192,300087400
2024-08-21,128.28855895996094,129.13716641620366,126.45159025428316,127.11050029285343,257883600
2024-08-22,123.53638458251953,130.5348518103843,122.89743830728821,129.80605728559254,376189100
2024-08-23,129.15711975097656,129.38675225949072,125.01395457447234,125.65290085977209,323230300
2024-08-26,126.25190734863281,131.04400430992783,124.16535012958609,129.35679802537265,331964700
2024-08-27,128.08889770507812,128.98741074794592,123.67616460225028,124.84424526829238,303134600
2024-08-28,125.40331268310547,128.118838213882,122.43819852070378,127.90917706049713,448101100
2024-08-29,117.39649200439453,124.22524016378769,116.51794286125214,121.1602924143949,453023300
2024-08-30,119.17357635498047,121.54965726206557,117.02711271158417,119.33330911013266,333751600
2024-09-03,107.8222885131836,116.01877823521122,107.1134577156826,115.8191103772934,477155100
2024-09-04,106.03524017333984,113.08362114689852,103.94868273468121,105.23656107081584,372470300
2024-09-05,107.03357696533203,109.46956419915412,104.58761167138691,104.8172289236532,306850700
2024-09-06,102.6607894897461,107.97203483673319,100.78387825686288,107.86221523834789,413638100
2024-09-09,106.2947998046875,106.37466998895037,103.5193756446925,104.7074122640328,273912000
2024-09-10,107.92211151123047,109.21997530676359,104.77729355808466,107.63258781478571,268283700
2024-09-11,116.71762084960938,116.99715887318843,107.24323176128858,109.20999122026392,441422400
2024-09-12,118.95413208007812,120.60155948017247,115.19999582839206,116.6577172050991,366052700
2024-09-13,118.9141845703125,119.77284345041441,117.41652479583126,118.8942191250157,238358300
2024-09-16,116.59780883789062,117.99562620382233,114.1815861384539,116.60779536966285,248772300
2024-09-17,115.40966033935547,118.61465900940927,114.65085152654682,117.98563701926243,231925900
2024-09-18,113.19312286376953,117.51636140830334,113.04335537027728,115.70918780797278,310318900
2024-09-19,117.68611907958984,119.47332749554481,117.06708357128667,117.16692604230532,293506400
2024-09-20,115.81903839111328,118.43495389707196,115.2099893901744,116.87738233881377,382462400
2024-09-23,116.07861328125,116.80747006945717,114.68079603774753,116.36816173734981,206228500
2024-09-24,120.68143463134766,121.60998405209612,115.19999404233639,116.33821493002908,354966800
2024-09-25,123.31731414794922,124.74508350925583,121.42027681497308,121.82963321276459,284692900
2024-09-26,123.84648132324219,127.47081527785902,121.6099781665842,126.60217747362803,302582900
2024-09-27,121.21060180664062,123.83649592385486,119.07394109309165,123.77659196922,271009200
2024-09-30,121.25054931640625,121.31045327548797,117.96568098439478,118.1254274144435,226553700
2024-10-01,116.81747436523438,122.2489901408394,115.60936293760753,121.5800295838127,302094500
2024-10-02,118.66458129882812,119.19375323018366,114.96037016184738,116.25834508658102,221845900
2024-10-03,122.65834045410156,124.16598683922703,120.15225416683853,120.73135113827638,277118000
2024-10-04,124.72510528564453,124.84492081095192,121.63992977952229,124.74507834860822,243678100
2024-10-07,127.52073669433594,130.43617917860723,124.75505409102715,124.7949925984476,346250200
2024-10-08,132.68267822265625,133.27175410957346,129.2180905372518,130.0567764001493,285722500
2024-10-09,132.4430694580078,134.31016275245554,131.17506153574655,133.90079866653508,246191600
2024-10-10,134.5996856689453,134.7893916948541,130.79563194093248,131.70421594134592,242311300
2024-10-11,134.58970642089844,135.5681732923908,133.4514855032485,133.80093033986074,170209500
2024-10-14,137.85459899902344,139.3822107684187,136.0873561782587,136.2570891265267,232347700
2024-10-15,131.3946990966797,138.3538265330219,128.5391603262797,137.654906403531,377831000
2024-10-16,135.50827026367188,136.40686011825153,131.37472950963348,133.77097927850218,264879700
2024-10-17,136.71636962890625,140.6701983777905,136.65646567187503,139.12261346955344,306435900
2024-10-18,137.7847137451172,138.6833036103306,137.06583575895257,138.45366668655112,176090200
2024-10-21,143.48580932617188,143.48580932617188,137.78471061125512,137.91451267760561,264554500
2024-10-22,143.365966796875,144.19467365659466,141.55879320187643,142.6870350476968,226311600
2024-10-23,139.34230041503906,142.2078186781856,137.24558530846375,141.80844872502473,285930000
2024-10-24,140.1909637451172,141.1294997806309,138.24400879643727,140.6003278006047,172354900
2024-10-25,141.31918334960938,143.90515439009727,140.5803475394567,140.71013437273555,205122100
2024-10-28,140.30076599121094,142.91667341121004,139.83149806296922,142.77689244758375,173586700
2024-10-29,141.02964782714844,142.03806672701694,138.6833077693045,140.0711387385227,157593600
2024-10-30,139.1226043701172,140.1110653014331,136.59655278062618,139.32228929215535,179418100
2024-10-31,132.55287170410156,137.39531116933003,131.90389188236236,137.38533225522045,270039600
2024-11-01,135.18875122070312,137.09577501351765,134.36005954202903,134.48984636430032,207127800
2024-11-04,135.83773803710938,138.7432015157854,135.3584911981984,136.99593186321135,187528200
2024-11-05,139.6917266845703,140.151000495864,137.11574997671616,137.23555788662173,160537400
2024-11-06,145.38284301757812,146.2614750565614,141.73854326176877,142.73698322061895,242043900
2024-11-07,148.6477508544922,148.69766066609404,145.9419717733186,146.1616297903136,207323300
2024-11-08,147.39967346191406,149.53633403774526,146.03180056765603,148.5378942315628,175665800
2024-11-11,145.03338623046875,148.61779734270107,143.3460354590936,148.44804913905642,182325600
2024-11-12,148.05865478515625,149.4165337385062,145.7822128979203,146.55101593198214,198634700
2024-11-13,146.04180908203125,149.09703275189045,145.6723759576151,148.83744386134128,191903300
2024-11-14,146.53102111816406,148.76753177848803,145.32291747893564,147.40965302668107,194463300
2024-11-15,141.7584991455078,145.0134231170618,139.86146934373124,144.64398997756967,250132900
2024-11-18,139.9313507080078,141.3291757571169,136.93603090489682,139.28237084466085,221205300
2024-11-19,146.7806396484375,146.90046279249913,140.77004260660007,141.09952959154865,227834900
2024-11-20,145.66241455078125,147.3298075633363,142.5073404172706,147.1800476536701,309871700
2024-11-21,146.441162109375,152.65145881935584,140.48047534678895,149.11698866763783,400946600
2024-11-22,141.72854614257812,146.93042492260167,140.8798813363258,145.70233282975542,236406200
2024-11-25,135.8077850341797,141.82837577269152,135.60810012239304,141.76847182265374,344941900
2024-11-26,136.70639038085938,139.08268223719327,135.45834049580736,137.4851722903331,190287700
2024-11-27,135.12887573242188,137.00594794359344,131.59440457977618,134.79938868035538,226370900
2024-11-29,138.0343017578125,139.13259162709357,135.83773725423254,136.5665940393106,141863200
2024-12-02,138.4137420654297,140.2308949431091,137.6050081030844,138.61342701841852,171682800
2024-12-03,140.04116821289062,140.3207301527637,137.7347745914462,138.04428850809262,164414000
2024-12-04,144.91354370117188,145.56252344018102,140.07110485324333,141.77844351730124,231224300
2024-12-05,144.8436737060547,146.32146235801875,143.73532840807314,144.89360218968224,172621200
2024-12-06,142.2275848388672,145.4827177885172,141.09926510716357,144.38436733563313,188505600
2024-12-09,138.6029815673828,139.74128080496888,136.92549436926976,138.76274660606958,189308600
2024-12-10,134.8685760498047,141.60850970621567,133.5904709096604,138.80268748950093,210020900
2024-12-11,139.10223388671875,139.9609519122756,135.00835767243856,137.15514511831444,184905200
2024-12-12,137.1351776123047,138.23354324797214,135.59748095840345,136.8755708420711,159211400
2024-12-13,134.0498046875,139.3918327936691,132.34234795745746,138.73281333743972,231514900
2024-12-16,131.80313110351562,134.19954557462145,130.2254857362255,133.9798724705664,237951100
2024-12-17,130.19554138183594,131.39374870651014,126.67080709010266,128.89747709842524,259410300
2024-12-18,128.71774291992188,136.49611794642954,128.08867764771298,133.66035727519176,277444500
2024-12-19,130.485107421875,133.8301176053825,129.3568029702355,131.56349862817564,209719200
2024-12-20,134.49911499023438,135.07825184796977,128.02878306565836,129.61640819653473,306528600
2024-12-23,139.46170043945312,139.58151660116854,134.91848306333998,136.0767567466981,176053500
2024-12-24,140.01089477539062,141.6883821217358,138.44322876231024,139.79122163679293,105157000
2024-12-26,139.7213134765625,140.63995487774488,137.52459740894255,139.49166074428362,116205600
2024-12-27,136.8056640625,138.81267619141968,134.50910636621433,138.34337590905767,170582600
2024-12-30,137.2849578857422,140.06081067569033,133.82013169900247,134.628921256616,167734700
2024-12-31,134.08973693847656,137.8641141320975,133.63043143330796,137.82416524884428,155659200
2025-01-02,138.10372924804688,138.6728864930968,134.42922472124587,135.79717669922962,198247200
2025-01-03,144.25454711914062,144.6838985290199,139.52161059265686,139.8011917981673,229322500
2025-01-06,149.20716857910156,151.93310868099036,147.5995839740372,148.3684248105369,265377400
2025-01-07,139.93099975585938,152.9016324332477,139.80118875754107,152.80177547515166,351782200
2025-01-08,139.9010772705078,143.73534764411033,137.35487662508692,142.36739537864082,227349900
2025-01-10,135.7073211669922,139.71133557177419,134.0198390250661,137.24501786219508,207602500
2025-01-13,133.0312957763672,133.29091776199226,129.31684258602223,129.79613768131526,204808900
2025-01-14,131.56350708007812,136.1766278538369,129.85606565410438,135.84711813885167,195590500
2025-01-15,136.03683471679688,136.2465130176968,131.09420431967888,133.45068552943664,185217300
2025-01-16,133.37081909179688,138.5430870275282,133.2909365646461,138.43325045720013,209235600
2025-01-17,137.504638671875,138.29345383465838,135.25799411499426,136.4861555399997,201188800
2025-01-21,140.61997985839844,141.6184885428412,136.88555189361048,138.95247218370304,197749000
2025-01-22,146.85069274902344,147.56960504936464,143.45575377479585,144.4442829463215,237651400
2025-01-23,147.00045776367188,147.0104373660888,143.50567717742842,144.83369562852502,155915500
2025-01-24,142.4073028564453,148.74783905952535,141.66841618539428,148.14872775799392,234657600
2025-01-27,118.24340057373047,128.20851331467108,116.52596435964819,124.61389107098998,818830900
2025-01-28,128.7976531982422,128.80763280108368,116.07664583818587,121.62835222502514,579666400
2025-01-29,123.51553344726562,126.70077890376498,119.87098248262683,126.31136108771855,467120600
2025-01-30,124.464111328125,124.81358785050304,117.92387627755191,122.91641979157204,392925500
2025-01-31,119.89093780517578,127.6593341751579,119.01225290264883,123.59540412169352,388161100
2025-02-03,116.48603057861328,118.39317826666118,112.84147223806173,114.57887527254843,371235700
2025-02-04,118.47305297851562,121.01924546805154,116.52595653802958,116.78557092036435,256550000
2025-02-05,124.64384460449219,124.8135892575584,120.57991444298676,121.57842315704723,262230800
2025-02-06,128.4880828857422,128.57796024161053,125.02326434711814,127.22996749994309,251483600
2025-02-07,129.6463623046875,130.17557068191934,124.8135839892709,129.02729180363133,228186300
2025-02-10,133.37081909179688,134.79867927002743,129.76620194780145,129.89599772289156,216989100
2025-02-11,132.60195922851562,134.27944654160947,130.82461495038982,132.38228609427233,178902400
2025-02-12,130.94442749023438,132.04279313100764,128.88750205027108,129.8261026458349,160278600
2025-02-13,135.08824157714844,136.29644386397356,130.9743904181038,131.36380821970238,197430000
2025-02-14,138.6429443359375,139.04234173663804,135.29793396994222,136.2764682668825,195479600
2025-02-18,139.19210815429688,143.226091877041,137.72429913092634,141.05932980350207,219176600
2025-02-19,139.02236938476562,141.14919790373787,137.01537227663152,139.30195061666387,167536000
2025-02-20,139.9010772705078,140.45026019183956,136.58602053522247,139.82119473321993,143903600
2025-02-21,134.22952270507812,141.24905316966826,133.83012530319377,139.83115735009994,228217600
2025-02-24,130.08570861816406,138.383313247837,129.88600993089565,136.35634186179794,251381100
2025-02-25,126.44114685058594,130.0058224050398,124.25441810041912,129.78614928447132,271428700
2025-02-26,131.084228515625,133.53057192522448,128.29839578499454,129.79615892181477,322553800
2025-02-27,119.97081756591797,134.8086493121392,119.83102696232622,134.7986697104659,443175800
2025-02-28,124.73370361328125,124.90344826210318,116.2264129341289,117.84399213493025,389091100
2025-03-03,113.88990020751953,123.51552349340123,112.11255593535711,123.32581202011416,411381400
2025-03-04,115.81703186035156,119.132080722439,109.94580294596078,110.4849986041218,398163300
2025-03-05,117.12507629394531,118.10361057672029,114.3392360416895,117.40465751759531,284337900
2025-03-06,110.40511322021484,115.17798387118098,110.05563667803439,113.36069823382532,321181900
2025-03-07,112.5219497680664,113.31077256873955,107.39959517379882,111.08409477767312,341755500
2025-03-10,106.8204574584961,111.6831896506324,105.30272006245755,109.73610085349598,366487400
2025-03-11,108.5978012084961,112.0726069900584,104.61374627233778,106.83043665954975,354865700
2025-03-12,115.57803344726562,116.59661034457649,112.72203506897391,113.96030532134075,323857500
2025-03-13,115.41825103759766,117.59520049683546,113.63075517539951,116.86621875800482,299033100
2025-03-14,121.49972534179688,121.70943054003341,117.98465480860956,118.44401014075397,277593500
2025-03-17,119.36271667480469,122.71801496792263,117.86481592318836,122.56822336901756,255501500
2025-03-18,115.26846313476562,118.85343549406599,114.37970924440411,117.83486627342975,299686900
2025-03-19,117.35553741455078,120.28143743378797,115.51811599486,117.10588726826337,273426200
2025-03-20,118.36412048339844,120.03178155242583,116.30700581426807,116.3868956857552,248829700
2025-03-21,117.5352783203125,117.82487338576216,115.25847035053427,116.77634740953133,266498500
2025-03-24,121.24009704589844,122.04896105750126,119.17298658297102,119.71223179694545,228452500
2025-03-25,120.5210952758789,121.12025404464302,118.75356814650013,120.38129181712452,167447200
2025-03-26,113.60079956054688,118.6736845133834,112.55226594608844,118.5638454632065,293463300
2025-03-27,111.27405548095703,114.28982567832341,110.50513643809545,111.19416561141583,236902100
2025-03-28,109.51652526855469,112.71205173921601,108.91736643615505,111.33397804410711,229872500
2025-03-31,108.22832489013672,110.80471613819729,103.50494855407659,104.98287310192077,299212700
2025-04-01,109.99585723876953,110.04578269736857,106.32100673854832,108.36813339033893,222614000
2025-04-02,110.26546478271484,111.82328673498283,106.64054773013802,107.1398479774266,220601200
2025-04-03,101.65754699707031,105.48218161280622,101.45782230020173,103.36515315702636,338769400
2025-04-04,94.17802429199219,99.9898797349743,91.9811059228115,98.77159334909085,532273800
2025-04-07,97.50334930419922,101.60759784636036,86.4987754744505,87.33759621246332,611041300
2025-04-08,96.16523742675781,105.70186824827938,94.3278084260022,103.66472218207363,476243400
2025-04-09,114.17000579833984,114.9389248904037,97.39351305704149,98.75161045127601,612918300
2025-04-10,107.4194564819336,110.70485307181585,99.01124202201945,109.21694044618194,437812400
2025-04-11,110.77476501464844,111.39390013023589,107.32959598741144,108.34816524857224,313417300
2025-04-14,110.55506896972656,114.13006086401796,108.91736463288024,113.95031245540225,264705000
2025-04-15,112.04297637939453,113.46099492172469,110.3453585264742,110.81470199440513,228966900
2025-04-16,104.3437728881836,106.64055727885454,100.30942561460589,104.40369410395131,397016900
2025-04-17,101.34796142578125,104.3237942331935,99.90998190333623,104.30381795694564,292517500
2025-04-21,96.77438354492188,99.3008417327631,94.90699776234818,98.63177356997639,288501100
2025-04-22,98.75160217285156,99.67031279819463,97.14385476914264,98.6417555090913,241004800
2025-04-23,102.5662612915039,104.6533403969428,101.87722447592722,104.37372584399631,247526000
2025-04-24,106.28105163574219,106.39089830035945,102.96569827687256,103.33518320501399,220815000
2025-04-25,110.85464477539062,111.76336727797938,105.58203530029881,106.70046299579266,251064700
2025-04-28,108.57784271240234,110.21554702841466,105.8716284785824,109.53649833991803,207708500
2025-04-29,108.867431640625,110.04578062718967,107.2896485179105,107.51932238432487,170444300
2025-04-30,108.76756286621094,108.76756286621094,103.93434018163836,104.32379376082015,235044600
2025-05-01,111.45380401611328,114.7791455573913,111.14424029465428,112.92174799120272,236121500
2025-05-02,114.33976745605469,115.23850951002053,113.21135153306962,114.02021557227994,190194800
2025-05-05,113.66072082519531,114.50952981770942,112.50234808238875,112.75199823422925,133163200
2025-05-06,113.38111114501953,114.57942879752297,110.66491633937942,111.32399638135878,158525600
2025-05-07,116.89617919921875,117.51531428959993,112.12286973799952,112.89179643623137,206758800
2025-05-08,117.20574951171875,118.51391379663416,115.68787240644632,118.08451525459601,198428100
2025-05-09,116.48675537109375,118.06454606438504,115.04876814493281,117.18577270674557,132972200
2025-05-12,122.82786560058594,122.82786560058594,120.11167093091153,121.79930827024249,225023300
2025-05-13,129.7481689453125,131.03637225526788,124.29581818961599,124.8051066300396,330430100
2025-05-14,135.15061950683594,135.25048567508128,131.49573716816334,133.01361454835225,281180800
2025-05-15,134.64129638671875,136.10924022234616,132.47433530494334,134.10204362723803,226632600
2025-05-16,135.21051025390625,136.15919297953724,133.27323795943153,136.02937003025397,226542500
2025-05-19,135.3802947998047,135.6798627990254,132.20473687113784,132.20473687113784,193154600
2025-05-20,134.1919403076172,134.39165736048994,132.4343936724944,134.10205468200522,161514200
2025-05-21,131.61557006835938,137.20772462329396,130.4072565649854,132.87380141479636,270608700
2025-05-22,132.64410400390625,134.0621148614722,131.3658966044825,132.0449376190489,187344000
2025-05-23,131.1062469482422,132.49430097030302,128.97923834191374,129.8180590665907,198821300
2025-05-27,135.31036376953125,135.47014350181522,133.1234263008756,133.96224703921547,192953600
2025-05-28,134.621337890625,137.05792567392893,134.60136161311598,135.83963178227697,304021100
2025-05-29,138.99520874023438,143.28919402135628,137.71700129433316,142.0509238917618,369241900
2025-05-30,134.94090270996094,139.42460961066672,132.73398869983464,138.5258751739265,333170900
2025-06-02,137.187744140625,137.9266987725352,135.21050414256473,135.30038976970178,197663100
2025-06-03,141.02236938476562,141.801276586457,137.75694135463795,138.5857816307834,225578800
2025-06-04,141.7213897705078,142.19073325311263,139.34471555965237,141.99101618842522,167120800
2025-06-05,139.79409790039062,143.79848066110154,138.63571759363617,141.97103980754113,231397900
2025-06-06,141.5216827392578,143.0695167658335,141.3119699021351,142.31057053380505,153986200
2025-06-09,142.43040466308594,144.7970831461155,141.74136782943543,142.98961854621228,185114500
2025-06-10,143.758544921875,144.088069701399,141.33193761060437,142.49031793007975,155881900
2025-06-11,142.64002990722656,144.79716064315863,141.6813000562032,144.4176611881815,167694000
2025-06-12,144.80714416503906,144.80714416503906,141.66133988719625,141.78117540604916,162365000
2025-06-13,141.7811737060547,143.3890329315276,140.6626682408541,142.29048989356696,180820600
2025-06-16,144.49754333496094,145.98555166191812,143.00951976951112,143.159329390418,183133700
2025-06-17,143.9282989501953,145.02684191909495,143.58875484653294,144.29781716982143,139108000
2025-06-18,145.2864990234375,145.45627108510786,142.9296373487004,143.81845298832403,161494100
2025-06-20,143.65866088867188,146.00552584195606,142.46024490398213,145.2565234707711,242956200
2025-06-23,143.97824096679688,144.58743022935184,141.84108794116847,142.31046402404658,154308900
2025-06-24,147.70326232910156,147.76319531946535,145.3064608232896,145.36637857516104,187566100
2025-06-25,154.10475158691406,154.24456476496755,149.06146548674553,149.0714619384952,269146500
2025-06-26,154.81381225585938,156.51154803915952,153.79516469048193,155.77252682686714,198145700
2025-06-27,157.54017639160156,158.4989061985097,155.05348286000648,155.83244416127852,263234500
2025-06-30,157.77984619140625,158.4489531245615,155.7525477292889,158.18928922556665,194580300
2025-07-01,153.09608459472656,156.99089075003695,151.288494680634,156.0820975676339,213143600
2025-07-02,157.0408477783203,157.3903883520798,152.76654166200262,152.77652287552658,171224100
2025-07-03,159.12803649902344,160.76585430203724,157.56013289394807,158.15932560910457,143716100
2025-07-07,158.02951049804688,159.09807923203843,157.13069855849747,157.98955517353815,140139000
2025-07-08,159.7871856689453,160.0068942683196,158.1793265036118,159.11807865757584,138133000
2025-07-09,162.66334533691406,164.2012901564699,160.9456320255445,161.0055497766517,183656400
2025-07-10,163.88172912597656,164.28119097215313,161.3950357038234,164.10143771292147,167704100
2025-07-11,164.7006378173828,167.66668863474402,163.25256951238498,163.50223698698784,193633300
2025-07-14,163.85177612304688,165.2698855378492,161.80449980139463,165.15003478890583,136975800
2025-07-15,170.4729461669922,172.17068192225182,168.97494134085255,170.96229989605533,230627400
2025-07-16,171.14207458496094,171.52157406474134,168.6753584433782,170.83248932029585,158831500
2025-07-17,172.7698974609375,173.92835823409905,170.60278554683865,171.79120519874627,160841100
2025-07-18,172.18067932128906,174.01822826089457,171.03219980516573,173.40903901870553,146456400
2025-07-21,171.1520538330078,173.1493936504508,170.77255439137573,172.52022673163836,123126100
2025-07-22,166.80783081054688,171.1620321483939,164.3610926233022,171.1120956061046,193114300
2025-07-23,170.5528564453125,171.03221376466186,167.7465962646817,169.30451898143798,154082200
2025-07-24,173.5089111328125,173.59878776513457,171.07215417768242,172.21063723590794,128984600
2025-07-25,173.26922607421875,174.4876045602178,172.72995103806022,173.37908037175941,122316800
2025-07-28,176.51490783691406,176.7645753161742,173.73860668662087,173.78854323017163,140023500
2025-07-29,175.2765350341797,179.14139760883538,174.7871965738649,177.72328828972238,154077500
2025-07-30,179.03155517578125,179.65072563032518,175.80584046425426,176.27521653092245,174312200
2025-07-31,177.6334228515625,183.0562087176856,175.69600066981488,182.6567315862202,221685400
2025-08-01,173.4889373779297,176.3051785902702,170.66269971388826,173.85844036702034,204529000
2025-08-04,179.7605743408203,179.96030526461158,174.28786778877773,174.9270158880054,148174600
2025-08-05,178.0228729248047,180.0202125232638,175.66601158908324,179.38106446129657,156407600
2025-08-06,179.1813507080078,179.66070799076476,176.01556896990587,176.09546439011424,137192300
2025-08-07,180.52957153320312,183.6354356942093,178.5621905082108,181.32851054269395,151878400
2025-08-08,182.4569854736328,183.05619350177665,180.16004168373897,181.30852119793246,123396700
2025-08-11,181.81784057617188,183.59547178906817,180.01025048518693,181.80785936297346,138323200
2025-08-12,182.9163818359375,184.234618174838,179.22130626788388,182.7166509044063,145485700
2025-08-13,181.3484649658203,183.72530422356274,179.11145412417423,182.37709375214726,179871700
2025-08-14,181.77789306640625,182.7765629312542,179.22130065055427,179.51090820642335,129554000
2025-08-15,180.20997619628906,181.658044469753,177.8031781362909,181.6380820439347,156602200
2025-08-18,181.7678985595703,182.69666946783065,180.3497891649352,180.359785616326,132008000
2025-08-19,175.40638732910156,182.25726371442747,175.25659293377495,182.1873495042791,185229200
2025-08-20,175.1667022705078,175.76591033294957,168.57548977611862,174.93701244991922,215142700
2025-08-21,174.7472381591797,176.66468235557974,173.57879631630271,174.61742144674352,140040900
2025-08-22,177.7532501220703,178.35244288234992,170.97227338198675,172.38040151215634,172789400
2025-08-25,179.57083129882812,181.6680441727565,176.33515059315872,178.11278178635797,163012800
2025-08-26,181.52822875976562,182.14739921043056,178.57215920342722,179.82049655621498,168688200
2025-08-27,181.35845947265625,182.24727507184866,178.86178472902657,181.7379436715125,235518900
2025-08-28,179.9303436279297,184.22462699678687,176.17535050737845,180.5794881684096,281787800
2025-08-29,173.94830322265625,177.91302365652732,172.91967451951007,177.87308356836775,243257900
2025-09-02,170.5528564453125,172.15073449446965,166.997593786357,169.77389508693435,231164900
2025-09-03,170.39305114746094,172.18067877773825,168.6553752976972,170.83246833565184,164424900
2025-09-04,171.43167114257812,171.6314020660847,169.1846639665207,170.34312465674856,141670100
2025-09-05,166.7978515625,168.80517258283567,163.8517783946414,167.8065026792569,224441400
2025-09-08,168.0861358642578,170.73262035939155,167.12742125141602,167.32715219255022,163769100
2025-09-09,170.53286743164062,170.75257602974241,166.51822538667548,168.86509051949957,157548400
2025-09-10,177.09414672851562,179.05153132643002,175.23661998400823,176.40506201448144,226852000
2025-09-11,176.94430541992188,180.05034427267074,176.2551819566126,179.45110250300584,151159300
2025-09-12,177.593505859375,178.37251110105626,176.22524055900428,177.5435664999128,124911000
2025-09-15,177.52357482910156,178.62217970015598,174.28769658655634,175.44622258887705,147061600
2025-09-16,174.65724182128906,177.27389957504343,174.15787872389456,176.77453647764895,140737800
2025-09-17,170.0730743408203,172.97937117956877,168.1954794867923,172.42008695754546,211843800
2025-09-18,176.01551818847656,176.87442336525442,172.73969733735942,173.7583871307785,191763300
2025-09-19,176.4449462890625,177.8531538116004,174.95683884616588,175.54609885389235,237182100
2025-09-22,183.37612915039062,184.31493427279133,174.48747153493287,175.07671637070237,269637000
2025-09-23,178.2027130126953,182.18763613663097,175.9855548133895,181.73821238324945,192559600
2025-09-24,176.74456787109375,179.5509859124944,175.17656050171237,179.54100413716742,143564100
2025-09-25,177.46365356445312,180.0303718676576,172.90946471941734,174.25773588995062,191586700
2025-09-26,177.96302795410156,179.54101721374016,174.70717071687335,177.94304916264082,148573700
2025-09-29,181.6183624267578,183.76561762390497,180.09031258631592,180.2001578366391,193063500
2025-09-30,186.3423309326172,187.11135435179565,181.2488213615314,181.848063160254,236981000
2025-10-01,187.0015106201172,187.9003581593927,183.665753326035,185.00405809785752,173844900
2025-10-02,188.64939880371094,190.80665113886596,187.82045419605362,189.35850113919957,136805800
2025-10-03,187.38099670410156,190.11751186051177,185.1438598655547,188.94900408551683,137596900
2025-10-06,185.3036651611328,186.99151499327596,183.09648864167906,185.26372281570642,157678100
2025-10-07,184.80429077148438,188.8191743935438,183.76562222076905,185.99277739696944,140088000
2025-10-08,188.86911010742188,189.35849142592937,186.30237648821537,186.33235229407293,130168900
2025-10-09,192.32470703125,195.05122522476873,190.816620752273,191.9851285494953,182997200
2025-10-10,182.92669677734375,195.37081685366852,181.81811007166195,193.26350393527704,268774400
2025-10-13,188.08013916015625,189.86785248459339,185.72314454487463,187.73057886865314,153482800
2025-10-14,179.80067443847656,184.56460262310264,179.47109296765566,184.5346420566055,205641400
2025-10-15,179.60093688964844,184.63451030281777,177.06416377208902,184.56460739230218,214450500
2025-10-16,181.57839965820312,183.04652832403656,179.5410050089342,181.99786281424815,179723300
2025-10-17,182.9866180419922,183.86550198639478,179.52103686227596,179.9504818191574,173135200
2025-10-20,182.4073486328125,184.96408521149223,181.4985041529273,182.89672994644732,128544700
2025-10-21,180.9292449951172,182.55715836486127,179.5709767314294,182.55715836486127,124240200
2025-10-22,180.05035400390625,183.20633238125785,176.53483359319367,180.9092591258601,162249600
2025-10-23,181.92796325683594,182.7968501503985,179.5609718650331,180.19017423035882,111363700
2025-10-24,186.02273559570312,187.23120099697576,183.26625678365264,183.6058200325102,131296700
2025-10-27,191.24609375,191.75543864774096,188.18997864549505,189.74800438556454,153452700
2025-10-28,200.77392578125,202.8912204382634,191.66554775855593,192.8040950113927,297986200
2025-10-29,206.77627563476562,211.9197249544373,204.51915980095313,207.715080745974,308829600
2025-10-30,202.63156127929688,205.89740027142088,201.1534507471854,204.88867704045037,178864400
2025-10-31,202.23207092285156,207.70508615602077,201.81260775338424,206.18701808603035,179802200
2025-11-03,206.61648559570312,211.07079600988305,205.2981596683369,207.8149540137207,180267300
2025-11-04,198.43690490722656,203.71017785907821,197.67786326579136,202.7414122562426,188919300
2025-11-05,194.9613494873047,202.66152000582164,194.40205001057666,198.51681234435117,171350300
2025-11-06,187.84043884277344,197.3682807609907,186.14260723026618,196.16981228388872,223029800
2025-11-07,187.91030883789062,188.08010568481336,178.682089465448,184.66444902638756,264942300
2025-11-10,198.7964630126953,199.68532876518447,193.5431531870904,194.8614791513322,198897100
2025-11-11,192.91395568847656,195.17107140540628,191.05632435423007,194.91140808059743,176483300
2025-11-12,193.55313110351562,195.64046510157328,190.8865341091802,195.47068348463264,154935300
2025-11-13,186.62197875976562,191.1961465947379,183.61581837719615,190.8066439854392,207423100
2025-11-14,189.92774963378906,190.76667594021126,180.34996953708986,182.62706393415107,186591900
2025-11-17,186.36231994628906,188.75925679396335,184.08522536919267,185.73311754704963,173628900
2025-11-18,181.1289825439453,184.5646030780414,179.42115405263684,183.14641371605563,213598900
2025-11-19,186.28240966796875,187.62069907956393,182.5971076589588,184.5546024199349,247246400
2025-11-20,180.40989685058594,195.7503316108911,179.62090987236718,195.70039225393623,343504800
2025-11-21,178.6521453857422,184.32490281868388,172.70971237567008,181.00913979899244,346926200
2025-11-24,182.31747436523438,183.26626122561635,176.25519889972114,179.2613745727385,256618300
2025-11-25,177.593505859375,177.9330691207534,169.3340356551,174.68720886729724,320600300
2025-11-26,180.03036499023438,182.67699835309762,178.01294919921247,181.39863013804072,183852000
2025-11-28,176.7745361328125,179.0616124091028,176.27517303639212,178.7819702942556,121332800
2025-12-01,179.69081115722656,180.07033197943204,173.45875435362808,174.5373804488289,188131000
2025-12-02,181.22886657714844,185.4235136530611,179.7707195907086,181.52847225165078,182632200
2025-12-03,179.3612518310547,182.21760964702736,178.88186747602086,180.84935949817796,165138000
2025-12-04,183.15660095214844,184.29521152983364,179.7407692190929,181.39873533031871,167364900
2025-12-05,182.1877899169922,184.43504894381925,180.6896172324408,183.66598269849337,143971100
2025-12-08,185.323974609375,187.7709870845105,182.17780264974235,182.41751577930148,204378100
2025-12-09,184.7446746826172,185.4937610485011,183.09669077375298,185.33395229946427,144719700
2025-12-10,183.55612182617188,185.2540478736652,181.8182359713298,184.74467463147755,162785400
2025-12-11,180.70957946777344,181.09911899111663,176.40483245042134,180.060377409269,182136600
2025-12-12,174.80679321289062,182.59729422559735,174.40727135263347,180.88937065842447,204274900
2025-12-15,176.07522583007812,178.20263580820242,174.81676632707214,177.72322484137152,164775600
2025-12-16,177.5034942626953,178.27256047932946,174.686922405521,176.04526619844617,148588100
2025-12-17,170.73175048828125,175.91543007880585,170.10251312474713,175.88546784627562,222775500
2025-12-18,173.9278564453125,175.93540231223645,171.6106906687844,174.3173807251694,176096000
2025-12-19,180.76953125,181.22896236326454,176.12518653595592,176.4547863729682,324925900
2025-12-22,183.4662322998047,183.935660967629,182.1278683380167,183.6959478478248,129064400
2025-12-23,188.97952270507812,189.09937165158402,182.67719635774475,182.74711840334103,174873600
2025-12-24,188.38023376464844,188.67987134928,186.36269028434322,187.71105179508496,65528500
2025-12-26,190.2978973388672,192.45526970950266,187.7709805748158,189.68863982420257,139740300
2025-12-29,187.99070739746094,188.53004285167208,185.68352392965699,187.4813341773615,120006100
2025-12-30,187.31153869628906,188.75978454971104,186.70228116711607,188.01069817319677,97687300
2025-12-31,186.27279663085938,190.32784810299728,186.26281429981768,189.33906392286715,120100500
