Date,Close,High,Low,Open,Volume
2021-01-04,121.28182220458984,124.23252933088347,119.32308608868411,123.58521860444158,7486900
2021-01-05,121.64334106445312,122.04685374742435,120.13015246901485,121.1137346766274,4126000
2021-01-06,120.1553726196289,120.71862538108532,119.0288927515902,119.0961470041139,4843300
2021-01-07,119.76866149902344,120.34030333175772,118.65898571439507,120.05448241539058,4473200
2021-01-08,121.20620727539062,121.3911532797738,119.0877558519004,119.76868758283928,4312000
2021-01-11,119.44922637939453,121.31549026291034,119.1129679324739,121.0801067845784,3902700
2021-01-12,118.89437103271484,119.37355271840147,117.22987015691488,119.06251305905546,5150000
2021-01-13,119.86954498291016,120.41598094390645,118.53290046055669,118.63377541999881,4361600
2021-01-14,119.17178344726562,119.74343808511289,118.59173966697132,118.93640001622114,4724700
2021-01-15,118.86074829101562,119.87795109226224,118.13778120339713,118.91118576708092,4309100
2021-01-19,119.42399597167969,119.86114217192524,118.90279158163369,119.6930129648881,5158600
2021-01-20,118.81031799316406,119.18861191394473,117.62498592427329,118.5665197408716,5019300
2021-01-21,117.36436462402344,118.3563357582446,116.63299564108294,117.93600639748632,5684100
2021-01-22,116.50691223144531,117.30553560970954,116.2042745186104,117.27191489825528,4014900
2021-01-25,117.84353637695312,117.96964288479998,115.65783134271955,116.06134394747377,3829000
2021-01-26,119.2054443359375,119.44922979280581,117.48209088448785,118.79351682336649,4242500
2021-01-27,116.04454040527344,119.65097400526815,115.63262578402845,118.12096876225564,6659800
2021-01-28,117.01131439208984,118.35636093618756,115.80916549432236,116.70867667486641,5514000
2021-01-29,114.80879974365234,116.39764465691825,114.3380199533859,116.10340889143143,6778100
2021-02-01,115.15345764160156,115.9773126359243,114.24554445000986,115.15345764160156,4185700
2021-02-02,116.33036041259766,117.29711283151545,114.83398888330811,115.54854111502819,3581600
2021-02-03,116.02776336669922,116.8095701104905,115.22913985055922,115.8007818360274,3609600
2021-02-04,117.4232177734375,117.49047201830287,115.80075240865591,115.80075240865591,3860300
2021-02-05,118.49928283691406,119.47443740094312,117.4652631659497,118.10417213222426,4437900
2021-02-08,118.02850341796875,119.21383553539978,117.27191554542456,118.69263112664432,4112200
2021-02-09,117.3559799194336,118.65899086752859,117.2635069333653,118.64218692637871,3179300
2021-02-10,115.75873565673828,118.6337877464945,114.96851418583778,118.6337877464945,6966600
2021-02-11,113.46373748779297,116.187477055182,112.93411825394132,115.8848393254721,7528000
2021-02-12,112.53903198242188,113.99338149180889,112.1859566922785,113.70754764293459,5659300
2021-02-16,112.96774291992188,113.32922007641896,112.14388799255555,113.11905535917097,5180100
2021-02-17,113.03500366210938,113.54780611475023,112.53060318076399,112.69873239873343,3353000
2021-02-18,113.79997253417969,114.07739146499772,112.57261792473173,112.707126405268,3935200
2021-02-19,111.39569854736328,113.58981863831355,111.21075257590878,113.49734565258629,5414900
2021-02-22,110.95858001708984,111.47138249240813,109.9245602673486,111.00060270286274,5792900
2021-02-23,111.6226806640625,112.93410641282352,110.37850916234513,111.51339090918708,6264300
2021-02-24,111.0426254272461,111.21075463328711,110.29443955704285,110.84087551097136,4944000
2021-02-25,109.28563690185547,111.04261060115486,109.11750771826259,110.42053133911774,5702300
2021-02-26,108.6047134399414,110.01701407997874,108.08350908384696,109.7648266995688,8329000
2021-03-01,109.80685424804688,110.94174881996689,109.5714707976012,109.79845227747239,5287300
2021-03-02,110.18516540527344,110.99219074558474,109.60510872649165,109.70598368717144,5614000
2021-03-03,108.56267547607422,109.73119067944691,108.4281669912774,109.11751335528474,7505800
2021-03-04,109.16686248779297,111.64118550295433,108.73470771478986,109.52275693553584,9102800
2021-03-05,112.72582244873047,113.04782773582845,109.47191919862985,109.85323376343096,10186500
2021-03-08,111.96319580078125,113.7002969600292,111.84456431288339,112.89529665430364,8634900
2021-03-09,112.06487274169922,113.47151243277703,111.85302988207408,112.64956110304253,8930200
2021-03-10,113.19188690185547,113.94604702219458,110.615870292478,112.29367517761597,7791700
2021-03-11,112.88682556152344,114.03925125029053,112.78514512511705,112.99698798753849,4458900
2021-03-12,112.73428344726562,113.36981198644409,112.3953400649816,112.80207470969468,5275100
2021-03-15,112.72582244873047,113.23425048837338,111.82761078457519,113.1749282808081,5389200
2021-03-16,113.55622863769531,114.03923650790937,112.48854540386603,112.7681794976962,5544700
2021-03-17,113.22576904296875,114.02230027496849,113.02240817002395,113.85282857089373,6199500
2021-03-18,112.30213928222656,112.76819617419874,111.35308737847409,112.15808768468288,6476700
2021-03-19,113.97148132324219,114.40363618875006,112.00557298553228,112.11573543217463,16114400
2021-03-22,116.76779174804688,117.10673516583209,114.47140936348482,114.92899720034372,7813400
2021-03-23,118.1744155883789,118.7760420134281,117.08976835179817,117.31856223942434,6978400
2021-03-24,117.62361907958984,118.72520445853719,117.59819897260238,117.79309076945994,5082300
2021-03-25,118.3184585571289,118.84382462468822,117.22534234124981,117.9371311288837,5827600
2021-03-26,120.9198989868164,121.17411299866006,117.89478974247587,118.30999346295417,6785600
2021-03-29,122.70783233642578,122.83494578566656,120.68261550517437,121.06392999317761,6105800
2021-03-30,120.78431701660156,122.65701355167654,120.42842257031484,121.75031992219749,4372700
2021-03-31,119.86068725585938,121.45374969601433,119.62342428773357,121.44528063638913,6257900
2021-04-01,119.71663665771484,120.58095915156113,118.72521361912446,119.64037633086839,4823400
2021-04-05,121.3096923828125,122.30958442564068,119.75053211440515,120.19963792074138,5980700
2021-04-06,121.74188995361328,122.1909959178859,120.80130685431543,121.20804164783543,4751900
2021-04-07,121.52151489257812,122.10620312783419,121.19104062002373,122.02146083031388,4849200
2021-04-08,120.78431701660156,122.15706751497817,120.36911329419794,121.75031992219749,6725100
2021-04-09,120.80973815917969,121.29273309948837,119.99625598358013,120.53010406537548,4950800
2021-04-12,121.1910629272461,121.57237747655623,120.36911162347052,120.49621216328669,4386700
2021-04-13,121.21648406982422,121.99606422369446,120.21657907190992,120.38606369959359,5283300
2021-04-14,120.41995239257812,120.93684947330777,119.68274339853451,120.80974893290772,4685300
2021-04-15,120.58942413330078,121.25885479261403,119.8352640903108,120.0471069442952,4777100
2021-04-16,122.1570816040039,122.29266415056826,120.7165526038818,121.56392412511401,6481400
2021-04-19,122.65702819824219,123.37729916617029,121.39443997170982,122.43671625657473,6621200
2021-04-20,123.47051239013672,124.26703077411987,121.96217915825586,122.1316638096081,4999700
2021-04-21,124.54666137695312,125.24151222403991,123.89419462135777,124.86019762911181,6316000
2021-04-22,123.77558135986328,124.26704553158574,123.190892860908,123.91963298672884,4904400
2021-04-23,123.57218933105469,124.00434414806922,122.91970964547876,123.30102424047548,4354700
2021-04-26,121.47915649414062,123.52132453804684,121.15715124559723,123.33490180782285,5817700
2021-04-27,121.0809097290039,121.32664176798667,120.43691206177873,120.85211581004573,4693700
2021-04-28,120.18267822265625,121.75878942594103,120.09793591705129,121.58931774459158,4962700
2021-04-29,121.97065734863281,122.3858611138645,120.30133443775833,120.41149687173235,4699900
2021-04-30,122.1570816040039,122.22487287728607,120.75044177559123,121.44529262933604,5051100
2021-05-03,123.53826141357422,124.37716369114919,122.10621471650087,122.89426385282182,6109800
2021-05-04,121.98759460449219,124.36870621209763,121.58932900501424,123.6992755534595,6603800
2021-05-05,121.92827606201172,122.50449536510675,121.59780171739587,121.78422446870348,5305200
2021-05-06,123.34335327148438,123.68230951893044,122.02992528858073,122.41972174067902,4472200
2021-05-07,123.34335327148438,123.71619867874567,122.50446403500523,123.06371921603841,4181000
2021-05-10,124.32633972167969,125.40250507958785,123.809442621884,124.13144790925703,5270600
2021-05-11,123.41963958740234,125.10591333292557,122.88580439619707,124.70764773940934,5266100
2021-05-12,122.21637725830078,123.49591638778926,121.89438490844577,122.76717644359867,5651700
2021-05-13,124.02972412109375,124.66525255037561,121.66556405330317,122.22483217423738,4849400
2021-05-14,124.2161865234375,125.32624113254228,124.07213491834925,124.73308366163093,4224700
2021-05-17,123.86028289794922,124.9025461577474,123.4704992729213,124.56360275077857,3747100
2021-05-18,123.30104064941406,124.521257859681,123.14005090155418,124.25857472438892,4527300
2021-05-19,123.23323059082031,123.40271523409477,122.08928682789535,122.56381279739279,4432700
2021-05-20,124.75850677490234,125.18219254001565,122.96208326837822,123.08071476541542,3964600
2021-05-21,124.64836120605469,125.67367354929607,124.15688415141335,125.30082799543962,5194200
2021-05-24,125.28385925292969,125.70754492787384,124.57205749232939,125.10590558031444,3627800
2021-05-25,125.66519927978516,125.72450856278738,124.57208277584513,125.28388468091482,4649300
2021-05-26,125.66519927978516,125.97872260532203,125.13982014391665,125.3347249034491,4462600
2021-05-27,124.14838409423828,126.06345180947494,124.08907481740864,125.88549811926211,9203600
2021-05-28,125.3601303100586,125.83465623786796,124.76697290029689,124.91102449053461,4913700
2021-06-01,125.09742736816406,126.13122137377374,124.63983963198416,126.07189917728905,5530300
2021-06-02,125.59742736816406,125.86011051166108,124.75852477743605,125.58047631475175,4546900
2021-06-03,126.0455093383789,126.12232679885612,124.75663530118592,125.2260970446415,4651600
2021-06-04,126.19063568115234,126.83080734717807,125.8748218270306,126.32720876240938,4427400
2021-06-07,126.11382293701172,126.5406040637021,125.2261239241993,126.12235387078803,4724100
2021-06-08,124.9358901977539,126.21623344806686,124.55178982752504,126.07112944261706,5997200
2021-06-09,124.7054214477539,125.9772205741627,124.63713492043371,125.68701260129443,4008000
2021-06-10,125.98574829101562,126.33569878997918,124.731011189927,124.88464608835173,4698200
2021-06-11,126.0625991821289,126.429624664167,125.29438541324842,126.36988208481608,4364600
2021-06-14,126.81369018554688,126.86490181260693,125.29433811161749,125.8747669417119,3831900
2021-06-15,126.8222885131836,127.32588714599804,126.38697642751254,127.09542167743001,4256500
2021-06-16,125.55899810791016,127.41122641983176,125.26024614417366,127.06126281072898,5492100
2021-06-17,126.77104949951172,127.18075566962318,125.39681396761195,125.68702196209405,5316400
2021-06-18,124.1250228881836,126.31014020048735,123.96284397410493,126.31014020048735,10661700
2021-06-21,125.09808349609375,125.25173147647007,124.1506288608072,124.4067001452167,4904300
2021-06-22,125.28585052490234,125.90041631087428,124.86760038535,125.24316981281338,3518000
2021-06-23,123.63847351074219,124.731031940148,123.62139862219165,124.67127634238301,3901700
2021-06-24,124.33838653564453,124.56885194387903,123.43361281542789,123.64700333526478,3818900
2021-06-25,124.97000122070312,125.29434588698464,123.97133535809748,124.4151781697082,6387600
2021-06-28,125.50776672363281,125.97722848824931,125.14927220092316,125.26877037515972,4282800
2021-06-29,125.42243194580078,126.07113453004649,124.96150106346585,125.85774397971659,3197700
2021-06-30,126.47229766845703,126.59179584419994,125.64434137069388,125.84065701134487,4943700
2021-07-01,126.49790954589844,127.2490484147126,126.27598807298742,126.39548625445104,3997600
2021-07-02,127.10391235351562,127.84650707786943,126.8051604630423,127.09536839849991,3835500
2021-07-06,127.29170989990234,127.53923715828569,126.13086501632175,127.24049826191427,4313800
2021-07-07,127.85506439208984,128.63180904814828,127.18075604710656,127.42828333152909,4225000
2021-07-08,127.91484832763672,128.60623171500686,127.34296314272159,127.5392788272561,4216000
2021-07-09,127.5904312133789,128.2988891646702,127.32582910402266,127.53068865206679,4088600
2021-07-12,127.6160659790039,127.85506232711197,126.9929692874596,127.59900411437057,4873700
2021-07-13,130.56088256835938,131.37176407042264,128.6745043362751,129.01592401367256,8750800
2021-07-14,131.9095001220703,132.42164266525262,130.42431019062823,130.50112766480783,6390300
2021-07-15,132.51548767089844,132.60938000278142,130.81689476658667,131.50829086008207,4920600
2021-07-16,133.00204467773438,133.87266858988008,132.39600989246597,132.88253348756817,5852500
2021-07-19,132.9849853515625,134.47017515450077,132.09727342343123,133.14716424368214,5750200
2021-07-20,133.00204467773438,134.290918682492,132.78011020950944,133.32638939969476,5213500
2021-07-21,132.5069580078125,133.25808364573913,131.93507308062692,132.5581696394528,4905900
2021-07-22,132.4643096923828,132.95083333623535,131.42296284669717,132.4643096923828,3333500
2021-07-23,134.1629180908203,134.6835916226658,132.50701814421842,132.78015131169803,3588400
2021-07-26,134.0690155029297,134.4104351591862,133.18130355774275,133.8300061143601,2999800
2021-07-27,134.8115997314453,135.4261654834472,134.0348550970646,134.27385144236268,4043900
2021-07-28,133.5739288330078,134.82866607849414,133.07886128501863,134.5213832219603,3556800
2021-07-29,133.8470916748047,134.37629609148811,133.326418191694,134.20558624975084,3055600
2021-07-30,133.96656799316406,134.52139116862952,133.68489093934141,134.3250625095773,3757300
2021-08-02,133.42886352539062,134.10317200429677,132.7374671295331,134.00927963135268,3425900
2021-08-03,133.72756958007812,134.1372757318801,133.42028671014572,134.00924662954316,3359900
2021-08-04,131.49127197265625,133.7190700466961,131.33762398944998,133.31789473274176,4846300
2021-08-05,131.713134765625,132.46427340575283,131.3375654455611,132.28501967596924,3733500
2021-08-06,131.73025512695312,132.09728061915388,131.14129512846776,131.25226238161008,3430900
2021-08-09,131.74732971191406,132.12288613643668,131.20105042931468,131.9948570172046,2636600
2021-08-10,131.8155517578125,132.56669036222226,131.28634757251672,131.71312850241856,2670200
2021-08-11,132.33628845214844,133.17278885326522,131.84976473147898,132.05462436479206,3058000
2021-08-12,132.36187744140625,132.55819307217115,131.96070222354513,132.49843747514672,1958700
2021-08-13,133.5995635986328,133.72759272312663,132.21678393246967,132.38750679756276,2113800
2021-08-16,134.90548706054688,134.96522963248515,133.77877888238314,133.94948869062273,3224000
2021-08-17,134.77743530273438,135.24689701008054,134.21409427824153,134.78597925834595,3736300
2021-08-18,133.39468383789062,135.03352150564288,133.3263973070271,134.58966556719204,3419200
2021-08-19,135.63955688476562,136.07486886844652,132.96790333515924,133.00205311289346,4745600
2021-08-20,135.1615447998047,136.25410309272027,135.07618339203975,135.6565992870102,3484100
2021-08-23,134.73480224609375,135.3066873731611,134.2824153093938,134.71772735480528,3102100
2021-08-24,133.061767578125,134.6493932749547,132.88251384369784,134.6493932749547,3760800
2021-08-25,132.4728546142578,132.87402990164838,131.5851556316372,132.60942769599203,3346700
2021-08-26,131.986328125,132.87402708882885,131.52539723998595,132.73745400998575,3220700
2021-08-27,132.2509307861328,132.65210606642955,131.62783402018658,132.16556935547686,4166500
2021-08-30,133.15567016601562,133.30077414109837,132.31063910889833,132.45574308398108,2540300
2021-08-31,133.4886016845703,133.55688822847577,132.59235870426016,133.2325304010065,5291200
2021-09-01,134.7860107421875,135.0250071173308,133.59101584214542,133.87269293234837,4231400
2021-09-02,134.88482666015625,135.1770238439293,133.9566593291145,134.74731747475798,2862500
2021-09-03,135.00514221191406,135.28874998561278,133.98243896804223,134.24026540900448,2035100
2021-09-07,132.80503845214844,134.7215250287576,132.07453243937627,134.480890530959,4609900
2021-09-08,134.6871795654297,134.71296090120325,132.60740209356933,132.91679123645096,3199100
2021-09-09,133.8363494873047,134.90202606280295,133.55274169430277,134.82468205932926,3560400
2021-09-10,133.60430908203125,134.28323937030459,133.2175628617667,134.05119426086537,3851500
2021-09-13,133.8621063232422,135.27154250974345,133.54412784697908,134.0168074154756,3367200
2021-09-14,133.33787536621094,134.64418634404268,133.05428071473688,134.39496243063914,2808600
2021-09-15,134.0855712890625,134.39496038136826,133.0198948347655,133.3980385157611,3702400
2021-09-16,133.6902313232422,134.17150031478127,132.18625916788423,133.544132744639,4589900
2021-09-17,132.4613037109375,133.63869509192298,132.20347723916575,133.4066499559685,8127400
2021-09-20,132.01441955566406,133.16602972460137,130.9917160796673,132.26364353321597,5484600
2021-09-21,131.95425415039062,134.17154106070737,131.46439560438137,132.87383227059817,4479800
2021-09-22,132.35813903808594,133.28630628446408,131.87687004668908,132.8823812851996,3001000
2021-09-23,132.4613037109375,133.14882348419673,131.95424017480005,132.08315996748547,2712500
2021-09-24,132.52146911621094,132.88242096754874,131.96285596586443,132.13473592646332,2366100
2021-09-27,131.24951171875,132.4784656144905,130.96590394736432,132.17767903048565,4482000
2021-09-28,129.81430053710938,131.06044642134682,128.99786103458126,130.94871856575102,5910900
2021-09-29,130.8885955810547,131.63628065504875,129.50494019989267,130.063553374826,3326500
2021-09-30,129.26426696777344,131.85968387222343,129.22988311626187,131.6792145493774,4949200
2021-10-01,129.72833251953125,130.2955479966643,128.4993787660055,130.0721054360949,4274300
2021-10-04,129.0838165283203,131.49017530032742,128.46503818370132,129.66822412650504,5404900
2021-10-05,129.8486785888672,130.96591786693787,128.97208696261376,130.08072371986313,6103100
2021-10-06,133.1746063232422,133.34648625157223,128.87754254700124,129.63381685437304,5499200
2021-10-07,134.403564453125,135.57236636119492,133.65587952913265,133.65587952913265,4605100
2021-10-08,134.0941619873047,134.67856944000167,133.6300849011722,134.5582521870342,4186000
2021-10-11,134.27462768554688,135.1254377563315,133.77616681007532,134.40353432851563,2738100
2021-10-12,134.86764526367188,135.65831658464649,134.2488801082636,134.25746951542249,3195400
2021-10-13,135.77862548828125,135.83018815525554,134.08558131676952,135.32313777854438,3599900
2021-10-14,136.87008666992188,137.06776106851302,136.31147355918918,136.32006296684986,3677100
2021-10-15,136.4833221435547,137.21382814842573,135.36608306523277,137.21382814842573,4313000
2021-10-18,135.86453247070312,136.38877467231038,134.7558960055837,135.95906837963543,3274200
2021-10-19,137.59197998046875,137.64354264484223,135.39187242962123,136.33723165512592,3125800
2021-10-20,138.6318817138672,139.12175332221824,137.2310346025466,138.0045140188484,3716500
2021-10-21,136.80130004882812,138.73497852145374,136.62942014064734,138.70060778525615,4164700
2021-10-22,137.480224609375,137.90993087792626,137.05051834082374,137.14505424444883,3240300
2021-10-25,136.83567810058594,137.46304563998117,136.4661238557395,137.46304563998117,3281200
2021-10-26,138.5115509033203,138.70921216338422,136.7325733355494,136.7927254087872,3684700
2021-10-27,138.03028869628906,139.08736275595055,137.1279026442665,139.0100187521311,3751800
2021-10-28,138.89825439453125,138.99279030111316,137.9099351913892,138.23651616205302,3589600
2021-10-29,138.88111877441406,139.44832127669955,138.28812182268007,138.3912471660776,4558200
2021-11-01,138.5889129638672,138.79517677098616,137.66074550223112,138.53735029048732,3017100
2021-11-02,139.86083984375,139.92099191898023,138.31389422471022,138.8381365424515,3464500
2021-11-03,141.20155334472656,141.2788973646259,139.35380759432414,139.35380759432414,3595000
2021-11-04,141.21011352539062,141.42496672304074,140.38508459002932,141.13276952150022,3310100
2021-11-05,142.66253662109375,143.0320778611868,141.39060924350878,142.27580345176855,3754300
2021-11-08,139.5944061279297,142.74846244774196,138.49435886143084,142.49922540762708,5766400
2021-11-09,140.52256774902344,140.82336744351423,139.22485927543752,139.49127511785076,3778600
2021-11-10,140.97805786132812,141.80309984861205,140.11005572860444,141.57965726065478,2683500
2021-11-11,139.81787109375,140.92650784023527,139.69755382580897,140.91791843309616,2453000
2021-11-12,139.78350830078125,140.88355580588419,139.2936497480654,140.0928974811915,3540900
2021-11-15,140.7717742919922,140.8405288676598,139.6459459818233,139.66312479054437,3357100
2021-11-16,140.35069274902344,141.794512974152,140.28193815605562,141.17573475103944,2899400
2021-11-17,140.4022674560547,140.6600939233954,139.29363069416817,139.75770784450236,3332200
2021-11-18,140.44520568847656,140.5311521940189,139.0099882183697,139.92096347729776,3498900
2021-11-19,140.7803955078125,141.8288800748742,140.46241699789292,141.3733923825471,5242200
2021-11-22,141.0725860595703,143.3500375278397,140.23895471157388,140.25614663696675,4157200
2021-11-23,142.01795959472656,142.42188464387203,140.3506967303556,140.5655499218756,3878000
2021-11-24,140.72024536132812,142.2328070477077,139.72332344563364,141.8804446805678,3309500
2021-11-26,138.4857635498047,140.65148725057654,138.27091037232805,139.83504779888472,3402900
2021-11-29,141.06399536132812,141.44213903492567,138.48575734708652,139.800657685262,5305800
2021-11-30,137.31695556640625,140.94367808825268,136.12237247788505,140.7975795077684,7610000
2021-12-01,137.6435546875,140.2991370438536,137.54901875667844,139.6287961211546,5385600
2021-12-02,138.97164916992188,139.89744102019608,138.28813109530768,138.54769976749182,4619800
2021-12-03,142.5104217529297,142.65750759936347,139.594620766858,139.7071036150418,6465900
2021-12-06,143.9899139404297,144.74265113205766,143.4448211038937,143.6697867581897,5403100
2021-12-07,143.82554626464844,144.45716649918137,143.33237762911943,143.98994021056217,5460100
2021-12-08,144.0764617919922,144.22354763191737,141.92205888487533,143.74767391321143,3891900
2021-12-09,143.894775390625,144.38795726239175,142.63156123883186,143.55734002654734,3644500
2021-12-10,146.19625854492188,146.3260362942985,144.405246390249,144.9589867912769,5025700
2021-12-13,146.92298889160156,148.17755510432372,145.40020662262526,146.16159115600945,5411800
2021-12-14,146.5596466064453,147.42486679142988,145.6165597733431,146.52504360801933,4985000
2021-12-15,148.44581604003906,148.62750486430775,146.62020113604993,146.88841724953946,5507800
2021-12-16,148.66213989257812,150.167614578924,147.9699610977624,148.44583484433647,6909900
2021-12-17,145.61654663085938,149.14664625125602,145.40024160413563,148.04781301888036,10159600
2021-12-20,146.5856170654297,146.6548362715344,144.2754805208163,144.6302240012728,5263600
2021-12-21,146.1529541015625,146.74131053968273,145.1666038749632,146.42117017688733,3401400
2021-12-22,147.06146240234375,147.07877050107453,145.59059086329262,146.18759484849957,4362900
2021-12-23,146.8970947265625,147.63253722864783,146.43852904481489,147.07013613816687,3241700
2021-12-27,148.35926818847656,148.43713481665668,146.88839689105802,147.07874633919315,2868800
2021-12-28,149.12930297851562,149.50134119966933,148.125644722712,148.35061034685887,2332100
2021-12-29,149.6571044921875,150.08106704508492,148.75726829873366,149.5013580270011,2299500
2021-12-30,149.39756774902344,150.21952428427232,149.01686875529666,150.15030508521178,1988900
2021-12-31,150.29737854003906,150.5655946393407,148.913021198999,149.21585349304215,2914900
2022-01-03,149.665771484375,149.8474735171195,147.58060104524827,148.99090085225745,5488900
2022-01-04,149.88204956054688,150.93761896501047,148.990874060383,149.38888104985648,4717600
2022-01-05,150.3925323486328,151.72496521218346,149.88204256379345,149.99452537773897,6564600
2022-01-06,150.42718505859375,151.93267296497982,149.88209210586191,150.4704487091969,4288700
2022-01-07,150.6175537109375,151.14533863009495,149.3456787943157,150.62620116127266,4916000
2022-01-10,150.6953887939453,152.14030483000266,150.21951508094162,150.92900192618558,5055900
2022-01-11,150.62615966796875,150.74728995036403,148.48906502682922,150.2714162687359,6452300
2022-01-12,150.46177673339844,150.83382825792822,149.6398202426529,150.46177673339844,5268000
2022-01-13,150.70404052734375,151.14531125658968,149.89074467006347,150.29739919980955,4310300
2022-01-14,151.9672393798828,152.22680801880105,150.02914183846377,151.04146085046594,4474500
2022-01-18,150.51370239257812,151.20586794754183,149.81286298452807,150.21951750928568,5789500
2022-01-19,151.59521484375,152.24412989869026,150.1762544517024,150.5136897521829,6424500
2022-01-20,150.4963836669922,153.04013282873441,150.40985637762526,151.7682582478633,6284200
2022-01-21,150.7386474609375,153.35161586965842,150.64347272148112,151.69904230373885,6753200
2022-01-24,149.9686279296875,152.71137454547375,146.18761965148516,151.83750684336442,9263900
2022-01-25,148.24681091308594,149.23316131328653,146.86246665435786,148.8870785491573,6536900
2022-01-26,146.68077087402344,148.65347175851102,144.0158912295621,146.53368503288843,6841800
2022-01-27,146.54232788085938,149.92534172738954,146.0318511772623,147.7622914217633,6543500
2022-01-28,149.39756774902344,149.44947884776576,144.67347293249944,145.79824861114935,5796000
2022-01-31,150.1330108642578,150.64348760714287,147.59790884580414,147.75365534494588,5908000
2022-02-01,149.11203002929688,150.05511677712707,146.70671918870016,149.8128562034131,5952700
2022-02-02,151.82020568847656,151.9672915538461,149.3110721226438,149.47545288825873,5767000
2022-02-03,151.73361206054688,152.84975314260126,150.40117920224762,151.64709799049055,4632700
2022-02-04,149.24185180664062,151.3183752110657,148.11706279498796,149.7696367089123,4592400
2022-02-07,148.6534881591797,149.67445491328004,148.13436393358415,149.45814985206192,4813300
2022-02-08,148.83518981933594,149.37162214500609,147.35565739560894,149.36297469537737,3957700
2022-02-09,148.76593017578125,149.49271181342334,147.96126870379857,149.25045126754264,6780200
2022-02-10,145.67710876464844,148.34198834384887,144.7513300925969,145.92802999507228,7899800
2022-02-11,145.8588104248047,147.35563754615995,145.08876504075602,145.40889226266717,7299600
2022-02-14,144.232177734375,146.8105297517151,142.84783359451504,146.58557729456803,6822500
2022-02-15,143.5919189453125,145.57326696305884,142.9862543753775,144.68209140721808,4943800
2022-02-16,143.8861083984375,144.6648012244814,142.3633125399178,143.30641250310057,4161700
2022-02-17,144.2754669189453,145.3137285082044,142.76133158396388,143.63519922449956,5156800
2022-02-18,145.10610961914062,145.56467534502406,143.8169265545125,144.58697213214836,5181600
2022-02-22,145.65980529785156,146.17028197494034,143.8255297564281,145.850154771039,7733900
2022-02-23,144.22354125976562,146.32601977559418,144.07645542633907,146.32601977559418,5812800
2022-02-24,141.71441650390625,143.92073074394494,138.68614568093122,143.37565097331432,8888800
2022-02-25,145.685791015625,145.7550102204113,142.1210745813045,142.25951299087708,6535600
2022-02-28,141.671142578125,142.94301716919398,139.6551781800511,141.9306980438853,7677000
2022-03-01,140.39927673339844,142.24218666615727,139.56001213592813,141.0914554903714,5107900
2022-03-02,142.34600830078125,143.47079702185434,140.58961263104968,141.0135620120267,5452100
2022-03-03,142.193603515625,143.86575058025142,141.7842743952742,142.80323838985697,5352200
2022-03-04,144.35342407226562,145.00660698661977,140.1469245091401,141.08750950049492,6340300
2022-03-07,141.4794158935547,143.83087171582466,141.200731428439,142.89030001814896,6319500
2022-03-08,137.4906768798828,142.80323781029404,137.33391932244947,141.418492896792,6163700
2022-03-09,137.0813751220703,139.3980013861825,136.2104641917165,139.18027365359407,5764900
2022-03-10,134.5643768310547,136.07976588803817,133.57153939069715,135.67914121008633,6103700
2022-03-11,133.8851318359375,136.63721352891687,133.66740410622165,135.38309967950622,4762600
2022-03-14,135.76625061035156,137.42969301763821,134.5556854283507,135.12177199317722,6075600
2022-03-15,138.4748077392578,138.91026310950704,136.5849330270613,137.01168407396116,6203400
2022-03-16,139.08441162109375,139.3369831214465,136.76778637798657,137.96094286326345,6299000
2022-03-17,140.16439819335938,140.76532882269044,138.7361048915046,139.19768659161926,3587600
2022-03-18,141.77554321289062,141.897470176067,139.3979607864302,140.5475692584151,12123000
2022-03-21,141.57525634765625,142.66389483862807,140.27760777140605,141.32269806493017,5122600
2022-03-22,143.12545776367188,143.49995626585542,141.28783569985438,141.81909174548056,5779200
2022-03-23,142.37648010253906,143.94412204883704,141.63621396751148,143.0470850746582,4533700
2022-03-24,143.23870849609375,143.4651405329324,142.19361813438815,142.8816318583888,3160300
2022-03-25,143.9092559814453,144.48404681248374,143.20380731278246,143.20380731278246,4146800
2022-03-28,144.3360137939453,144.3708576607201,142.57678390402071,143.78734913813622,4308000
2022-03-29,146.4784698486328,146.81812448332198,144.8934060273885,145.69464226078233,4440400
2022-03-30,146.2781982421875,146.52205222711459,144.6757121124652,146.40012523465106,3871500
2022-03-31,145.7730255126953,147.44517232773424,145.67722481182656,146.6352185314726,6076200
2022-04-01,147.84579467773438,147.9938479010777,145.76431864995536,146.2171959319154,3239600
2022-04-04,147.46263122558594,147.52358807466882,145.83401890257426,147.27973410024742,3759900
2022-04-05,147.61936950683594,149.25668594029054,146.59170121880342,146.59170121880342,4480700
2022-04-06,150.1363067626953,150.40628697452607,147.61067085113405,147.98515610262993,4294800
2022-04-07,150.275634765625,150.91139581686775,148.7341191998319,149.82275750834984,5041600
2022-04-08,150.78079223632812,151.2685001618973,149.43958215196864,150.65886525493585,3883100
2022-04-11,150.31919860839844,152.38325280378345,150.07534466502145,151.1988136692195,3825100
2022-04-12,150.9288330078125,152.10455452643797,150.34532441014625,151.34686643960978,3924300
2022-04-13,150.66757202148438,151.38172527339117,149.56151155796647,151.17270189231112,4394000
2022-04-14,149.70956420898438,151.76491426979607,149.58763722609913,151.0856048952862,4834300
2022-04-18,148.42062377929688,150.06664473557,148.02001223470478,149.11735510920528,3086000
2022-04-19,150.58047485351562,150.81562449489726,147.91548988133852,147.91548988133852,3642000
2022-04-20,152.81874084472656,153.25419630657646,151.29464672825193,151.29464672825193,4197600
2022-04-21,152.2700653076172,154.36025953357742,152.1045901030443,153.0713017764024,3701300
2022-04-22,149.92727661132812,152.64452712108144,149.74439280018814,152.4006731801994,5864000
2022-04-25,151.31204223632812,151.4687997964694,148.9257419381753,150.85046059052044,7369900
2022-04-26,150.9288330078125,152.71420267206955,150.43240751020562,151.51234160547875,7386600
2022-04-27,152.2787322998047,153.88120470466345,150.83301743303258,151.03332316137943,5180300
2022-04-28,154.58663940429688,154.69114442914724,151.38169461116195,152.00003372691572,5235800
2022-04-29,149.54403686523438,154.50822369436932,149.2827610765349,154.50822369436932,6505600
2022-05-02,146.10398864746094,151.06819075795008,143.93542929572234,150.66756594928708,7692100
2022-05-03,146.30429077148438,147.45388596549452,145.07630351614435,147.30583274371514,5564900
2022-05-04,151.41656494140625,151.6429969843749,145.97337198407547,145.97337198407547,6231500
2022-05-05,148.3944549560547,150.94622989604503,147.25356420895903,150.75462850304748,6534300
2022-05-06,148.41188049316406,148.751535100083,146.9400394335015,147.3929166724072,5824600
2022-05-09,149.53536987304688,150.57175576930962,146.9748901973491,147.75871782877016,7269100
2022-05-10,149.35247802734375,152.00874498309463,148.70799933693806,150.77205340613435,5936700
2022-05-11,148.629638671875,150.1537325550016,147.9851599029542,148.76898758770287,5376900
2022-05-12,148.40318298339844,149.78794114290355,146.45235145440836,149.14346241905184,6473500
2022-05-13,151.2946319580078,151.67783485327266,147.58455656930198,148.6644775042722,4714600
2022-05-16,152.81874084472656,153.54159850608292,151.03337079333278,151.28594240307152,5317200
2022-05-17,151.93910217285156,153.00160111004763,150.30178563621058,152.679368370449,5012200
2022-05-18,142.52455139160156,151.4252610984635,141.88879020940988,151.26850352848933,8875400
2022-05-19,140.3907928466797,141.7668332558628,139.05830062740932,141.52297933920164,6423800
2022-05-20,141.27044677734375,142.01071298424299,139.01477770467758,141.2965730382317,5768800
2022-05-23,144.22283935546875,145.3985610073668,142.45489142643714,143.0122738283627,4657800
2022-05-24,146.15625,146.53943957128368,143.83962419096235,144.5886079754992,6327600
2022-05-25,147.15780639648438,147.61068375636674,145.40728038383074,146.1823905035484,5781000
2022-05-26,148.15065002441406,149.00413896413033,147.14910783008702,147.14910783008702,5193800
2022-05-27,149.59632873535156,149.63115931479336,148.22899261176278,149.1521557909552,6713500
2022-05-31,146.09527587890625,148.90831383361567,144.0225040759397,148.90831383361567,13610000
2022-06-01,144.99794006347656,146.64396090063428,142.67260988330418,146.46976811397917,5613900
2022-06-02,146.17306518554688,146.23445938770766,142.63888411913848,145.24348095806113,4677300
2022-06-03,144.56825256347656,146.09416908363218,144.138533210911,145.45398586979076,4222000
2022-06-06,145.17333984375,146.99743568126397,144.46299759646547,145.98016252963978,3447800
2022-06-07,146.0678253173828,146.3309184610017,144.01572288380729,145.29608899782696,4168300
2022-06-08,145.33998107910156,146.28710863438695,144.79626490867875,145.34875932796447,2646800
2022-06-09,142.7528839111328,146.39229662387015,142.6564168729375,144.86638050520122,3522900
2022-06-10,142.52490234375,143.7526527014461,139.83260304165717,141.16559870249523,5203300
2022-06-13,140.0869140625,142.83181560499963,139.49056868991863,140.7797130970485,6300700
2022-06-14,136.9123077392578,140.35880064589497,135.80733232889986,140.314949547866,6159200
2022-06-15,138.3768310546875,140.174618861423,136.7456693766874,138.49084122308017,5940100
2022-06-16,137.71031188964844,138.96438334227022,136.0265345940463,137.35952997111684,7207900
2022-06-17,137.7366485595703,139.42920445370828,136.95614725398164,137.71034057927324,9881800
2022-06-21,140.93760681152344,141.1568489260833,137.99099225657957,138.71009943396808,4449600
2022-06-22,142.0951690673828,142.9370645024287,139.92905634938842,140.60432567051566,4706500
2022-06-23,143.91050720214844,144.8225483705064,143.0773765898567,143.62987091559236,5810700
2022-06-24,145.69073486328125,145.74335081551513,143.77017231790649,145.26101561758284,5951500
2022-06-27,145.88372802734375,146.56776244637345,144.9979812010905,145.4627734760343,4595800
2022-06-28,143.83157348632812,147.72531508025264,143.6912687210099,146.58525355513893,4372900
2022-06-29,146.21693420410156,146.94481956504723,145.00672693948968,145.62936699546543,3653600
2022-06-30,146.155517578125,146.96232668408027,145.25224143876898,146.567693686158,6295100
2022-07-01,148.54965209960938,148.66366225476986,145.36625305359325,146.22569157769382,3918700
2022-07-05,148.21640014648438,148.54965236587472,144.98916338713602,147.88316130856765,4971600
2022-07-06,149.698486328125,150.7946967045487,148.62858393021753,149.08461119362258,4209100
2022-07-07,149.4003143310547,149.9966463288274,148.54088917718713,148.6636641991682,5150200
2022-07-08,150.73329162597656,151.45239855882585,149.56692236737587,149.58446547738845,3482900
2022-07-11,149.49681091308594,151.5401489823651,149.10217779170918,150.32116338703713,4921300
2022-07-12,148.64613342285156,151.99615890009102,148.09363908734952,151.71552260857416,5201600
2022-07-13,149.1723175048828,150.3474518493787,147.3131355556102,147.80423567680398,4533100
2022-07-14,149.94403076171875,150.10189200837345,147.0675759123163,147.58498397904094,4218300
2022-07-15,150.0668182373047,151.64536392747812,149.10216109104172,150.25975234285227,4659100
2022-07-18,147.55865478515625,150.17202948349964,147.19910801678284,150.0930921807852,3479700
2022-07-19,149.13726806640625,149.74237850123984,147.88320947483473,149.30389423037235,4201600
2022-07-20,147.55865478515625,149.58446243401855,146.85709097659318,149.12843525327506,3460700
2022-07-21,147.77789306640625,148.5671724031959,146.944776028799,147.32187927871965,3088300
2022-07-22,148.7425994873047,149.58449497478784,147.76039923647,148.3304233002991,3757800
2022-07-25,148.95306396484375,149.83879708803946,148.242708435469,149.356461869874,3357200
2022-07-26,150.68946838378906,150.82978652687112,148.41812364123106,149.58449311533576,3732100
2022-07-27,150.47897338867188,150.79468248256524,148.26024486656445,149.51431637728388,4479000
2022-07-28,153.32911682128906,153.5746668466829,150.12818824502966,150.7245201977082,3134200
2022-07-29,153.4344024658203,153.8904164149511,152.05755560702687,152.29434083004082,4215500
2022-08-01,155.17955017089844,155.82851158109153,153.07483143853088,153.07483143853088,4034600
2022-08-02,153.899169921875,155.35492711233726,153.66238473692772,155.1707712651915,3781100
2022-08-03,155.07432556152344,155.27602454903027,152.80298059095145,153.53963084387058,4401300
2022-08-04,154.23240661621094,154.9953781167135,153.10112342656598,154.71474184492544,3822500
2022-08-05,153.07479858398438,153.2063384584716,151.18930896700846,152.93448046354968,3295600
2022-08-08,152.46090698242188,154.32007504119235,151.99611496772926,154.16221382747298,2846100
2022-08-09,153.03094482421875,153.67112783798922,152.55738790286838,153.28525970427367,3228800
2022-08-10,154.29383850097656,154.72354449756986,153.2239358710681,154.1798283150344,4041100
2022-08-11,153.50450134277344,155.32859672734176,153.1800274045787,154.6621057408825,2743800
2022-08-12,155.51280212402344,155.55665321866798,153.802716484689,154.28503838135296,3756200
2022-08-15,157.2228546142578,157.29301367460155,155.04797726949133,155.8986374766347,3043100
2022-08-16,158.13490295410156,158.46814175111686,156.66158950631691,157.66133266030678,3395700
2022-08-17,158.04722595214844,158.79265434962426,157.60874180809776,157.941994039648,2666200
2022-08-18,158.20504760742188,158.66983965258484,157.80164975536096,158.57338600309055,3010600
2022-08-19,158.0033721923828,158.74002233039033,157.257957188973,157.64381198878132,3704000
2022-08-22,156.49497985839844,158.26645945121874,156.1178899380486,157.9770583260446,3385000
2022-08-23,156.42483520507812,156.85455449989234,155.47770781219504,155.9425133334908,2575000
2022-08-24,157.20533752441406,157.4158147402835,156.19682930067344,156.42483624842598,3340600
2022-08-25,157.21412658691406,157.28428566369695,155.5654217362058,157.00364935656546,3401800
2022-08-26,153.50450134277344,157.8367262084392,153.1800274045787,157.81919647984157,5246600
2022-08-29,153.02218627929688,153.72375013523717,151.89966805202505,153.0748022303451,4184500
2022-08-30,151.7067413330078,153.1975846713767,151.12793908046714,152.8906404334154,4026300
2022-08-31,151.07533264160156,152.9520442665263,151.01393843755332,152.42585793444582,5597900
2022-09-01,152.60267639160156,152.71743927172108,150.29840642076434,150.89874601339798,4846100
2022-09-02,150.6692352294922,154.47436837176036,149.9894277036185,153.37079084922757,5801500
2022-09-06,149.6539306640625,152.3731472023608,149.31845226933945,150.95173886350952,4900100
2022-09-07,152.95584106445312,153.42375684540832,150.02473276652515,150.6339097002153,6074600
2022-09-08,152.4437713623047,153.1147415949177,150.58093210806413,152.54088671570696,3888100
2022-09-09,152.92933654785156,154.1035444695538,151.56089793405403,152.42609880794922,3662000
2022-09-12,153.52969360351562,154.00644661878306,152.51440771064634,152.92935392076973,5953300
2022-09-13,147.79991149902344,152.58502130232904,147.39378910423662,152.2936752635174,6926200
2022-09-14,148.92111206054688,149.3713801703197,147.9411484602204,148.42671164082867,5156900
2022-09-15,146.44912719726562,148.81519047620333,145.97237425685702,148.78870569855872,5461000
2022-09-16,147.41143798828125,147.58800765659356,145.8929145922713,146.87289174351721,12012600
2022-09-19,148.96530151367188,149.03593209025266,146.99652302532607,147.49092358998647,3720900
2022-09-20,149.13299560546875,149.33605002292177,147.3143026728192,147.94996416966373,3872000
2022-09-21,148.70925903320312,151.8787299878556,148.62096745556687,149.98058231130636,5134500
2022-09-22,148.8505401611328,149.98942622574666,148.3649633617218,148.67395698214324,4290600
2022-09-23,148.77989196777344,148.98294643388292,147.02299192752932,148.66511560930115,4565100
2022-09-26,148.7180633544922,150.0953255685312,147.90583213778717,148.61212425230508,5326400
2022-09-27,146.56390380859375,150.0865277508033,145.88410982348623,148.53269560732394,5400700
2022-09-28,148.9123077392578,149.75102380876473,145.88409803733003,147.35847572131445,5480900
2022-09-29,147.09359741210938,149.32723657261425,145.6721894489334,149.02706680931033,5167700
2022-09-30,144.1360321044922,148.53269416229998,143.91531662465297,148.04711741237296,5971900
2022-10-03,145.89292907714844,146.281390468845,143.92415081076297,144.36558176107204,5093400
2022-10-04,147.53506469726562,148.9652967812257,146.1578021762071,147.78226497174256,4596800
2022-10-05,146.5550537109375,147.517369806385,144.55095372253646,147.41143070491233,3538600
2022-10-06,143.7299041748047,146.57272025722992,143.4650429397125,146.36965234319808,4623400
2022-10-07,142.67930603027344,143.91530724828354,142.12309874646743,143.2884828703652,4779200
2022-10-10,142.86471557617188,143.94179467373095,142.3085082821364,143.01480047887603,4839200
2022-10-11,143.54452514648438,145.02774026821336,142.63517839080595,143.23553153836912,5222600
2022-10-12,149.5479736328125,150.7045205426509,147.08479490978445,148.96528155763485,9795300
2022-10-13,154.15652465820312,154.53614882803998,147.2790360384031,147.52623630513503,8412700
2022-10-14,150.25424194335938,155.61320570920893,150.0776722893372,155.36600549929764,5937900
2022-10-17,152.49673461914062,153.25599640396663,151.0311940803028,152.0906256827242,6401800
2022-10-18,154.55380249023438,156.18710239835747,153.09708573972725,154.34192425534084,4547400
2022-10-19,153.05296325683594,155.2424573363686,152.14361643653547,154.34194775813677,5200200
2022-10-20,151.37550354003906,153.93579759785948,151.06649649415587,153.7945364642327,4314000
2022-10-21,152.7880859375,153.34429327330335,150.59859208745195,151.14596218211292,5071500
2022-10-24,156.8668975830078,157.13175885008675,154.20948808563784,154.33308821408752,5316500
2022-10-25,157.38775634765625,157.91746527578485,155.92220271750665,157.25531901207393,5220000
2022-10-26,158.0940704345703,159.70969568847596,157.43192407852953,158.2618028621229,5136000
2022-10-27,157.92633056640625,159.73618656490967,157.65264555088243,159.2417860889437,5424100
2022-10-28,160.88392639160156,161.50192705085485,158.45605607414623,158.650286777255,6715300
2022-10-31,160.31005859375,161.5460598125688,159.39187471285354,159.95690576594254,4877200
2022-11-01,159.5861053466797,161.39597485830143,158.81801983748628,159.74502748699038,4084500
2022-11-02,157.36131286621094,162.07579226776963,157.29950606577447,159.60377620698182,4970600
2022-11-03,156.95518493652344,157.94398593749767,155.8516075795778,156.07232305096693,3753800
2022-11-04,157.83804321289062,158.72972884720787,155.8516040158112,157.07878146981747,3922400
2022-11-07,159.10055541992188,159.4625185754283,157.88220163734707,158.49137852863447,3246100
2022-11-08,159.5419921875,160.77799355431483,157.8557225952419,159.30361568411266,3724700
2022-11-09,157.635009765625,159.85982573487283,157.50257238532652,158.87101115331558,4723600
2022-11-10,160.41600036621094,161.49309293392758,157.64381461112131,161.25471645513045,6704100
2022-11-11,157.19354248046875,160.4071588178931,154.88927269790614,159.91275837696654,7390500
2022-11-14,156.02816772460938,158.19117651772024,155.82511327533675,157.7409218333151,5633000
2022-11-15,156.43431091308594,157.7674276064927,154.87164149121938,157.18473548696224,5153600
2022-11-16,157.44073486328125,158.5884578133834,156.90218866592414,157.4142500889359,4701100
2022-11-17,158.94161987304688,159.0563962259088,156.64617364422588,156.69915667190264,3920300
2022-11-18,160.08935546875,160.53961020358443,158.9328084952585,159.10055441747252,4498100
2022-11-21,163.17051696777344,163.4442019579799,160.76029466329413,160.91921678524068,4397600
2022-11-22,163.1881866455078,164.7596797139976,162.77324048424782,164.04456374671219,4109600
2022-11-23,163.40008544921875,164.28294736748464,162.8880239200561,163.32945487918903,2511000
2022-11-25,162.543701171875,163.32944770576552,162.39361626892997,162.95864733294783,1837000
2022-11-28,162.34947204589844,163.76205645526355,162.01398021760846,162.79972675907445,6411400
2022-11-29,161.20175170898438,161.93452870537624,159.8156655257735,161.82858958781716,4375400
2022-11-30,163.7797088623047,163.94745478143628,159.12703627363229,160.5925768130159,7915600
2022-12-01,165.1477508544922,165.52975647888945,163.6019978520697,164.77463759337533,4683300
2022-12-02,164.96124267578125,165.51202712103665,163.31775459467136,163.45989688874866,3547700
2022-12-05,162.67813110351562,163.40660020875853,161.9674467296847,162.95352333169046,4083200
2022-12-06,161.35447692871094,163.71752832944787,160.52828665294146,163.23781500077624,5835100
2022-12-07,161.843017578125,162.082880943867,160.5193567734924,161.51432546778244,4241700
2022-12-08,163.2644500732422,163.44212115816967,161.02575644793836,161.51436209806508,3800800
2022-12-09,162.66038513183594,163.64647535989567,162.61596396643142,163.64647535989567,3116100
2022-12-12,163.4332275390625,163.6197774169302,162.002953068531,163.6197774169302,4691400
2022-12-13,163.3444061279297,165.9828631817072,162.51822945221923,165.66304979472096,5634900
2022-12-14,162.89132690429688,165.13002039458522,161.79863692022985,163.52207480649915,5392500
2022-12-15,160.12850952148438,162.31390318863777,158.47614266742255,161.66538406977492,6127800
2022-12-16,160.2084503173828,160.96356933351836,158.55608355779006,159.9774792744802,15708100
2022-12-19,161.0968475341797,162.98907803370025,160.2173708105215,160.6704341664837,4447800
2022-12-20,160.99911499023438,161.90525519342324,160.47498051753553,161.52326301836882,3249000
2022-12-21,162.1273651123047,163.17563417190047,161.1501536538365,161.28341715568422,4236900
2022-12-22,160.87472534179688,161.72756547401212,158.94696640159617,161.55877320942744,4304700
2022-12-23,161.9141082763672,162.17174284434032,160.3061627616365,160.71481841357198,2197800
2022-12-27,162.6337432861328,163.11345665238414,161.92304527038803,162.82029321256056,3045000
2022-12-28,161.46107482910156,163.93961851408082,161.36335369138922,163.54874751866734,2694300
2022-12-29,161.66537475585938,162.44714375523813,161.58542480513222,161.61207478870793,2549200
2022-12-30,160.49273681640625,161.647619155701,159.27566214436877,161.1323635410792,3136200
2023-01-03,159.3822784423828,160.57268959604224,156.8593138480923,160.43054730907065,5137400
2023-01-04,158.9914093017578,160.38614165563104,157.7299268826561,159.38229385100206,4771300
2023-01-05,157.3301544189453,158.81372901377594,157.11694098021272,158.09415229677663,3647100
2023-01-06,160.88363647460938,161.53214206985646,158.84038499808548,158.84926380841316,3713200
2023-01-09,159.3112030029297,162.36719431323894,158.84924736044627,160.29729306462326,3319200
2023-01-10,157.99642944335938,159.48888283191837,157.32126033911462,158.8314849028998,3817300
2023-01-11,158.17408752441406,159.64878317193399,156.06864398485672,159.3644986134287,4369900
2023-01-12,156.1575164794922,158.45838915342927,155.74887429195311,157.8276546949209,4246600
2023-01-13,155.67779541015625,156.1130875641672,154.72723403098766,155.81992415438907,4720400
2023-01-17,156.40621948242188,157.72989396512924,155.89985628053006,156.48616942659956,5032600
2023-01-18,152.4618377685547,156.1219261697808,152.20421680012288,155.67774180284718,5032600
2023-01-19,150.6940155029297,152.95046646455208,150.5607520393934,152.15981871379634,4720400
2023-01-20,150.9161376953125,150.9250165058052,148.76628623316492,150.08994743467431,5779100
2023-01-23,150.24095153808594,151.69787606467386,149.88560938250228,151.03159935637876,5440400
2023-01-24,151.6356964111328,151.79559631359115,149.64574510723443,150.67625633008007,4125600
2023-01-25,152.7372589111328,152.78168006734774,150.43638670679746,151.32475560936095,3852800
2023-01-26,151.21815490722656,152.5062870982844,151.05824145675555,152.47963711577816,4558400
2023-01-27,150.68515014648438,151.22705579561946,149.7612523220328,150.8184136339058,5451400
2023-01-30,150.56076049804688,152.31974071642796,150.25871831908873,150.8272738846592,5191500
2023-01-31,151.9288787841797,151.97329994778374,150.41865410969373,151.20040965629397,4665500
2023-02-01,152.40858459472656,153.0837537151826,150.58742542021346,151.804500176882,4147700
2023-02-02,150.99606323242188,151.52019763086406,149.69903867218437,150.54299997273293,5653800
2023-02-03,150.24095153808594,152.16871052076766,148.40203487201728,151.87556069790003,5308200
2023-02-06,152.63958740234375,153.13707193642819,150.6585145217361,150.791778021861,5640000
2023-02-07,152.40858459472656,152.82611911223955,150.36533316857614,151.28035216088708,6044700
2023-02-08,152.05323791503906,152.2042590150315,151.2359400798497,151.91109562489268,5687300
2023-02-09,153.49237060546875,156.78822504172837,152.8349727688597,155.74883510178012,9619400
2023-02-10,156.53062438964844,156.8770877780172,153.3769115411741,153.794446080418,6176000
2023-02-13,157.9253387451172,158.33398083668024,156.38845083105772,156.58389306804293,5205100
2023-02-14,156.1486358642578,157.46341829768105,155.2780244122042,157.3301683588138,5203000
2023-02-15,156.36181640625,156.39735875583807,155.1003341045662,155.46456863295342,4125500
2023-02-16,155.9176025390625,157.15243462354704,155.05588372232523,155.23356832590855,4973200
2023-02-17,156.60166931152344,156.72604041586516,155.31353711181973,155.6067004767896,3952100
2023-02-21,156.5128631591797,157.60556692345864,155.17143068418554,155.9798498268982,5797300
2023-02-22,156.4595489501953,157.6233102085752,156.1486279235045,156.99257578943045,5299500
2023-02-23,156.62831115722656,157.23240902938417,155.4556713137005,156.93924567964442,3801400
2023-02-24,156.31741333007812,156.64610551839772,154.83382518908402,155.8732288354041,2959100
2023-02-27,156.27297973632812,157.46339083404013,156.04199514199652,157.2146486212476,3208500
2023-02-28,154.15867614746094,155.51787967412966,153.8655127419432,155.35797975590302,4317100
2023-03-01,152.20423889160156,153.20810004431354,150.2409377404046,153.0837289457377,5359100
2023-03-02,155.01258850097656,155.40610078578254,151.84650342900093,152.49939128117373,4476300
2023-03-03,154.8605499267578,155.12886433168177,153.23279952508426,154.7263995478146,3627100
2023-03-06,155.17356872558594,155.31667154552068,154.02877346018025,154.02877346018025,3611400
2023-03-07,154.40443420410156,155.853312971288,153.7157637080149,155.32563658657668,4094900
2023-03-08,154.82476806640625,155.04836111059856,153.6352514336588,154.44018093393655,2920200
2023-03-09,153.6531524658203,155.94274320036897,153.11652366683168,155.2809028345546,4042100
2023-03-10,153.85885620117188,155.83542486713316,152.901884995571,154.30604232362998,4129900
2023-03-13,155.36141967773438,158.50960037704715,154.37760467980013,154.51175506722828,8265100
2023-03-14,155.20040893554688,155.45083206327132,153.44744704147584,154.27026783928997,6480800
2023-03-15,157.97296142578125,157.9997914992324,154.89631896437496,155.20040222817906,7099800
2023-03-16,157.86563110351562,158.30387839165738,156.80133965580566,157.9550737817606,4734400
2023-03-17,156.63140869140625,158.0266271482389,155.8264655183619,157.8656330548153,8854600
2023-03-20,158.83154296875,158.91203318499794,156.97124730448485,157.85668062431895,4367000
2023-03-21,159.20716857910156,159.35027138676858,157.65990870642705,158.89414654024415,3812000
2023-03-22,157.86563110351562,160.4235361251041,157.78514088131715,159.0551477595832,4380800
2023-03-23,157.09646606445312,158.50063692070393,156.53302087783,157.4631619291215,4655600
2023-03-24,160.17312622070312,160.39671928773086,157.7583238262111,157.8835353978651,3713800
2023-03-27,160.53086853027344,161.56832989397677,160.36987444038238,160.6113587517007,4078600
2023-03-28,160.4771728515625,161.39838863251686,160.38774383340638,160.38774383340638,2850000
2023-03-29,161.58619689941406,161.8008511046966,160.97803045499865,161.56830563721522,4496000
2023-03-30,161.7293243408203,162.17651043467413,161.05854520003956,161.88136597508623,2743000
2023-03-31,163.0440673828125,163.21400029746385,162.16758638028404,162.91885581102272,4479800
2023-04-03,163.2229461669922,163.4554780540771,161.34475886187172,162.68631732351824,3902300
2023-04-04,162.6416015625,163.9920987673369,161.97082236493188,162.9367324000368,3306400
2023-04-05,164.24249267578125,165.423070403948,163.7237552176809,163.89368810101112,3826300
2023-04-06,164.886474609375,165.22634044390452,163.75957044593636,163.93844217309578,3389700
2023-04-10,163.8489532470703,164.47501093897097,162.4984563940393,164.41241199329798,2408100
2023-04-11,163.5985565185547,164.45715981075315,163.4554536953489,164.04574260579557,3586700
2023-04-12,163.27658081054688,164.36771594729646,162.99932762198588,163.3928535594413,3620900
2023-04-13,164.9043731689453,165.11007498192373,162.87414417595383,163.33026914743778,4303600
2023-04-14,164.12623596191406,164.58237451371775,163.59855964417707,163.97419432699172,2572900
2023-04-17,164.9669647216797,165.23527913574614,164.09942251618634,164.73443284124235,3224400
2023-04-18,165.30682373046875,165.65562836024162,164.33196125841596,165.25316357927866,2438600
2023-04-19,165.20843505859375,165.7450638412505,164.79701783895197,165.6735124270938,2209900
2023-04-20,165.75401306152344,166.38900972561385,164.74336803775643,165.31576573992587,3868200
2023-04-21,165.82554626464844,166.69308835581634,165.57512315039753,166.34428375760712,3781800
2023-04-24,165.90603637695312,166.86302114275065,165.4767415595198,166.80040854071027,3540200
2023-04-25,169.67132568359375,170.0916679870491,166.5678536135706,166.85404556986302,6231600
2023-04-26,168.62490844726562,169.411960256333,168.0256807824657,168.57124830519922,4481700
2023-04-27,169.6534423828125,169.88597421115156,167.70370414799993,168.30293180517108,4574500
2023-04-28,170.7267303466797,171.37961831424363,169.60876495501066,169.84129684354397,4608900
2023-05-01,171.43324279785156,172.01459286877576,170.18112727853665,170.33316890252235,3137800
2023-05-02,171.9430389404297,172.16663196896081,169.7071086551185,171.1470483047403,3712200
2023-05-03,171.88046264648438,172.83744756130906,171.52271918408613,172.23821975592094,3389600
2023-05-04,172.95370483398438,173.46348990458554,171.86256963026744,172.68539043770303,4267600
2023-05-05,173.7496795654297,173.9374900726047,172.06825557414797,172.45284269104226,4146500
2023-05-08,172.92684936523438,173.50818576594543,172.30077798350237,172.97155705218515,2249900
2023-05-09,173.63343811035156,174.10745433850096,172.35449226946804,173.38301495763258,3087600
2023-05-10,173.7496795654297,174.92130488602183,172.31867868173856,173.6065767476534,4352900
2023-05-11,174.7066650390625,174.86765913407083,172.61383733321293,173.758632675577,3690200
2023-05-12,175.40428161621094,175.49372430018568,174.3578677194866,174.70667235172803,2741000
2023-05-15,173.7496795654297,176.0839913981414,173.5081952663117,175.80673821809725,2946400
2023-05-16,172.99838256835938,173.93747596919724,172.20239197369455,173.93747596919724,5803100
2023-05-17,171.7731170654297,173.14150539598742,170.68198192449609,172.89108227974396,4878800
2023-05-18,171.325927734375,171.4600917457731,170.29740521550315,171.11128715139571,3709400
2023-05-19,171.57635498046875,172.4886184212223,170.91452830428605,172.130875009612,3883000
2023-05-22,166.9256134033203,171.17388101079302,166.71991163507582,170.99500931462237,5787000
2023-05-23,166.41586303710938,166.91670934948507,165.0921821863582,166.79149777139114,6382300
2023-05-24,165.3604736328125,167.01506764282288,164.89539627292777,166.59471162183726,3721000
2023-05-25,164.3856201171875,164.76125481960216,162.73102601763594,163.40180519631295,4712700
2023-05-26,164.1888427734375,164.78807048300408,163.13347652815946,164.30511552129119,4449300
2023-05-30,162.4269561767578,163.75062337774276,161.6130740973053,162.82942098787044,4331800
2023-05-31,163.08880615234375,165.119021594226,162.29281529368876,163.54493114538002,20414600
2023-06-01,164.08396911621094,164.5342791412327,162.83210779634527,164.29110787985695,5277400
2023-06-02,165.76809692382812,165.97523565337542,163.64263340592,163.93083837082847,4288300
2023-06-05,165.8852081298828,167.66843196942634,165.36284685519405,165.57900061304255,4311700
2023-06-06,163.51657104492188,166.72277616464643,162.4988660097481,166.596689909681,3975600
2023-06-07,162.21063232421875,163.6786469921249,161.84137490896902,162.75100969982165,5162700
2023-06-08,164.00289916992188,164.18302041230234,161.5081780487242,161.84140303424655,4036100
2023-06-09,164.2280731201172,164.66036690021653,163.0122305445216,163.65167683252756,3200100
2023-06-12,163.82278442382812,164.5703007273066,162.73304184025915,164.35416070669606,4207100
2023-06-13,163.49853515625,164.0839463529875,163.08425768643028,164.02991135626056,2838700
2023-06-14,164.966552734375,165.39884645764246,163.4084840862873,163.9128290538276,3559300
2023-06-15,167.25416564941406,167.66844320174593,165.2818054218258,165.94825550402194,4326100
2023-06-16,167.5513153076172,168.94727886075177,167.24510784863426,167.64138279196214,8925700
2023-06-20,166.89389038085938,169.19947538732467,166.8308541267487,168.00164913551546,4154800
2023-06-21,167.001953125,168.30786306510723,165.88519316611553,167.26314060996947,3832400
2023-06-22,168.73114013671875,168.938278861405,167.39821281885128,168.172746465905,3185800
2023-06-23,167.57838439941406,169.31657455247066,167.47030064531242,169.31657455247066,7592600
2023-06-26,166.51564025878906,167.90258908717982,165.822158973408,167.65943156853186,3706100
2023-06-27,167.7134552001953,168.0646964456853,165.67805897535212,166.31749147085856,5763000
2023-06-28,165.4438934326172,168.18178596443911,165.1557021748506,167.7404772113678,5193900
2023-06-29,165.6060028076172,165.615004059973,163.36345415772615,165.03860783469258,5770400
2023-06-30,166.81283569335938,167.08302443890824,165.60600820459427,165.75009695883261,7635100
2023-07-03,167.1550750732422,167.19109382607687,165.23675010349882,165.9842663417445,2389000
2023-07-05,168.0376739501953,168.13674269558697,166.58767526348268,166.61469276291947,5277100
2023-07-06,168.05567932128906,168.19076680973077,166.51561324120817,167.34418190251182,5592100
2023-07-07,164.885498046875,167.40723659343615,164.8404643020067,167.35320159654196,6309900
2023-07-10,165.9842529296875,167.4342515411932,165.5159267264566,165.7771141972922,5508800
2023-07-11,165.69607543945312,166.37154048709684,164.2911103391337,166.05633171028603,3914300
2023-07-12,164.966552734375,166.26344764654706,164.79543274702317,165.69605268687937,6080100
2023-07-13,168.8932647705078,169.37059226340233,165.0476135848077,167.33519604355723,8223100
2023-07-14,169.5056915283203,169.8839502687067,168.49698781158637,169.19046904014652,4467600
2023-07-17,167.1820831298828,168.42492929684548,166.99294689666587,167.82151558876419,5637400
2023-07-18,166.11935424804688,168.25383296711604,165.55197299970177,167.01097298454692,5684100
2023-07-19,167.74948120117188,168.05570245440674,166.09234365045708,166.61470491495064,4140800
2023-07-20,170.4873504638672,171.1087803959987,168.244801957125,168.8662318892565,5056500
2023-07-21,171.26190185546875,172.44171185226196,170.48736810868056,171.21686810716363,15022100
2023-07-24,171.94638061523438,172.40569189967349,171.24389806615264,171.64917434564262,4225800
2023-07-25,172.34262084960938,172.92801827487625,171.17181225670686,171.4870347117698,3521600
2023-07-26,172.5587921142578,173.26127459295537,171.1718296617943,172.1264846332361,3898900
2023-07-27,169.79388427734375,173.1802104658063,169.6767992820078,172.91903671740735,4141800
2023-07-28,171.3970184326172,172.35167359219642,170.9286921070673,171.24391465630475,5602300
2023-07-31,168.83021545410156,170.74852652984887,168.28083675579614,170.62244029133794,5687700
2023-08-01,168.25384521484375,169.8569478128148,167.8755726985841,168.8572590024062,2853900
2023-08-02,169.5957489013672,171.09078138984063,167.8755614143539,168.04668141202347,4285900
2023-08-03,168.5240020751953,170.41530948317782,168.38891457849797,169.46965577918655,2857400
2023-08-04,166.2544403076172,169.3255437458889,166.02928533089633,168.52399257845747,4651100
2023-08-07,168.31686401367188,168.60506899761864,166.7047603296259,166.86686532631845,3323400
2023-08-08,166.1103515625,168.84823025921918,165.74109407196977,168.59605776382546,5017900
2023-08-09,165.69607543945312,166.61471175211258,164.4802465991174,165.60602167852358,4413100
2023-08-10,165.48892211914062,167.14605959212395,165.29078462320018,165.91221461116152,3727200
2023-08-11,165.75009155273438,165.9662452905975,165.06562532972282,165.7140728009422,2873800
2023-08-14,165.37184143066406,166.48861518756243,164.93054642197004,166.06532268451704,3385600
2023-08-15,163.32742309570312,165.22773161966518,163.12928561984972,164.94852790923977,3331800
2023-08-16,163.20135498046875,164.76842497319367,162.96718498716834,163.55259622804888,2633700
2023-08-17,160.71560668945312,163.38144744574072,160.59853545579927,163.20132622734639,4503000
2023-08-18,160.47247314453125,161.7063319519377,159.65291934715643,160.72465940030577,6020300
2023-08-21,159.4547576904297,160.2743251060633,158.71624276846464,160.06717263241796,4284100
2023-08-22,158.2389373779297,159.24764116179483,157.8876961140258,158.67123114680265,3489300
2023-08-23,160.41842651367188,160.5625290087069,158.84234154794848,159.63489152827074,4042700
2023-08-24,159.57183837890625,162.50786825213174,159.49980087518307,160.31935459695697,5709800
2023-08-25,161.5892333984375,161.85042088551347,160.16625219648782,160.36438968931438,4710700
2023-08-28,162.3367462158203,163.1743161741608,161.51717876199888,162.85010618437985,3189800
2023-08-29,162.94918823242188,163.21037575736787,161.22901428419155,162.38180691376223,4368600
2023-08-30,163.0842742919922,164.14699931548316,162.76005053624783,163.42651429593647,3153400
2023-08-31,161.36557006835938,162.9164705351067,161.3111549360256,162.65344561009755,5566700
2023-09-01,159.00747680664062,162.1727432797451,158.39073974659382,162.10018516450165,4801400
2023-09-05,157.95541381835938,159.51537878661546,157.49285753742936,158.96213523579155,5081800
2023-09-06,158.47238159179688,158.70819895460372,157.33868685229356,158.64470540644894,5933800
2023-09-07,159.98703002929688,160.58562430006143,158.90776403322448,159.48821530937644,4934300
2023-09-08,159.869140625,160.66725250757582,159.27054633378023,159.45193476895426,2995000
2023-09-11,162.2815704345703,162.73504826689947,160.37697184221497,160.37697184221497,4512700
2023-09-12,161.68301391601562,162.27252964884744,161.25674358401213,162.10928424801912,3331100
2023-09-13,162.96180725097656,163.37901299727602,161.62859499167212,161.73742525633855,3781400
2023-09-14,164.3676300048828,164.78483584898797,162.6444191614726,163.19766286830222,4118300
2023-09-15,163.10691833496094,164.9027006794099,162.89832238793576,164.53084550150461,11661200
2023-09-18,162.68975830078125,164.15902247119902,161.82813910054944,164.15902247119902,3182600
2023-09-19,161.72837829589844,162.46301034050586,160.80327942833244,162.21812837928726,3369300
2023-09-20,161.78277587890625,162.72600379750918,161.0390654992575,162.42670673050762,3695800
2023-09-21,159.06190490722656,161.73742161947345,158.83516596823875,161.5288256705377,5351000
2023-09-22,158.96214294433594,159.97792898630212,158.14587444143007,158.66284587717513,4542300
2023-09-25,158.10963439941406,159.11635607005277,157.06662674045427,158.42706068244988,3553600
2023-09-26,156.468017578125,157.55636176396632,155.66989205028602,156.90335248465212,5213700
2023-09-27,153.79251098632812,156.62220882563946,153.30274707472543,156.2775611722189,5729900
2023-09-28,153.72900390625,154.34572719068302,152.5318156401668,154.1189882468685,4841600
2023-09-29,153.6746063232422,154.94433901798513,152.4048597894508,154.64504191728534,5194200
2023-10-02,153.42971801757812,153.7199505295476,151.75185801454123,153.34809531322966,3838800
2023-10-03,152.09649658203125,154.1824978501667,151.48883781001345,153.1485687122628,4873400
2023-10-04,153.1939239501953,153.3934553547459,151.5160500043969,152.77671814821264,4134000
2023-10-05,145.20361328125,153.10318968793936,144.99500350588477,153.0669175490756,10556400
2023-10-06,145.3759307861328,145.94731733597928,141.3309158991288,144.00643258844207,12774700
2023-10-09,146.34640502929688,146.40082016921704,143.8794838665582,145.11294444792753,7244500
2023-10-10,149.10353088378906,149.81095531442156,146.95405002448624,148.96749304676263,11456400
2023-10-11,147.48915100097656,150.04677305579116,146.56406602880952,149.6567748569365,7371500
2023-10-12,143.3715362548828,147.51631595822263,142.78200683881607,147.47097925156206,9024100
2023-10-13,145.11294555664062,145.33061995703318,143.25368317388637,143.86134197271895,6757100
2023-10-16,146.0924530029297,146.88150018026832,144.93155059802183,146.01989487274193,5605000
2023-10-17,145.44851684570312,146.59129016491,144.35110792947484,145.11294758291336,6411300
2023-10-18,146.95407104492188,148.19659626432028,145.90199882460306,146.03805052013797,6650600
2023-10-19,145.62081909179688,147.57984691504322,145.48478125922995,146.83613652621844,6336800
2023-10-20,145.11294555664062,147.1354533604026,144.84993443200074,146.3554707244737,5486500
2023-10-23,145.18548583984375,146.56406252807233,144.26038705072548,144.75015093163105,5795800
2023-10-24,147.09915161132812,147.6977457126614,144.82268387902772,145.48477152400824,5265200
2023-10-25,147.24429321289062,148.2872869432328,146.44616760696363,146.97220368004747,4534600
2023-10-26,146.39173889160156,148.16029993249015,146.29197320011312,147.54356279263962,5147000
2023-10-27,144.76828002929688,147.05381251489064,144.10620617177685,146.94498224764,5078000
2023-10-30,147.1807861328125,147.4528756406514,145.78408028984205,146.29197332364947,4625900
2023-10-31,148.08775329589844,148.15124684951994,146.6184892154957,147.78845619821485,5947400
2023-11-01,149.52978515625,150.0376781452989,147.6161080331254,148.4414410598529,6682500
2023-11-02,151.3074493408203,151.60674643838465,149.34842134169838,149.4119148952946,5413400
2023-11-03,151.27114868164062,153.10320323489418,151.18046140693414,152.98529455482407,4063300
2023-11-06,151.18955993652344,151.91512749235665,149.83820437582227,150.0649433720795,5784600
2023-11-07,151.6248321533203,152.1055313582756,150.66346142149834,151.2801984322608,4687200
2023-11-08,151.81533813476562,152.67694341853564,151.1532642437484,152.52276258578084,4926600
2023-11-09,150.6997833251953,152.24160546113217,150.38234325056965,151.9876589370507,5639300
2023-11-10,151.38905334472656,152.16903584955043,149.52072669897433,151.74276553650446,5552900
2023-11-13,152.1599884033203,153.07600883923803,150.9718784417786,151.4616285166633,5402300
2023-11-14,152.4683074951172,152.76760450581568,151.36182054855104,152.32319127677047,6238900
2023-11-15,151.6883544921875,153.0850603068512,150.79954170103787,153.00343760786794,5611200
2023-11-16,152.10557556152344,154.18249842166935,150.91745174300289,152.7222989124669,5386400
2023-11-17,151.2439422607422,152.59531136724007,150.34606488739905,152.4139229774064,5583100
2023-11-20,151.0262908935547,151.25302985436812,150.30072345114206,150.5546699801293,4886200
2023-11-21,152.18719482421875,152.24160996112352,150.48211339294596,151.56139307171765,3980000
2023-11-22,153.4750518798828,153.79249192543202,152.64065425732207,152.68600481226431,3235600
2023-11-24,153.61109924316406,154.20062881592332,153.23017946828205,153.23017946828205,1751700
2023-11-27,152.65879821777344,153.91038774004946,152.45018843152207,153.91038774004946,3664700
2023-11-28,153.1485595703125,153.96481426870437,152.38672000660708,152.71322465377332,4056100
2023-11-29,151.60675048828125,153.3843762897848,151.14419412557626,153.3662471360287,4722400
2023-11-30,153.79547119140625,153.85944890751895,150.62434903720438,151.8032374630731,7346700
2023-12-01,154.16099548339844,154.30721827950242,152.96382597251542,153.86854989119047,4897400
2023-12-04,154.57223510742188,155.2850538086874,153.70405991429834,153.8959651329457,5323300
2023-12-05,153.47560119628906,154.96521639044042,153.2654146293992,154.58137804106005,4553800
2023-12-06,153.08262634277344,153.82287405050772,152.3698076119839,153.5121471093484,4726600
2023-12-07,153.03695678710938,153.8046056471906,152.34240538978102,153.53044135585444,4934800
2023-12-08,151.41026306152344,152.72624059714067,151.03558624631873,152.6531291846535,5115200
2023-12-11,153.36595153808594,153.64924952684342,152.12308549949745,153.018675838538,6912600
2023-12-12,153.9599609375,154.70019475703438,153.26542349025507,154.70019475703438,4515800
2023-12-13,157.19503784179688,157.23160051218719,153.64007812556918,154.02390249722927,6082100
2023-12-14,153.75889587402344,157.15849932332705,153.47559791067712,156.86605371950253,7119300
2023-12-15,152.61659240722656,153.99653382151956,152.11396012235917,153.0278319331809,17734600
2023-12-18,154.362060546875,155.58664518578036,152.99125310030425,153.58526408265513,5439500
2023-12-19,153.48472595214844,154.28893738846455,152.8998487106204,153.47559225658063,4855900
2023-12-20,151.4193878173828,153.04607815177482,151.4011064808801,152.1687552791063,5157800
2023-12-21,152.58914184570312,152.7079496157162,151.14522304739998,152.1596210790432,4374000
2023-12-22,153.2379913330078,153.68579346083703,152.4886238323877,152.94555965665538,3030400
2023-12-26,154.3163604736328,154.82812634360764,152.84502662516812,153.2105696909861,2779200
2023-12-27,154.80984497070312,154.8921040133809,153.85942463305437,154.35290916625053,3502500
2023-12-28,154.80068969726562,154.93776484166509,154.17011614388375,154.80982339203487,2911100
2023-12-29,155.21197509765625,155.42217564082586,154.59968269683137,154.75503922140697,3291500
2024-01-02,158.01754760742188,158.09065901150274,154.6179440128212,154.91952332543934,5743100
2024-01-03,158.0541229248047,160.11033444753306,157.8256549778349,159.92756287887258,5588200
2024-01-04,156.70156860351562,158.58414191927343,155.88822341531227,156.8295100731912,6283200
2024-01-05,154.3894805908203,156.7929675207413,153.12833323678194,156.7929675207413,5252500
2024-01-08,154.54483032226562,155.1114262647915,153.33851308964037,154.3894738201077,5735600
2024-01-09,152.77191162109375,153.42990027971163,151.63870583245767,153.3385075431249,6268800
2024-01-10,152.54344177246094,153.49387602033684,151.8854531222618,152.24186247907187,4394900
2024-01-11,151.82147216796875,152.74447733502186,150.62430277028866,152.74447733502186,4800700
2024-01-12,152.86329650878906,152.96382293604336,151.3097176786009,152.01338872480778,3546100
2024-01-16,151.85801696777344,153.09174900143358,150.96242685246474,152.86328113924256,4576600
2024-01-17,152.1047821044922,152.36979871679682,151.19091055995145,151.6935426983635,4392300
2024-01-18,152.77191162109375,152.87243805350965,150.7796782535818,151.2183327111358,4709400
2024-01-19,151.5016326904297,152.8358913616723,151.30972746344432,152.74449862386805,6528600
2024-01-22,150.88934326171875,152.3515434269526,150.8070981628751,151.6661397141069,5697400
2024-01-23,153.20144653320312,153.46646318246474,150.20394856466964,150.38672011015095,4932700
2024-01-24,151.33714294433594,153.29282761580615,151.2640315427907,153.20143487773106,4984700
2024-01-25,152.21444702148438,152.25100969337848,150.73397953496527,151.5290433414924,5373800
2024-01-26,153.40249633789062,153.55785284566053,152.2510230743504,152.2510230743504,4849000
2024-01-29,153.66751098632812,154.1701431782183,152.97297355862736,153.10091503069262,5713600
2024-01-30,155.01089477539062,155.0840061760064,152.9090012721262,153.2288479621746,4804200
2024-01-31,154.01478576660156,155.70545387176782,153.42077478077263,155.32162945782957,5769200
2024-02-01,156.91175842285156,157.0031511650447,152.77192099276056,154.01478698588426,4920800
2024-02-02,156.24462890625,157.1493668122578,155.44956507479026,156.4913781432656,5307700
2024-02-05,156.19891357421875,156.8020721049987,154.48997834824792,155.86078558479923,5142700
2024-02-06,156.65585327148438,157.03054393895758,155.30332733511563,156.68326830134117,5182700
2024-02-07,156.70156860351562,158.00839833344628,156.61932350399013,157.7616630348698,5769700
2024-02-08,158.87657165527344,159.1050395386175,156.64672288270395,156.93002082691888,9269700
2024-02-09,153.22885131835938,156.62845482629817,152.58914397967717,156.45481698910424,12731700
2024-02-12,155.91563415527344,156.3360212266743,152.79932865414486,153.4024872565389,7867500
2024-02-13,154.3346710205078,156.6833142492822,152.83592185567412,156.47312764388454,7302000
2024-02-14,153.09178161621094,154.11531339461766,151.7575228811525,153.84114911266596,5731900
2024-02-15,153.40249633789062,153.86856586120038,152.32412053541583,153.48474144002031,4451400
2024-02-16,151.99513244628906,152.99124915172362,151.41024123072296,152.8084776191463,5246000
2024-02-20,154.12445068359375,154.91952851424412,152.79020586200917,153.292838066541,6117900
2024-02-21,154.2889404296875,155.5226586951832,153.40248388206777,155.31247213639332,4192600
2024-02-22,153.75889587402344,154.28894307252494,151.79407752240783,153.2014336432351,7539200
2024-02-23,154.99261474609375,155.58662565387417,153.34764322779904,153.47558468230125,6409800
2024-02-26,153.7680206298828,154.82811496525215,153.26540243746413,154.82811496525215,3837000
2024-02-27,153.6766357421875,153.7314658013968,152.93640205371668,153.36592277695303,3567600
2024-02-28,152.6439971923828,153.9873897796168,152.113949904362,153.64011405256747,5275300
2024-02-29,152.2526092529297,153.48653899377888,151.85665238648852,153.05375448550157,8489400
2024-03-01,151.56199645996094,151.93954658431736,150.3280665447867,151.81062874319454,6109900
2024-03-04,152.2802276611328,152.5380632970712,150.65034111630553,151.4330514214798,4303700
2024-03-05,149.21380615234375,152.39993792523964,149.0020156109539,152.14210229633338,6631300
2024-03-06,150.09783935546875,151.00948159764036,149.21382135842452,149.2322422055059,5302500
2024-03-07,150.19912719726562,150.92658904279835,149.63741081616234,150.85293375926673,5801600
2024-03-08,150.14389038085938,151.20285728856066,149.25987234888171,149.47167697121392,6065300
2024-03-11,151.69088745117188,152.32627314530802,150.3832884223792,150.94500478448626,5404800
2024-03-12,151.51593017578125,152.32627880723342,150.9818520879484,152.06844316104207,6158500
2024-03-13,152.21575927734375,152.9892661013102,151.70008806136613,152.031592993207,4585800
2024-03-14,151.7369384765625,153.09978604494947,151.20284633669718,153.09978604494947,5155300
2024-03-15,151.62643432617188,152.28944425801743,150.68716791422594,151.99476693231352,21887300
2024-03-18,157.7040252685547,158.55120160357777,153.7351826567984,153.8272728447098,10478500
2024-03-19,158.20127868652344,158.98398902481762,157.46459938796093,157.5566895694021,7653700
2024-03-20,158.2565460205078,159.39839977180347,157.57511512926823,158.66172038551565,5046700
2024-03-21,158.79983520507812,159.69305664156565,157.51065686942087,158.31178811722287,4343000
2024-03-22,158.4038543701172,159.39836924348552,158.16442553610997,159.324699913867,4106400
2024-03-25,158.93795776367188,159.38916311953378,158.48673835682106,158.56961108940928,3941900
2024-03-26,159.0576629638672,159.27867097512993,158.21970411284826,158.54199165524344,4593000
2024-03-27,159.8311767578125,160.86251932847162,159.35233311386847,160.22713361940887,4911300
2024-03-28,161.1571807861328,161.89386006439287,160.5678401737225,160.92696938986333,5710400
2024-04-01,159.2878875732422,162.2806361418596,158.98400680169448,161.67288864975467,4815400
2024-04-02,157.86976623535156,160.10741421841382,157.79609690388196,159.25103458568282,5158500
2024-04-03,156.24908447265625,157.3909381466964,155.34665966227996,156.54376182763033,5828000
2024-04-04,156.22146606445312,158.18287188519514,155.92680274945815,157.39094402784772,5422600
2024-04-05,155.7518310546875,156.51613462233564,154.76653352597734,155.99124586283452,4412200
2024-04-08,156.15699768066406,156.58979623437776,155.38349075312885,155.76102676831403,3755700
2024-04-09,157.10546875,157.20676232827938,155.37427452158485,156.75554292485512,3773900
2024-04-10,155.57687377929688,156.2030561439996,154.49028262868114,156.1478076517296,4581500
2024-04-11,155.03355407714844,156.424025769849,154.49025858639004,156.19381438722382,4241500
2024-04-12,154.79412841796875,155.17166438018853,154.07587007873948,154.41657840476225,5453500
2024-04-15,153.7351837158203,155.94522178200847,152.88800737496138,155.81630394863842,5133200
2024-04-16,154.24163818359375,155.1716871823448,153.6799218048856,153.8088396269995,4569700
2024-04-17,156.06492614746094,156.267513326638,154.89546221883646,155.70579688455436,4069200
2024-04-18,158.6340789794922,159.01161500514948,156.63584566910473,156.63584566910473,5574700
2024-04-19,160.34686279296875,160.47578062615992,158.20129067193812,158.64329266416635,6636700
2024-04-22,162.492431640625,163.17384843762696,160.25476937625362,160.6046952240047,7288700
2024-04-23,157.66720581054688,161.0375045288451,156.67269074362326,160.87174499219583,9145000
2024-04-24,163.36721801757812,163.9933862686441,154.37975614777662,155.1624805125976,10016700
2024-04-25,162.69497680664062,166.33232778609303,161.9030631626138,164.16833523256975,7441500
2024-04-26,161.68206787109375,164.43540120085336,160.54021429884472,160.63230447681212,4472100
2024-04-29,162.19776916503906,162.3635287058616,161.1664264256668,161.60842844954192,3224500
2024-04-30,161.9859619140625,162.50163323070106,161.00065032256487,162.31746691061437,4465100
2024-05-01,161.28611755371094,162.2806325885482,159.9140664633905,161.57159152145263,4340500
2024-05-02,161.56236267089844,162.36350792217158,160.73360722584536,161.68207709889091,3964800
2024-05-03,162.2069549560547,162.52005315451146,161.14798808333146,161.8846674104817,3491900
2024-05-06,161.903076171875,162.76865921184847,161.2676904752758,162.76865921184847,3576200
2024-05-07,163.92893981933594,164.04864019425034,162.53845395227071,162.98967336060807,3708000
2024-05-08,163.36721801757812,164.7208621467226,163.16463086553006,164.5643200839561,3400900
2024-05-09,163.96578979492188,164.30649822152932,163.0725683053378,163.22911039461664,2421400
2024-05-10,165.558837890625,165.89956034538733,163.5514010616018,163.8644852191759,4201600
2024-05-13,166.58096313476562,166.99535489484808,165.6140864972099,166.22183391341926,4408100
2024-05-14,165.63250732421875,166.93090310023103,164.46304343185784,166.71911252892795,3508600
2024-05-15,165.25497436523438,166.12055751443555,164.83137916371874,165.0523871885517,4785100
2024-05-16,168.6160430908203,168.89229958873938,165.25496217727436,165.411504247531,5984700
2024-05-17,167.7688446044922,168.477899576775,167.43733966104713,168.137177185659,4449100
2024-05-20,166.0376739501953,167.7136197478619,165.66934131714228,167.67677805396303,3221100
2024-05-21,166.74671936035156,167.20714215048363,165.5680381416925,167.1334728179439,3288100
2024-05-22,167.6767578125,167.71359950195145,165.73377319806994,166.16657171770515,4047000
2024-05-23,165.0800018310547,167.49261291174236,164.8681972171244,166.976941601457,4009000
2024-05-24,163.9013214111328,165.21812393900166,163.7908103790605,165.172078846554,3447400
2024-05-28,159.6562042236328,162.32665066927308,158.2933427077035,162.28060558207488,6178100
2024-05-29,157.60272216796875,159.47203765160438,157.20676529603102,158.78140343693144,5352100
2024-05-30,156.98574829101562,158.11839845487117,156.91207895955432,157.7868934887895,3903100
2024-05-31,159.21421813964844,159.27868408402674,156.10176918472712,156.44247760218238,8155600
2024-06-03,157.67642211914062,159.2142329162851,157.4922557696667,159.04848741705612,5032400
2024-06-04,160.12583923339844,160.58626202883073,157.29885057595834,157.65797979435598,4619100
2024-06-05,159.7575225830078,160.19952457651797,158.34862981226473,160.0798101414254,5370700
2024-06-06,159.490478515625,160.5954905875919,159.01163479907606,160.2271579139332,5536700
2024-06-07,158.7433319091797,160.1076496175802,158.47418725132763,159.17026713676537,3521100
2024-06-10,153.9728546142578,158.12149158473488,153.71298594082225,157.88018900562489,9429400
2024-06-11,153.2025604248047,153.56452142563566,151.75470225969818,153.01692777881334,8284500
2024-06-12,152.05169677734375,153.44385659310944,150.76162924787215,153.02621148073615,6281100
2024-06-13,151.58763122558594,151.80109174807902,149.92631271608798,150.42749813976144,5432600
2024-06-14,152.0331268310547,152.57143031226585,150.84515161796168,151.40202119487847,3603300
2024-06-17,154.1956329345703,154.4462256867077,151.08647009982886,151.73615606179854,5412200
2024-06-18,154.5111541748047,155.05874773030126,153.3695872336139,154.15848336216004,3519500
2024-06-20,154.69679260253906,155.58778111968542,153.815094214412,153.815094214412,4942400
2024-06-21,155.253662109375,156.91498075974667,154.48333197565267,155.1887020151865,10899100
2024-06-24,155.9961700439453,157.41617210928396,155.07733934681517,155.45786647851608,4476900
2024-06-25,155.318603515625,156.8128553073126,155.22578721580678,155.99611718660512,4217300
2024-06-26,154.7524871826172,155.0030657480558,152.99836641563837,153.9635909711148,4778300
2024-06-27,154.30697631835938,155.22580682019986,153.3881599782997,154.65038534163475,4326500
2024-06-28,153.07260131835938,154.269866657977,152.7848905634722,153.4160103602603,8755900
2024-07-01,151.1792755126953,154.1213715796941,150.8915647477956,153.17469893245794,4508000
2024-07-02,151.8196563720703,152.6456705547045,150.6502473311284,151.7454061558831,4650800
2024-07-03,150.91014099121094,152.33014297665417,150.31615332515486,151.20712774334748,2879600
2024-07-05,152.5714111328125,152.69206949705912,150.78944853718002,150.9472249263903,4208200
2024-07-08,150.464599609375,151.97741751858123,150.2789811684257,151.33702185979382,5268800
2024-07-09,150.2604217529297,150.87297538088376,149.88918485453445,150.52958054177915,5801200
2024-07-10,151.8289337158203,151.99600024420232,149.1095885619749,150.20474739666489,7372300
2024-07-11,152.16305541992188,153.03547778191628,146.6686667268166,147.66174746365994,10258600
2024-07-12,154.41836547851562,155.94973555344802,153.10045593532584,153.10045593532584,6677000
2024-07-15,152.07952880859375,154.34411089207165,151.8846202160599,154.07495208151445,4551800
2024-07-16,152.914794921875,153.1746635631839,151.13283245499431,151.6618598645167,4461700
2024-07-17,157.676025390625,157.84309193817808,153.96359909226496,154.1028094137405,7671000
2024-07-18,158.1215057373047,160.25615359882624,156.2838587644527,156.58085965312227,6228600
2024-07-19,157.1841278076172,158.2328927537858,156.35811353442963,158.03798414470458,5332800
2024-07-22,155.60635375976562,157.50897509528286,155.31864298370948,157.0913158017483,5308400
2024-07-23,154.32553100585938,156.25599401660747,154.23271470117945,155.72696657113553,3344300
2024-07-24,156.0796661376953,156.54371938095244,153.09116211817678,154.32554544465452,5867000
2024-07-25,158.72479248046875,161.0172168833942,156.7200788536397,157.30479053524382,6270900
2024-07-26,160.33042907714844,160.33970504571238,158.455649616996,158.455649616996,5746300
2024-07-29,160.75732421875,161.0171928914569,158.56699243323453,159.9034538235354,4152700
2024-07-30,160.72946166992188,160.9800543665186,159.21665784802008,160.2746985914752,4994600
2024-07-31,160.25616455078125,162.13094384373085,159.87563744683624,161.4162977980897,6245600
2024-08-01,162.38153076171875,162.93838620336862,160.0983823817856,160.12622444577897,5994500
2024-08-02,165.2401123046875,167.0127995184086,161.34206695769896,165.9826005045388,6856100
2024-08-05,161.5276641845703,167.903766067836,160.71094001795035,166.61369847826327,7502300
2024-08-06,160.08909606933594,163.54165339923173,159.96843769197343,160.82229397675243,7287100
2024-08-07,159.43942260742188,161.85250537196825,159.01250151266493,159.28164618876974,5428900
2024-08-08,159.9777069091797,160.56241851415137,157.60175662364134,157.97300770686968,5112500
2024-08-09,159.99627685546875,160.3582378192171,158.14006387998361,159.71784207678976,3223000
2024-08-12,159.0960235595703,160.4417752285879,158.4370758377714,159.85707773041653,3802300
2024-08-13,159.9777069091797,160.02411506480584,157.9822836732826,159.2816270601299,3894700
2024-08-14,161.22140502929688,161.80610256204315,159.56936223901138,159.84779705363403,3555800
2024-08-15,160.116943359375,161.76897185848355,159.4765475844364,161.2213924017437,4472100
2024-08-16,160.20973205566406,160.35823248759297,158.80829640400924,160.11692990704398,4614600
2024-08-19,161.323486328125,161.47197261225892,160.04269476521884,160.2468793379077,3521700
2024-08-20,163.20755004882812,163.37460243791762,160.09838729746855,161.0543359553456,5330100
2024-08-21,162.6135711669922,164.1078234288385,162.0659774846136,163.29108505114854,4020700
2024-08-22,163.10543823242188,163.42099103745025,162.14019956061847,163.18896441696802,5265900
2024-08-23,163.22608947753906,163.9778534944057,161.1842579616809,163.93145949773523,5283600
2024-08-26,163.3189239501953,164.1263721822538,163.0961732619315,163.64376693369042,4146700
2024-08-27,162.69708251953125,164.163492581214,161.97316053692336,163.63446504527167,3520600
2024-08-28,161.41629028320312,163.10545101029948,160.88727691118626,162.92910849903313,3915500
2024-08-29,159.7178497314453,161.4534185767141,159.55079735330042,161.26778594084405,4654300
2024-08-30,160.45106506347656,161.0821707204808,158.9382468536251,159.6900108940257,8677300
2024-09-03,164.77601623535156,165.10085916413558,159.52294438503142,159.98699761941955,7032100
2024-09-04,165.68556213378906,166.73431275882226,163.61587461983183,165.11012652313516,6188500
2024-09-05,166.40951538085938,166.80859441920956,164.7574867740567,165.880487823847,5743100
2024-09-06,165.8437042236328,167.00332477449916,165.52574858326605,165.93722730356117,6395300
2024-09-09,166.6386260986328,167.19972183165447,164.45966937482936,165.5725285093095,4666200
2024-09-10,166.2832489013672,167.48963107844048,166.1242710698187,167.06879145829612,4315800
2024-09-11,164.3848419189453,166.22713536242185,163.12235163872484,165.9372337807938,4036000
2024-09-12,165.7595672607422,166.1710460437107,162.673490658099,164.38486054019768,4222800
2024-09-13,165.86241149902344,166.42352143869843,164.9365843794452,165.9465737090891,3290400
2024-09-16,165.72215270996094,167.79822538450424,164.9179026841175,167.39610750639227,4940100
2024-09-17,165.4041748046875,166.5450879088995,164.87113319316288,165.52575195714874,6305100
2024-09-18,163.85182189941406,166.5170588973654,163.12237314449095,165.39485309456373,5307900
2024-09-19,163.3374481201172,164.79631686483137,162.86050038230147,164.35678406743432,5504000
2024-09-20,160.0830535888672,162.50516471731171,159.18529467939464,161.38295894566073,12198400
2024-09-23,160.9527587890625,162.66412850757246,159.66221441486366,159.79313817241865,5350300
2024-09-24,158.9047393798828,160.47583887303134,158.5119680740008,159.90538225195073,7837900
2024-09-25,158.41842651367188,159.69962424619501,157.81991588834228,159.35360025760056,4505100
2024-09-26,158.68963623046875,159.91471156222158,157.74510160856846,158.25010342554106,5673600
2024-09-27,158.97955322265625,160.52258435491035,158.68029074364287,158.94215254758979,7545800
2024-09-30,159.0262908935547,160.606736733218,158.58675811200507,159.52193181409052,5054300
2024-10-01,160.27008056640625,160.79377557910146,158.76445027009805,160.1859040846654,7095900
2024-10-02,158.55873107910156,160.6067641190273,157.5955031432785,160.38231725519273,5786000
2024-10-03,157.60484313964844,158.14724566896783,156.33300617046302,157.2401259197154,5090300
2024-10-04,157.08114624023438,157.57678721869985,156.00570206498736,156.31429686547952,4390100
2024-10-07,156.37042236328125,157.043734392703,155.66904199091425,156.84735587942754,5459500
2024-10-08,159.37229919433594,159.5873851484294,156.03373652747666,156.84733307485232,8297800
2024-10-09,161.35488891601562,162.04692269828612,158.13790287612846,158.3997504111237,7177500
2024-10-10,161.7757110595703,161.84116580142742,160.12044953772963,160.91535292772141,5292400
2024-10-11,163.47772216796875,163.82373189175934,161.66348279636136,162.72023370798442,4720300
2024-10-14,164.6841278076172,164.84310565663097,163.131735724841,163.6180301433439,4535900
2024-10-15,164.49705505371094,165.89046906248902,163.76762067854358,164.92724125247008,5802300
2024-10-16,163.1691131591797,163.9640165606396,162.37422402733887,163.66475410892136,4400900
2024-10-17,163.34678649902344,164.0949283039352,162.43966687938084,163.07559240792216,4125900
2024-10-18,163.71151733398438,163.96401824651548,160.96210417643456,161.13044287466172,5097000
2024-10-21,163.66477966308594,165.9933678191335,163.04757573188195,163.1504454320195,6436300
2024-10-22,163.0662384033203,163.60864087797523,162.2619884263656,163.19716215447022,3790500
2024-10-23,161.7383270263672,162.57063124652456,161.28944753910588,162.43970746817246,3800700
2024-10-24,160.99952697753906,162.29005713539004,160.56934074517545,161.71025393794423,4244900
2024-10-25,160.65350341796875,162.72024382797989,160.47583237957988,161.2894290324414,4442600
2024-10-28,158.8299102783203,161.7663553565435,158.7270405924429,161.7663553565435,5186400
2024-10-29,156.6416015625,158.231394067718,156.14596062151355,158.231394067718,5127900
2024-10-30,155.4352264404297,156.77251797758038,155.31364929355485,156.17400738234892,4801500
2024-10-31,155.31365966796875,156.6416046939151,155.0611587574464,155.33236713864943,5582400
2024-11-01,154.85543823242188,155.47265641341875,154.50008186396198,155.32302516900359,6339000
2024-11-04,155.5568084716797,155.84671007027598,154.48136429567023,154.85542811264224,4885500
2024-11-05,156.96893310546875,157.0718027975746,154.93024673544906,155.19209426633304,3678300
2024-11-06,154.03248596191406,156.55745241856536,152.99444245233718,156.52003747482888,7849300
2024-11-07,153.36846923828125,154.21011976405933,152.8728283756049,153.8360560347394,5333500
2024-11-08,154.4065399169922,155.0705195645048,153.04117995023995,153.2188652475864,4618300
2024-11-11,153.6116485595703,155.37912653186743,153.34980102809075,153.75193319619024,3762000
2024-11-12,153.6864471435547,154.30366522917987,152.57358812330827,153.45265371138925,5386600
2024-11-13,154.06053161621094,154.11663975912958,151.84416008358988,152.8915644066751,4145000
2024-11-14,154.44395446777344,156.07116209170073,153.2095324151827,154.0605440370446,5422700
2024-11-15,148.3372802734375,153.7238910998343,147.80423856768778,153.7238910998343,9108900
2024-11-18,148.06607055664062,149.48753873860116,147.53301463729798,149.07605998043206,6991300
2024-11-19,146.5604248046875,147.63586886210678,145.74682824419847,147.52365258331335,8248900
2024-11-20,148.44947814941406,148.79548785184338,146.07412896243838,146.3079223872405,5067300
2024-11-21,149.9457550048828,150.09538622894732,147.7106903227879,148.12216905415585,5977000
2024-11-22,151.49815368652344,151.5542618306756,149.52493642266109,150.46945681166835,5846300
2024-11-25,152.48008728027344,152.98507484150736,151.4981519599425,152.15277075029,8580400
2024-11-26,151.6477813720703,153.0692352227594,151.40462706026935,152.6858248234765,4653600
2024-11-27,152.1714630126953,154.4252350160013,151.1988743902812,151.4420286806937,3622900
2024-11-29,152.85415649414062,152.98508025684455,150.5162219675566,150.96510140116715,2799300
2024-12-02,152.48008728027344,153.0411829850201,151.2737051162722,152.7325881957001,4967400
2024-12-03,151.21759033203125,152.48008058410286,150.9557428273913,152.28368782081353,4277400
2024-12-04,149.79612731933594,150.59103073003942,149.07605379205128,150.18891285918846,6964600
2024-12-05,150.08604431152344,150.57232440047756,148.53365242005918,150.4975087861109,5229600
2024-12-06,148.8175048828125,151.6563550130671,148.72319986566006,150.28880993982665,8359200
2024-12-09,150.40199279785156,152.3165589196697,148.2044828214876,148.93070202356,8380400
2024-12-10,150.75096130371094,151.29798229715848,148.40256021469077,149.95872995780348,5329400
2024-12-11,147.85552978515625,151.38285148206563,147.3745209056704,151.09992201310047,7925900
2024-12-12,149.8643798828125,150.33594811956283,148.9872698701947,150.0435781153569,6849500
2024-12-13,148.98728942871094,150.49631374085953,148.12903167128738,148.57230702331395,4353900
2024-12-16,147.1481475830078,149.78893242476067,147.01610906047614,148.87408895039144,6696500
2024-12-17,147.26133728027344,149.48714006765115,146.41252015936624,146.88408842456388,6572600
2024-12-18,145.64857482910156,146.96897467294127,145.3467786075327,146.21446253233603,7620900
2024-12-19,142.8568878173828,145.31847467544995,142.80030192956167,144.38476435303792,9829500
2024-12-20,144.10182189941406,144.76202897329046,141.95147179494202,142.28157533188022,19205200
2024-12-23,142.68711853027344,143.74344122419976,141.19697548501117,143.74344122419976,6822200
2024-12-24,144.12069702148438,144.1395637824067,141.8571750089537,141.94205384642115,3399800
2024-12-26,143.77174377441406,144.46965563920182,143.5831193350423,143.85662261346303,5528500
2024-12-27,144.19613647460938,144.74315736230747,142.65881940040822,142.68711234364082,4287000
2024-12-30,143.09266662597656,144.38475898694193,142.49848604369535,143.97921721188175,5397000
2024-12-31,143.41334533691406,144.4413607501173,142.35703697774173,143.16813500814106,4274800
2025-01-02,141.66854858398438,144.92236682798242,141.36673797795282,144.18672146468273,4970200
2025-01-03,141.14039611816406,142.37591723748451,141.05551727220933,142.37591723748451,5218100
2025-01-06,137.9525909423828,141.4233266328486,137.79225945146564,141.0932374660622,9470600
2025-01-07,137.13206481933594,139.55593294701853,137.07547892222829,138.13180176902353,7473300
2025-01-08,138.2072296142578,138.32984197615932,136.33982319492685,137.13205447693122,6791800
2025-01-10,134.5290069580078,137.29240473915948,133.46325797179816,136.75480995779336,9632700
2025-01-13,136.2832489013672,136.88685579490476,134.0574457831117,134.67047886255077,8101400
2025-01-14,136.70765686035156,136.88685512947376,135.3966974702385,135.99087817498616,6996400
2025-01-15,136.5472869873047,137.88653894980817,135.97197320704228,137.21692016411612,7141600
2025-01-16,138.2072296142578,138.44301376183927,135.51929896650248,135.85882871466467,5068000
2025-01-17,139.82000732421875,140.16896327696804,138.80141802284786,139.3201460547205,7338900
2025-01-21,140.10293579101562,141.26298970483876,139.36729044165253,139.89544460108024,7456200
2025-01-22,139.66908264160156,140.95174887387304,139.3861388097097,139.80112117766828,5905100
2025-01-23,140.16897583007812,140.47078649060532,138.2732761886865,140.04637784147278,4759100
2025-01-24,140.64051818847656,140.81971643613912,139.70682221125625,140.35758873545325,4509600
2025-01-27,145.818359375,146.6294574771144,142.31931603918278,142.338182801871,9820600
2025-01-28,141.70626831054688,145.81834429274073,141.58365595244032,145.38449514252497,6349700
2025-01-29,141.81944274902344,143.3567599776268,141.6874042036363,142.53623575922973,4874100
2025-01-30,143.26243591308594,144.37534452332932,142.06466285849663,142.67769585836922,4671300
2025-01-31,142.12124633789062,143.06438287007796,141.7251307213065,142.1872584117606,4905500
2025-02-03,141.72512817382812,142.53622615257478,140.3670092893108,141.2441193407409,7196200
2025-02-04,135.33065795898438,139.3484141611,134.86851590549782,137.79224473402326,12804900
2025-02-05,137.3772735595703,137.49987152531523,134.58558303474797,135.23634955792977,9248100
2025-02-06,137.08489990234375,138.54675000572558,135.77394070597077,137.94314320432628,5604900
2025-02-07,136.35867309570312,136.89625340233428,135.7173328101987,136.7642148716599,5872300
2025-02-10,136.1417694091797,136.302100898878,134.8779554702321,136.1417694091797,8715400
2025-02-11,137.3583984375,137.4338510839693,135.24576750972147,136.16061106037085,6354000
2025-02-12,135.80224609375,136.54731768596486,134.89682861312886,135.84939141150434,6658200
2025-02-13,136.35867309570312,136.69820280188299,135.4344033809826,136.02856957345696,7175300
2025-02-14,135.23635864257812,137.85827728085982,135.17977274826052,136.44357235842915,5001800
2025-02-18,135.90597534179688,135.95312065387773,133.54813409291853,134.77420002943853,8738700
2025-02-19,137.51873779296875,137.6319095735959,135.95312766905903,136.028580319851,5777300
2025-02-20,140.6216583251953,140.70653715657903,136.7547929072321,136.85853849818585,6789800
2025-02-21,144.77145385742188,145.76175006822126,140.43302016778688,141.46104989790263,10604400
2025-02-24,145.1015625,147.43111090612607,143.46992592346663,143.67741711364866,7187000
2025-02-25,147.52540588378906,149.44941235431048,145.24301733826508,145.98808882238782,9474600
2025-02-26,142.8946075439453,146.761472993955,142.5456516401729,146.7237538656233,9076500
2025-02-27,143.37562561035156,144.00752538623996,141.40445923891946,142.31930286444558,6731000
2025-02-28,144.74314880371094,146.28046578701125,143.68684060916436,144.9600661527082,8455500
2025-03-03,147.119873046875,147.27076395498827,141.94204829696602,142.74372010691903,8321700
2025-03-04,145.4222412109375,151.04332754125815,145.20532381267506,148.39311587838947,10274200
2025-03-05,145.12985229492188,146.50682355501962,144.0452366623077,144.23386108807327,5578700
2025-03-06,145.818359375,146.1578891477717,143.8566333979995,145.40337694259867,8421000
2025-03-07,146.94583129882812,149.9429723528808,145.35686946689412,145.81357349491867,8997700
2025-03-10,148.66802978515625,152.31218227345346,147.83072679553032,148.31598853650092,11156900
2025-03-11,144.938232421875,148.47772165613569,144.44346120677386,148.23032878940475,7981600
2025-03-12,140.9801025390625,142.2741096111415,139.40064995492628,140.38066841557858,8330200
2025-03-13,141.14183044433594,143.1779868314289,140.87541854459366,141.1703735394255,5351100
2025-03-14,141.37969970703125,141.9220475522092,139.94297734888355,139.99055401364015,5277500
2025-03-17,143.9962615966797,144.31025017300976,141.8935094135664,141.98864822804325,5449500
2025-03-18,141.7602996826172,143.9582051400231,141.53194040090702,142.72128443788944,8158600
2025-03-19,140.92300415039062,141.6556441803458,139.66704981332458,140.9705808180117,6080100
2025-03-20,140.00958251953125,140.88495255875847,139.52433535030892,140.39969087117547,4536400
2025-03-21,138.39207458496094,140.5328939342179,137.72604480219752,139.86686415145448,11574800
2025-03-24,139.3435516357422,139.60045402608384,137.8021663304134,138.43014349864387,5968900
2025-03-25,138.4777069091797,139.200837419193,137.8021675855586,139.05810741509845,4763300
2025-03-26,141.42727661132812,142.08379683834616,138.6775137967109,138.9153826025372,5882200
2025-03-27,142.40728759765625,143.11138445325923,141.85543025434995,142.3311678415079,5397500
2025-03-28,142.02671813964844,144.03433154745602,139.97152806449404,143.1399424674336,8550900
2025-03-31,142.66421508789062,145.18561893658926,142.4834324499912,142.91159345017527,9985700
2025-04-01,142.40728759765625,143.47293514701516,141.45581242334035,143.1875042094076,6072800
2025-04-02,141.8839874267578,143.197027943477,140.88495000928236,142.94012555577967,5866200
2025-04-03,144.02481079101562,146.57477213174292,143.5395636170652,144.32928985429803,8216200
2025-04-04,139.49578857421875,147.40254566895968,139.33403952207718,145.5662053843286,12911400
2025-04-07,136.2417449951172,139.01054149004145,133.84402327138358,134.46249090227488,14423200
2025-04-08,133.49197387695312,138.3444887009605,132.39776868254992,136.96485256036115,9488900
2025-04-09,138.52528381347656,138.86781549818267,131.61757844332408,133.44440925563643,14067000
2025-04-10,137.14566040039062,140.00008653431163,135.9848592777938,138.36354772272796,10980300
2025-04-11,137.42156982421875,138.23983915827318,135.22366421672717,138.10663319776947,8563300
2025-04-14,139.62899780273438,140.03812520567715,136.53670313248642,137.1646803037741,5393800
2025-04-15,135.90872192382812,138.89635364344275,135.7089202505833,138.7631476884928,5459600
2025-04-16,133.2921600341797,137.3930159078665,132.9876955134437,137.11709448225076,7878600
2025-04-17,135.90872192382812,136.6033093131159,133.27314592100709,133.53003378660756,6131400
2025-04-21,134.8525848388672,135.89921343457235,133.74888456873123,135.5852248558608,7412800
2025-04-22,136.49864196777344,137.27884410159004,135.06190508836573,135.3758936543616,7144700
2025-04-23,135.35687255859375,137.02195435336463,134.01530340361847,136.31787191475544,7760000
2025-04-24,128.74411010742188,134.96676619642443,128.00196059491475,134.58616739619018,15577300
2025-04-25,126.90778350830078,129.02956941814244,125.40445075243247,128.89636345336228,11544700
2025-04-28,127.26932525634766,128.83926814272922,126.64136262015528,127.40253121170485,8498600
2025-04-29,127.79263305664062,127.935363049072,125.13802361038762,126.05143168116648,7010700
2025-04-30,129.0010223388672,129.57189880529572,126.64136767056873,129.04859900732643,7923500
2025-05-01,127.06952667236328,128.2683802997299,126.77457165821154,127.94488218861899,6807000
2025-05-02,127.25981903076172,127.87827215702491,126.68892805393368,127.64040333640666,7169700
2025-05-05,125.5852279663086,127.53574068389055,125.30929200365665,127.53574068389055,8972200
2025-05-06,124.39588165283203,125.49958192876353,123.84402425568608,125.49958192876353,6889900
2025-05-07,125.51861572265625,126.23222217428334,123.94868733642083,124.59568355041638,6313200
2025-05-08,125.05239868164062,126.52718838252977,124.8906496138267,125.4900837321196,6392400
2025-05-09,124.11043548583984,125.26171242246323,123.8630426259939,124.78597479151068,4770500
2025-05-12,125.29023742675781,125.9087049687047,123.74885237092509,124.49100180657479,8392700
2025-05-13,123.98673248291016,125.25219625636016,123.45390868742795,124.8050017455034,8650200
2025-05-14,122.21700286865234,123.853541592818,121.66515269588307,123.75840277111988,10463000
2025-05-15,125.1189956665039,125.16657233278679,122.5595249151032,122.92109015682082,9165100
2025-05-16,125.57569885253906,125.84211075984545,124.31023503365367,125.68036171029229,8896400
2025-05-19,125.39492797851562,125.84212254731665,124.74793171969966,125.71844062628503,9406200
2025-05-20,125.40444946289062,125.75649068368358,124.9762884746687,125.35687279345238,7624200
2025-05-21,123.8344955444336,125.49957719918281,123.74886625802428,125.40443838707019,9243700
2025-05-22,123.80596160888672,124.35781902606514,122.56905533138986,123.71082278973516,7140200
2025-05-23,123.06379699707031,123.4634148327412,121.55095493666789,123.27312269933017,8122500
2025-05-27,124.99530029296875,125.08094410034495,122.86400500176273,123.76790359532673,13974800
2025-05-28,124.32927703857422,125.77552357518375,124.13898488021111,124.91918708500818,9431500
2025-05-29,125.51861572265625,125.66134572399793,123.9296537659032,124.51005426062764,6656900
2025-05-30,125.0714111328125,126.27978869225767,124.91917161762775,125.7374408637967,12992100
2025-06-02,124.55763244628906,124.671804834066,122.80692141469329,124.54810840173393,6723700
2025-06-03,125.45201873779297,125.79455041185284,123.51100107866695,124.29121776005454,7339500
2025-06-04,125.34735870361328,126.29883398429496,124.73841510471144,125.82309634395412,6519700
2025-06-05,124.74791717529297,125.03336264610981,123.89159528120216,124.8335464610301,9560800
2025-06-06,125.0778579711914,125.69348323852658,124.41413399844515,125.28948053286888,7628200
2025-06-09,125.01053619384766,125.67424551371377,124.26022865227804,124.88548249064193,8453100
2025-06-10,126.8093032836914,127.0882522790694,124.52956858429083,125.24137655481704,11852900
2025-06-11,124.95279693603516,126.94396873736201,124.84698566140914,126.9151124513425,9168400
2025-06-12,127.26142120361328,127.29027749385993,124.77006362788316,124.94320136936305,11444900
2025-06-13,125.86662292480469,127.99244751913679,125.61651555300374,126.74195469312004,9581000
2025-06-16,126.40531158447266,127.05940703886668,125.27024373206592,126.30911416933715,11183700
2025-06-17,124.36603546142578,126.67464122530664,124.21214015263173,126.16482723811993,10235200
2025-06-18,124.15442657470703,124.74118087272127,123.69269661906036,124.69309684529745,8785800
2025-06-20,124.15442657470703,125.45300354609519,123.99088804187548,124.59689943512171,23001000
2025-06-23,124.17365264892578,124.56804147662623,122.9520233477005,124.36603278903259,12840400
2025-06-24,126.05901336669922,126.21292334999468,124.13518260849753,124.22175146997728,9226800
2025-06-25,123.14441680908203,125.6165318187625,122.76926304163425,125.29909796721637,10922600
2025-06-26,123.3367919921875,124.2409948036374,122.74040181076684,122.8462130903549,11538100
2025-06-27,126.04938507080078,126.33796262063981,123.23098004968834,123.40411777299343,26536500
2025-06-30,127.01132202148438,127.31914204096518,125.61654741766971,126.20331648684687,11402400
2025-07-01,130.10867309570312,131.19564220604838,127.42493555949973,127.5403607118676,12846700
2025-07-02,131.28221130371094,131.78241142763486,129.74315545130068,130.0990594568439,9388700
2025-07-03,130.22410583496094,131.61888016822908,130.08943827197638,131.49382647486357,4941400
2025-07-07,129.32952880859375,130.55116553503788,128.58884980525906,130.3683992518299,7773700
2025-07-08,129.89706420898438,130.50307567805538,128.20409819277972,128.3291519061222,7718300
2025-07-09,129.35838317871094,130.22411587406353,127.89628229006752,129.7623858988096,7762600
2025-07-10,130.89744567871094,131.47458609573434,128.54075595112192,129.31027650715313,8869700
2025-07-11,130.10867309570312,130.23372679587789,128.71389868648876,129.70467038475124,7963600
2025-07-14,130.40687561035156,130.70506703086517,128.761993846092,129.61809795045784,8480300
2025-07-15,128.71389770507812,130.34915095436673,128.65618512933423,130.27219596082014,8933500
2025-07-16,130.1952667236328,130.34916204615718,128.6561960770653,128.84857623846986,10941600
2025-07-17,139.9009552001953,140.40115523597828,136.24567434361836,136.3033869097353,26161000
2025-07-18,137.78475952148438,140.77631683631157,137.49618198199153,140.68973330009933,13752800
2025-07-21,136.3034210205078,138.12144069647047,135.11065521516295,137.6501115034547,9025600
2025-07-22,140.47811889648438,140.82440902842578,135.8513081597566,135.8513081597566,8281500
2025-07-23,140.11260986328125,141.430429350739,139.56431100409173,140.3049900203483,6166000
2025-07-24,139.00637817382812,140.89173866685738,138.4965642263705,140.26649957738312,9749400
2025-07-25,137.98675537109375,139.30458939428962,137.26531885154012,139.2949608469909,7021600
2025-07-28,136.17837524414062,137.6501046861898,136.07256395913282,137.26532970540472,10639100
2025-07-29,138.41000366210938,138.50620107132855,135.755122493029,136.17836760933108,6282900
2025-07-30,137.41921997070312,138.9005630704956,136.8709212059189,138.29456641395726,9738400
2025-07-31,132.66737365722656,136.1783737651427,132.39803851243457,135.61083250935673,11689700
2025-08-01,133.97557067871094,134.48538464724663,133.02326918471186,133.80243295852765,7630500
2025-08-04,134.24488830566406,134.9759532804589,133.4657393110847,133.98516708158368,8384700
2025-08-05,134.1390838623047,135.00481642736796,133.9563176093137,134.2833799619798,5535100
2025-08-06,135.43768310546875,136.18797589810617,134.05252266439555,134.57195049096634,6747400
2025-08-07,138.43885803222656,138.81400443872397,135.1298668171397,135.86093189068814,7674600
2025-08-08,139.67974853515625,139.83364385167087,138.32344423207078,138.43886938887297,5315100
2025-08-11,139.35267639160156,140.05488518685837,138.2753358629479,139.78555005469494,5773400
2025-08-12,141.27650451660156,141.4111720801717,139.20839235941804,140.00678387117796,7668700
2025-08-13,143.6620635986328,143.8448151861564,141.25727522020014,141.29574537608315,6147000
2025-08-14,142.95985412597656,143.8063443279028,142.4115700107568,143.36385681026044,6892500
2025-08-15,144.6720733642578,145.34542590070274,142.83482606622786,143.7005440735649,9162200
2025-08-18,143.8544464111328,144.8163617804113,143.24843503163495,144.8163617804113,9901000
2025-08-19,146.3650360107422,146.518945981844,144.1526278785572,144.28729543385563,8596900
2025-08-20,144.989501953125,148.72173834588367,143.02720102478978,147.37506267718928,10023500
2025-08-21,143.30613708496094,144.595114740192,142.94061925227987,144.595114740192,8153600
2025-08-22,143.94100952148438,145.42235267282362,143.41195315398352,143.95062339083418,5218000
2025-08-25,142.5558624267578,143.15225996846453,141.9594795627156,142.77709886379535,6624300
2025-08-26,141.40155029296875,142.60394442811304,140.25686872788535,141.88250794702648,11208100
2025-08-27,142.0172119140625,142.16149337620624,140.73786246494413,141.40158654613836,8092900
2025-08-28,141.38233947753906,142.40196758361327,140.66090283520361,142.32502725811028,9265100
2025-08-29,142.9887237548828,143.5370225989294,141.27651545224305,141.49776657054156,7760700
2025-09-02,144.556640625,151.79024831692632,144.48931418148717,151.4439581966303,17348600
2025-09-03,142.97909545898438,144.7297884219423,141.50736616393937,144.23920220515177,11259200
2025-09-04,141.29576110839844,143.7775047525857,140.87251595824267,143.34464573180463,6342200
2025-09-05,142.19229125976562,143.63957110091587,141.11411972657558,141.81347503573917,7186300
2025-09-08,137.64649963378906,141.5415083224216,136.3254967783401,141.5415083224216,11127600
2025-09-09,138.9966278076172,139.5114289251736,137.05397760665116,137.13167057199436,5866400
2025-09-10,138.56924438476562,139.00633772201985,137.36479590719742,138.151566878504,6015100
2025-09-11,140.09422302246094,140.5993162532504,138.41383465345896,138.79265087123966,6144400
2025-09-12,139.414306640625,140.113661979707,138.80236701361665,139.93883055555975,5713700
2025-09-15,136.607177734375,139.41430701471683,136.50033136780505,139.2880299938851,7279600
2025-09-16,136.01466369628906,137.25795874031834,135.8981094175507,136.6557418718421,9283500
2025-09-17,137.1802520751953,137.9670231056395,136.13121909418768,136.15064974788584,6092900
2025-09-18,136.69459533691406,137.56879693582414,136.36434831612988,136.6071796233971,6106600
2025-09-19,137.69505310058594,138.00588427445956,136.43234221515124,137.40366740163708,12365500
2025-09-22,136.98597717285156,137.46193180578175,135.9272363747718,137.0345463919252,5797600
2025-09-23,137.83103942871094,138.1515785220447,135.9466809977052,136.9956991670295,6356500
2025-09-24,138.09329223632812,138.25841573021683,136.966551526122,137.74361459596227,5949100
2025-09-25,135.90782165527344,139.30745989153974,135.84954451405116,138.89950508173737,7101700
2025-09-26,136.4129180908203,136.94714993320756,135.83983976046258,135.92725547433136,6224700
2025-09-29,136.15065002441406,136.63631261913105,135.13075561125913,136.41291197551016,11930200
2025-09-30,136.4129180908203,136.98599642117804,135.8204091058539,136.15065612796715,7583400
2025-10-01,139.0354766845703,139.25887731157997,136.45174831569324,136.77228738292192,5880800
2025-10-02,138.22927856445312,139.14232656918597,137.31623055972028,137.821323783428,4497300
2025-10-03,137.9087371826172,139.24917059874247,137.79218291034377,138.18070703208534,5425700
2025-10-06,135.69410705566406,137.7824648141429,134.8976282185712,137.7047570312873,6750700
2025-10-07,136.75286865234375,137.7727630785745,135.6844198230157,136.3449138461007,6110300
2025-10-08,134.85877990722656,136.9374151298021,134.71308706361552,136.75286098039777,8256700
2025-10-09,140.5604705810547,140.58960915018739,134.6159505168056,136.43233864647,13706600
2025-10-10,145.77647399902344,146.49525991464995,140.84214067143347,141.45408023232153,17545200
2025-10-13,144.62059020996094,145.67933098743856,143.115033375443,144.38746685569063,7272000
2025-10-14,147.19459533691406,147.27230312145957,144.24177363040684,144.42632776604685,8371100
2025-10-15,146.8255157470703,148.02024155209412,144.8925733297994,146.99063924685038,6101100
2025-10-16,148.29220581054688,149.95317830410517,147.9230975183683,148.01052804421,8532900
2025-10-17,149.30238342285156,149.49664547311247,147.38887184423052,149.3606605558054,6710100
2025-10-20,149.23440551757812,149.99203799997352,148.3407880978617,149.99203799997352,4810600
2025-10-21,148.78758239746094,150.73995547437852,148.4573353968242,150.26400080552258,5614300
2025-10-22,148.6418914794922,150.73023469318915,148.33107512816687,148.7584457585834,6486000
2025-10-23,147.16546630859375,149.00127022638756,146.69923439234725,148.77786959461775,6091800
2025-10-24,147.20431518554688,148.04936324137975,146.93234535559506,147.6802549773405,3580200
2025-10-27,148.2533721923828,148.48648075820282,146.63126086315015,146.67981526686495,4744600
2025-10-28,145.81532287597656,148.81672877336308,145.6210608154204,147.06834058586733,5626500
2025-10-29,141.9688720703125,144.39718468171804,139.55026737370474,143.80467581168534,7767600
2025-10-30,143.31903076171875,143.84353982837897,142.05630508559761,142.1437207931667,5752700
2025-10-31,141.90089416503906,142.78480364949218,141.13355378242076,142.00774052932732,6313600
2025-11-03,139.4822998046875,141.7260585673689,139.14233006799512,141.67748934480633,8331500
2025-11-04,138.80235290527344,140.77414170160714,137.9864433663585,140.55074107526625,8302900
2025-11-05,138.7635040283203,139.17145879074042,137.52020908916057,138.80235051087448,7136400
2025-11-06,137.5202178955078,139.1034826486938,137.24824803647834,138.32641955664718,6449400
2025-11-07,138.85092163085938,139.91938518128546,137.58819602251356,138.83149097869392,7592300
2025-11-10,138.5303955078125,138.9189344811959,137.20939264080172,138.40413331005348,6617500
2025-11-11,140.91986083984375,141.5803548571708,138.58867148288934,139.1714725274395,7683600
2025-11-12,140.2496337890625,141.32780526745785,139.92909472021574,140.4147572812723,5790100
2025-11-13,140.861572265625,142.19228292979443,139.53084678021054,139.96795493876533,6663300
2025-11-14,141.6677703857422,142.62937273979367,139.80281316918393,141.70661686801668,5770500
2025-11-17,143.5909881591797,143.86295799550933,141.0558291109863,141.93001575329666,7320200
2025-11-18,144.50404357910156,145.53364584435556,143.22188729473189,144.0475195828104,10821500
2025-11-19,142.8916473388672,144.53318925890883,142.48369254319792,144.04752667055314,8123200
2025-11-20,141.9105987548828,142.86249317420103,140.74499681307103,142.39626129022295,6878900
2025-11-21,142.13400268554688,144.66916177198829,141.79403297438344,142.08543346663143,7911800
2025-11-24,141.3278045654297,142.14371410685294,140.6090186429882,141.64834363268417,9391400
2025-11-25,141.92030334472656,142.9013363074799,141.3957943401961,141.74545712905373,8954000
2025-11-26,143.7366943359375,144.21264900432072,142.03687529045635,142.12430581979936,5180600
2025-11-28,144.47491455078125,144.55262234477527,143.00820402366926,143.00820402366926,2969300
2025-12-01,145.22280883789062,145.52393206556903,144.25148374810706,144.36805283732747,7623300
2025-12-02,144.34864807128906,145.22283488036229,142.3282897436838,145.1742804741617,6830300
2025-12-03,143.8144073486328,146.37870529462452,143.66871449651538,144.42634697001884,5109200
2025-12-04,142.69737243652344,143.99894449918122,141.939740052514,143.51328195449597,6803000
2025-12-05,142.2393341064453,143.00437688469944,141.73910346713302,142.8278204925271,5971300
2025-12-08,142.837646484375,143.74980716968977,141.4350580000007,142.2295243946199,6327400
2025-12-09,141.86660766601562,144.7306164904577,141.15060920145766,143.54382595007357,10035200
2025-12-10,146.82958984375,146.9080576879716,144.18136370766769,144.93660361286598,18526400
2025-12-11,146.1822509765625,147.99678444888423,145.28971099298545,147.27096806671315,7854000
2025-12-12,147.76138305664062,147.78100376082665,145.88801737771018,146.87864592902784,8143100
2025-12-15,148.32044982910156,148.7912419310057,147.39847136180646,148.04581985580657,8409600
2025-12-16,147.4867401123047,149.42878556846435,147.11403656276983,149.07568775518178,7520300
2025-12-17,147.2023162841797,148.34007763730688,146.61381490395203,147.4965669742935,8067100
2025-12-18,146.5059356689453,147.48676140676505,146.38824136959514,146.92769851863858,6643200
2025-12-19,145.3191375732422,147.0159618234947,145.06411331590337,146.2901454263022,17543500
2025-12-22,144.2304229736328,146.12340940129013,143.60269512081956,144.70121512168961,8818700
2025-12-23,140.92503356933594,144.36774145675622,140.80733927103537,144.36774145675622,7254800
2025-12-24,140.98388671875,141.22909313542405,140.2090260609813,141.03291602911526,2618700
2025-12-26,141.0231170654297,141.18005276833773,140.34634494207452,140.80733421548422,4975500
2025-12-29,141.47430419921875,142.26877062074524,140.84657635056217,140.98389134976165,7201900
2025-12-30,141.3958282470703,142.4845453091431,141.16042470498024,141.20946898035876,4713800
2025-12-31,140.76809692382812,141.26831260130686,140.41499910260453,141.07215047089625,4380300
