Date,Close,High,Low,Open,Volume
2020-01-02,110.94513702392578,112.09689190665891,110.38966971859595,111.802823913062,3784100
2020-01-03,110.78993225097656,111.73747359130768,110.38150517635283,110.65106854130912,4000100
2020-01-06,111.21467590332031,111.35355206279387,110.43866703483496,110.52035742697188,4085100
2020-01-07,109.46662139892578,111.14935143698929,109.41761214364142,111.09216566302067,5718100
2020-01-08,110.03026580810547,110.56939260856205,109.51565610240309,109.8342287637262,3681400
2020-01-09,110.103759765625,110.58571316228294,109.89138218459584,110.51218681974576,3954700
2020-01-10,109.89141082763672,110.61841067489499,109.77705172124355,110.41419709460662,3099500
2020-01-13,111.52510070800781,111.57410996475892,109.9730827445963,109.98941085404289,5127200
2020-01-14,111.78649139404297,111.86000527349063,110.84710167679441,111.23918816472,4159700
2020-01-15,113.70606994628906,113.74691513756314,111.74562540715745,111.94166238254917,5002600
2020-01-16,114.0409927368164,114.49026495052979,113.2159746455998,113.82861517406256,4977900
2020-01-17,115.3888168334961,115.4378385541667,114.27789465153533,114.44127545869284,6908700
2020-01-21,115.87892150878906,116.09129908471415,114.63729980412461,114.8578538980265,4440000
2020-01-22,117.12055206298828,117.27575634582398,115.76457118202977,115.8380850641503,5366100
2020-01-23,117.34107971191406,117.50446049385494,116.29550752135162,116.88364343656846,3915700
2020-01-24,116.74480438232422,117.74953158944955,116.36088189930278,117.48814471874498,2791500
2020-01-27,116.10765838623047,117.10422153223044,115.21729027742587,115.70739533113006,3895300
2020-01-28,116.35272979736328,116.74481637580332,115.79726238571627,116.0995069557831,2908300
2020-01-29,115.77275085449219,116.36088691920807,115.31531446287026,115.99330499481236,3263200
2020-01-30,117.48812866210938,117.59432368542947,115.6011976538486,116.25468343761023,4058500
2020-01-31,116.0096435546875,118.15796174689198,115.64206163667741,117.47180717137891,4753100
2020-02-03,116.40987396240234,116.86732273092177,115.86258320801092,116.62226400669462,3977800
2020-02-04,116.98980712890625,117.67596135821236,116.07493482316477,116.97346656224647,3494300
2020-02-05,117.87203979492188,118.10892198092604,117.16136830850256,117.36558181734193,3504900
2020-02-06,117.89656829833984,118.68891787026018,117.68419069324386,118.14979110631741,3571400
2020-02-07,118.74609375,119.03199771214592,117.48814373781157,117.8393850689334,3138500
2020-02-10,118.98299407958984,119.60379882786616,118.55006232046705,119.20353575477608,3775600
2020-02-11,119.32606506347656,119.55478324623449,118.33766598039642,119.43226009983066,3870500
2020-02-12,119.32606506347656,119.86519183606573,118.72976497730099,119.81617011329806,4217400
2020-02-13,119.64463806152344,120.1837648357041,117.23492061622073,118.64807492047656,5041400
2020-02-14,120.06936645507812,120.20005361412939,119.21166731575589,119.72628929218965,3555600
2020-02-18,118.93396759033203,120.24092673383815,118.7705867912144,120.16741285275822,4938700
2020-02-19,118.87677764892578,119.65278656070082,118.84410896877091,118.95029152742767,2978800
2020-02-20,118.57453918457031,119.09732528812137,117.586140280689,119.07282066328334,2805900
2020-02-21,119.13819122314453,119.1953645363177,118.28865586686442,118.49286941886555,4271800
2020-02-24,116.51610565185547,120.20011433592954,116.45075580721584,119.14637769361052,5027700
2020-02-25,115.25811767578125,117.93739810758557,114.82518600299731,116.47522229903244,7585800
2020-02-26,115.97691345214844,117.42274834786902,115.30709973426183,116.35267173111022,6157200
2020-02-27,111.39441680908203,116.92452390542473,111.3454075453963,115.51136945758735,8605000
2020-02-28,107.8492431640625,109.25423317852264,104.8432261330714,108.83764208491802,14164000
2020-03-02,112.38279724121094,112.53800152645375,107.59603134746416,107.82474951596765,8504500
2020-03-03,110.74909210205078,114.0900227334468,110.06293757679596,112.06422784089203,8728300
2020-03-04,116.31185150146484,116.57325078886886,111.10031850273477,111.24735871795053,7635700
2020-03-05,113.56924438476562,116.29950487404933,112.39324935641179,114.15311976137077,6579100
2020-03-06,112.87847900390625,113.62683856516045,108.10051227159802,108.19097345535806,6754900
2020-03-09,107.03964233398438,109.66300366439022,105.41134130578135,107.05608069303359,8716300
2020-03-10,110.31268310546875,110.6663086402453,104.32583203939704,108.59393325633829,8258600
2020-03-11,106.70247650146484,108.99688261362539,104.95905034924742,107.38504490897378,7465100
2020-03-12,94.85214233398438,102.7962386700114,93.41299499260421,100.41136467803024,12808300
2020-03-13,104.81103515625,104.9261664336266,94.63009864442559,99.24359401733584,12007700
2020-03-16,93.00178527832031,101.82581481719869,92.10540532736708,94.31758180234324,10733300
2020-03-17,105.03306579589844,105.14819705931676,95.71561499402735,95.97054760957032,14242300
2020-03-18,99.4409408569336,105.03305722756119,93.5609963512405,99.37514977629498,15250800
2020-03-19,96.49685668945312,100.40311272814444,95.44422448710661,99.86035199376451,9393500
2020-03-20,85.46890258789062,97.4097105838369,83.40475241520757,97.23701366050739,13093200
2020-03-23,86.4968490600586,92.8208743359272,84.59717697815088,87.17119199242893,13926800
2020-03-24,93.61856842041016,94.10376983077961,89.94258094387654,90.40310599167138,11447000
2020-03-25,92.51659393310547,95.69094156910045,91.31593488918669,92.71396091005818,9485500
2020-03-26,98.89820098876953,100.16465132438638,92.58240022140649,92.68930604435795,10376800
2020-03-27,99.06263732910156,102.50836782400226,97.031383493898,97.50835934875995,9852500
2020-03-30,103.19094848632812,103.48699579394341,99.92613990729967,100.00837561909184,6916800
2020-03-31,98.7666015625,103.37187071380066,98.29785107569977,102.74687424752237,7091700
2020-04-01,97.1383056640625,100.57581106432198,95.12349624984824,96.43928643971687,6873000
2020-04-02,101.85871124267578,102.94423899249789,95.78962513333164,96.39817695276056,6181800
2020-04-03,102.45904541015625,103.10049909341653,100.69095544509975,101.30773276524039,5552000
2020-04-06,107.86203002929688,108.65972976911596,103.03471686334889,105.80610545210702,8242200
2020-04-07,107.30280303955078,111.085708964356,107.14655077702142,109.13669664376016,6253900
2020-04-08,109.05447387695312,109.61367939053576,106.19263011393309,106.61203424912007,5241100
2020-04-09,109.89327239990234,111.08570601353533,108.1498400177654,108.62681597289188,5502400
2020-04-13,107.63996124267578,109.66299607018094,106.43929605184732,108.2978594616901,3785000
2020-04-14,113.81596374511719,114.00511781473718,108.84063699894726,109.55609463683057,6278700
2020-04-15,111.04460144042969,113.12519618701624,109.95084801837787,112.7798023508475,5773100
2020-04-16,111.54624938964844,112.64000282965941,110.07421283406582,112.64000282965941,4564000
2020-04-17,113.1169662475586,113.4870301405173,110.94591052071817,113.26498678539527,4866500
2020-04-20,110.64987182617188,112.97718013365349,110.61697000330194,112.6153353722968,3995400
2020-04-21,107.68111419677734,109.32585395833284,107.39327971915772,108.66795554403693,4359500
2020-04-22,109.06266784667969,109.92615855915236,107.91135526229348,108.91464732084405,4084600
2020-04-23,107.12188720703125,110.3126860934657,106.93274566379061,108.96400010355266,5527700
2020-04-24,110.49359893798828,110.87189454025034,107.44260167662252,107.62352402356963,4063100
2020-04-27,110.57583618164062,111.19261346109377,110.10707942604061,110.54293436631824,4009200
2020-04-28,112.10545349121094,113.22386433618476,110.74031665626902,112.4837365597481,6674200
2020-04-29,109.67122650146484,112.6482008761969,109.29293090849971,112.47551026186093,6706800
2020-04-30,108.7912826538086,109.51497200902472,107.25345532234019,108.88997555120724,6783000
2020-05-01,107.02320861816406,108.74195854232502,106.51334334169104,107.82912753383346,4488000
2020-05-04,107.66465759277344,108.0182831479613,106.34887338212319,107.04788021480266,5245300
2020-05-05,108.28143310546875,109.64657002346958,107.54130528400054,108.25676301464432,3580000
2020-05-06,107.54952239990234,108.74195611087016,107.47551212885003,108.20742075544689,4192200
2020-05-07,108.1827621459961,108.55282608889813,107.00676667154794,108.18276214599608,5528000
2020-05-08,110.38667297363281,111.15148326197311,108.93108774947986,109.43273373049645,4209100
2020-05-11,110.5100326538086,112.00673882490676,109.51495990040752,109.72877148246026,3591100
2020-05-12,109.32585144042969,112.15480577288996,109.26006034567848,110.82255806382263,3914600
2020-05-13,109.34228515625,110.58405893493322,108.10049882920049,109.52319495290594,5168500
2020-05-14,109.44097900390625,109.83571301064497,107.03142886536875,109.13670618083347,5522200
2020-05-15,111.8011703491211,113.20742821014915,109.20247880324456,110.00841023160785,20338200
2020-05-18,111.44754028320312,113.47879435540958,111.06924471680699,112.54129344118854,8480300
2020-05-19,108.33078002929688,110.82255974458631,108.05939646497039,110.55117618025984,6640300
2020-05-20,107.94425201416016,109.11201558739646,107.18767332790989,108.99688432097504,8213100
2020-05-21,107.08077239990234,108.0922836952123,106.58734552257874,107.7139880828153,4886300
2020-05-22,107.30280303955078,107.42616603287925,106.22550065899583,106.58734536203923,3429200
2020-05-26,106.70247650146484,108.59392946164584,106.41464206573656,108.50346828599125,5579300
2020-05-27,107.57418060302734,107.59885069065201,105.74029964885324,106.67780062368851,5686500
2020-05-28,108.7912826538086,109.15312733141666,106.99852272176156,107.90313441578171,4974400
2020-05-29,108.1827621459961,108.75019938101796,107.17125068916552,108.5610452704315,13337900
2020-06-01,109.36695098876953,110.15641887417813,107.88668301817115,108.22385760698968,4049200
2020-06-02,109.07090759277344,110.04129790689584,107.82912119793623,109.41630139347973,5327500
2020-06-03,109.22716522216797,110.42781812905645,109.04624285838463,109.57255903983594,5421200
2020-06-04,108.21026611328125,110.68822905108235,107.88704036059592,109.05558491860221,5229700
2020-06-05,109.76004791259766,110.65510265842266,108.37603193813041,108.56664158483099,7075700
2020-06-08,109.56944274902344,109.78491398255476,108.7655513049489,108.88157622235309,5613000
2020-06-09,110.19927978515625,110.34844924485095,108.60807565291435,109.25450193645743,6446900
2020-06-10,111.16064453125,112.01425911415465,110.36503608285668,110.45619941917501,7069900
2020-06-11,105.94778442382812,111.9976840778982,105.63286054835832,111.23523280704467,8541000
2020-06-12,106.90914154052734,107.67987579329285,105.607999528182,107.03344943749993,7039500
2020-06-15,108.13568878173828,108.53349932993741,104.86211693417435,106.32071767360257,5481000
2020-06-16,109.12191772460938,110.27388401263084,107.83734790734708,109.95895379212602,5197700
2020-06-17,109.19647979736328,110.2572825195195,108.97272561471263,109.30422172322422,3309700
2020-06-18,110.04183197021484,110.33190060393757,108.260017922399,108.91472728562712,3417200
2020-06-19,108.7986831665039,111.73247560759897,108.7489600142423,111.39268387278995,8310100
2020-06-22,108.60806274414062,109.19647018179992,107.69642955736093,108.1936863221071,3379900
2020-06-23,108.86499786376953,109.95894528090948,108.55006766764143,109.08046909778119,3625600
2020-06-24,107.37322235107422,108.62464730763476,106.64391576159606,108.1688306892109,4853500
2020-06-25,108.90645599365234,109.1716504295466,106.12184486502936,107.02518277612901,4442000
2020-06-26,106.85111236572266,109.70202455284561,106.13010134187192,109.13018299085373,7372700
2020-06-29,108.6329345703125,108.89812892964463,107.26548466108638,107.88704935279841,4173900
2020-06-30,109.6108627319336,110.0749750153429,108.44233066064295,109.25450502651753,4626700
2020-07-01,109.69374084472656,110.73796500807876,109.34566612360916,109.83462732857649,3633000
2020-07-02,110.09983825683594,111.1937856127049,109.84291421104554,110.67166718958171,2769200
2020-07-06,110.4727783203125,111.01146271635106,109.65230829121775,110.29045164718033,4221600
2020-07-07,110.69654083251953,111.56672133880552,109.53627908119351,109.61915943691923,4424500
2020-07-08,111.2352294921875,111.62474441672214,110.35675332903018,111.18550633514347,3798200
2020-07-09,109.98381805419922,111.003180720624,109.171630995511,110.14127050441762,4005200
2020-07-10,111.43412780761719,111.79048550802482,108.79868683694826,109.7020245222186,5932800
2020-07-13,111.80706024169922,114.42592252190745,111.44240693106691,113.34854118933914,8960000
2020-07-14,112.31260681152344,113.49771749684692,111.2600869915337,111.5418599682973,6766800
2020-07-15,110.7959976196289,112.86788025102067,110.43134425318107,112.17173072185736,5561300
2020-07-16,110.95344543457031,111.35124329699906,110.26557899063697,111.10261489081883,3788100
2020-07-17,111.59988403320312,111.93138018089117,110.6799676807363,111.5915884097621,3229300
2020-07-20,110.31529998779297,111.55842934864447,109.54455320826682,111.55842934864447,3620300
2020-07-21,111.40924835205078,113.0501882295649,110.8788469920026,111.05289066838108,5435400
2020-07-22,112.71867370605469,112.91757894805336,110.787677994442,112.34573744235178,3522300
2020-07-23,113.6054916381836,113.74637816650757,112.28777706817944,113.19939801247061,5011400
2020-07-24,112.76011657714844,114.89830055818003,112.20485365643425,113.53086334329224,3300000
2020-07-27,114.09440612792969,114.16899085126728,111.75732960966144,112.32087549145476,3607700
2020-07-28,113.85408020019531,114.85686415180115,113.61373477175802,114.35132436475297,3787500
2020-07-29,114.30987548828125,115.19664711517825,113.57228595143194,113.85407153357423,3179000
2020-07-30,114.11100769042969,114.55024578838818,113.10821095149922,113.73807135292482,2817600
2020-07-31,114.08613586425781,114.11928041862384,112.04739801216456,113.75462709176435,4304100
2020-08-03,113.29053497314453,113.95353991635682,112.71041038999657,113.63032674533386,2819200
2020-08-04,113.9286880493164,114.0281343732569,112.72699860055057,113.97012823288114,2553500
2020-08-05,112.91761779785156,114.4922437400275,112.51981982275535,114.4922437400275,2924000
2020-08-06,112.59436798095703,112.9507256531823,112.10540681153677,112.10540681153677,2692900
2020-08-07,113.32366943359375,113.34023538566817,112.18826942824914,112.66066462343379,3692100
2020-08-10,112.6938247680664,113.4397100248748,112.19658057596084,112.9756103872696,3052000
2020-08-11,111.98110961914062,113.9121057698572,111.56673308840577,113.51430784116684,3301200
2020-08-12,114.20213317871094,114.93142701044519,112.08881110560776,112.16339581923451,4424600
2020-08-13,114.45076751708984,114.87342689549074,113.62201471145056,113.62201471145056,2393500
2020-08-14,114.0032730102539,114.5088129008657,113.70492139209335,114.45908973880037,2461700
2020-08-17,114.30158996582031,115.10548123080815,113.58057904298647,113.95351529115001,2862500
2020-08-18,114.45906066894531,114.87343710860615,113.57228901810376,114.87343710860615,2638600
2020-08-19,113.08334350585938,115.02262247689893,112.79328754541012,114.93975476495649,3682200
2020-08-20,113.3071060180664,113.66346372188978,112.40376832413743,112.42862990134526,2263000
2020-08-21,113.09162139892578,113.25736944259232,112.08882486923076,113.01702403037548,4295600
2020-08-24,114.06953430175781,114.10267884945178,112.80154353591523,113.09161207273479,3177800
2020-08-25,113.78776550292969,114.68282007221808,113.29050874918128,114.58336113400966,2597400
2020-08-26,114.75740814208984,114.91487320689978,113.02531772071035,113.19106576154427,6019700
2020-08-27,114.69943237304688,115.967423697151,114.29335141763019,114.95635647528906,4159300
2020-08-28,115.9756851196289,115.99226371876783,113.73805477497883,114.79885749608354,3355400
2020-08-31,116.07514953613281,116.87075802399679,115.19667333117478,115.46188037571874,3828700
2020-09-01,115.35413360595703,116.42321942583834,114.79057498276815,116.2326097741537,3421700
2020-09-02,118.75202178955078,119.1912725505852,115.48674531747778,115.62763182183029,4918200
2020-09-03,116.33383178710938,120.23193611706492,115.29044156806248,119.17186082493512,6642400
2020-09-04,115.8246841430664,117.11849086688977,114.30551424924735,116.57593291981868,4836400
2020-09-08,113.14525604248047,115.7161714828359,112.19368451960271,115.4490574303163,4901500
2020-09-09,114.44740295410156,115.5742696438526,113.02003932953018,113.10351565347426,4282300
2020-09-10,112.48582458496094,114.81467902668997,111.75128642438344,114.02170489169326,6050500
2020-09-11,113.36226654052734,113.83805862785333,112.04341968148616,112.86978937893225,3411900
2020-09-14,114.08013916015625,114.77295196222313,113.35394346712111,113.96327993671726,2779000
2020-09-15,113.20368194580078,114.55592457928917,113.02839948932039,113.92153505797137,4080800
2020-09-16,112.66948699951172,114.02172987825354,112.50254705082925,113.75461577100026,3353500
2020-09-17,111.18368530273438,112.31055209859757,109.9232742073637,111.34228269114327,5186400
2020-09-18,109.73963165283203,112.51086998072219,108.52094604012348,111.60939186761657,8473000
2020-09-21,109.54766082763672,109.60608407301456,107.9783974274811,108.82145237293675,4402700
2020-09-22,110.3072280883789,110.92491979092293,108.8882196904959,109.34731401423137,3951000
2020-09-23,109.34730529785156,110.86648771407808,108.38739130022145,110.76631358262144,5909900
2020-09-24,109.83143615722656,110.4407725155525,108.44581080612022,109.7145769551271,4316600
2020-09-25,111.47582244873047,111.70954085751751,108.93829010090269,109.25548482855568,4576000
2020-09-28,115.1652603149414,115.67443534184478,113.24541942317296,113.5542589071851,7487500
2020-09-29,114.4891586303711,116.47576552981907,114.46411827669701,115.74122726087812,4330500
2020-09-30,115.69109344482422,116.18357048994086,114.27207279229911,115.18191859268984,7060700
2020-10-01,117.52751159667969,117.56924976513112,114.76461551698567,116.39230219298508,6483900
2020-10-02,115.2403793334961,116.78460219970282,113.6878139294117,116.25872936933098,5130200
2020-10-05,115.13184356689453,115.50747423298832,114.3388695522352,115.28209838067143,4519800
2020-10-06,113.27043914794922,115.87474978450595,112.81134490619267,115.19027969012402,5031000
2020-10-07,114.36393737792969,114.78964883867395,113.32054691406627,113.4708017639466,4347300
2020-10-08,115.0650863647461,115.29880477095078,114.15524035127302,114.58929427852365,2977400
2020-10-09,115.55757141113281,116.2420288655276,115.10681964219346,115.7745920212192,3194000
2020-10-12,118.63765716552734,119.772866344538,116.6760782668588,117.7945896344536,6167200
2020-10-13,119.81460571289062,120.19857899995503,118.45403323655529,118.7127920284749,4293200
2020-10-14,118.96318817138672,120.29037753334248,118.22029481123248,119.82294073190127,3641000
2020-10-15,118.0533447265625,118.5040964638909,117.37722985726776,117.82798159459615,3306800
2020-10-16,118.30378723144531,119.21363344537804,117.80296742353535,118.32048504605253,5076000
2020-10-19,116.59259796142578,118.97153290729239,116.2336778167914,117.97822331752141,3223200
2020-10-20,116.61764526367188,117.87805608097955,116.3672290602029,117.69441838088211,2750900
2020-10-21,116.52583312988281,117.26037123591232,116.10847701227821,116.59259890040538,2560100
2020-10-22,116.53419494628906,117.02667218972978,116.03336242762731,116.69279233508863,2909000
2020-10-23,116.4924545288086,117.30212653419973,116.05840053680413,117.04336774134892,2758400
2020-10-26,115.2403793334961,116.09178945488406,113.86310911843533,115.80799032665443,3431100
2020-10-27,116.12516784667969,116.76789986594743,115.44071040294014,115.6660862839013,3390800
2020-10-28,111.99332427978516,114.94821233475429,111.80134405731536,114.48076284594222,5196000
2020-10-29,111.8431167602539,113.21204455862282,110.39905516753839,111.65112374177947,3856500
2020-10-30,111.25879669189453,111.71789100352888,109.93996246821607,110.95829975488832,4303900
2020-11-02,112.81134033203125,113.7128309692831,111.66778877895729,113.19531351957603,3126400
2020-11-03,114.38896942138672,115.69113132453262,113.75459265064825,114.0383917793971,3293900
2020-11-04,115.07344055175781,118.27873279280576,114.90650063566765,116.02501208384076,4576300
2020-11-05,115.2320327758789,117.08509505600536,114.74789812518205,116.31716128697887,3667800
2020-11-06,115.50749206542969,116.66774165211481,114.63104160372966,115.65773416570454,2867000
2020-11-09,115.56588745117188,119.90638781457491,115.33216908260604,118.52911794719081,6111300
2020-11-10,118.29544067382812,118.89643461226403,113.67948218604984,114.3472546439453,5284500
2020-11-11,120.11508178710938,120.39889361807529,118.20359643253984,119.24698669384794,4389800
2020-11-12,120.06501007080078,120.8162587571389,119.16351928921415,120.4072451589093,2570100
2020-11-13,120.79121398925781,120.94145607901032,119.58922632444563,120.00658244491109,2580400
2020-11-16,121.66765594482422,122.08501208001233,120.77452043860488,121.03327920454976,3399000
2020-11-17,121.2336196899414,121.95147278127433,120.29039071011934,120.42394773564617,2924000
2020-11-18,119.6810531616211,122.34378742563288,119.61427464948959,121.44229661690576,4335200
2020-11-19,119.63098907470703,119.94817113050483,118.8129617400217,119.26371357533006,4263500
2020-11-20,119.71443176269531,120.73278174701358,119.36385413908224,119.90641201776235,3469100
2020-11-23,119.38054656982422,119.90640661319242,118.42897513813672,119.62260751211144,3443300
2020-11-24,120.22359466552734,120.49905121424533,119.21360005692519,119.52243948880727,4472300
2020-11-25,120.33213806152344,120.96651487616984,119.94816476798749,120.57419904416352,2278300
2020-11-27,120.69940185546875,121.26700009729828,120.34881148645788,120.71608693079405,1596000
2020-11-30,120.39056396484375,120.72445656153663,119.26370988484342,120.58255698420474,4906900
2020-12-01,121.92642974853516,122.39386659089583,120.61592534569664,121.05832183840933,3999200
2020-12-02,120.71609497070312,122.65263372010759,120.10675852657998,121.76784067438642,4432900
2020-12-03,121.43316650390625,121.8619107205638,120.23103052352454,120.23103052352454,4757900
2020-12-04,122.61007690429688,122.7193538129791,120.92875949910903,120.94556343740857,3592600
2020-12-07,122.20657348632812,123.20695957485616,121.57607934590486,122.46717567864663,4217300
2020-12-08,122.33268737792969,122.8707085637272,121.29866768961132,122.17296013368033,3623800
2020-12-09,122.4756088256836,122.82028208600427,121.29027658552016,122.36631905352387,3842000
2020-12-10,121.61813354492188,122.97999699275402,121.40796879914836,122.76983224698051,3985000
2020-12-11,121.87033081054688,121.97962058044365,120.5589048815367,120.74385087946766,2975500
2020-12-14,121.24822998046875,123.13131054094893,121.09691753510785,122.10570565315776,3952400
2020-12-15,121.70219421386719,122.12252366963214,120.96241026694103,121.52565019837363,3183300
2020-12-16,121.80305480957031,122.29063846003068,120.97079796745831,121.03805221173927,4915800
2020-12-17,122.49239349365234,122.90430807625869,122.04683254986712,122.10568482020213,3312500
2020-12-18,123.51798248291016,123.66090575681989,122.31584664215237,123.01359493548563,8980400
2020-12-21,122.23177337646484,122.45035285433035,120.60930819581097,121.8955150177344,3946900
2020-12-22,121.07169342041016,121.89553551705012,120.61773044960302,121.5592771017707,2653700
2020-12-23,121.39952850341797,122.39991442988506,121.11370761797995,121.46678274012703,2645100
2020-12-24,121.94597625732422,121.9880117672172,121.17257161955239,121.75262830474041,883300
2020-12-28,123.50119018554688,124.08124682308261,122.34947888078912,122.55124161523847,2493500
2020-12-29,123.9299087524414,125.06480317180095,123.44232514850945,124.14847540492086,3186700
2020-12-30,123.83744049072266,124.40909512059307,123.58524029599849,123.97194897156683,2224900
2020-12-31,124.66971588134766,124.80422438225571,123.27421904615916,123.98036943477142,2076800
2021-01-04,121.28186798095703,124.23257622095963,119.32313112574988,123.58526525019808,7486900
2021-01-05,121.64334106445312,122.04685374742435,120.13015246901485,121.1137346766274,4126000
2021-01-06,120.15536499023438,120.71861771592644,119.02888519372273,119.09613944197605,4843300
2021-01-07,119.76868438720703,120.34032632918395,118.659008390516,120.0545053581955,4473200
2021-01-08,121.20621490478516,121.39116092080987,119.08776334794779,119.7686951217483,4312000
2021-01-11,119.44921875,121.31548251431485,119.11296032455668,121.08009905101719,3902700
2021-01-12,118.89434814453125,119.37352973797131,117.22984758916195,119.0624901385031,5150000
2021-01-13,119.86953735351562,120.41597327973264,118.53289291623622,118.6337678692579,4361600
2021-01-14,119.17182922363281,119.74348408106455,118.5917852205316,118.93644570217265,4724700
2021-01-15,118.8607406616211,119.87794339757582,118.13777362040815,118.91117813444892,4309100
2021-01-19,119.42400360107422,119.86114982924683,118.90279917773113,119.69302061146877,5158600
2021-01-20,118.8103256225586,119.18861956763136,117.62499347755183,118.56652735461064,5019300
2021-01-21,117.36438751220703,118.35635883988058,116.63301838663631,117.93602939715045,5684100
2021-01-22,116.5069351196289,117.30555865478544,116.20429734733978,117.27193793672627,4014900
2021-01-25,117.84353637695312,117.96964288479998,115.65783134271955,116.06134394747377,3829000
2021-01-26,119.20542907714844,119.4492145028112,117.48207584629515,118.79350161730585,4242500
2021-01-27,116.0445327758789,119.65096613876722,115.63261818171542,118.1209609963455,6659800
2021-01-28,117.01129150390625,118.356337784904,115.809142841287,116.70865384588075,5514000
2021-01-29,114.80879211425781,116.39763692194013,114.33801235527612,116.10340117600617,6778100
2021-02-01,115.15345764160156,115.9773126359243,114.24554445000986,115.15345764160156,4185700
2021-02-02,116.33039855957031,117.2971512955049,114.83402653959163,115.54857900562719,3581600
2021-02-03,116.02774810791016,116.80955474888617,115.22912469679697,115.80076660708862,3609600
2021-02-04,117.42321014404297,117.49046438453858,115.8007448846786,115.8007448846786,3860300
2021-02-05,118.4992904663086,119.47444509312147,117.46527072877045,118.1041797361802,4437900
2021-02-08,118.02848052978516,119.21381241735563,117.27189280395912,118.69260810967253,4112200
2021-02-09,117.35597229003906,118.65898315342439,117.2634993099825,118.64217921336694,3179300
2021-02-10,115.75871276855469,118.63376428984652,114.96849145389928,118.63376428984652,6966600
2021-02-11,113.46372985839844,116.18746924264099,112.93411066015881,115.8848315332807,7528000
2021-02-12,112.53898620605469,113.99333512387061,112.18591105952818,113.70750139126206,5659300
2021-02-16,112.96772003173828,113.32919711499717,112.14386527129167,113.11903244033026,5180100
2021-02-17,113.03498077392578,113.54778312273051,112.53058039471523,112.69870957864059,3353000
2021-02-18,113.79996490478516,114.07738381700442,112.57261037762169,112.70711884914022,3935200
2021-02-19,111.39571380615234,113.58983419764935,111.21076780936426,113.49736119925531,5414900
2021-02-22,110.95854949951172,111.47135183379098,109.92453003416287,111.00057217372687,5792900
2021-02-23,111.62269592285156,112.93412185088411,110.37852425105628,111.51340615303626,6264300
2021-02-24,111.04264831542969,111.2107775561256,110.29446229100984,110.84089835757011,4944000
2021-02-25,109.28565216064453,111.04262610525788,109.11752295357694,110.42054675636419,5702300
2021-02-26,108.60472869873047,110.01702953719379,108.08352426940765,109.76484212135192,8329000
2021-03-01,109.80683898925781,110.94173340347257,109.57145557152106,109.79843701985085,5287300
2021-03-02,110.18517303466797,110.99219843085898,109.60511631572214,109.70599128338667,5614000
2021-03-03,108.56269073486328,109.73120610247408,108.42818223116092,109.11752869205783,7505800
2021-03-04,109.1668472290039,111.64116989831697,108.73469251640519,109.52274162700166,9102800
2021-03-05,112.7258071899414,113.04781243345214,109.47190438029556,109.85321889348117,10186500
2021-03-08,111.96318817138672,113.70028921226516,111.84455669157266,112.8952889613939,8634900
2021-03-09,112.06487274169922,113.47151243277703,111.85302988207408,112.64956110304253,8930200
2021-03-10,113.19187927246094,113.94603934196792,110.61586283671294,112.29366760876299,7791700
2021-03-11,112.88682556152344,114.03925125029053,112.78514512511705,112.99698798753849,4458900
2021-03-12,112.73428344726562,113.36981198644409,112.3953400649816,112.80207470969468,5275100
2021-03-15,112.7258071899414,113.23423516076251,111.82759564736983,113.17491296122721,5389200
2021-03-16,113.55622863769531,114.03923650790937,112.48854540386603,112.7681794976962,5544700
2021-03-17,113.22576141357422,114.02229259190197,113.02240055433231,113.8528208992466,6199500
2021-03-18,112.30213928222656,112.76819617419874,111.35308737847409,112.15808768468288,6476700
2021-03-19,113.97146606445312,114.40362087210302,112.00555798994398,112.1157204218375,16114400
2021-03-22,116.76777648925781,117.10671986275115,114.47139440477864,114.92898218184163,7813400
2021-03-23,118.17444610595703,118.77607268637134,117.089798589275,117.31859253598532,6978400
2021-03-24,117.62364196777344,118.72522756107647,117.59822185583953,117.79311369062076,5082300
2021-03-25,118.3185043334961,118.84387060431492,117.22538769469998,117.93717675771867,5827600
2021-03-26,120.91991424560547,121.1741282895282,117.89480461952871,118.31000839240126,6785600
2021-03-29,122.70783233642578,122.83494578566656,120.68261550517437,121.06392999317761,6105800
2021-03-30,120.78430938720703,122.6570058039923,120.42841496340053,121.75031223178496,4372700
2021-03-31,119.86070251464844,121.4537651576072,119.62343951631802,121.44529609690385,6257900
2021-04-01,119.71662139892578,120.58094378260765,118.72519848669974,119.64036108179928,4823400
2021-04-05,121.30972290039062,122.30961519475916,119.75056223974919,120.19966815906587,5980700
2021-04-06,121.74186706542969,122.19097294526777,120.80128414296694,121.20801886001843,4751900
2021-04-07,121.52152252197266,122.10621079393677,121.19104822867034,122.02146849109614,4849200
2021-04-08,120.78430938720703,122.15705979887325,120.36910569102993,121.75031223178496,6725100
2021-04-09,120.80976867675781,121.29276373907517,119.99628629566567,120.53013451231563,4950800
2021-04-12,121.19109344482422,121.57240809015462,120.36914193407,120.49624250589183,4386700
2021-04-13,121.21649169921875,121.99607190215595,120.21658663837019,120.38607127672125,5283300
2021-04-14,120.41995239257812,120.93684947330777,119.68274339853451,120.80974893290772,4685300
2021-04-15,120.58942413330078,121.25885479261403,119.8352640903108,120.0471069442952,4777100
2021-04-16,122.15707397460938,122.29265651270583,120.71654506445637,121.56391653276549,6481400
2021-04-19,122.6570053100586,123.3772761435819,121.39441731912912,122.43669340950203,6621200
2021-04-20,123.47045135498047,124.26696934522084,121.96211886871372,122.13160343628462,4999700
2021-04-21,124.5466537475586,125.2415045520807,123.89418703193161,124.8601899805109,6316000
2021-04-22,123.77556610107422,124.26703021221005,123.19087767419809,123.91961771018141,4904400
2021-04-23,123.57217407226562,124.00432883591735,122.9196944672584,123.3010090151701,4354700
2021-04-26,121.47917175292969,123.52134005334915,121.15716646393976,123.33491729970889,5817700
2021-04-27,121.08088684082031,121.32661883335182,120.43688929533138,120.85209296511154,4693700
2021-04-28,120.18268585205078,121.7587971553897,120.09794354106624,121.58932546328191,4962700
2021-04-29,121.97064208984375,122.38584580313255,120.30131938780511,120.41148180799757,4699900
2021-04-30,122.15707397460938,122.2248652436576,120.75043423404924,121.44528504439671,5051100
2021-05-03,123.53828430175781,124.3771867347579,122.10623733936627,122.89428662169068,6109800
2021-05-04,121.98760223388672,124.36871399041254,121.58933660950028,123.69928328990662,6603800
2021-05-05,121.92828369140625,122.50450303055695,121.59780932611169,121.7842320890843,5305200
2021-05-06,123.3434066772461,123.68236307145497,122.02997812564848,122.41977474652259,4472200
2021-05-07,123.3434066772461,123.71625224594368,122.5045170775409,123.0637725007229,4181000
2021-05-10,124.32635498046875,125.40252047045657,123.8094578172334,124.13146314412668,5270600
2021-05-11,123.41962432861328,125.10589786565676,122.88578920340787,124.70763232137945,5266100
2021-05-12,122.21635437011719,123.49589325997883,121.8943620805636,122.76715345226367,5651700
2021-05-13,124.0297622680664,124.66529089281339,121.6656014731473,122.22486976609177,4849400
2021-05-14,124.2161636352539,125.32621803981905,124.07211205670873,124.7330606782034,4224700
2021-05-17,123.86029052734375,124.90255385134198,123.47050687830641,124.56361042349535,3747100
2021-05-18,123.30101776123047,124.52123474499034,123.14002804325486,124.25855165845974,4527300
2021-05-19,123.23319244384766,123.40267703465797,122.08924903503164,122.56377485763907,4432700
2021-05-20,124.75849151611328,125.18217722940702,122.96206822930361,123.08069971183139,3964600
2021-05-21,124.64836120605469,125.67367354929607,124.15688415141335,125.30082799543962,5194200
2021-05-24,125.28386688232422,125.7075525830695,124.57206507837742,125.10591319887214,3627800
2021-05-25,125.66517639160156,125.72448566380142,124.57206008675765,125.28386186218243,4649300
2021-05-26,125.66517639160156,125.97869966003448,125.13979735142362,125.33470207545686,4462600
2021-05-27,124.14840698242188,126.06347505072331,124.0890976946579,125.88552132770268,9203600
2021-05-28,125.36014556884766,125.83467155441613,124.76698808688705,124.91103969465867,4913700
2021-06-01,125.09746551513672,126.1312598359896,124.6398776394209,126.07193762141532,5530300
2021-06-02,125.59740447998047,125.86008757560757,124.75850204212945,125.58045342965723,4546900
2021-06-03,126.0455093383789,126.12232679885612,124.75663530118592,125.2260970446415,4651600
2021-06-04,126.19064331054688,126.83081501527691,125.87482943733126,126.32721640006102,4427400
2021-06-07,126.11377716064453,126.54055813242336,125.22607847004609,126.12230809132431,4724100
2021-06-08,124.9358901977539,126.21623344806686,124.55178982752504,126.07112944261706,5997200
2021-06-09,124.70542907714844,125.97722828136507,124.63714254565053,125.68702029074207,4008000
2021-06-10,125.98574829101562,126.33569878997918,124.731011189927,124.88464608835173,4698200
2021-06-11,126.0626220703125,126.42964761898847,125.29440816195354,126.36990502879058,4364600
2021-06-14,126.81371307373047,126.86492471003353,125.29436072557826,125.87478966043234,3831900
2021-06-15,126.8222427368164,127.32584118785746,126.38693080827076,127.09537580247569,4256500
2021-06-16,125.5589828491211,127.41121093594724,125.26023092169099,127.06124736937443,5492100
2021-06-17,126.77104187011719,127.18074801557152,125.3968064209223,125.68701439793897,5316400
2021-06-18,124.12494659423828,126.31006256345088,123.96276777984353,126.31006256345088,10661700
2021-06-21,125.09805297851562,125.25170092140964,124.15059857435988,124.40666979630099,4904300
2021-06-22,125.28585052490234,125.90041631087428,124.86760038535,125.24316981281338,3518000
2021-06-23,123.63848876953125,124.73104733377468,123.62141387887341,124.67129172863498,3901700
2021-06-24,124.3384017944336,124.56886723095076,123.43362796318324,123.64701850920738,3818900
2021-06-25,124.97001647949219,125.29436118537608,123.97135049494983,124.41519336075358,6387600
2021-06-28,125.50774383544922,125.97720551445246,125.14924937811631,125.2687475305606,4282800
2021-06-29,125.42242431640625,126.07112686119167,124.96149346210956,125.85773632384222,3197700
2021-06-30,126.47230529785156,126.59180348080315,125.64434895014226,125.84066460263593,4943700
2021-07-01,126.49788665771484,127.24902539062,126.27596522495767,126.39546338479963,3997600
2021-07-02,127.10393524169922,127.84653009977545,126.80518329742827,127.09539128514496,3835500
2021-07-06,127.291748046875,127.5392753794377,126.13090281541066,127.24053639353976,4313800
2021-07-07,127.85505676269531,128.6318013724037,127.1807484579495,127.42827572760153,4225000
2021-07-08,127.9148178100586,128.60620103248036,127.34293276158226,127.53924839928031,4216000
2021-07-09,127.59043884277344,128.29889683642764,127.32583671759504,127.53069627788895,4088600
2021-07-12,127.6161117553711,127.85510818920807,126.99301484031965,127.59904988461761,4873700
2021-07-13,130.5608673095703,131.371748716865,128.6744892979491,129.01590893544443,8750800
2021-07-14,131.9094696044922,132.4216120291891,130.42428001665235,130.50109747306,6390300
2021-07-15,132.5155029296875,132.60939527238193,130.81690982978748,131.5083060028952,4920600
2021-07-16,133.00204467773438,133.87266858988008,132.39600989246597,132.88253348756817,5852500
2021-07-19,132.98495483398438,134.47014429609925,132.09724310956645,133.14713368888698,5750200
2021-07-20,133.00204467773438,134.290918682492,132.78011020950944,133.32638939969476,5213500
2021-07-21,132.50697326660156,133.25809899102376,131.93508827356078,132.55818490413913,4905900
2021-07-22,132.4643096923828,132.95083333623535,131.42296284669717,132.4643096923828,3333500
2021-07-23,134.1628875732422,134.68356098665186,132.50698800330218,132.7801211086531,3588400
2021-07-26,134.06900024414062,134.41041986153914,133.18128839998678,133.82999088277342,2999800
2021-07-27,134.8115997314453,135.4261654834472,134.0348550970646,134.27385144236268,4043900
2021-07-28,133.5739288330078,134.82866607849414,133.07886128501863,134.5213832219603,3556800
2021-07-29,133.84707641601562,134.3762807723689,133.32640299226256,134.20557095009278,3055600
2021-07-30,133.96656799316406,134.52139116862952,133.68489093934141,134.3250625095773,3757300
2021-08-02,133.4288330078125,134.10314133249219,132.73743677008974,134.00924898102295,3425900
2021-08-03,133.7275848388672,134.1372910374181,133.4203019338727,134.00926192047257,3359900
2021-08-04,131.49124145507812,133.71903901207222,131.33759350753175,133.31786379122596,4846300
2021-08-05,131.7131805419922,132.4643194431752,131.33761109140067,132.2850656510927,3733500
2021-08-06,131.73023986816406,132.09726531785094,131.14127993790004,131.2522471781886,3430900
2021-08-09,131.74734497070312,132.12290143872218,131.20106562483448,131.99487230466192,2636600
2021-08-10,131.81556701660156,132.56670570796211,131.28636277004583,131.71314374935125,2670200
2021-08-11,132.3362579345703,133.17275814278486,131.84973432609627,132.05459391216743,3058000
2021-08-12,132.3618927001953,132.55820835359165,131.96071743608638,132.49845274967853,1958700
2021-08-13,133.5995330810547,133.72756217630334,132.216753730754,132.38747655684958,2113800
2021-08-16,134.90548706054688,134.96522963248515,133.77877888238314,133.94948869062273,3224000
2021-08-17,134.7774658203125,135.24692763395862,134.21412466826268,134.78600977785868,3736300
2021-08-18,133.39466857910156,135.03350605939,133.32638205604923,134.58965017171107,3419200
2021-08-19,135.63955688476562,136.07486886844652,132.96790333515924,133.00205311289346,4745600
2021-08-20,135.16159057617188,136.25414923911393,135.07622913949683,135.65664523104192,3484100
2021-08-23,134.73475646972656,135.30664140249502,134.28236968672581,134.71768158423933,3102100
2021-08-24,133.06178283691406,134.6494087158039,132.88252908193107,134.6494087158039,3760800
2021-08-25,132.4728240966797,132.8739992916521,131.585125318557,132.60939714695178,3346700
2021-08-26,131.98631286621094,132.87401172741392,131.52538203448458,132.73743866435987,3220700
2021-08-27,132.2509002685547,132.65207545627817,131.62780364639121,132.16553885759632,4166500
2021-08-30,133.15570068359375,133.30080469193248,132.31066943280612,132.45577344114486,2540300
2021-08-31,133.4885711669922,133.55685769528628,132.59232839157715,133.23249994197025,5291200
2021-09-01,134.7860107421875,135.0250071173308,133.59101584214542,133.87269293234837,4231400
2021-09-02,134.8848114013672,135.17700855208557,133.95664417532396,134.7473022315246,2862500
2021-09-03,135.00515747070312,135.28876527645627,133.9824541112415,134.24028058134428,2035100
2021-09-07,132.8050537109375,134.7215405077436,132.07454761423298,134.480905982297,4609900
2021-09-08,134.6871795654297,134.71296090120325,132.60740209356933,132.91679123645096,3199100
2021-09-09,133.8363494873047,134.90202606280295,133.55274169430277,134.82468205932926,3560400
2021-09-10,133.6043243408203,134.28325470663344,133.21757807638593,134.05120957069263,3851500
2021-09-13,133.8621063232422,135.27154250974345,133.54412784697908,134.0168074154756,3367200
2021-09-14,133.33787536621094,134.64418634404268,133.05428071473688,134.39496243063914,2808600
2021-09-15,134.08560180664062,134.39499096936268,133.01992510979804,133.3980688768583,3702400
2021-09-16,133.69021606445312,134.1714850010624,132.18624408075166,133.54411750252495,4589900
2021-09-17,132.4613037109375,133.63869509192298,132.20347723916575,133.4066499559685,8127400
2021-09-20,132.01437377929688,133.16598354891013,130.9916706579254,132.26359767042968,5484600
2021-09-21,131.9542236328125,134.1715100303286,131.46436520009476,132.8738015403456,4479800
2021-09-22,132.35812377929688,133.2862909186721,131.8768548433827,132.88236596597378,3001000
2021-09-23,132.4613037109375,133.14882348419673,131.95424017480005,132.08315996748547,2712500
2021-09-24,132.52145385742188,132.88240566719895,131.9628407713952,132.1347207122035,2366100
2021-09-27,131.24948120117188,132.47843481116126,130.96587349572948,132.177648297094,4482000
2021-09-28,129.81430053710938,131.06044642134682,128.99786103458126,130.94871856575102,5910900
2021-09-29,130.88856506347656,131.6362499631427,129.50491000492335,130.06352304961214,3326500
2021-09-30,129.26431274414062,131.85973056770584,129.2299288804527,131.6792611809502,4949200
2021-10-01,129.72836303710938,130.29557864767548,128.49940899448183,130.07213603454292,4274300
2021-10-04,129.08377075195312,131.4901286706049,128.4649926267685,129.66817814289223,5404900
2021-10-05,129.8486785888672,130.96591786693787,128.97208696261376,130.08072371986313,6103100
2021-10-06,133.1746368408203,133.34651680853744,128.8775720798873,129.63384656056286,5499200
2021-10-07,134.40357971191406,135.57238175267767,133.65589470303732,133.65589470303732,4605100
2021-10-08,134.0941619873047,134.67856944000167,133.6300849011722,134.5582521870342,4186000
2021-10-11,134.27467346191406,135.12548382275344,133.77621241650922,134.40358014882915,2738100
2021-10-12,134.86764526367188,135.65831658464649,134.2488801082636,134.25746951542249,3195400
2021-10-13,135.77862548828125,135.83018815525554,134.08558131676952,135.32313777854438,3599900
2021-10-14,136.87005615234375,137.06773050685993,136.3114431661636,136.32003257190914,3677100
2021-10-15,136.4833526611328,137.2138588293445,135.366113332997,137.2138588293445,4313000
2021-10-18,135.86459350585938,136.38883594297477,134.75595654270123,135.95912945726056,3274200
2021-10-19,137.59194946289062,137.64351211582763,135.3918424000218,136.33720141584803,3125800
2021-10-20,138.63185119628906,139.12172269680275,137.2310043933424,138.00448363937517,3716500
2021-10-21,136.8013153076172,138.73499399592492,136.62943538026497,138.70062325589362,4164700
2021-10-22,137.48025512695312,137.90996149088969,137.05054876301656,137.1450846876265,3240300
2021-10-25,136.8357391357422,137.4631069549729,136.46618472605718,137.4631069549729,3281200
2021-10-26,138.5115509033203,138.70921216338422,136.7325733355494,136.7927254087872,3684700
2021-10-27,138.03028869628906,139.08736275595055,137.1279026442665,139.0100187521311,3751800
2021-10-28,138.8982391357422,138.99277503193875,137.9099200411728,138.23650097595979,3589600
2021-10-29,138.881103515625,139.44830595559228,138.28810662904326,138.39123196111046,4558200
2021-11-01,138.58888244628906,138.7951462079883,137.6607151890375,138.53731978426342,3017100
2021-11-02,139.86083984375,139.92099191898023,138.31389422471022,138.8381365424515,3464500
2021-11-03,141.20150756835938,141.27885156318442,139.35376241698071,139.35376241698071,3595000
2021-11-04,141.21009826660156,141.42495144103523,140.3850694203907,141.13275427106873,3310100
2021-11-05,142.6625518798828,143.03209315950096,141.39062436625602,142.2758186691937,3754300
2021-11-08,139.5944061279297,142.74846244774196,138.49435886143084,142.49922540762708,5766400
2021-11-09,140.52252197265625,140.82332156915908,139.2248139218094,139.4912296774355,3778600
2021-11-10,140.97805786132812,141.80309984861205,140.11005572860444,141.57965726065478,2683500
2021-11-11,139.81784057617188,140.92647708067872,139.6975233344921,140.9178876754144,2453000
2021-11-12,139.78350830078125,140.88355580588419,139.2936497480654,140.0928974811915,3540900
2021-11-15,140.7718048095703,140.84055940014306,139.64597625533577,139.663155067781,3357100
2021-11-16,140.35067749023438,141.79449755839227,140.2819229047415,141.17571940255263,2899400
2021-11-17,140.40225219726562,140.66007863658598,139.29361555586473,139.75769265576344,3332200
2021-11-18,140.44522094726562,140.53116746214567,139.0100033212283,139.9209786791301,3498900
2021-11-19,140.78036499023438,141.8288493300115,140.46238654924434,141.37336173642245,5242200
2021-11-22,141.0725860595703,143.3500375278397,140.23895471157388,140.25614663696675,4157200
2021-11-23,142.01797485351562,142.42189994605988,140.35071181000947,140.56556502461387,3878000
2021-11-24,140.72027587890625,142.23283789331055,139.72335374701228,141.88047544975487,3309500
2021-11-26,138.4857635498047,140.65148725057654,138.27091037232805,139.83504779888472,3402900
2021-11-29,141.06402587890625,141.44216963431086,138.4857873068924,139.8006879295315,5305800
2021-11-30,137.31695556640625,140.94367808825268,136.12237247788505,140.7975795077684,7610000
2021-12-01,137.64352416992188,140.29910593749423,137.5489882600603,139.62876516341956,5385600
2021-12-02,138.9716339111328,139.89742565975706,138.28811591156742,138.5476845552515,4619800
2021-12-03,142.51040649414062,142.6574923248257,139.59460582026782,139.7070886564079,6465900
2021-12-06,143.98992919921875,144.7426664706152,143.44483630491862,143.6698019830545,5403100
2021-12-07,143.8255157470703,144.45713584758312,143.33234721618416,143.98990965810214,5460100
2021-12-08,144.07647705078125,144.22356290628392,141.92207391549678,143.74768913717935,3891900
2021-12-09,143.8947296142578,144.38791132913158,142.63151586432326,143.5572943575264,3644500
2021-12-10,146.1962432861328,146.3260210219643,144.4052313183914,144.95897166162433,5025700
2021-12-13,146.9230194091797,148.17758588248952,145.40023682390415,146.1616215154366,5411800
2021-12-14,146.55963134765625,147.42485144256,145.6165446127418,146.5250283528329,4985000
2021-12-15,148.44581604003906,148.62750486430775,146.62020113604993,146.88841724953946,5507800
2021-12-16,148.662109375,150.1675837522999,147.96993072227573,148.44580437116178,6909900
2021-12-17,145.61656188964844,149.1466618799553,145.40025684025863,148.04782853243566,10159600
2021-12-20,146.58558654785156,146.65480573954557,144.2754504841842,144.63019389078687,5263600
2021-12-21,146.15298461914062,146.74134118011304,145.1666341865857,146.4212007504705,3401400
2021-12-22,147.0614776611328,147.07878576165945,145.59060596946713,146.18761001661798,4362900
2021-12-23,146.89706420898438,147.63250655828298,146.43849862250286,147.07010558463972,3241700
2021-12-27,148.35928344726562,148.43715008345436,146.8884119985676,147.07876146628018,2868800
2021-12-28,149.12936401367188,149.50140238709216,148.12570534709425,148.35067106331434,2332100
2021-12-29,149.65711975097656,150.0810823471005,148.75728346577694,149.50137326991052,2299500
2021-12-30,149.3975372314453,150.21949359879238,149.01683831548425,150.15027441387133,1988900
2021-12-31,150.29737854003906,150.5655946393407,148.913021198999,149.21585349304215,2914900
2022-01-03,149.66575622558594,149.8474582398055,147.5805859990474,148.99088566227306,5488900
2022-01-04,149.88209533691406,150.9376650637654,148.99091956457096,149.38892667560216,4717600
2022-01-05,150.39260864257812,151.72504218207033,149.88211859876793,149.99460146977583,6564600
2022-01-06,150.4271697998047,151.93265755347952,149.88207690236513,150.4704334460193,4288700
2022-01-07,150.61752319335938,151.14530800557895,149.34564853444022,150.6261706419424,4916000
2022-01-10,150.6953887939453,152.14030483000266,150.21951508094162,150.92900192618558,5055900
2022-01-11,150.62612915039062,150.74725940824433,148.48903494223666,150.27138582303047,6452300
2022-01-12,150.46176147460938,150.83381296140828,149.63980506722095,150.46176147460938,5268000
2022-01-13,150.70401000976562,151.14528064965418,149.89071431717778,150.2973687645763,4310300
2022-01-14,151.9672393798828,152.22680801880105,150.02914183846377,151.04146085046594,4474500
2022-01-18,150.5137176513672,151.20588327650128,149.81287817226738,150.21953273825085,5789500
2022-01-19,151.59523010253906,152.24414522279577,150.17626956766625,150.51370490211124,6424500
2022-01-20,150.49636840820312,153.0401173120353,150.4098411276092,151.76824286011922,6284200
2022-01-21,150.73863220214844,153.35160034636695,150.64345747232628,151.6990269477321,6753200
2022-01-24,149.96861267089844,152.7113590076197,146.18760477740062,151.8374913944234,9263900
2022-01-25,148.24681091308594,149.23316131328653,146.86246665435786,148.8870785491573,6536900
2022-01-26,146.68077087402344,148.65347175851102,144.0158912295621,146.53368503288843,6841800
2022-01-27,146.5423126220703,149.92532611634257,146.03183597162686,147.76227603594495,6543500
2022-01-28,149.3975372314453,149.44944831958372,144.67344337991648,145.79821882880742,5796000
2022-01-31,150.1330108642578,150.64348760714287,147.59790884580414,147.75365534494588,5908000
2022-02-01,149.1120147705078,150.05510142183098,146.70670417604907,149.81284087290777,5952700
2022-02-02,151.82017517089844,151.96726100670205,149.31104210942988,149.47542284200244,5767000
2022-02-03,151.73362731933594,152.8497685136328,150.4011943270432,151.6471132405795,4632700
2022-02-04,149.24183654785156,151.31835973996866,148.11704765119958,149.76962139616143,4592400
2022-02-07,148.65347290039062,149.67443954969212,148.13434872808148,149.458134510677,4813300
2022-02-08,148.83514404296875,149.37157620365153,147.35561207429288,149.36292875668246,3957700
2022-02-09,148.76593017578125,149.49271181342334,147.96126870379857,149.25045126754264,6780200
2022-02-10,145.67709350585938,148.3419728059299,144.7513149307775,145.92801471000075,7899800
2022-02-11,145.8588104248047,147.35563754615995,145.08876504075602,145.40889226266717,7299600
2022-02-14,144.23219299316406,146.81054528327638,142.84784870684985,146.58559280233084,6822500
2022-02-15,143.59193420410156,145.57328243239579,142.98626956980567,144.6821067818543,4943800
2022-02-16,143.8861083984375,144.6648012244814,142.3633125399178,143.30641250310057,4161700
2022-02-17,144.27542114257812,145.31368240241292,142.76128628800834,143.63515365127938,5156800
2022-02-18,145.1060791015625,145.56464473100402,143.81689630806525,144.58694172375118,5181600
2022-02-22,145.65980529785156,146.17028197494034,143.8255297564281,145.850154771039,7733900
2022-02-23,144.22354125976562,146.32601977559418,144.07645542633907,146.32601977559418,5812800
2022-02-24,141.7144012451172,143.92071524759584,138.68613074820456,143.37563553565548,8888800
2022-02-25,145.68576049804688,145.75497968833346,142.1210448104465,142.25948319101965,6535600
2022-02-28,141.67117309570312,142.94304796074837,139.65520826336754,141.93072861737463,7677000
2022-03-01,140.39927673339844,142.24218666615727,139.56001213592813,141.0914554903714,5107900
2022-03-02,142.34603881835938,143.47082778057603,140.58964277207392,141.0135922439415,5452100
2022-03-03,142.19358825683594,143.8657351420243,141.7842591804102,142.803223065648,5352200
2022-03-04,144.3534698486328,145.00665297011983,140.146968951571,141.0875542411977,6340300
2022-03-07,141.47947692871094,143.83093376541453,141.20079234336893,142.89036166196996,6319500
2022-03-08,137.49069213867188,142.80325365867395,137.33393456384147,141.41850859149218,6163700
2022-03-09,137.08131408691406,139.39793931955393,136.21040354433129,139.18021168390823,5764900
2022-03-10,134.5644073486328,136.07979674928825,133.5715696831117,135.67917198047957,6103700
2022-03-11,133.88510131835938,136.63718238403334,133.66737363827207,135.38306882048354,4762600
2022-03-14,135.76629638671875,137.429739354869,134.55573079655107,135.12181755224526,6075600
2022-03-15,138.4748077392578,138.91026310950704,136.5849330270613,137.01168407396116,6203400
2022-03-16,139.08441162109375,139.3369831214465,136.76778637798657,137.96094286326345,6299000
2022-03-17,140.16439819335938,140.76532882269044,138.7361048915046,139.19768659161926,3587600
2022-03-18,141.77554321289062,141.897470176067,139.3979607864302,140.5475692584151,12123000
2022-03-21,141.5752410888672,142.66387946250703,140.2775926524758,141.3226828333615,5122600
2022-03-22,143.1254425048828,143.49994096714056,141.28782063697656,141.81907662596484,5779200
2022-03-23,142.3765106201172,143.94415290243018,141.63624432641782,143.04711573597663,4533700
2022-03-24,143.23867797851562,143.46510996711203,142.1935878394707,142.8816014168873,3160300
2022-03-25,143.9093017578125,144.48409277168722,143.20385286475215,143.20385286475215,4146800
2022-03-28,144.33602905273438,144.3708729231928,142.57679897682905,143.78736433892206,4308000
2022-03-29,146.47850036621094,146.81815507166434,144.89343621473168,145.69467261505648,4440400
2022-03-30,146.2781982421875,146.52205222711459,144.6757121124652,146.40012523465106,3871500
2022-03-31,145.77304077148438,147.44518776155525,145.67724006058768,146.6352338805117,6076200
2022-04-01,147.8458251953125,147.9938784492162,145.7643487378858,146.21722611332646,3239600
2022-04-04,147.46261596679688,147.52357280957222,145.8340038123069,147.27971886038378,3759900
2022-04-05,147.61936950683594,149.25668594029054,146.59170121880342,146.59170121880342,4480700
2022-04-06,150.13633728027344,150.4063175469819,147.61070085533672,147.98518618295265,4294800
2022-04-07,150.27566528320312,150.91142646355453,148.73414940436308,149.8227879339588,5041600
2022-04-08,150.78077697753906,151.2684848537529,149.43956702890802,150.6588500084856,3883100
2022-04-11,150.31919860839844,152.38325280378345,150.07534466502145,151.1988136692195,3825100
2022-04-12,150.9288330078125,152.10455452643797,150.34532441014625,151.34686643960978,3924300
2022-04-13,150.6675567626953,151.38170994227656,149.56149641119316,151.17268658236526,4394000
2022-04-14,149.70957946777344,151.76492973807177,149.58765247246106,151.08562029432488,4834300
2022-04-18,148.4206085205078,150.06662930755724,148.0199970171017,149.11733977878683,3086000
2022-04-19,150.58045959472656,150.81560921227975,147.91547489260068,147.91547489260068,3642000
2022-04-20,152.81871032714844,153.25416570203882,151.29461651503217,151.29461651503217,4197600
2022-04-21,152.27005004882812,154.36024406533264,152.1045748608373,153.07128643732244,3701300
2022-04-22,149.92730712890625,152.64455819175373,149.74442328054042,152.4007042012354,5864000
2022-04-25,151.31204223632812,151.4687997964694,148.9257419381753,150.85046059052044,7369900
2022-04-26,150.9288330078125,152.71420267206955,150.43240751020562,151.51234160547875,7386600
2022-04-27,152.27874755859375,153.88122012402508,150.83303254695664,151.03333829537473,5180300
2022-04-28,154.586669921875,154.69117496735612,151.38172449603886,152.00006373386148,5235800
2022-04-29,149.54408264160156,154.50827099030522,149.28280677292395,154.50827099030522,6505600
2022-05-02,146.10400390625,151.06820653518983,143.93544432803168,150.6675816846864,7692100
2022-05-03,146.30433654785156,147.4539321015524,145.07634890829317,147.30587883344944,5564900
2022-05-04,151.4165496826172,151.64298170276746,145.97335727381645,145.97335727381645,6231500
2022-05-05,148.39447021484375,150.9462454172226,147.25357935043502,150.75464400452347,6534300
2022-05-06,148.41189575195312,148.75155039379325,146.940054540965,147.39293182643274,5824600
2022-05-09,149.535400390625,150.57178649839614,146.97492019237768,147.75874798376438,7269100
2022-05-10,149.35247802734375,152.00874498309463,148.70799933693806,150.77205340613435,5936700
2022-05-11,148.62962341308594,150.15371713974423,147.98514471032937,148.7689723146078,5376900
2022-05-12,148.4031982421875,149.78795654407324,146.45236651261328,149.14347775395632,6473500
2022-05-13,151.2946319580078,151.67783485327266,147.58455656930198,148.6644775042722,4714600
2022-05-16,152.81871032714844,153.54156784415167,151.03334063228925,151.28591219159,5317200
2022-05-17,151.93911743164062,153.0016164755403,150.30180073056886,152.67938370358078,5012200
2022-05-18,142.52452087402344,151.42522867505159,141.88875982796193,151.2684711386426,8875400
2022-05-19,140.39080810546875,141.76684866421087,139.0583157413725,141.52299472104576,6423800
2022-05-20,141.2704315185547,142.0106976454969,139.014762689526,141.29655777662072,5768800
2022-05-23,144.2228240966797,145.39854562418628,142.45487635469712,143.0122586976516,4657800
2022-05-24,146.15623474121094,146.53942427248944,143.83960917403022,144.58859288037277,6327600
2022-05-25,147.15777587890625,147.61065314487092,145.4072502292766,146.18236018825195,5781000
2022-05-26,148.15066528320312,149.00415431082453,147.14912298572213,147.14912298572213,5193800
2022-05-27,149.59632873535156,149.63115931479336,148.22899261176278,149.1521557909552,6713500
2022-05-31,146.09527587890625,148.90831383361567,144.0225040759397,148.90831383361567,13610000
2022-06-01,144.99794006347656,146.64396090063428,142.67260988330418,146.46976811397917,5613900
2022-06-02,146.17306518554688,146.23445938770766,142.63888411913848,145.24348095806113,4677300
2022-06-03,144.56825256347656,146.09416908363218,144.138533210911,145.45398586979076,4222000
2022-06-06,145.17330932617188,146.99740478023398,144.46296722821177,145.98013184245565,3447800
2022-06-07,146.0678253173828,146.3309184610017,144.01572288380729,145.29608899782696,4168300
2022-06-08,145.33993530273438,146.28706255971193,144.79621930356075,145.34871354883248,2646800
2022-06-09,142.75289916992188,146.39231227167434,142.6564321214153,144.86639598990095,3522900
2022-06-10,142.52488708496094,143.75263731121345,139.83258807110704,141.16558358923393,5203300
2022-06-13,140.08692932128906,142.83183116277363,139.49058388375153,140.77972843129984,6300700
2022-06-14,136.91226196289062,140.3587537171995,135.80728692197906,140.31490263383205,6159200
2022-06-15,138.37684631347656,140.1746343184538,136.74568445560854,138.49085649444112,5940100
2022-06-16,137.7103729248047,138.96444493324864,136.02659488292863,137.35959085080157,7207900
2022-06-17,137.7366180419922,139.42917356111954,136.95611690933504,137.71031006752403,9881800
2022-06-21,140.93759155273438,141.15683364355772,137.99097731680948,138.71008441634294,4449600
2022-06-22,142.0951690673828,142.9370645024287,139.92905634938842,140.60432567051566,4706500
2022-06-23,143.91049194335938,144.8225330150139,143.07736141940424,143.62985568655907,5810700
2022-06-24,145.69073486328125,145.74335081551513,143.77017231790649,145.26101561758284,5951500
2022-06-27,145.88369750976562,146.56773178570143,144.99795086880275,145.46274304651612,4595800
2022-06-28,143.83157348632812,147.72531508025264,143.6912687210099,146.58525355513893,4372900
2022-06-29,146.2169189453125,146.94480423029808,145.00671180699445,145.62935179799322,3653600
2022-06-30,146.15557861328125,146.96238805616338,145.25230209671332,146.56775489344074,6295100
2022-07-01,148.54966735839844,148.66367752526986,145.3662679853885,146.22570659776926,3918700
2022-07-05,148.21640014648438,148.54965236587472,144.98916338713602,147.88316130856765,4971600
2022-07-06,149.69850158691406,150.79471207507464,148.62859907995127,149.0846263898393,4209100
2022-07-07,149.4003143310547,149.9966463288274,148.54088917718713,148.6636641991682,5150200
2022-07-08,150.73329162597656,151.45239855882585,149.56692236737587,149.58446547738845,3482900
2022-07-11,149.49679565429688,151.54013351501732,149.1021625731994,150.32114804410836,4921300
2022-07-12,148.6461181640625,151.9961432974159,148.09362388527498,151.71550703470686,5201600
2022-07-13,149.17233276367188,150.34746722837187,147.3131506242241,147.8042507956524,4533100
2022-07-14,149.94406127929688,150.1019225580805,147.06760584445973,147.58501401649062,4218300
2022-07-15,150.0668182373047,151.64536392747812,149.10216109104172,150.25975234285227,4659100
2022-07-18,147.55868530273438,150.17206054156702,147.19913846000074,150.09312322252703,3479700
2022-07-19,149.13723754882812,149.7423478598395,147.88317921387141,149.30386367869795,4201600
2022-07-20,147.55868530273438,149.58449337056732,146.85712134907627,149.12846609550982,3460700
2022-07-21,147.77792358398438,148.56720308376794,146.94480637433034,147.3219097021265,3088300
2022-07-22,148.74258422851562,149.58447962963277,147.76038407844015,148.33040808379323,3757800
2022-07-25,148.9530792236328,149.83881243756323,148.2427236214891,149.35647716998724,3357200
2022-07-26,150.689453125,150.82977125387347,148.41810861243795,149.5844779684363,3732100
2022-07-27,150.47898864746094,150.79469777336766,148.26025990037118,149.51433153825528,4479000
2022-07-28,153.32913208007812,153.57468212990827,150.12820318527326,150.72453519729672,3134200
2022-07-29,153.43438720703125,153.8904011108122,152.0575404851629,152.29432568462894,4215500
2022-08-01,155.1795196533203,155.82848093588876,153.0748013348663,153.0748013348663,4034600
2022-08-02,153.89918518066406,155.3549425154617,153.66239997224002,155.17078665005724,3781100
2022-08-03,155.07431030273438,155.2760092703947,152.80296555565505,153.5396157360903,4401300
2022-08-04,154.23239135742188,154.99536278244082,153.10110827969896,154.71472653841715,3822500
2022-08-05,153.07481384277344,153.2063537303728,151.1893240378483,152.93449570835156,3295600
2022-08-08,152.46095275878906,154.3201213757745,151.9961606045427,154.16226011465733,2846100
2022-08-09,153.0309600830078,153.67114316061122,152.55740311443884,153.28527498842058,3228800
2022-08-10,154.2938232421875,154.72352919628528,153.22392071808636,154.17981306752029,4041100
2022-08-11,153.50450134277344,155.32859672734176,153.1800274045787,154.6621057408825,2743800
2022-08-12,155.51278686523438,155.5566379555763,153.80270139369213,154.28502324303108,3756200
2022-08-15,157.22286987304688,157.29302894019972,155.04799231720426,155.89865260690587,3043100
2022-08-16,158.13494873046875,158.4681876239489,156.6616348561942,157.6613782995864,3395700
2022-08-17,158.0472412109375,158.79266968038127,157.60875702455303,157.94200928827738,2666200
2022-08-18,158.205078125,158.66987025982087,157.8016801951241,158.57341659172076,3010600
2022-08-19,158.00338745117188,158.74003766031962,157.25797237577544,157.64382721284673,3704000
2022-08-22,156.49501037597656,158.26649031424733,156.1179203820916,157.97708913263804,3385000
2022-08-23,156.42481994628906,156.85453919918538,155.47769264579549,155.94249812175084,2575000
2022-08-24,157.20530700683594,157.41578418184636,156.19679897887258,156.4248058823631,3340600
2022-08-25,157.21409606933594,157.28425513249988,155.56539153866555,157.00361887984405,3401800
2022-08-26,153.50450134277344,157.8367262084392,153.1800274045787,157.81919647984157,5246600
2022-08-29,153.02220153808594,153.7237654639835,151.89968319888087,153.07481749438085,4184500
2022-08-30,151.70672607421875,153.1975692626374,151.1279238798945,152.89062505554878,4026300
2022-08-31,151.07534790039062,152.95205971486547,151.01395369014148,152.42587332963956,5597900
2022-09-01,152.6026611328125,152.71742400145683,150.29839139237993,150.89873092498544,4846100
2022-09-02,150.66917419433594,154.47430579516868,149.98936694384798,153.3707287196882,5801500
2022-09-06,149.6539306640625,152.3731472023608,149.31845226933945,150.95173886350952,4900100
2022-09-07,152.95579528808594,153.42371092900407,150.02468786737512,150.63386461875183,6074600
2022-09-08,152.44375610351562,153.11472626896818,150.5809170357351,152.5408714471972,3888100
2022-09-09,152.92930603027344,154.10351371765844,151.56086768955257,152.42606839079392,3662000
2022-09-12,153.52967834472656,154.00643131261114,152.51439255276304,152.92933872164636,5953300
2022-09-13,147.79989624023438,152.58500554952764,147.39377388737543,152.2936595407944,6926200
2022-09-14,148.92112731933594,149.3713954752442,147.9411636186002,148.42672684896036,5156900
2022-09-15,146.44915771484375,148.81522148682993,145.97240467508772,148.78873670366633,5461000
2022-09-16,147.41146850585938,147.5880382107257,145.89294479547996,146.87292214960382,12012600
2022-09-19,148.96527099609375,149.03590155820487,146.99649291107914,147.4908933744548,3720900
2022-09-20,149.13302612304688,149.33608058205158,147.31433281823215,147.94999444515423,3872000
2022-09-21,148.70925903320312,151.8787299878556,148.62096745556687,149.98058231130636,5134500
2022-09-22,148.85052490234375,149.98941085020948,148.36494815270962,148.67394174145585,4290600
2022-09-23,148.77987670898438,148.9829311542687,147.02297684892702,148.6651003622835,4565100
2022-09-26,148.71807861328125,150.09534096863027,147.90584731323958,148.61213950022454,5326400
2022-09-27,146.56390380859375,150.0865277508033,145.88410982348623,148.53269560732394,5400700
2022-09-28,148.91232299804688,149.75103915349558,145.88411298582366,147.358490820885,5480900
2022-09-29,147.09361267089844,149.3272520631104,145.6722045602724,149.0270822686683,5167700
2022-09-30,144.13601684570312,148.53267843806353,143.9153013892297,148.04710173954152,5971900
2022-10-03,145.8929443359375,146.28140576826283,143.92416586363956,144.36559686011742,5093400
2022-10-04,147.53504943847656,148.96528137451511,146.15778705986116,147.78224968738687,4596800
2022-10-05,146.55508422851562,147.51740052434897,144.55098382279513,147.41146140081628,3538600
2022-10-06,143.7299041748047,146.57272025722992,143.4650429397125,146.36965234319808,4623400
2022-10-07,142.6793212890625,143.91532263925632,142.1231139457731,143.28849819430243,4779200
2022-10-10,142.8647003173828,143.94177929990354,142.30849308275353,143.01478520405703,4839200
2022-10-11,143.54452514648438,145.02774026821336,142.63517839080595,143.23553153836912,5222600
2022-10-12,149.54798889160156,150.70453591944562,147.08480991724866,148.96529675697028,9795300
2022-10-13,154.15652465820312,154.53614882803998,147.2790360384031,147.52623630513503,8412700
2022-10-14,150.25425720214844,155.61322151221754,150.07768753019505,155.36602127720232,5937900
2022-10-17,152.4967041015625,153.2559657344454,151.03116385600802,152.09059524641643,6401800
2022-10-18,154.5537872314453,156.18708697831596,153.09707062475692,154.3419090174701,4547400
2022-10-19,153.05294799804688,155.24244185929544,152.14360126840478,154.34193237084094,5200200
2022-10-20,151.37550354003906,153.93579759785948,151.06649649415587,153.7945364642327,4314000
2022-10-21,152.78807067871094,153.34427795896644,150.5985770473254,151.14594708732108,5071500
2022-10-24,156.8668670654297,157.13172828098135,154.20945808504388,154.33305818944785,5316500
2022-10-25,157.38778686523438,157.91749589607386,155.92223295091307,157.25534950397238,5220000
2022-10-26,158.0940399169922,159.70966485902676,157.43189368876835,158.26177231216664,5136000
2022-10-27,157.92633056640625,159.73618656490967,157.65264555088243,159.2417860889437,5424100
2022-10-28,160.8839111328125,161.50191173345246,158.4560410456248,158.65027173031206,6715300
2022-10-31,160.31005859375,161.5460598125688,159.39187471285354,159.95690576594254,4877200
2022-11-01,159.5861053466797,161.39597485830143,158.81801983748628,159.74502748699038,4084500
2022-11-02,157.361328125,162.07580798370563,157.29952131857033,159.6037916832149,4970600
2022-11-03,156.95516967773438,157.94397058257985,155.85159242807578,156.07230787800748,3753800
2022-11-04,157.8380584716797,158.7297441921995,155.85161908256384,157.0787966552059,3922400
2022-11-07,159.1005401611328,159.4625032819246,157.88218649540613,158.49136332826947,3246100
2022-11-08,159.54196166992188,160.77796280031137,157.85569240021752,159.30358521213176,3724700
2022-11-09,157.63499450683594,159.8598102607255,157.50255713935715,158.87099577488377,4723600
2022-11-10,160.41600036621094,161.49309293392758,157.64381461112131,161.25471645513045,6704100
2022-11-11,157.1935577392578,160.40717438862814,154.88928773301956,159.91277389971006,7390500
2022-11-14,156.02818298339844,158.19119198804094,155.82512851426807,157.7409372596031,5633000
2022-11-15,156.43431091308594,157.7674276064927,154.87164149121938,157.18473548696224,5153600
2022-11-16,157.44076538085938,158.58848855343078,156.90221907911297,157.41428060138034,4701100
2022-11-17,158.94163513183594,159.05641149571667,156.64618868264645,156.6991717154097,3920300
2022-11-18,160.08935546875,160.53961020358443,158.9328084952585,159.10055441747252,4498100
2022-11-21,163.17054748535156,163.444232526745,160.76032473009138,160.91924688176093,4397600
2022-11-22,163.18817138671875,164.75966430826728,162.773225264258,164.04454840784823,4109600
2022-11-23,163.40008544921875,164.28294736748464,162.8880239200561,163.32945487918903,2511000
2022-11-25,162.543701171875,163.32944770576552,162.39361626892997,162.95864733294783,1837000
2022-11-28,162.3494873046875,163.7620718468176,162.01399544486557,162.79974206018173,6411400
2022-11-29,161.20176696777344,161.93454403352737,159.81568065336054,161.8286049059405,4375400
2022-11-30,163.7797088623047,163.94745478143628,159.12703627363229,160.5925768130159,7915600
2022-12-01,165.1477813720703,165.5297870670582,163.60202808400882,164.77466804200603,4683300
2022-12-02,164.9612274169922,165.51201181130045,163.31773948790368,163.45988176883293,3547700
2022-12-05,162.67813110351562,163.40660020875853,161.9674467296847,162.95352333169046,4083200
2022-12-06,161.35446166992188,163.7175128471924,160.52827147228263,163.2377995638858,5835100
2022-12-07,161.84304809570312,162.08291150667444,160.51938704147727,161.51435592338143,4241700
2022-12-08,163.26443481445312,163.44210588277537,161.0257413983789,161.51434700284025,3800800
2022-12-09,162.66033935546875,163.64642930602008,162.61591820256538,163.64642930602008,3116100
2022-12-12,163.4332275390625,163.6197774169302,162.002953068531,163.6197774169302,4691400
2022-12-13,163.34437561035156,165.98283217118706,162.5181990889954,165.66301884395145,5634900
2022-12-14,162.89134216308594,165.13003586308312,161.79865207666157,163.5220901243733,5392500
2022-12-15,160.12852478027344,162.31391865567494,158.47615776875608,161.6653994750141,6127800
2022-12-16,160.20848083496094,160.9635999949366,158.5561137606143,159.9775097480614,15708100
2022-12-19,161.09681701660156,162.98904715766514,160.21734045954813,160.67040372968373,4447800
2022-12-20,160.99911499023438,161.90525519342324,160.47498051753553,161.52326301836882,3249000
2022-12-21,162.12734985351562,163.17561881445246,161.15013848701875,161.2834019763242,4236900
2022-12-22,160.87472534179688,161.72756547401212,158.94696640159617,161.55877320942744,4304700
2022-12-23,161.91416931152344,162.1718039766145,160.30622319066146,160.71487899664382,2197800
2022-12-27,162.63368225097656,163.11339543719527,161.92298450195113,162.8202321073936,3045000
2022-12-28,161.4610595703125,163.9396030210584,161.36333844183523,163.54873206258395,2694300
2022-12-29,161.66539001464844,162.44715908781447,161.58544005637523,161.6120900424663,2549200
2022-12-30,160.4927215576172,161.6476037871119,159.27564700129264,161.13234822147786,3136200
2023-01-03,159.3822784423828,160.57268959604224,156.8593138480923,160.43054730907065,5137400
2023-01-04,158.99142456054688,160.38615704827592,157.72994202037765,159.38230914730525,4771300
2023-01-05,157.33013916015625,158.8137136111012,157.11692574210232,158.09413696389063,3647100
2023-01-06,160.88363647460938,161.53214206985646,158.84038499808548,158.84926380841316,3713200
2023-01-09,159.31118774414062,162.36717876174774,158.84923214590322,160.29727771138673,3319200
2023-01-10,157.9964141845703,159.48886742899296,157.32124514553124,158.83146956346377,3817300
2023-01-11,158.17410278320312,159.64879857298448,156.0686590405372,159.36451398705475,4369900
2023-01-12,156.157470703125,158.45834270257907,155.7488286353762,157.82760842896565,4246600
2023-01-13,155.67779541015625,156.1130875641672,154.72723403098766,155.81992415438907,4720400
2023-01-17,156.40626525878906,157.72994012890436,155.89990190869682,156.4862152263662,5032600
2023-01-18,152.46185302734375,156.1219417948813,152.20423203312856,155.67775738349255,5032600
2023-01-19,150.6940155029297,152.95046646455208,150.5607520393934,152.15981871379634,4720400
2023-01-20,150.91615295410156,150.92503176549195,148.76630127458736,150.08996260992916,5779100
2023-01-23,150.24098205566406,151.69790687818866,149.8856398279018,151.0316300345566,5440400
2023-01-24,151.63568115234375,151.79558103871167,149.64573004869007,150.6762411678375,4125600
2023-01-25,152.73728942871094,152.7817105938014,150.43641676465117,151.32478584471468,3852800
2023-01-26,151.21817016601562,152.5063024870535,151.05825669940842,152.4796525018581,4558400
2023-01-27,150.6851348876953,151.22704048195556,149.76123715680012,150.81839836162214,5451400
2023-01-30,150.56076049804688,152.31974071642796,150.25871831908873,150.8272738846592,5191500
2023-01-31,151.92886352539062,151.97328468453327,150.4186390025822,151.20039447066782,4665500
2023-02-01,152.40855407714844,153.0837230624118,150.58739526729568,151.80446978026288,4147700
2023-02-02,150.99609375,151.52022825437416,149.6990689276229,150.54303039874316,5653800
2023-02-03,150.24098205566406,152.16874142992035,148.40206501606687,151.87559154750687,5308200
2023-02-06,152.63955688476562,153.13704131938684,150.65848440023836,150.79174787371957,5640000
2023-02-07,152.40855407714844,152.82608851105627,150.36530306012907,151.2803218692209,6044700
2023-02-08,152.05323791503906,152.2042590150315,151.2359400798497,151.91109562489268,5687300
2023-02-09,153.49240112304688,156.7882562145931,152.83500315573303,155.74886606799183,9619400
2023-02-10,156.53062438964844,156.8770877780172,153.3769115411741,153.794446080418,6176000
2023-02-13,157.9253692626953,158.3340114332246,156.3884810516468,156.58392332639937,5205100
2023-02-14,156.1486053466797,157.46338752314276,155.27799406477774,157.3301376103178,5203000
2023-02-15,156.36181640625,156.39735875583807,155.1003341045662,155.46456863295342,4125500
2023-02-16,155.91763305664062,157.15246538281747,155.0559140712401,155.23359870960144,4973200
2023-02-17,156.60166931152344,156.72604041586516,155.31353711181973,155.6067004767896,3952100
2023-02-21,156.51284790039062,157.6055515581394,155.1714155561757,155.97983462007377,5797300
2023-02-22,156.45956420898438,157.6233255808606,156.14864315197084,156.99259110020319,5299500
2023-02-23,156.62832641601562,157.2324243470247,155.45568645825054,156.93926096872482,3801400
2023-02-24,156.31741333007812,156.64610551839772,154.83382518908402,155.8732288354041,2959100
2023-02-27,156.2729949951172,157.4634062090632,156.04201037823182,157.214663971983,3208500
2023-02-28,154.15867614746094,155.51787967412966,153.8655127419432,155.35797975590302,4317100
2023-03-01,152.20425415039062,153.20811540374177,150.2409528023687,153.08374429269747,5359100
2023-03-02,155.01258850097656,155.40610078578254,151.84650342900093,152.49939128117373,4476300
2023-03-03,154.8605194091797,155.1288337612283,153.23276932827858,154.7263690566728,3627100
2023-03-06,155.173583984375,155.31668681838156,154.02878860639734,154.02878860639734,3611400
2023-03-07,154.4044189453125,155.85329756931566,153.71574851728266,155.32562123675118,4094900
2023-03-08,154.82476806640625,155.04836111059856,153.6352514336588,154.44018093393655,2920200
2023-03-09,153.65313720703125,155.94272771420816,153.11650846133347,155.280887414119,4042100
2023-03-10,153.85885620117188,155.83542486713316,152.901884995571,154.30604232362998,4129900
2023-03-13,155.3614044189453,158.5095848090602,154.37758951763624,154.51173989188882,8265100
2023-03-14,155.2003936767578,155.4508167798615,153.44743195503216,154.2702526719493,6480800
2023-03-15,157.9729461669922,157.9997762378518,154.8963040027623,155.20038723719466,7099800
2023-03-16,157.86561584472656,158.3038630905087,156.8013244998876,157.95505851432628,4734400
2023-03-17,156.6313934326172,158.0266117535298,155.82645033798917,157.86561767579002,8854600
2023-03-20,158.83154296875,158.91203318499794,156.97124730448485,157.85668062431895,4367000
2023-03-21,159.20718383789062,159.35028665927297,157.6599238169231,158.89416176903248,3812000
2023-03-22,157.86561584472656,160.42352061907607,157.78512563030802,159.05513238581926,4380800
2023-03-23,157.09646606445312,158.50063692070393,156.53302087783,157.4631619291215,4655600
2023-03-24,160.17311096191406,160.39670400764135,157.7583087974666,157.88352035719242,3713800
2023-03-27,160.53085327148438,161.56831453657486,160.36985919689613,160.61134348526087,4078600
2023-03-28,160.47720336914062,161.39841932528049,160.38777433397797,160.38777433397797,2850000
2023-03-29,161.58621215820312,161.8008663837557,160.97804565635778,161.5683208943148,4496000
2023-03-30,161.72930908203125,162.17649513369412,161.05853000453698,161.88135070195239,2743000
2023-03-31,163.0440216064453,163.2139544733862,162.16754084999826,162.91881006981,4479800
2023-04-03,163.22291564941406,163.4554474930228,161.34472869545579,162.6862869062729,3902300
2023-04-04,162.64158630371094,163.99208338184627,161.9708071690743,162.936717113559,3306400
2023-04-05,164.2425079345703,165.4230857724175,163.72377042827713,163.89370332739483,3826300
2023-04-06,164.886474609375,165.22634044390452,163.75957044593636,163.93844217309578,3389700
2023-04-10,163.84896850585938,164.47502625606302,162.49847152706042,164.41242730456037,2408100
2023-04-11,163.59857177734375,164.45717514962388,163.45546894079078,164.04575790629352,3586700
2023-04-12,163.27658081054688,164.36771594729646,162.99932762198588,163.3928535594413,3620900
2023-04-13,164.90431213378906,165.1100138706322,162.87408389223515,163.33020869489607,4303600
2023-04-14,164.12623596191406,164.58237451371775,163.59855964417707,163.97419432699172,2572900
2023-04-17,164.96694946289062,165.23526385213907,164.0994073376415,164.7344176039616,3224400
2023-04-18,165.30682373046875,165.65562836024162,164.33196125841596,165.25316357927866,2438600
2023-04-19,165.2084197998047,165.74504853289798,164.79700261816177,165.67349712534983,2209900
2023-04-20,165.75401306152344,166.38900972561385,164.74336803775643,165.31576573992587,3868200
2023-04-21,165.8255615234375,166.69310369443411,165.57513838614338,166.3442990641289,3781800
2023-04-24,165.9060516357422,166.86303648955598,165.47675677882557,166.80042388175698,3540200
2023-04-25,169.67135620117188,170.09169858023122,166.56788357294923,166.85407558071697,6231600
2023-04-26,168.62489318847656,169.411944926324,168.0256655779005,168.57123305126586,4481700
2023-04-27,169.65345764160156,169.88598949085474,167.70371923142773,168.30294694249397,4574500
2023-04-28,170.72671508789062,171.37960299710238,169.60874979614033,169.84128166389098,4608900
2023-05-01,171.4332733154297,172.01462348984256,170.18115757322025,170.3331992242715,3137800
2023-05-02,171.94302368164062,172.16661669032936,169.70709359475325,171.14703311659008,3712200
2023-05-03,171.8804168701172,172.83740153007122,171.5226735029956,172.23817388427346,3389600
2023-05-04,172.95367431640625,173.46345929705615,171.86253930521949,172.68535996746883,4267600
2023-05-05,173.74969482421875,173.93750534788737,172.0682706852735,172.4528578359424,4146500
2023-05-08,172.9268798828125,173.50821638611592,172.3008083905934,172.97158757765314,2249900
2023-05-09,173.6334228515625,174.10743903805565,172.35447712307186,173.38299972085053,3087600
2023-05-10,173.74969482421875,174.92132024770365,172.31869381485635,173.6065919938751,4352900
2023-05-11,174.70668029785156,174.86767440692103,172.6138524092155,173.7586478515654,3690200
2023-05-12,175.4042510986328,175.49369376704595,174.357837383968,174.70664195552294,2741000
2023-05-15,173.74969482421875,176.08400686193096,173.50821050389348,175.8067536575383,2946400
2023-05-16,172.99838256835938,173.93747596919724,172.20239197369455,173.93747596919724,5803100
2023-05-17,171.7731170654297,173.14150539598742,170.68198192449609,172.89108227974396,4878800
2023-05-18,171.325927734375,171.4600917457731,170.29740521550315,171.11128715139571,3709400
2023-05-19,171.5763702392578,172.4886337611416,170.91454350421694,172.13089031771614,3883000
2023-05-22,166.92562866210938,171.17389665791924,166.71992687506153,170.9950249453978,5787000
2023-05-23,166.4158477783203,166.91669404477307,165.0921670489384,166.79148247815988,6382300
2023-05-24,165.36050415039062,167.01509846575937,164.895426704675,166.59474236719626,3721000
2023-05-25,164.38558959960938,164.76122423228884,162.73099580722703,163.4017748613764,4712700
2023-05-26,164.18882751464844,164.78805516852617,163.13346136745022,164.3051002516964,4449300
2023-05-30,162.4269561767578,163.75062337774276,161.6130740973053,162.82942098787044,4331800
2023-05-31,163.08876037597656,165.11897524801046,162.29276974074324,163.54488524098596,20414600
2023-06-01,164.08396911621094,164.5342791412327,162.83210779634527,164.29110787985695,5277400
2023-06-02,165.7681121826172,165.9752509312314,163.64264846906224,163.9308534604997,4288300
2023-06-05,165.88519287109375,167.66841654660917,165.36283164445388,165.5789853824197,4311700
2023-06-06,163.5165557861328,166.72276060666564,162.49885084592768,166.59667436346612,3975600
2023-06-07,162.210693359375,163.6787085796525,161.8414358051844,162.75107093830624,5162700
2023-06-08,164.0029296875,164.18305096339733,161.50820810208586,161.84143314961455,4036100
2023-06-09,164.22804260253906,164.66033630230768,163.01220025287665,163.6516464220579,3200100
2023-06-12,163.82275390625,164.57027007047807,162.7330115256827,164.354130090131,4207100
2023-06-13,163.49855041503906,164.08396166641114,163.08427290655618,164.02992666464127,2838700
2023-06-14,164.96656799316406,165.3988617564171,163.40849920096085,163.91284421515118,3559300
2023-06-15,167.254150390625,167.66842790516182,165.28179034297742,165.94824036437257,4326100
2023-06-16,167.55133056640625,168.9472942466703,167.2451230795372,167.64139805895357,8925700
2023-06-20,166.89389038085938,169.19947538732467,166.8308541267487,168.00164913551546,4154800
2023-06-21,167.00193786621094,168.30784768699857,165.88517800936364,167.26312532731598,3832400
2023-06-22,168.73118591308594,168.93832469396844,167.39825823359837,168.1727920907813,3185800
2023-06-23,167.578369140625,169.31655913541132,167.47028539636491,169.31655913541132,7592600
2023-06-26,166.51565551757812,167.902604473063,165.82217416864938,167.65944693213314,3706100
2023-06-27,167.71347045898438,168.06471173643075,165.67807404895817,166.317506602641,5763000
2023-06-28,165.44387817382812,168.1817704531359,165.15568694264124,167.74046174076622,5193900
2023-06-29,165.60598754882812,165.61498880035455,163.36343910556351,165.03859262818278,5770400
2023-06-30,166.81283569335938,167.08302443890824,165.60600820459427,165.75009695883261,7635100
2023-07-03,167.15505981445312,167.1910785639998,165.2367350198245,165.98425118983297,2389000
2023-07-05,168.03765869140625,168.1367274278019,166.58766013636185,166.6146776333453,5277100
2023-07-06,168.05567932128906,168.19076680973077,166.51561324120817,167.34418190251182,5592100
2023-07-07,164.88551330566406,167.40725208559127,164.84047955662825,167.3532170836966,6309900
2023-07-10,165.98428344726562,167.43428232536556,165.51595715792908,165.77714467678615,5508800
2023-07-11,165.696044921875,166.37150984511288,164.29108008031926,166.05630112635663,3914300
2023-07-12,164.96656799316406,166.26346302529407,164.79544798998427,165.69606801314444,6080100
2023-07-13,168.8932342529297,169.37056165957517,165.0475837621061,167.3351658075089,8223100
2023-07-14,169.50567626953125,169.88393497586705,168.49697264360012,169.19045380973358,4467600
2023-07-17,167.18211364746094,168.42496004129393,166.9929773797189,167.82154622306493,5637400
2023-07-18,166.11935424804688,168.25383296711604,165.55197299970177,167.01097298454692,5684100
2023-07-19,167.74948120117188,168.05570245440674,166.09234365045708,166.61470491495064,4140800
2023-07-20,170.4873504638672,171.1087803959987,168.244801957125,168.8662318892565,5056500
2023-07-21,171.2618865966797,172.44169648835626,170.48735291889952,171.21685285238692,15022100
2023-07-24,171.9463653564453,172.40567660012442,171.243882869703,171.64915911322814,4225800
2023-07-25,172.34262084960938,172.92801827487625,171.17181225670686,171.4870347117698,3521600
2023-07-26,172.55877685546875,173.26125927204816,171.17181452564964,172.12646941267454,3898900
2023-07-27,169.7938995361328,173.1802260289128,169.67681453027487,172.91905225704306,4141800
2023-07-28,171.3970184326172,172.35167359219642,170.9286921070673,171.24391465630475,5602300
2023-07-31,168.83021545410156,170.74852652984887,168.28083675579614,170.62244029133794,5687700
2023-08-01,168.25384521484375,169.8569478128148,167.8755726985841,168.8572590024062,2853900
2023-08-02,169.59571838378906,171.0907506032418,167.8755312063116,168.0466511731893,4285900
2023-08-03,168.5240020751953,170.41530948317782,168.38891457849797,169.46965577918655,2857400
2023-08-04,166.25445556640625,169.325559286543,166.02930056902073,168.52400804554543,4651100
2023-08-07,168.3168487548828,168.60505371270233,166.70474521698233,166.86685019897922,3323400
2023-08-08,166.11033630371094,168.84821474893036,165.74107884710048,168.59604227670104,5017900
2023-08-09,165.696044921875,166.61468106534184,164.48021630546825,165.60599117753137,4413100
2023-08-10,165.4888916015625,167.14602876895543,165.2907541421603,165.91218401552462,3727200
2023-08-11,165.75009155273438,165.9662452905975,165.06562532972282,165.7140728009422,2873800
2023-08-14,165.37184143066406,166.48861518756243,164.93054642197004,166.06532268451704,3385600
2023-08-15,163.3274383544922,165.22774705598968,163.12930086012787,164.9485433194798,3331800
2023-08-16,163.2013702392578,164.7684403784986,162.96720022406328,163.55261151967784,2633700
2023-08-17,160.71560668945312,163.38144744574072,160.59853545579927,163.20132622734639,4503000
2023-08-18,160.4724578857422,161.70631657582516,159.652904166296,160.72464411753717,6020300
2023-08-21,159.45477294921875,160.27434044327967,158.7162579565826,160.06718794981117,4284100
2023-08-22,158.23895263671875,159.24765651785196,157.88771133894508,158.6712464472773,3489300
2023-08-23,160.41842651367188,160.5625290087069,158.84234154794848,159.63489152827074,4042700
2023-08-24,159.5718536376953,162.50788379167375,159.49981612708368,160.31936992722603,5709800
2023-08-25,161.58921813964844,161.8504056020606,160.16623707207015,160.36437454618667,4710700
2023-08-28,162.3367462158203,163.1743161741608,161.51717876199888,162.85010618437985,3189800
2023-08-29,162.9491424560547,163.2103299076268,161.22896899106283,162.38176129678618,4368600
2023-08-30,163.08428955078125,164.14701467370483,162.7600657647013,163.42652958674682,3153400
2023-08-31,161.36557006835938,162.9164705351067,161.3111549360256,162.65344561009755,5566700
2023-09-01,159.0074920654297,162.17275884228175,158.39075494619914,162.1002007200754,4801400
2023-09-05,157.95541381835938,159.51537878661546,157.49285753742936,158.96213523579155,5081800
2023-09-06,158.47239685058594,158.70821423609885,157.33870200192285,158.64472068183048,5933800
2023-09-07,159.9869842529297,160.58557835242115,158.9077185656628,159.48816967573288,4934300
2023-09-08,159.869140625,160.66725250757582,159.27054633378023,159.45193476895426,2995000
2023-09-11,162.28160095214844,162.73507886975557,160.37700200162712,160.37700200162712,4512700
2023-09-12,161.6829833984375,162.27249901999852,161.25671314689228,162.10925364998272,3331100
2023-09-13,162.9617919921875,163.37899769942226,161.62857985771728,161.7374101121935,3781400
2023-09-14,164.3675994873047,164.78480525394866,162.64438896383717,163.19763256794792,4118300
2023-09-15,163.10693359375,164.9027161061959,162.8983376272105,164.53086089350327,11661200
2023-09-18,162.68975830078125,164.15902247119902,161.82813910054944,164.15902247119902,3182600
2023-09-19,161.72837829589844,162.46301034050586,160.80327942833244,162.21812837928726,3369300
2023-09-20,161.7827606201172,162.72598844975812,161.0390503106126,162.4266914109852,3695800
2023-09-21,159.06190490722656,161.73742161947345,158.83516596823875,161.5288256705377,5351000
2023-09-22,158.962158203125,159.97794434259654,158.14588962186545,158.66286110723465,4542300
2023-09-25,158.10960388183594,159.116325358162,157.0665964241926,158.4270301036036,3553600
2023-09-26,156.46803283691406,157.55637712889092,155.66990723124175,156.9033677858951,5213700
2023-09-27,153.7925262451172,156.62222436518186,153.3027622849217,156.2775766775665,5729900
2023-09-28,153.72901916503906,154.34574251068662,152.5318307801257,154.1190035443665,4841600
2023-09-29,153.67459106445312,154.9443236331207,152.40484465673848,154.64502656213898,5194200
2023-10-02,153.42971801757812,153.7199505295476,151.75185801454123,153.34809531322966,3838800
2023-10-03,152.0964813232422,154.18248238210356,151.4888226121866,153.14855334792662,4873400
2023-10-04,153.19390869140625,153.3934400760826,151.51603491273144,152.7767029309791,4134000
2023-10-05,145.20362854003906,153.10320577685908,144.99501874275197,153.06693363418364,10556400
2023-10-06,145.37596130371094,145.9473479735039,141.3309455675701,144.00646281853264,12774700
2023-10-09,146.34637451171875,146.40078964029175,143.87945386340652,145.11291418756264,7244500
2023-10-10,149.103515625,149.81093998323692,146.95403498566833,148.96747780189526,11456400
2023-10-11,147.48916625976562,150.04678857918418,146.56408119189203,149.65679033998146,7371500
2023-10-12,143.3715362548828,147.51631595822263,142.78200683881607,147.47097925156206,9024100
2023-10-13,145.11293029785156,145.33060467535543,143.25366811060084,143.8613268455374,6757100
2023-10-16,146.09243774414062,146.88148483906633,144.9315354604845,146.01987962153126,5605000
2023-10-17,145.44847106933594,146.5912440288828,144.3510624984903,145.11290191215838,6411300
2023-10-18,146.9540557861328,148.19658087651518,145.90198367505457,146.03803535646273,6650600
2023-10-19,145.62083435058594,147.57986237910782,145.48479650376436,146.83615191235378,6336800
2023-10-20,145.11293029785156,147.13543788894458,144.8499192008676,146.35545533503173,5486500
2023-10-23,145.1855010986328,146.56407793174785,144.26040221228797,144.75016614466705,5795800
2023-10-24,147.09915161132812,147.6977457126614,144.82268387902772,145.48477152400824,5265200
2023-10-25,147.24429321289062,148.2872869432328,146.44616760696363,146.97220368004747,4534600
2023-10-26,146.39173889160156,148.16029993249015,146.29197320011312,147.54356279263962,5147000
2023-10-27,144.76828002929688,147.05381251489064,144.10620617177685,146.94498224764,5078000
2023-10-30,147.1807861328125,147.4528756406514,145.78408028984205,146.29197332364947,4625900
2023-10-31,148.08775329589844,148.15124684951994,146.6184892154957,147.78845619821485,5947400
2023-11-01,149.52978515625,150.0376781452989,147.6161080331254,148.4414410598529,6682500
2023-11-02,151.3074493408203,151.60674643838465,149.34842134169838,149.4119148952946,5413400
2023-11-03,151.2711639404297,153.10321867848342,151.1804766565755,152.9853099865198,4063300
2023-11-06,151.18951416015625,151.915081496306,149.8381590086113,150.06489793621773,5784600
2023-11-07,151.6248779296875,152.10557727976854,150.66350690762246,151.2802441045812,4687200
2023-11-08,151.81532287597656,152.67692807314762,151.15324905150362,152.52274725588933,4926600
2023-11-09,150.69979858398438,152.2416208760352,150.38235847721697,151.9876743262409,5639300
2023-11-10,151.38906860351562,152.16905118695541,149.5207417694512,151.74278083094484,5552900
2023-11-13,152.1599884033203,153.07600883923803,150.9718784417786,151.4616285166633,5402300
2023-11-14,152.46836853027344,152.76766566078462,151.36188114076538,152.3232522538347,6238900
2023-11-15,151.68836975097656,153.0850757061391,150.79955687041857,153.00345299894516,5611200
2023-11-16,152.10557556152344,154.18249842166935,150.91745174300289,152.7222989124669,5386400
2023-11-17,151.2439422607422,152.59531136724007,150.34606488739905,152.4139229774064,5583100
2023-11-20,151.02626037597656,151.25299929097332,150.3006930801779,150.55463955785066,4886200
2023-11-21,152.1871795654297,152.24159469687862,150.482098305114,151.56137787567354,3980000
2023-11-22,153.4750518798828,153.79249192543202,152.64065425732207,152.68600481226431,3235600
2023-11-24,153.611083984375,154.20061349857397,153.23016424733123,153.23016424733123,1751700
2023-11-27,152.65878295898438,153.91037235615957,152.45017319358428,153.91037235615957,3664700
2023-11-28,153.1485595703125,153.96481426870437,152.38672000660708,152.71322465377332,4056100
2023-11-29,151.6067352294922,153.38436085208272,151.1441789133422,153.3662317001513,4722400
2023-11-30,153.7954559326172,153.85943364238238,150.62433409303762,151.80322240194315,7346700
2023-12-01,154.16099548339844,154.30721827950242,152.96382597251542,153.86854989119047,4897400
2023-12-04,154.572265625,155.28508446699905,153.70409026047048,153.89599551700616,5323300
2023-12-05,153.47561645507812,154.9652317973294,153.26542986729118,154.5813934097872,4553800
2023-12-06,153.0826416015625,153.82288938308233,152.36982279972148,153.5121624109507,4726600
2023-12-07,153.03695678710938,153.8046056471906,152.34240538978102,153.53044135585444,4934800
2023-12-08,151.41024780273438,152.72622520573032,151.03557102528876,152.65311380061115,5115200
2023-12-11,153.36593627929688,153.64923423986826,152.12307036436445,153.01866061430033,6912600
2023-12-12,153.95994567871094,154.70017942488164,153.2654083003008,154.70017942488164,4515800
2023-12-13,157.19503784179688,157.23160051218719,153.64007812556918,154.02390249722927,6082100
2023-12-14,153.75889587402344,157.15849932332705,153.47559791067712,156.86605371950253,7119300
2023-12-15,152.61654663085938,153.99648763124782,152.11391449675332,153.02778603346505,17734600
2023-12-18,154.362060546875,155.58664518578036,152.99125310030425,153.58526408265513,5439500
2023-12-19,153.4847412109375,154.28895272720482,152.89986391126348,153.47560751446167,4855900
2023-12-20,151.41940307617188,153.04609357448822,151.4011217378269,152.1687706134104,5157800
2023-12-21,152.5891571044922,152.70796488638595,151.14523816179835,152.15963629488056,4374000
2023-12-22,153.23797607421875,153.68577815745772,152.48860864821745,152.9455444269854,3030400
2023-12-26,154.31634521484375,154.8281110342152,152.8450115118644,153.21055454153753,2779200
2023-12-27,154.80984497070312,154.8921040133809,153.85942463305437,154.35290916625053,3502500
2023-12-28,154.80068969726562,154.93776484166509,154.17011614388375,154.80982339203487,2911100
2023-12-29,155.2119598388672,155.4221603613721,154.59966749823639,154.755024007539,3291500
2024-01-02,158.01754760742188,158.09065901150274,154.6179440128212,154.91952332543934,5743100
2024-01-03,158.05410766601562,160.11031899023413,157.82563974110246,159.9275474392187,5588200
2024-01-04,156.7015838623047,158.58415736137775,155.888238594902,156.8295253444385,6283200
2024-01-05,154.38946533203125,156.7929520244082,153.12831810263594,156.7929520244082,5252500
2024-01-08,154.54481506347656,155.1114109500603,153.33849794995552,154.38945857665755,5735600
2024-01-09,152.7719268798828,153.4299156042203,151.63872097806265,153.3385228585053,6268800
2024-01-10,152.54344177246094,153.49387602033684,151.8854531222618,152.24186247907187,4394900
2024-01-11,151.82150268554688,152.7445080381329,150.62433304722418,152.7445080381329,4800700
2024-01-12,152.86331176757812,152.96383820486693,151.30973278231195,152.01340389875918,3546100
2024-01-16,151.85804748535156,153.09177976694403,150.96245719006393,152.86331185883984,4576600
2024-01-17,152.10479736328125,152.36981400217172,151.1909257270631,151.69355791589797,4392300
2024-01-18,152.7719268798828,152.87245332233925,150.7796933133875,151.2183478147541,4709400
2024-01-19,151.50161743164062,152.83587596850072,151.30971222398338,152.74448323990129,6528600
2024-01-22,150.8893585205078,152.35155883360764,150.80711341334705,151.66615505145003,5697400
2024-01-23,153.20143127441406,153.46644789728015,150.20393360442992,150.38670513170726,4932700
2024-01-24,151.33714294433594,153.29282761580615,151.2640315427907,153.20143487773106,4984700
2024-01-25,152.2144317626953,152.25099443092418,150.73396442458616,151.52902815141186,5373800
2024-01-26,153.40249633789062,153.55785284566053,152.2510230743504,152.2510230743504,4849000
2024-01-29,153.6675262451172,154.17015848691744,152.97298874845066,153.10093023322017,5713600
2024-01-30,155.01089477539062,155.0840061760064,152.9090012721262,153.2288479621746,4804200
2024-01-31,154.01478576660156,155.70545387176782,153.42077478077263,155.32162945782957,5769200
2024-02-01,156.9117431640625,157.0031358973682,152.77190613654747,154.01477200880944,4920800
2024-02-02,156.24461364746094,157.14935146511237,155.4495498936468,156.4913628603791,5307700
2024-02-05,156.19894409179688,156.80210274041974,154.49000853194045,155.86081603631513,5142700
2024-02-06,156.6558837890625,157.03057452952788,155.3033575892129,156.68329882425994,5182700
2024-02-07,156.7015838623047,158.00841371948766,156.6193387547706,157.7616783968854,5769700
2024-02-08,158.8765869140625,159.10505481934902,156.64673792733436,156.93003589875775,9269700
2024-02-09,153.22886657714844,156.62847042362552,152.5891591747631,156.45483256914045,12731700
2024-02-12,155.9156494140625,156.33603652660483,152.79934360795457,153.40250226937715,7867500
2024-02-13,154.33465576171875,156.68329875828707,152.83590674506368,156.47311217367013,7302000
2024-02-14,153.09176635742188,154.11529803381228,151.75750775535013,153.84113377918678,5731900
2024-02-15,153.40249633789062,153.86856586120038,152.32412053541583,153.48474144002031,4451400
2024-02-16,151.99514770507812,152.99126451051285,151.41025643079482,152.80849295958706,5246000
2024-02-20,154.12445068359375,154.91952851424412,152.79020586200917,153.292838066541,6117900
2024-02-21,154.28892517089844,155.52264331438246,153.40246871094703,155.31245677637952,4192600
2024-02-22,153.75889587402344,154.28894307252494,151.79407752240783,153.2014336432351,7539200
2024-02-23,154.9926300048828,155.5866409711427,153.34765832464313,153.475599791741,6409800
2024-02-26,153.76803588867188,154.82813032923704,153.26541764637713,154.82813032923704,3837000
2024-02-27,153.67665100097656,153.73148106563005,152.9364172390068,153.36593800489092,3567600
2024-02-28,152.64395141601562,153.98734360037994,152.11390428695054,153.6400679774751,5275300
2024-02-29,152.2526092529297,153.48653899377888,151.85665238648852,153.05375448550157,8489400
2024-03-01,151.56199645996094,151.93954658431736,150.3280665447867,151.81062874319454,6109900
2024-03-04,152.28024291992188,152.5380785816959,150.65035621177665,151.43306659538007,4303700
2024-03-05,149.2138214111328,152.3999535098465,149.00203084808498,152.14211785457366,6631300
2024-03-06,150.0978240966797,151.0094662461747,149.2138061895038,149.23222703471254,5302500
2024-03-07,150.19912719726562,150.92658904279835,149.63741081616234,150.85293375926673,5801600
2024-03-08,150.1438751220703,151.20284192215118,149.25985717993345,149.47166178074045,6065300
2024-03-11,151.69090270996094,152.3262884680114,150.38330354963512,150.945019968246,5404800
2024-03-12,151.5159454345703,152.32629414763065,150.9818672929518,152.0684584754733,6158500
2024-03-13,152.2157745361328,152.98928143763905,151.700103268462,152.0316082335344,4585800
2024-03-14,151.73692321777344,153.09977064911135,151.20283113161688,153.09977064911135,5155300
2024-03-15,151.62644958496094,152.2894595835279,150.68718307849278,151.9947822281694,21887300
2024-03-18,157.70401000976562,158.55118626281944,153.73516778201812,153.82725796101926,10478500
2024-03-19,158.20127868652344,158.98398902481762,157.46459938796093,157.5566895694021,7653700
2024-03-20,158.2565460205078,159.39839977180347,157.57511512926823,158.66172038551565,5046700
2024-03-21,158.79981994628906,159.69304129694856,157.51064173450663,158.31177290532938,4343000
2024-03-22,158.40386962890625,159.39838459807459,158.16444077183525,159.32471526135961,4106400
2024-03-25,158.93795776367188,159.38916311953378,158.48673835682106,158.56961108940928,3941900
2024-03-26,159.0576629638672,159.27867097512993,158.21970411284826,158.54199165524344,4593000
2024-03-27,159.83120727539062,160.8625500429705,159.35236354001793,160.22716421258954,4911300
2024-03-28,161.15719604492188,161.89387539293267,160.5678553767112,160.9269846268554,5710400
2024-04-01,159.2878875732422,162.2806361418596,158.98400680169448,161.67288864975467,4815400
2024-04-02,157.86976623535156,160.10741421841382,157.79609690388196,159.25103458568282,5158500
2024-04-03,156.2490692138672,157.39092277639756,155.34664449161883,156.54374654006403,5828000
2024-04-04,156.221435546875,158.18284098445997,155.92677228944194,157.39091328181422,5422600
2024-04-05,155.7518310546875,156.51613462233564,154.76653352597734,155.99124586283452,4412200
2024-04-08,156.156982421875,156.58978093329804,155.38347556992258,155.76101154821703,3755700
2024-04-09,157.10549926757812,157.20679286553369,155.37430470288027,156.7555733744605,3773900
2024-04-10,155.57688903808594,156.20307146420384,154.4902977808987,156.14782296651518,4581500
2024-04-11,155.0335693359375,156.4240411654918,154.4902737917066,156.19382976020862,4241500
2024-04-12,154.79412841796875,155.17166438018853,154.07587007873948,154.41657840476225,5453500
2024-04-15,153.7351531982422,155.94519082572134,152.88797702555402,155.81627301794242,5133200
2024-04-16,154.24166870117188,155.17171788393838,153.67995221132495,153.80887005894596,4569700
2024-04-17,156.06492614746094,156.267513326638,154.89546221883646,155.70579688455436,4069200
2024-04-18,158.63406372070312,159.01159971004577,156.6358306025229,156.6358306025229,5574700
2024-04-19,160.3468780517578,160.47579589721693,158.20130572655208,158.64330776084174,6636700
2024-04-22,162.49241638183594,163.1738331148497,160.25475432759134,160.6046801424828,7288700
2024-04-23,157.66720581054688,161.0375045288451,156.67269074362326,160.87174499219583,9145000
2024-04-24,163.3672332763672,163.9934015859184,154.37977056712077,155.16249500504958,10016700
2024-04-25,162.69500732421875,166.3323589859488,161.90309353164838,164.1683660265137,7441500
2024-04-26,161.6820831298828,164.435416719489,160.54022944987105,160.63231963652947,4472100
2024-04-29,162.19775390625,162.36351343147868,161.16641126390152,161.6084132461952,3224500
2024-04-30,161.9859619140625,162.50163323070106,161.00065032256487,162.31746691061437,4465100
2024-05-01,161.28611755371094,162.2806325885482,159.9140664633905,161.57159152145263,4340500
2024-05-02,161.56234741210938,162.36349258771818,160.73359204532824,161.68206182879538,3964800
2024-05-03,162.20693969726562,162.52003786626926,161.14797292415926,161.8846521820102,3491900
2024-05-06,161.90309143066406,162.76867455221566,161.26770567418203,162.76867455221566,3576200
2024-05-07,163.9289093017578,164.04860965438837,162.53842369355021,162.98964301788703,3708000
2024-05-08,163.3672332763672,164.72087753194444,163.16464610539714,164.56433545455664,3400900
2024-05-09,163.96578979492188,164.30649822152932,163.0725683053378,163.22911039461664,2421400
2024-05-10,165.558837890625,165.89956034538733,163.5514010616018,163.8644852191759,4201600
2024-05-13,166.5809783935547,166.99537019159536,165.61410166743323,166.22184913931216,4408100
2024-05-14,165.63250732421875,166.93090310023103,164.46304343185784,166.71911252892795,3508600
2024-05-15,165.2549591064453,166.12054217572302,164.83136394404227,165.0523719484685,4785100
2024-05-16,168.6160430908203,168.89229958873938,165.25496217727436,165.411504247531,5984700
2024-05-17,167.7688751220703,168.477930223332,167.43737011832366,168.13720777023775,4449100
2024-05-20,166.0376434326172,167.71358892224643,165.6693108672634,167.67674723511902,3221100
2024-05-21,166.74673461914062,167.2071574514054,165.5680532926219,167.13348811212427,3288100
2024-05-22,167.67678833007812,167.71363002623485,165.73380336202015,166.16660196042574,4047000
2024-05-23,165.0800018310547,167.49261291174236,164.8681972171244,166.976941601457,4009000
2024-05-24,163.90133666992188,165.21813932038162,163.79082562756128,165.17209422364726,3447400
2024-05-28,159.65621948242188,162.32666618328415,158.29335783624006,162.28062109168533,6178100
2024-05-29,157.6027374267578,159.47205309137692,157.20678051648432,158.78141880983813,5352100
2024-05-30,156.98574829101562,158.11839845487117,156.91207895955432,157.7868934887895,3903100
2024-05-31,159.21420288085938,159.27866881905936,156.10175422422927,156.44246260903168,8155600
2024-06-03,157.67637634277344,159.21418669346315,157.4922100467664,159.0484412423531,5032400
2024-06-04,160.12583923339844,160.58626202883073,157.29885057595834,157.65797979435598,4619100
2024-06-05,159.75750732421875,160.19950927551236,158.3486146880421,160.079794851854,5370700
2024-06-06,159.490478515625,160.5954905875919,159.01163479907606,160.2271579139332,5536700
2024-06-07,158.74334716796875,160.10766500751075,158.47420248424586,159.1702824365925,3521100
2024-06-10,153.9728546142578,158.12149158473488,153.71298594082225,157.88018900562489,9429400
2024-06-11,153.2025604248047,153.56452142563566,151.75470225969818,153.01692777881334,8284500
2024-06-12,152.05172729492188,153.4438873901014,150.7616595065269,153.0262421939045,6281100
2024-06-13,151.58763122558594,151.80109174807902,149.92631271608798,150.42749813976144,5432600
2024-06-14,152.0331268310547,152.57143031226585,150.84515161796168,151.40202119487847,3603300
2024-06-17,154.19561767578125,154.44621040312063,151.08645514871426,151.73614104639276,5412200
2024-06-18,154.5111846923828,155.05877835603488,153.36961752572057,154.15851381008196,3519500
2024-06-20,154.69679260253906,155.58778111968542,153.815094214412,153.815094214412,4942400
2024-06-21,155.253662109375,156.91498075974667,154.48333197565267,155.1887020151865,10899100
2024-06-24,155.9961395263672,157.4161413139104,155.07730900898818,155.45783606624644,4476900
2024-06-25,155.31863403320312,156.8128861184869,155.225817715148,155.99614783730365,4217300
2024-06-26,154.7524871826172,155.0030657480558,152.99836641563837,153.9635909711148,4778300
2024-06-27,154.30699157714844,155.22582216984833,153.38817514623076,154.65040063438215,4326500
2024-06-28,153.0725860595703,154.26985127984054,152.78487533336312,153.4159950672391,8755900
2024-07-01,151.1792755126953,154.1213715796941,150.8915647477956,153.17469893245794,4508000
2024-07-02,151.81967163085938,152.64568589651296,150.6502624723848,151.74542140720956,4650800
2024-07-03,150.91012573242188,152.3301275742862,150.3161381264249,151.20711245452955,2879600
2024-07-05,152.57142639160156,152.69208476791533,150.78946361775354,150.9472400227432,4208200
2024-07-08,150.46461486816406,151.9774329307869,150.278996408391,151.33703720705626,5268800
2024-07-09,150.2604522705078,150.87300602287024,149.88921529671512,150.52961111402288,5801200
2024-07-10,151.8289337158203,151.99600024420232,149.1095885619749,150.20474739666489,7372300
2024-07-11,152.1630401611328,153.0354624356414,146.66865201900046,147.66173265625844,10258600
2024-07-12,154.41839599609375,155.94976637366958,153.10048619244657,153.10048619244657,6677000
2024-07-15,152.07955932617188,154.34414186408017,151.884650694526,154.07498299951126,4551800
2024-07-16,152.91482543945312,153.17469413262467,151.13286261694188,151.66189013204357,4461700
2024-07-17,157.67604064941406,157.84310721313466,153.96361399179122,154.10282432673856,7671000
2024-07-18,158.1215057373047,160.25615359882624,156.2838587644527,156.58085965312227,6228600
2024-07-19,157.18411254882812,158.23287739318695,156.35809835582666,158.03796880302664,5332800
2024-07-22,155.60635375976562,157.50897509528286,155.31864298370948,157.0913158017483,5308400
2024-07-23,154.32557678222656,156.25604036559272,154.23276045001526,155.72701276319953,3344300
2024-07-24,156.07965087890625,156.54370407679625,153.09114715155232,154.32553035735327,5867000
2024-07-25,158.7247772216797,161.0172014042261,156.72006378757104,157.30477541296472,6270900
2024-07-26,160.3303985595703,160.33967452636864,158.4556194562667,158.4556194562667,5746300
2024-07-29,160.75735473632812,161.0172234583675,158.56702253500814,159.90348417901788,4152700
2024-07-30,160.72947692871094,160.9800696490976,159.2166729631917,160.2747138070915,4994600
2024-07-31,160.2561492919922,162.13092840643466,159.87562222427903,161.4162824288385,6245600
2024-08-01,162.3815155029297,162.93837089225255,160.09836733754113,160.12620939891823,5994500
2024-08-02,165.24008178710938,167.0127686734395,161.34203716003623,165.98256984983328,6856100
2024-08-05,161.52764892578125,167.90375020672536,160.71092483631352,166.61368273901954,7502300
2024-08-06,160.089111328125,163.5416689870991,159.96845293926202,160.82230930542576,7287100
2024-08-07,159.43942260742188,161.85250537196825,159.01250151266493,159.28164618876974,5428900
2024-08-08,159.97772216796875,160.56243382871062,157.60177165581055,157.9730227744491,5112500
2024-08-09,159.9962615966797,160.35822252590796,158.14004879822096,159.71782684455493,3223000
2024-08-12,159.09600830078125,160.4417598407287,158.43706064218154,159.8570623986353,3802300
2024-08-13,159.97772216796875,160.02413032802133,157.98229874174675,159.28164225252635,3894700
2024-08-14,161.22140502929688,161.80610256204315,159.56936223901138,159.84779705363403,3555800
2024-08-15,160.116943359375,161.76897185848355,159.4765475844364,161.2213924017437,4472100
2024-08-16,160.20974731445312,160.35824776052561,158.80831152932194,160.11694515699435,4614600
2024-08-19,161.32347106933594,161.47195733942527,160.0426796275735,160.24686418094956,3521700
2024-08-20,163.20755004882812,163.37460243791762,160.09838729746855,161.0543359553456,5330100
2024-08-21,162.61355590820312,164.1078080298368,162.0659622772078,163.2910697287852,4020700
2024-08-22,163.10545349121094,163.4210063257598,162.14021472910784,163.18897968357112,5265900
2024-08-23,163.22610473632812,163.97786882347157,161.18427302959438,163.93147482246408,5283600
2024-08-26,163.31893920898438,164.12638751648228,163.09618849990915,163.64378222282937,4146700
2024-08-27,162.69708251953125,164.163492581214,161.97316053692336,163.63446504527167,3520600
2024-08-28,161.41629028320312,163.10545101029948,160.88727691118626,162.92910849903313,3915500
2024-08-29,159.7178497314453,161.4534185767141,159.55079735330042,161.26778594084405,4654300
2024-08-30,160.45106506347656,161.0821707204808,158.9382468536251,159.6900108940257,8677300
2024-09-03,164.77601623535156,165.10085916413558,159.52294438503142,159.98699761941955,7032100
2024-09-04,165.6855926513672,166.73434346956947,163.6159047561948,165.11015693472396,6188500
2024-09-05,166.4095001220703,166.80857912382723,164.75747166674907,165.8804726135667,5743100
2024-09-06,165.84371948242188,167.00334013998147,165.52576381280096,165.93724257095502,6395300
2024-09-09,166.63861083984375,167.19970652148692,164.45965431556334,165.57251334814103,4666200
2024-09-10,166.28326416015625,167.48964644793182,166.12428631401934,167.06880678916957,4315800
2024-09-11,164.38485717773438,166.2271507922192,163.12236678032505,165.93724918368144,4036000
2024-09-12,165.7595672607422,166.1710460437107,162.673490658099,164.38486054019768,4222800
2024-09-13,165.86241149902344,166.42352143869843,164.9365843794452,165.9465737090891,3290400
2024-09-16,165.72213745117188,167.79820993456175,164.9178874993794,167.3960920934746,4940100
2024-09-17,165.4041748046875,166.5450879088995,164.87113319316288,165.52575195714874,6305100
2024-09-18,163.851806640625,166.51704339037468,163.1223579536322,165.39483769207905,5307900
2024-09-19,163.3374481201172,164.79631686483137,162.86050038230147,164.35678406743432,5504000
2024-09-20,160.0830535888672,162.50516471731171,159.18529467939464,161.38295894566073,12198400
2024-09-23,160.95274353027344,162.6641130865406,159.66219927842195,159.79312302356502,5350300
2024-09-24,158.9047088623047,160.47580805372434,158.5119376318542,159.9053515421996,7837900
2024-09-25,158.41842651367188,159.69962424619501,157.81991588834228,159.35360025760056,4505100
2024-09-26,158.68963623046875,159.91471156222158,157.74510160856846,158.25010342554106,5673600
2024-09-27,158.9795379638672,160.5225689480218,158.6802755135769,158.9421372923904,7545800
2024-09-30,159.0262908935547,160.606736733218,158.58675811200507,159.52193181409052,5054300
2024-10-01,160.2700958251953,160.79379088774982,158.764465385541,160.1859193354403,7095900
2024-10-02,158.5587158203125,160.60674866314721,157.59548797718503,160.38230182091215,5786000
2024-10-03,157.60482788085938,158.1472303576651,156.33299103480908,157.24011069623708,5090300
2024-10-04,157.08114624023438,157.57678721869985,156.00570206498736,156.31429686547952,4390100
2024-10-07,156.37042236328125,157.043734392703,155.66904199091425,156.84735587942754,5459500
2024-10-08,159.37229919433594,159.5873851484294,156.03373652747666,156.84733307485232,8297800
2024-10-09,161.3548583984375,162.0468920498214,158.13787296698945,158.3997204524606,7177500
2024-10-10,161.77569580078125,161.84115053646462,160.12043443506587,160.91533775008187,5292400
2024-10-11,163.47772216796875,163.82373189175934,161.66348279636136,162.72023370798442,4720300
2024-10-14,164.68411254882812,164.84309038311184,163.13172060988867,163.618014983334,4535900
2024-10-15,164.4970703125,165.89048445053152,163.7676358696701,164.92725655116334,5802300
2024-10-16,163.16909790039062,163.964001227515,162.374208842884,163.66473880378234,4400900
2024-10-17,163.34677124023438,164.09491297525963,162.43965170532897,163.0755771744663,4125900
2024-10-18,163.71151733398438,163.96401824651548,160.96210417643456,161.13044287466172,5097000
2024-10-21,163.66477966308594,165.9933678191335,163.04757573188195,163.1504454320195,6436300
2024-10-22,163.0662384033203,163.60864087797523,162.2619884263656,163.19716215447022,3790500
2024-10-23,161.73831176757812,162.57061590921387,161.2894323226652,162.43969214321342,3800700
2024-10-24,160.99954223632812,162.29007251648957,160.56935596319346,161.71026926409272,4244900
2024-10-25,160.65350341796875,162.72024382797989,160.47583237957988,161.2894290324414,4442600
2024-10-28,158.82989501953125,161.76633981565016,158.72702534353652,161.76633981565016,5186400
2024-10-29,156.64163208007812,158.23142489502624,156.1459910425288,158.23142489502624,5127900
2024-10-30,155.4352264404297,156.77251797758038,155.31364929355485,156.17400738234892,4801500
2024-10-31,155.31365966796875,156.6416046939151,155.0611587574464,155.33236713864943,5582400
2024-11-01,154.85540771484375,155.47262577420454,154.5000514164144,155.32299455927745,6339000
2024-11-04,155.55679321289062,155.84669478305005,154.481349142373,154.85541292265256,4885500
2024-11-05,156.96890258789062,157.07177225999678,154.93021661422816,155.19206409420428,3678300
2024-11-06,154.03248596191406,156.55745241856536,152.99444245233718,156.52003747482888,7849300
2024-11-07,153.36849975585938,154.21015044911084,152.8728587945594,153.83608664535896,5333500
2024-11-08,154.40655517578125,155.07053488890978,153.04119507410118,153.21888038900687,4618300
2024-11-11,153.61166381835938,155.37914196622634,153.34981626086957,153.75194846891426,3762000
2024-11-12,153.6864471435547,154.30366522917987,152.57358812330827,153.45265371138925,5386600
2024-11-13,154.06053161621094,154.11663975912958,151.84416008358988,152.8915644066751,4145000
2024-11-14,154.44393920898438,156.07114667214645,153.20951727835237,154.0605288161358,5422700
2024-11-15,148.3372802734375,153.7238910998343,147.80423856768778,153.7238910998343,9108900
2024-11-18,148.06607055664062,149.48753873860116,147.53301463729798,149.07605998043206,6991300
2024-11-19,146.5604248046875,147.63586886210678,145.74682824419847,147.52365258331335,8248900
2024-11-20,148.44949340820312,148.79550314619797,146.0741439770706,146.30793742590382,5067300
2024-11-21,149.94577026367188,150.09540150296317,147.7107053541322,148.12218412737303,5977000
2024-11-22,151.4981689453125,151.55427709511585,149.52495148270907,150.46947196684778,5846300
2024-11-25,152.48007202148438,152.98505953218387,151.49813679941641,152.15275552425572,8580400
2024-11-26,151.64781188964844,153.0692660263907,151.40465752891512,152.68585554995036,4653600
2024-11-27,152.17147827148438,154.42525050078433,151.19888955154525,151.44204386633973,3622900
2024-11-29,152.85414123535156,152.98506498498588,150.5162069421537,150.9650863309545,2799300
2024-12-02,152.48007202148438,153.0411676700818,151.27368997820668,152.7325729116431,4967400
2024-12-03,151.21759033203125,152.48008058410286,150.9557428273913,152.28368782081353,4277400
2024-12-04,149.79612731933594,150.59103073003942,149.07605379205128,150.18891285918846,6964600
2024-12-05,150.0860595703125,150.57233970870524,148.53366752102133,150.4975240867323,5229600
2024-12-06,148.8175048828125,151.6563550130671,148.72319986566006,150.28880993982665,8359200
2024-12-09,150.4019775390625,152.31654346664146,148.20446778564335,148.93068691403835,8380400
2024-12-10,150.75094604492188,151.29796698300078,148.40254519360337,149.95871477920292,5329400
2024-12-11,147.8555450439453,151.38286710487662,147.37453611481902,151.09993760671296,7925900
2024-12-12,149.8643798828125,150.33594811956283,148.9872698701947,150.0435781153569,6849500
2024-12-13,148.98727416992188,150.49629832752117,148.12901650039828,148.57229180702603,4353900
2024-12-16,147.14816284179688,149.78894795739063,147.01612430557324,148.87410438815508,6696500
2024-12-17,147.2613525390625,149.4871555570714,146.41253533020335,146.88410364426352,6572600
2024-12-18,145.64857482910156,146.96897467294127,145.3467786075327,146.21446253233603,7620900
2024-12-19,142.85687255859375,145.31845915373455,142.80028667681663,144.38474893105374,9829500
2024-12-20,144.10182189941406,144.76202897329046,141.95147179494202,142.28157533188022,19205200
2024-12-23,142.6871337890625,143.7434565959507,141.19699058444613,143.7434565959507,6822200
2024-12-24,144.12069702148438,144.1395637824067,141.8571750089537,141.94205384642115,3399800
2024-12-26,143.77174377441406,144.46965563920182,143.5831193350423,143.85662261346303,5528500
2024-12-27,144.19615173339844,144.7431726789821,142.6588344965189,142.68712744274544,4287000
2024-12-30,143.09266662597656,144.38475898694193,142.49848604369535,143.97921721188175,5397000
2024-12-31,143.41336059570312,144.44137611828438,142.35705212414246,143.16815024084042,4274800
2025-01-02,141.66854858398438,144.92236682798242,141.36673797795282,144.18672146468273,4970200
2025-01-03,141.140380859375,142.37590184512237,141.05550202259658,142.37590184512237,5218100
2025-01-06,137.9525909423828,141.4233266328486,137.79225945146564,141.0932374660622,9470600
2025-01-07,137.13206481933594,139.55593294701853,137.07547892222829,138.13180176902353,7473300
2025-01-08,138.2072296142578,138.32984197615932,136.33982319492685,137.13205447693122,6791800
2025-01-10,134.5290069580078,137.29240473915948,133.46325797179816,136.75480995779336,9632700
2025-01-13,136.2832489013672,136.88685579490476,134.0574457831117,134.67047886255077,8101400
2025-01-14,136.70765686035156,136.88685512947376,135.3966974702385,135.99087817498616,6996400
2025-01-15,136.54730224609375,137.88655435825498,135.97198840154158,137.21693549773488,7141600
2025-01-16,138.2072296142578,138.44301376183927,135.51929896650248,135.85882871466467,5068000
2025-01-17,139.8199920654297,140.16894798009682,138.8014028752191,139.32013085048212,7338900
2025-01-21,140.10293579101562,141.26298970483876,139.36729044165253,139.89544460108024,7456200
2025-01-22,139.66909790039062,140.95176427279287,139.38615403758726,139.8011364508825,5905100
2025-01-23,140.16896057128906,140.47077119896116,138.27326113626322,140.04636259602972,4759100
2025-01-24,140.64051818847656,140.81971643613912,139.70682221125625,140.35758873545325,4509600
2025-01-27,145.81834411621094,146.62944213345006,142.31930114654213,142.33816790725612,9820600
2025-01-28,141.70626831054688,145.81834429274073,141.58365595244032,145.38449514252497,6349700
2025-01-29,141.81944274902344,143.3567599776268,141.6874042036363,142.53623575922973,4874100
2025-01-30,143.26243591308594,144.37534452332932,142.06466285849663,142.67769585836922,4671300
2025-01-31,142.12123107910156,143.06436751002946,141.72511550504623,142.1872431458842,4905500
2025-02-03,141.72515869140625,142.5362568448061,140.3670395144461,141.24414975474372,7196200
2025-02-04,135.3306884765625,139.34844558469743,134.86854631886115,137.79227580669854,12804900
2025-02-05,137.37725830078125,137.49985625290896,134.585568086038,135.23633453693773,9248100
2025-02-06,137.08489990234375,138.54675000572558,135.77394070597077,137.94314320432628,5604900
2025-02-07,136.3586883544922,136.8962687212796,135.7173479972206,136.76423017582985,5872300
2025-02-10,136.1417694091797,136.302100898878,134.8779554702321,136.1417694091797,8715400
2025-02-11,137.3583984375,137.4338510839693,135.24576750972147,136.16061106037085,6354000
2025-02-12,135.80223083496094,136.54730234345928,134.89681345607283,135.849376147418,6658200
2025-02-13,136.3586883544922,136.69821809866608,135.43441853634414,136.02858479530684,7175300
2025-02-14,135.23635864257812,137.85827728085982,135.17977274826052,136.44357235842915,5001800
2025-02-18,135.90599060058594,135.95313591796,133.5481490869819,134.774215161158,8738700
2025-02-19,137.51873779296875,137.6319095735959,135.95312766905903,136.028580319851,5777300
2025-02-20,140.62168884277344,140.7065676925775,136.75482258562678,136.85856819909532,6789800
2025-02-21,144.77146911621094,145.76176543138672,140.4330349693087,141.46106480777792,10604400
2025-02-24,145.10154724121094,147.43109540236316,143.46991083625946,143.67740200462183,7187000
2025-02-25,147.52540588378906,149.44941235431048,145.24301733826508,145.98808882238782,9474600
2025-02-26,142.8946075439453,146.761472993955,142.5456516401729,146.7237538656233,9076500
2025-02-27,143.3756103515625,144.00751006020081,141.4044441899123,142.31928771807594,6731000
2025-02-28,144.74317932128906,146.28049662871655,143.68687090403097,144.9600967160211,8455500
2025-03-03,147.119873046875,147.27076395498827,141.94204829696602,142.74372010691903,8321700
2025-03-04,145.42225646972656,151.04334338985365,145.20533904870354,148.39313144890494,10274200
2025-03-05,145.12985229492188,146.50682355501962,144.0452366623077,144.23386108807327,5578700
2025-03-06,145.81834411621094,146.1578738534534,143.85661834449022,145.40336172723437,8421000
2025-03-07,146.94583129882812,149.9429723528808,145.35686946689412,145.81357349491867,8997700
2025-03-10,148.66802978515625,152.31218227345346,147.83072679553032,148.31598853650092,11156900
2025-03-11,144.938232421875,148.47772165613569,144.44346120677386,148.23032878940475,7981600
2025-03-12,140.9801025390625,142.2741096111415,139.40064995492628,140.38066841557858,8330200
2025-03-13,141.14183044433594,143.1779868314289,140.87541854459366,141.1703735394255,5351100
2025-03-14,141.37969970703125,141.9220475522092,139.94297734888355,139.99055401364015,5277500
2025-03-17,143.9962615966797,144.31025017300976,141.8935094135664,141.98864822804325,5449500
2025-03-18,141.7602996826172,143.9582051400231,141.53194040090702,142.72128443788944,8158600
2025-03-19,140.92300415039062,141.6556441803458,139.66704981332458,140.9705808180117,6080100
2025-03-20,140.00958251953125,140.88495255875847,139.52433535030892,140.39969087117547,4536400
2025-03-21,138.39207458496094,140.5328939342179,137.72604480219752,139.86686415145448,11574800
2025-03-24,139.3435516357422,139.60045402608384,137.8021663304134,138.43014349864387,5968900
2025-03-25,138.4777069091797,139.200837419193,137.8021675855586,139.05810741509845,4763300
2025-03-26,141.42727661132812,142.08379683834616,138.6775137967109,138.9153826025372,5882200
2025-03-27,142.40728759765625,143.11138445325923,141.85543025434995,142.3311678415079,5397500
2025-03-28,142.02671813964844,144.03433154745602,139.97152806449404,143.1399424674336,8550900
2025-03-31,142.66421508789062,145.18561893658926,142.4834324499912,142.91159345017527,9985700
2025-04-01,142.40728759765625,143.47293514701516,141.45581242334035,143.1875042094076,6072800
2025-04-02,141.8839874267578,143.197027943477,140.88495000928236,142.94012555577967,5866200
2025-04-03,144.02481079101562,146.57477213174292,143.5395636170652,144.32928985429803,8216200
2025-04-04,139.49578857421875,147.40254566895968,139.33403952207718,145.5662053843286,12911400
2025-04-07,136.2417449951172,139.01054149004145,133.84402327138358,134.46249090227488,14423200
2025-04-08,133.49197387695312,138.3444887009605,132.39776868254992,136.96485256036115,9488900
2025-04-09,138.52528381347656,138.86781549818267,131.61757844332408,133.44440925563643,14067000
2025-04-10,137.14566040039062,140.00008653431163,135.9848592777938,138.36354772272796,10980300
2025-04-11,137.42156982421875,138.23983915827318,135.22366421672717,138.10663319776947,8563300
2025-04-14,139.62899780273438,140.03812520567715,136.53670313248642,137.1646803037741,5393800
2025-04-15,135.90872192382812,138.89635364344275,135.7089202505833,138.7631476884928,5459600
2025-04-16,133.2921600341797,137.3930159078665,132.9876955134437,137.11709448225076,7878600
2025-04-17,135.90872192382812,136.6033093131159,133.27314592100709,133.53003378660756,6131400
2025-04-21,134.8525848388672,135.89921343457235,133.74888456873123,135.5852248558608,7412800
2025-04-22,136.49864196777344,137.27884410159004,135.06190508836573,135.3758936543616,7144700
2025-04-23,135.35687255859375,137.02195435336463,134.01530340361847,136.31787191475544,7760000
2025-04-24,128.74411010742188,134.96676619642443,128.00196059491475,134.58616739619018,15577300
2025-04-25,126.90778350830078,129.02956941814244,125.40445075243247,128.89636345336228,11544700
2025-04-28,127.26932525634766,128.83926814272922,126.64136262015528,127.40253121170485,8498600
2025-04-29,127.79263305664062,127.935363049072,125.13802361038762,126.05143168116648,7010700
2025-04-30,129.0010223388672,129.57189880529572,126.64136767056873,129.04859900732643,7923500
2025-05-01,127.06952667236328,128.2683802997299,126.77457165821154,127.94488218861899,6807000
2025-05-02,127.25981903076172,127.87827215702491,126.68892805393368,127.64040333640666,7169700
2025-05-05,125.5852279663086,127.53574068389055,125.30929200365665,127.53574068389055,8972200
2025-05-06,124.39588165283203,125.49958192876353,123.84402425568608,125.49958192876353,6889900
2025-05-07,125.51861572265625,126.23222217428334,123.94868733642083,124.59568355041638,6313200
2025-05-08,125.05239868164062,126.52718838252977,124.8906496138267,125.4900837321196,6392400
2025-05-09,124.11043548583984,125.26171242246323,123.8630426259939,124.78597479151068,4770500
2025-05-12,125.29023742675781,125.9087049687047,123.74885237092509,124.49100180657479,8392700
2025-05-13,123.98673248291016,125.25219625636016,123.45390868742795,124.8050017455034,8650200
2025-05-14,122.21700286865234,123.853541592818,121.66515269588307,123.75840277111988,10463000
2025-05-15,125.1189956665039,125.16657233278679,122.5595249151032,122.92109015682082,9165100
2025-05-16,125.57569885253906,125.84211075984545,124.31023503365367,125.68036171029229,8896400
2025-05-19,125.39492797851562,125.84212254731665,124.74793171969966,125.71844062628503,9406200
2025-05-20,125.40444946289062,125.75649068368358,124.9762884746687,125.35687279345238,7624200
2025-05-21,123.8344955444336,125.49957719918281,123.74886625802428,125.40443838707019,9243700
2025-05-22,123.80596160888672,124.35781902606514,122.56905533138986,123.71082278973516,7140200
2025-05-23,123.06379699707031,123.4634148327412,121.55095493666789,123.27312269933017,8122500
2025-05-27,124.99530029296875,125.08094410034495,122.86400500176273,123.76790359532673,13974800
2025-05-28,124.32927703857422,125.77552357518375,124.13898488021111,124.91918708500818,9431500
2025-05-29,125.51861572265625,125.66134572399793,123.9296537659032,124.51005426062764,6656900
2025-05-30,125.0714111328125,126.27978869225767,124.91917161762775,125.7374408637967,12992100
2025-06-02,124.55763244628906,124.671804834066,122.80692141469329,124.54810840173393,6723700
2025-06-03,125.45201873779297,125.79455041185284,123.51100107866695,124.29121776005454,7339500
2025-06-04,125.34735870361328,126.29883398429496,124.73841510471144,125.82309634395412,6519700
2025-06-05,124.74791717529297,125.03336264610981,123.89159528120216,124.8335464610301,9560800
2025-06-06,125.0778579711914,125.69348323852658,124.41413399844515,125.28948053286888,7628200
2025-06-09,125.01053619384766,125.67424551371377,124.26022865227804,124.88548249064193,8453100
2025-06-10,126.8093032836914,127.0882522790694,124.52956858429083,125.24137655481704,11852900
2025-06-11,124.95279693603516,126.94396873736201,124.84698566140914,126.9151124513425,9168400
2025-06-12,127.26142120361328,127.29027749385993,124.77006362788316,124.94320136936305,11444900
2025-06-13,125.86662292480469,127.99244751913679,125.61651555300374,126.74195469312004,9581000
2025-06-16,126.40531158447266,127.05940703886668,125.27024373206592,126.30911416933715,11183700
2025-06-17,124.36603546142578,126.67464122530664,124.21214015263173,126.16482723811993,10235200
2025-06-18,124.15442657470703,124.74118087272127,123.69269661906036,124.69309684529745,8785800
2025-06-20,124.15442657470703,125.45300354609519,123.99088804187548,124.59689943512171,23001000
2025-06-23,124.17365264892578,124.56804147662623,122.9520233477005,124.36603278903259,12840400
2025-06-24,126.05901336669922,126.21292334999468,124.13518260849753,124.22175146997728,9226800
2025-06-25,123.14441680908203,125.6165318187625,122.76926304163425,125.29909796721637,10922600
2025-06-26,123.3367919921875,124.2409948036374,122.74040181076684,122.8462130903549,11538100
2025-06-27,126.04938507080078,126.33796262063981,123.23098004968834,123.40411777299343,26536500
2025-06-30,127.01132202148438,127.31914204096518,125.61654741766971,126.20331648684687,11402400
2025-07-01,130.10867309570312,131.19564220604838,127.42493555949973,127.5403607118676,12846700
2025-07-02,131.28221130371094,131.78241142763486,129.74315545130068,130.0990594568439,9388700
2025-07-03,130.22410583496094,131.61888016822908,130.08943827197638,131.49382647486357,4941400
2025-07-07,129.32952880859375,130.55116553503788,128.58884980525906,130.3683992518299,7773700
2025-07-08,129.89706420898438,130.50307567805538,128.20409819277972,128.3291519061222,7718300
2025-07-09,129.35838317871094,130.22411587406353,127.89628229006752,129.7623858988096,7762600
2025-07-10,130.89744567871094,131.47458609573434,128.54075595112192,129.31027650715313,8869700
2025-07-11,130.10867309570312,130.23372679587789,128.71389868648876,129.70467038475124,7963600
2025-07-14,130.40687561035156,130.70506703086517,128.761993846092,129.61809795045784,8480300
2025-07-15,128.71389770507812,130.34915095436673,128.65618512933423,130.27219596082014,8933500
2025-07-16,130.1952667236328,130.34916204615718,128.6561960770653,128.84857623846986,10941600
2025-07-17,139.9009552001953,140.40115523597828,136.24567434361836,136.3033869097353,26161000
2025-07-18,137.78475952148438,140.77631683631157,137.49618198199153,140.68973330009933,13752800
2025-07-21,136.3034210205078,138.12144069647047,135.11065521516295,137.6501115034547,9025600
2025-07-22,140.47811889648438,140.82440902842578,135.8513081597566,135.8513081597566,8281500
2025-07-23,140.11260986328125,141.430429350739,139.56431100409173,140.3049900203483,6166000
2025-07-24,139.00637817382812,140.89173866685738,138.4965642263705,140.26649957738312,9749400
2025-07-25,137.98675537109375,139.30458939428962,137.26531885154012,139.2949608469909,7021600
2025-07-28,136.17837524414062,137.6501046861898,136.07256395913282,137.26532970540472,10639100
2025-07-29,138.41000366210938,138.50620107132855,135.755122493029,136.17836760933108,6282900
2025-07-30,137.41921997070312,138.9005630704956,136.8709212059189,138.29456641395726,9738400
2025-07-31,132.66737365722656,136.1783737651427,132.39803851243457,135.61083250935673,11689700
2025-08-01,133.97557067871094,134.48538464724663,133.02326918471186,133.80243295852765,7630500
2025-08-04,134.24488830566406,134.9759532804589,133.4657393110847,133.98516708158368,8384700
2025-08-05,134.1390838623047,135.00481642736796,133.9563176093137,134.2833799619798,5535100
2025-08-06,135.43768310546875,136.18797589810617,134.05252266439555,134.57195049096634,6747400
2025-08-07,138.43885803222656,138.81400443872397,135.1298668171397,135.86093189068814,7674600
2025-08-08,139.67974853515625,139.83364385167087,138.32344423207078,138.43886938887297,5315100
2025-08-11,139.35267639160156,140.05488518685837,138.2753358629479,139.78555005469494,5773400
2025-08-12,141.27650451660156,141.4111720801717,139.20839235941804,140.00678387117796,7668700
2025-08-13,143.6620635986328,143.8448151861564,141.25727522020014,141.29574537608315,6147000
2025-08-14,142.95985412597656,143.8063443279028,142.4115700107568,143.36385681026044,6892500
2025-08-15,144.6720733642578,145.34542590070274,142.83482606622786,143.7005440735649,9162200
2025-08-18,143.8544464111328,144.8163617804113,143.24843503163495,144.8163617804113,9901000
2025-08-19,146.3650360107422,146.518945981844,144.1526278785572,144.28729543385563,8596900
2025-08-20,144.989501953125,148.72173834588367,143.02720102478978,147.37506267718928,10023500
2025-08-21,143.30613708496094,144.595114740192,142.94061925227987,144.595114740192,8153600
2025-08-22,143.94100952148438,145.42235267282362,143.41195315398352,143.95062339083418,5218000
2025-08-25,142.5558624267578,143.15225996846453,141.9594795627156,142.77709886379535,6624300
2025-08-26,141.40155029296875,142.60394442811304,140.25686872788535,141.88250794702648,11208100
2025-08-27,142.0172119140625,142.16149337620624,140.73786246494413,141.40158654613836,8092900
2025-08-28,141.38233947753906,142.40196758361327,140.66090283520361,142.32502725811028,9265100
2025-08-29,142.9887237548828,143.5370225989294,141.27651545224305,141.49776657054156,7760700
2025-09-02,144.556640625,151.79024831692632,144.48931418148717,151.4439581966303,17348600
2025-09-03,142.97909545898438,144.7297884219423,141.50736616393937,144.23920220515177,11259200
2025-09-04,141.29576110839844,143.7775047525857,140.87251595824267,143.34464573180463,6342200
2025-09-05,142.19229125976562,143.63957110091587,141.11411972657558,141.81347503573917,7186300
2025-09-08,137.64649963378906,141.5415083224216,136.3254967783401,141.5415083224216,11127600
2025-09-09,138.9966278076172,139.5114289251736,137.05397760665116,137.13167057199436,5866400
2025-09-10,138.56924438476562,139.00633772201985,137.36479590719742,138.151566878504,6015100
2025-09-11,140.09422302246094,140.5993162532504,138.41383465345896,138.79265087123966,6144400
2025-09-12,139.414306640625,140.113661979707,138.80236701361665,139.93883055555975,5713700
2025-09-15,136.607177734375,139.41430701471683,136.50033136780505,139.2880299938851,7279600
2025-09-16,136.01466369628906,137.25795874031834,135.8981094175507,136.6557418718421,9283500
2025-09-17,137.1802520751953,137.9670231056395,136.13121909418768,136.15064974788584,6092900
2025-09-18,136.69459533691406,137.56879693582414,136.36434831612988,136.6071796233971,6106600
2025-09-19,137.69505310058594,138.00588427445956,136.43234221515124,137.40366740163708,12365500
2025-09-22,136.98597717285156,137.46193180578175,135.9272363747718,137.0345463919252,5797600
2025-09-23,137.83103942871094,138.1515785220447,135.9466809977052,136.9956991670295,6356500
2025-09-24,138.09329223632812,138.25841573021683,136.966551526122,137.74361459596227,5949100
2025-09-25,135.90782165527344,139.30745989153974,135.84954451405116,138.89950508173737,7101700
2025-09-26,136.4129180908203,136.94714993320756,135.83983976046258,135.92725547433136,6224700
2025-09-29,136.15065002441406,136.63631261913105,135.13075561125913,136.41291197551016,11930200
2025-09-30,136.4129180908203,136.98599642117804,135.8204091058539,136.15065612796715,7583400
2025-10-01,139.0354766845703,139.25887731157997,136.45174831569324,136.77228738292192,5880800
2025-10-02,138.22927856445312,139.14232656918597,137.31623055972028,137.821323783428,4497300
2025-10-03,137.9087371826172,139.24917059874247,137.79218291034377,138.18070703208534,5425700
2025-10-06,135.69410705566406,137.7824648141429,134.8976282185712,137.7047570312873,6750700
2025-10-07,136.75286865234375,137.7727630785745,135.6844198230157,136.3449138461007,6110300
2025-10-08,134.85877990722656,136.9374151298021,134.71308706361552,136.75286098039777,8256700
2025-10-09,140.5604705810547,140.58960915018739,134.6159505168056,136.43233864647,13706600
2025-10-10,145.77647399902344,146.49525991464995,140.84214067143347,141.45408023232153,17545200
2025-10-13,144.62059020996094,145.67933098743856,143.115033375443,144.38746685569063,7272000
2025-10-14,147.19459533691406,147.27230312145957,144.24177363040684,144.42632776604685,8371100
2025-10-15,146.8255157470703,148.02024155209412,144.8925733297994,146.99063924685038,6101100
2025-10-16,148.29220581054688,149.95317830410517,147.9230975183683,148.01052804421,8532900
2025-10-17,149.30238342285156,149.49664547311247,147.38887184423052,149.3606605558054,6710100
2025-10-20,149.23440551757812,149.99203799997352,148.3407880978617,149.99203799997352,4810600
2025-10-21,148.78758239746094,150.73995547437852,148.4573353968242,150.26400080552258,5614300
2025-10-22,148.6418914794922,150.73023469318915,148.33107512816687,148.7584457585834,6486000
2025-10-23,147.16546630859375,149.00127022638756,146.69923439234725,148.77786959461775,6091800
2025-10-24,147.20431518554688,148.04936324137975,146.93234535559506,147.6802549773405,3580200
2025-10-27,148.2533721923828,148.48648075820282,146.63126086315015,146.67981526686495,4744600
2025-10-28,145.81532287597656,148.81672877336308,145.6210608154204,147.06834058586733,5626500
2025-10-29,141.9688720703125,144.39718468171804,139.55026737370474,143.80467581168534,7767600
2025-10-30,143.31903076171875,143.84353982837897,142.05630508559761,142.1437207931667,5752700
2025-10-31,141.90089416503906,142.78480364949218,141.13355378242076,142.00774052932732,6313600
2025-11-03,139.4822998046875,141.7260585673689,139.14233006799512,141.67748934480633,8331500
2025-11-04,138.80235290527344,140.77414170160714,137.9864433663585,140.55074107526625,8302900
2025-11-05,138.7635040283203,139.17145879074042,137.52020908916057,138.80235051087448,7136400
2025-11-06,137.5202178955078,139.1034826486938,137.24824803647834,138.32641955664718,6449400
2025-11-07,138.85092163085938,139.91938518128546,137.58819602251356,138.83149097869392,7592300
2025-11-10,138.5303955078125,138.9189344811959,137.20939264080172,138.40413331005348,6617500
2025-11-11,140.91986083984375,141.5803548571708,138.58867148288934,139.1714725274395,7683600
2025-11-12,140.2496337890625,141.32780526745785,139.92909472021574,140.4147572812723,5790100
2025-11-13,140.861572265625,142.19228292979443,139.53084678021054,139.96795493876533,6663300
2025-11-14,141.6677703857422,142.62937273979367,139.80281316918393,141.70661686801668,5770500
2025-11-17,143.5909881591797,143.86295799550933,141.0558291109863,141.93001575329666,7320200
2025-11-18,144.50404357910156,145.53364584435556,143.22188729473189,144.0475195828104,10821500
2025-11-19,142.8916473388672,144.53318925890883,142.48369254319792,144.04752667055314,8123200
2025-11-20,141.9105987548828,142.86249317420103,140.74499681307103,142.39626129022295,6878900
2025-11-21,142.13400268554688,144.66916177198829,141.79403297438344,142.08543346663143,7911800
2025-11-24,141.3278045654297,142.14371410685294,140.6090186429882,141.64834363268417,9391400
2025-11-25,141.92030334472656,142.9013363074799,141.3957943401961,141.74545712905373,8954000
2025-11-26,143.7366943359375,144.21264900432072,142.03687529045635,142.12430581979936,5180600
2025-11-28,144.47491455078125,144.55262234477527,143.00820402366926,143.00820402366926,2969300
2025-12-01,145.22280883789062,145.52393206556903,144.25148374810706,144.36805283732747,7623300
2025-12-02,144.34864807128906,145.22283488036229,142.3282897436838,145.1742804741617,6830300
2025-12-03,143.8144073486328,146.37870529462452,143.66871449651538,144.42634697001884,5109200
2025-12-04,142.69737243652344,143.99894449918122,141.939740052514,143.51328195449597,6803000
2025-12-05,142.2393341064453,143.00437688469944,141.73910346713302,142.8278204925271,5971300
2025-12-08,142.837646484375,143.74980716968977,141.4350580000007,142.2295243946199,6327400
2025-12-09,141.86660766601562,144.7306164904577,141.15060920145766,143.54382595007357,10035200
2025-12-10,146.82958984375,146.9080576879716,144.18136370766769,144.93660361286598,18526400
2025-12-11,146.1822509765625,147.99678444888423,145.28971099298545,147.27096806671315,7854000
2025-12-12,147.76138305664062,147.78100376082665,145.88801737771018,146.87864592902784,8143100
2025-12-15,148.32044982910156,148.7912419310057,147.39847136180646,148.04581985580657,8409600
2025-12-16,147.4867401123047,149.42878556846435,147.11403656276983,149.07568775518178,7520300
2025-12-17,147.2023162841797,148.34007763730688,146.61381490395203,147.4965669742935,8067100
2025-12-18,146.5059356689453,147.48676140676505,146.38824136959514,146.92769851863858,6643200
2025-12-19,145.3191375732422,147.0159618234947,145.06411331590337,146.2901454263022,17543500
2025-12-22,144.2304229736328,146.12340940129013,143.60269512081956,144.70121512168961,8818700
2025-12-23,140.92503356933594,144.36774145675622,140.80733927103537,144.36774145675622,7254800
2025-12-24,140.98388671875,141.22909313542405,140.2090260609813,141.03291602911526,2618700
2025-12-26,141.0231170654297,141.18005276833773,140.34634494207452,140.80733421548422,4975500
2025-12-29,141.47430419921875,142.26877062074524,140.84657635056217,140.98389134976165,7201900
2025-12-30,141.3958282470703,142.4845453091431,141.16042470498024,141.20946898035876,4713800
