Date,Close,High,Low,Open,Volume
2020-01-02,296.125244140625,296.1434923281095,293.99229250686125,294.91293581934144,59151200
2020-01-03,293.883056640625,295.00423583561826,292.6889681125446,292.74365706670307,77709700
2020-01-06,295.004150390625,295.0861837981025,292.01434006994486,292.1328420420894,55653900
2020-01-07,294.17474365234375,294.9130723359084,293.72808011259553,294.43906431963455,40496400
2020-01-08,295.7424621582031,296.95477064555246,294.11995883928836,294.3660590478099,68296000
2020-01-09,297.747802734375,297.8207398631898,296.7177813744384,297.3011671355,48473300
2020-01-10,296.8909606933594,298.4861195611985,296.42610473911026,298.33117684890317,53029300
2020-01-13,298.9327697753906,298.94186605271307,297.082386683004,297.510801872737,47086800
2020-01-14,298.4770202636719,299.54348231822837,297.9209789989077,298.49524063629786,62832800
2020-01-15,299.1514892578125,299.9080379561586,298.3037830757557,298.3858164658878,72056600
2020-01-16,301.6400146484375,301.6400146484375,300.30008000636747,300.52795985830204,54050300
2020-01-17,302.5788879394531,302.7885196066415,301.57621099627295,302.3510080804288,95846000
2020-01-21,301.9862976074219,302.7884389482875,301.5487861977557,301.62169549358066,77742400
2020-01-22,302.0228271484375,303.49038781097767,301.8678844320141,302.84318902456715,48914900
2020-01-23,302.36920166015625,302.77939649699647,300.2635941747511,301.3756489009387,51963000
2020-01-24,299.6802673339844,303.10758968515563,298.39502145229517,303.0255562651374,87578400
2020-01-27,294.8764953613281,296.3531521856209,294.1108224827082,294.4480801750021,84062500
2020-01-28,297.96661376953125,298.8416646744203,294.9677069156235,296.2985175568416,63834000
2020-01-29,297.720458984375,299.5526218615138,297.5199236056963,299.32474201380455,53888900
2020-01-30,298.6866760253906,298.89633550564963,294.9130001022843,295.66042488337473,75491800
2020-01-31,293.2630920410156,298.22175888029057,292.3515728105219,298.06678837146853,113845600
2020-02-03,295.441650390625,297.30115767312014,294.6212885304359,294.73979049796515,69083000
2020-02-04,299.9445495605469,300.81050405404096,298.7231169921296,299.04215432222543,62573200
2020-02-05,303.40826416015625,303.61792358805616,301.41206272649225,302.8704711762649,65951100
2020-02-06,304.4292297363281,304.6206410029242,303.35361580732535,304.3654167083422,50359700
2020-02-07,302.80670166015625,304.4383010658972,302.2597845544811,303.37183913632214,64139400
2020-02-10,305.06732177734375,305.1311348147873,301.88612780958465,301.9225963763189,42070000
2020-02-11,305.5959777832031,307.2002328793031,305.0672809970112,306.41633961218275,54864500
2020-02-12,307.5649108886719,307.7745425630313,306.66248770025715,307.02708992369514,43992700
2020-02-13,307.2367858886719,308.2029944132998,305.86950652543953,306.1429512711381,54501900
2020-02-14,307.72900390625,307.84750589786006,306.4528821069279,307.6469704852974,64582200
2020-02-18,306.93585205078125,307.79268227342084,305.5503251457351,306.7353167259644,57226200
2020-02-19,308.4035339355469,309.07804952882344,307.61964044253574,307.90220928930677,48814700
2020-02-20,307.1364440917969,308.67691395841035,304.15575813081296,307.8565243216202,74163400
2020-02-21,303.9734802246094,306.09730805211063,303.1530905628107,305.78739481387316,113788200
2020-02-24,293.8921203613281,304.04643281297626,292.81650624331786,294.5484154937722,161088400
2020-02-25,284.98651123046875,295.8882745622072,284.1114604678439,295.27757219253857,218913200
2020-02-26,283.938232421875,289.9633610159589,283.2090281846531,286.3810972156628,194773800
2020-02-27,271.1861267089844,283.9929622601153,271.1861267089844,278.43268874388383,284353500
2020-02-28,270.0467224121094,271.5325033532073,260.27523419743306,263.155638584235,384975800
2020-03-02,281.741455078125,281.80526809577424,268.40592525729664,271.8241221224841,238703600
2020-03-03,273.6745300292969,286.07119736155244,271.24078921564694,282.11520716459734,300139100
2020-03-04,285.1778869628906,285.3966704893052,276.4911099959197,279.03425638312916,176613400
2020-03-05,275.6981201171875,281.1763600202487,273.4649145191371,277.9951665598652,186366800
2020-03-06,271.1404724121094,272.34368433894815,264.5502069103932,267.2118271902237,228667200
2020-03-09,249.9659423828125,259.04466663052983,249.2549584564978,250.94124687205388,309417300
2020-03-10,262.9005126953125,262.99164240745563,249.30062712234025,259.45496949165477,276444100
2020-03-11,250.0843963623047,256.99372753135424,246.91232732401264,255.86345261585788,255316300
2020-03-12,226.15701293945312,243.06569566035535,225.76505247924013,233.34889835184046,392220700
2020-03-13,245.49046325683594,247.45934891414748,226.53085295661577,239.81168618296002,329566100
2020-03-16,218.62789916992188,234.1692913616769,216.35821121478764,219.84020754106757,297240000
2020-03-17,230.43209838867188,233.50392810842425,216.09390266325667,223.35869921057358,262070500
2020-03-18,218.76463317871094,226.39404531004064,207.84463580030425,215.34643578529358,327597100
2020-03-19,219.22950744628906,225.49165465544974,211.6730183757266,218.08099810602204,289322000
2020-03-20,209.78201293945312,224.149511692918,209.50694631687315,222.37076338943308,347158800
2020-03-23,204.4182586669922,210.58885308857097,200.1180920586079,209.22271174158334,326025200
2020-03-24,222.939208984375,223.81025556170377,214.3663954320049,214.9348561536564,235494500
2020-03-25,226.2766571044922,235.04203577073906,219.82183239457268,224.51625036542322,299430300
2020-03-26,239.4888458251953,240.95583008444927,228.34875572804918,228.77969004896113,257632800
2020-03-27,232.3555145263672,239.13125094392717,230.18251539899777,232.2179882488624,224341200
2020-03-30,239.9014892578125,240.61665407010992,232.45643301160396,234.44605962945386,171369500
2020-03-31,236.3256378173828,241.44181196172076,234.92281361805342,238.90206639274638,194881100
2020-04-01,225.68983459472656,236.24312431481496,223.62685616519354,227.36772539626958,189554600
2020-04-02,230.8977508544922,231.67708998353663,224.2595386780604,224.80967193777292,177660400
2020-04-03,227.56031799316406,232.26391415318625,224.83718484688495,229.9166909570072,135561200
2020-04-06,242.8446502685547,244.80678550079665,227.5419457283824,236.40816732964865,188061200
2020-04-07,243.09219360351562,252.16929234238347,242.87215154323118,251.41744466183374,201427200
2020-04-08,251.25244140625,253.0586948036147,243.20224201687972,245.6869771638037,153774500
2020-04-09,255.07591247558594,257.8265512385249,252.57282112817146,254.50742362725188,189999200
2020-04-13,252.74696350097656,254.44319588474661,248.8502262862596,254.10395500418002,114839100
2020-04-14,260.2011413574219,261.2188637812924,252.60938312795597,257.6247131889089,134143400
2020-04-15,254.67245483398438,260.3387633386726,252.56361522887224,254.49824549327255,121775000
2020-04-16,255.9010467529297,256.75373788155946,252.83867290726175,255.94687953066466,131798300
2020-04-17,262.8142395019531,263.4193550866855,258.9266530783905,261.658962878332,146684800
2020-04-20,258.1841125488281,262.95189746439894,257.9640704078135,259.11931962908403,100109300
2020-04-21,250.34474182128906,254.929138502849,249.4095069904513,253.72802881075526,126385700
2020-04-22,255.9010467529297,257.64311202094046,253.89307862361522,255.21338720127235,92951600
2020-04-23,255.8826904296875,260.33873886010645,255.58013253954968,257.17549374033564,104709700
2020-04-24,259.44927978515625,260.1186116006174,255.3508290930433,257.39547955712044,85063200
2020-04-27,263.19024658203125,264.30884067979105,260.9622361353189,261.42067588061485,77896600
2020-04-28,261.9800109863281,267.1787025062263,261.677425057309,266.8302837908438,105270000
2020-04-29,268.8382263183594,270.36942737195216,266.27097494933463,267.2978754969445,118745600
2020-04-30,266.3350830078125,268.9390166066362,264.6021678699744,267.4628265283742,122901700
2020-05-01,259.2843017578125,266.5001372793607,258.1198471539412,261.5948274910563,125180000
2020-05-04,259.99951171875,260.3020696248995,255.92856473218876,257.40472721224256,80873200
2020-05-05,262.4016418457031,265.20728975991784,260.12777151810104,262.814248648765,79569900
2020-05-06,260.62298583984375,264.48304052192884,260.1920513755059,264.09796681903833,73632600
2020-05-07,263.7679138183594,265.6933665541511,263.2636412360793,263.8321021051062,75250400
2020-05-08,268.1322021484375,268.5998195757135,265.7666377314456,266.8944094168429,76452400
2020-05-11,268.1872253417969,269.56254444611375,265.7850057832069,266.20676247386785,79514200
2020-05-12,262.8418273925781,269.7825831185984,262.7042730991444,269.37000418111256,95870800
2020-05-13,258.1932678222656,263.3186207708161,255.77269255804435,262.2825424788248,144721100
2020-05-14,261.2830505371094,261.4113990670636,250.29882832927197,255.76344816859944,121977900
2020-05-15,262.4842529296875,262.53008571070245,257.954866120157,258.89925085277906,111146300
2020-05-18,270.4794006347656,272.08393945209053,268.3705893815132,268.6914747602291,119703800
2020-05-19,267.7012634277344,271.58882289589167,267.6829359139752,269.88344074536735,95189300
2020-05-20,272.2489318847656,273.1108005640989,271.0019896139452,271.2312094120459,85861700
2020-05-21,270.3694152832031,272.92751677002803,269.278326504917,272.1206583812847,78293900
2020-05-22,270.8829040527344,271.05711341057327,268.8474302756722,270.0852232989164,63958200
2020-05-26,274.22021484375,277.07172366444183,270.90111666487996,276.833326122004,88951400
2020-05-27,278.30035400390625,278.3370370080894,272.1939349208289,277.0075509205538,104817400
2020-05-28,277.7869567871094,281.3352756373356,277.1176247426951,279.32730748503195,90405200
2020-05-29,279.0246887207031,279.6114768667384,274.57781894297864,277.3192788350179,119090800
2020-06-01,280.15252685546875,280.7576706979194,277.8695057987693,278.38295609279857,55758300
2020-06-02,282.47216796875,282.51802872321025,279.739885508997,281.06934373149255,74267200
2020-06-03,286.23138427734375,287.18494662104723,284.1775835194625,284.45263612777273,92567600
2020-06-04,285.47955322265625,286.9832488519643,283.38906933428206,285.2503333753304,75794400
2020-06-05,292.79620361328125,294.56577377345707,290.7974136505666,290.8616019107014,150524700
2020-06-08,296.3353271484375,296.5278639188232,293.0620621472375,293.60301744179736,73641200
2020-06-09,294.125732421875,296.40875303318035,292.814573695221,293.67644251654445,77479200
2020-06-10,292.4845886230469,295.5928238577627,291.76942366351983,294.7034495380097,95000800
2020-06-11,275.6230773925781,286.20387252008595,275.0729721884442,285.5712235543959,209243600
2020-06-12,278.923828125,283.3890255846192,273.78014897594073,282.6188503742168,194678900
2020-06-15,281.52783203125,282.65560386034076,272.07480686820895,273.24841147874247,135782700
2020-06-16,286.94659423828125,289.4038525103005,282.0963219351536,289.2571484357814,137627500
2020-06-17,285.75457763671875,288.2576679504427,285.0210574809537,287.96425988813667,83398900
2020-06-18,285.8646545410156,286.3414217497539,283.7833484028866,284.2417880969982,80828700
2020-06-19,284.23095703125,289.5169952642536,282.2878135586834,289.323611161699,135549600
2020-06-22,286.0543212890625,286.45030759053503,282.490388367676,283.6323128106449,74649400
2020-06-23,287.37127685546875,289.627527981212,286.9660723422408,288.6973956071107,68471200
2020-06-24,280.0408020019531,285.9530836646762,278.2081916960514,285.3360587710118,132813500
2020-06-25,283.04296875,283.3100417218154,277.45301313177083,279.46981736237365,89468000
2020-06-26,276.3202209472656,282.1588401533544,275.74006876304765,281.94701982624827,127961000
2020-06-29,280.3815002441406,280.51963173893165,275.2888463730119,277.5727234684733,79773300
2020-06-30,283.9731140136719,285.66762102118946,279.7921834155964,279.94872310498295,113394800
2020-07-01,285.96234130859375,287.2240176966897,284.62703223529496,285.08748945451765,72396500
2020-07-02,287.53704833984375,290.7326217108491,286.8739889973159,289.38806675534465,69344200
2020-07-06,291.97589111328125,292.5560716657089,290.6037376889581,291.34967608377184,61713800
2020-07-07,288.9644775390625,292.4086879039096,288.5868993171508,290.4379459868934,82910000
2020-07-08,291.1746520996094,291.28515730964824,287.9698885921955,289.7288100254336,54638600
2020-07-09,289.5169372558594,292.0218243686505,286.10954433852584,291.7823777440841,83354200
2020-07-10,292.4731140136719,292.74018697945144,288.02511114921197,289.45251680342045,57550400
2020-07-13,289.9405822753906,297.18817150586733,289.28674115516975,294.8122255722936,102997500
2020-07-14,293.6979675292969,294.4715320808562,287.32522893206374,288.522406144319,93657000
2020-07-15,296.3962707519531,297.4921610086868,294.0202961383002,296.91198050758385,87196500
2020-07-16,295.4200134277344,295.87125229977755,293.8544483675677,294.4990994168282,54622500
2020-07-17,296.2765197753906,297.0593024720893,294.45309952821765,296.4238694209868,62774900
2020-07-20,298.6708679199219,299.4168060932532,295.2634745052949,296.0094126786261,56308800
2020-07-21,299.30633544921875,301.0744749886083,298.32095050262376,300.63245415579655,57292200
2020-07-22,301.0099792480469,301.32311478404205,298.83663538971115,298.94714058873586,57792900
2020-07-23,297.4183654785156,301.35068608523807,296.055430800531,300.6507824803938,75738000
2020-07-24,295.5029296875,296.5251308789289,294.00183516323403,295.5674004213925,73766600
2020-07-27,297.6578063964844,297.8327822943415,295.40155598984086,296.1935565965724,48293000
2020-07-28,295.76995849609375,298.04461717526414,295.4752592743561,296.93029101258077,57495000
2020-07-29,299.4075927734375,299.9693649980808,296.60800599281623,296.64485042658015,48454200
2020-07-30,298.3393859863281,298.7538086591065,294.3610576063959,296.44230479428404,61861700
2020-07-31,300.6969909667969,300.7983061754281,295.9174424866092,300.12602847621383,84986800
2020-08-03,302.7873840332031,303.551730444188,301.8112172413089,302.35455324026356,53077900
2020-08-04,303.9569396972656,303.9569396972656,301.93091720834786,301.93091720834786,41917900
2020-08-05,305.8447265625,306.1026094552458,304.98828331124287,305.25535623296946,42697700
2020-08-06,307.8891906738281,308.00891400036295,304.9422824929676,305.2646080403921,43679400
2020-08-07,308.1101989746094,308.3956800618827,306.0197062402385,306.92221206378724,57308300
2020-08-10,309.0312194824219,309.2153854806249,306.6276185368531,308.56154419446693,44282100
2020-08-11,306.4801330566406,310.8452840303046,305.75263131441477,310.20985119434204,69601100
2020-08-12,310.7532958984375,311.52686046889016,308.88384116049235,308.91146746286313,53774400
2020-08-13,310.1914367675781,311.4991469565095,309.270522807618,309.98883457222433,41816100
2020-08-14,310.2007141113281,310.734860048338,309.0771977415584,309.80472777793506,47260400
2020-08-17,311.1860656738281,311.5820519648369,310.2098990427494,311.2136919707807,35481000
2020-08-18,311.8583068847656,312.2819194236177,309.9888246261284,311.58201584320426,38733900
2020-08-19,310.5599365234375,312.7516889289628,309.998164191715,312.23597917424223,68054200
2020-08-20,311.52685546875,312.0057207368476,308.7088602558769,308.8377736301808,42207800
2020-08-21,312.6319580078125,312.85296841916903,310.85457226958493,311.1953341258538,55106600
2020-08-24,315.7998962402344,315.87355700727335,312.604322979584,315.0631480494956,48588700
2020-08-25,316.90496826171875,316.9878471615432,315.2012714878101,316.36163229349035,38463400
2020-08-26,320.0821228027344,320.34916765874164,316.9510204608459,317.4943564112972,50790200
2020-08-27,320.7820739746094,322.227916207643,319.1244394337551,320.94785991195465,58034100
2020-08-28,322.8539733886719,322.98291482090434,320.61615942116055,321.80414618704947,48588900
2020-08-31,321.68450927734375,323.51711938437126,321.4542807471516,322.64226783208227,66099200
2020-09-01,324.7142639160156,324.81555096041706,321.6199784344271,322.5132660887835,54908700
2020-09-02,329.4110107421875,330.37795938167653,325.4786892390397,326.6206419236981,69540000
2020-09-03,318.0745544433594,328.19539204398836,315.4959779391516,327.72571683022153,148011100
2020-09-04,315.4775695800781,320.32155893623025,308.3865193279406,318.7560217314167,139156300
2020-09-08,306.8577880859375,315.54202965407626,306.55389879011744,310.0809875272591,114465300
2020-09-09,312.91741943359375,315.37624441716423,309.98889114735533,310.8545526760322,91462300
2020-09-10,307.4840393066406,315.4407229555937,306.5262807206502,314.78688177765224,90569500
2020-09-11,307.6405029296875,310.3203658186332,304.82250857307713,309.261320427787,84680200
2020-09-14,311.69256591796875,313.46073328485505,307.78789928384793,310.7992781526269,65605700
2020-09-15,313.2673645019531,314.97103311859536,311.70179927663685,314.1422160421619,52920900
2020-09-16,312.0240478515625,315.92871371302925,311.7477568248734,314.50130843935,82096000
2020-09-17,309.2798156738281,310.9927306673699,306.65520463292705,307.1801324619214,91523300
2020-09-18,305.71923828125,310.19430261216667,303.2413149951069,310.0833550346641,105877900
2020-09-21,302.3166809082031,302.46462040076045,297.4717824473857,301.1424482202814,99450800
2020-09-22,305.3955383300781,305.95030428150574,301.29030979270976,303.79599750028683,63612100
2020-09-23,298.3130798339844,306.22765682115056,297.8137877286705,305.95025977750316,93112200
2020-09-24,299.1083068847656,302.1594777085532,295.68727323191223,297.0002185553226,76681300
2020-09-25,303.9440002441406,304.7298882709884,297.38858462452924,298.2576833289289,71069400
2020-09-28,308.9922790527344,309.70421136202526,307.106085914168,308.0954153354496,64584600
2020-09-29,307.3094787597656,309.52851442541044,306.616028350716,308.78884527571864,51304000
2020-09-30,309.6394348144531,312.7830704632652,307.7809790212787,307.9751372004484,104081100
2020-10-01,311.6273498535156,313.1991537202758,309.75041203082435,312.22833451482296,88698700
2020-10-02,308.6686096191406,311.59960544931795,306.21842407966096,306.68997933659404,89431100
2020-10-05,314.1422424316406,314.32714558258357,310.67499091510314,310.7212096486976,45713100
2020-10-06,309.676513671875,316.37064209992303,309.16799456037955,314.28103543468586,90128900
2020-10-07,315.0669250488281,315.87132309591203,312.5982289095894,312.6259658002967,56999600
2020-10-08,317.8591613769531,317.9238901844621,316.083915987055,316.99928967685366,45242500
2020-10-09,320.69769287109375,321.15999312657567,318.8854837702439,319.5049503113114,59528600
2020-10-12,325.85687255859375,327.3269836297627,322.7409741043022,323.23101112802516,80388500
2020-10-13,323.7303466796875,325.89390825718806,322.7687543508322,325.7182319216309,73255500
2020-10-14,321.6962890625,325.39469156684834,320.96587488382295,324.30366960004284,57727900
2020-10-15,321.2987365722656,321.77951876830656,317.2582361118935,317.7944920914556,60357700
2020-10-16,321.1044616699219,324.30357096252817,320.9287853470718,322.64852844457636,89501900
2020-10-19,316.22265625,322.9907111121093,315.3257925506402,322.36198948401005,68425600
2020-10-20,317.4893798828125,320.72548220032826,316.8051844221268,317.5633355204922,60051900
2020-10-21,316.8882751464844,319.60660232157625,316.58314124219487,317.4430127605339,63575000
2020-10-22,318.6265869140625,319.20908978421284,314.96517658013624,317.1010016263074,55399300
2020-10-23,319.7083740234375,319.9025322364598,317.258188232449,319.84705846131055,49143900
2020-10-26,313.8001708984375,317.1194832403807,310.31440902526583,316.333567187947,91473000
2020-10-27,312.7183837890625,314.4751191044585,312.5057155150436,314.1422764667609,65994100
2020-10-28,302.0300598144531,312.7461782493359,301.54002258547484,307.0598897426626,127094300
2020-10-29,305.0996398925781,308.26175735299205,300.5783305446324,302.26110998803335,90597700
2020-10-30,301.9190368652344,304.8315226203362,298.2761088587803,303.52783260839107,120287300
2020-11-02,305.3031005859375,307.30021286282704,302.56626275236454,305.3031005859375,86068300
2020-11-03,310.6935119628906,312.746126248305,305.38631400131226,308.52995012960014,93294200
2020-11-04,317.63726806640625,321.7055046793928,313.98508475423665,315.1593172475223,126959700
2020-11-05,323.8321228027344,325.63510535784354,322.5561693903892,322.90752215223176,82039700
2020-11-06,323.75811767578125,325.0063340064699,321.4373613684711,323.5454494007083,74973000
2020-11-09,327.82635498046875,336.9059387720614,327.36405472488747,336.52684917649657,172304200
2020-11-10,327.3456115722656,328.39964160698554,324.08177251066513,326.83706430106344,85552000
2020-11-11,329.77728271484375,330.60016251209254,328.2886611922482,329.5276225136965,58649000
2020-11-12,326.5781555175781,329.8235125087104,324.7752013576145,328.76945432758134,67546200
2020-11-13,331.0994873046875,331.8391565132532,327.965077662347,328.48285175165734,62892200
2020-11-16,335.23248291015625,335.4266411567119,332.4771626634018,333.7623711816577,74541100
2020-11-17,333.4295349121094,334.6315328782011,331.32144622353263,332.82855003735204,66111000
2020-11-18,329.4166259765625,334.2430411433111,329.3796340603069,333.6975302989405,70591300
2020-11-19,330.8035583496094,331.1733928980095,327.44725409515723,328.7879360767462,59940900
2020-11-20,328.538330078125,330.7481391320541,328.4643744428736,330.5447258643978,70417300
2020-11-23,330.5077209472656,331.7651924296882,328.1130087910506,330.34129961206247,63230600
2020-11-24,335.83331298828125,336.3788237645019,332.19964067978594,333.05025713144613,62415900
2020-11-25,335.3156433105469,335.77794359169803,334.2246214190069,335.75020670349176,45330900
2020-11-27,336.2494812011719,336.7210082758483,335.24164181075275,336.40664748720786,28514100
2020-11-30,334.7608947753906,335.74096916518056,332.08881368370197,335.47282708749947,83872700
2020-12-01,338.4222717285156,339.95711197569057,337.4144605490259,338.00621842500254,74231400
2020-12-02,339.1342468261719,339.2914131198718,336.73953476512753,337.3127825968703,45927000
2020-12-03,339.0417785644531,340.4286793920205,337.94150165059074,339.03252352963375,62882000
2020-12-04,341.96356201171875,341.96356201171875,339.53185774514355,339.62432345507125,50749900
2020-12-07,341.26080322265625,341.75084037057263,339.99410502237635,341.1960744141505,48944300
2020-12-08,342.2593688964844,342.82336164005824,339.9478677180988,339.9940864550397,42458900
2020-12-09,339.189697265625,343.0730024150456,338.35756246336115,342.915836132159,74098300
2020-12-10,339.0787353515625,340.1235101648178,336.9521373730438,337.8212640589187,57735400
2020-12-11,338.6811828613281,339.08800937588853,335.8704174000004,337.38674768616795,57698600
2020-12-14,337.1647644042969,341.9171954938573,336.98908808183313,340.844683926744,69216200
2020-12-15,341.7231140136719,341.7231140136719,338.329845795208,339.6982365511047,63865300
2020-12-16,342.2593688964844,343.1747143338236,341.0573713537836,341.935753088197,58420500
2020-12-17,344.17333984375,344.37675311713696,343.07306280359876,343.8959709330282,64119500
2020-12-18,342.799072265625,344.62830083764095,340.79341847573585,344.461170106029,136542300
2020-12-21,341.5733947753906,351.415944151772,336.1600082036477,338.8899235370573,96386700
2020-12-22,340.9976501464844,342.0097572148125,339.87412260631737,341.8983367429737,47949000
2020-12-23,341.3040771484375,343.2075762857532,340.9790818882792,341.96333381663726,46201400
2020-12-24,342.6319274902344,342.659782611028,341.19269902115246,341.7776565578183,26457900
2020-12-28,345.575439453125,345.9654111690172,344.5540377310399,345.1761449139129,39000400
2020-12-29,344.9161071777344,347.2746111341923,344.33112134700883,347.0981859364546,53680500
2020-12-30,345.4082336425781,346.4389297116673,345.0182619794542,345.7332289197448,49455300
2020-12-31,347.1632080078125,347.8874694685123,344.7025779385661,345.2132645868987,78520700
2021-01-04,342.4368896484375,348.6209805572402,338.7505780933009,348.4909711220461,110210800
2021-01-05,344.79541015625,345.88181651795514,341.74979422078724,341.7962383123607,66426200
2021-01-06,346.8568115234375,350.04173174075373,342.74337775337597,343.291214067815,107997700
2021-01-07,352.0102844238281,352.75310670292254,349.0482331217095,349.22465837194375,68766800
2021-01-08,354.0158996582031,354.2294461631156,350.15316189053533,353.39376410680273,71677200
2021-01-11,351.6294860839844,353.3844152987946,350.7287994312137,350.84951439553026,51034700
2021-01-12,351.7037658691406,352.71587302635754,349.4659767403623,351.8152146876118,52547700
2021-01-13,352.6509094238281,353.64442764556827,350.8495360073249,351.62950774382404,45303600
2021-01-14,351.4159240722656,353.89514316325904,351.0816626236897,353.39372265354797,49989100
2021-01-15,348.8531799316406,350.59881478443,346.9960962553196,349.800282405299,107160000
2021-01-19,351.5923767089844,352.1309468672761,349.82815280679114,351.3045309935299,51233300
2021-01-20,356.4579162597656,357.29359819142803,353.48657123958117,353.87654291716206,61836100
2021-01-21,356.78289794921875,357.44218304043847,355.86365062010475,357.0150334029827,47840100
2021-01-22,355.52008056640625,356.68075778914084,354.55438918277406,354.9350947122526,52860500
2021-01-25,356.92218017578125,357.2750022410849,351.415906011499,356.25362897614195,70402000
2021-01-26,356.36505126953125,358.2778450349725,356.1329158287073,357.86928439217473,42665300
2021-01-27,347.6553039550781,353.1429888444501,345.4268095254111,353.05012900637144,123351100
2021-01-28,350.64520263671875,354.6379205656578,349.02954916525357,349.46593655582046,94198100
2021-01-29,343.6254577636719,349.75383907984985,341.9540655846165,348.78814770996314,126765100
2021-02-01,349.34527587890625,350.375943628793,343.9133009262217,347.01462699809997,75817600
2021-02-02,354.2851257324219,355.83580306474755,349.42887007201125,352.52090191367535,64450700
2021-02-03,354.56365966796875,356.281467508707,353.2915620518551,355.11149587959494,52427100
2021-02-04,358.59356689453125,358.63998265068375,354.6751192898168,355.59436662167684,47142600
2021-02-05,360.0048828125,360.71058354923707,358.54709392712255,360.4598874996903,48669800
2021-02-08,362.6048889160156,362.6513046740329,360.59923510850524,361.4534777465929,38365200
2021-02-09,362.3634338378906,362.95771418565323,361.3606211720995,361.769153490128,35551100
2021-02-10,362.20562744140625,364.24843104388964,359.81000170472225,364.09986093308623,59154400
2021-02-11,362.7905578613281,363.7005390243798,360.3670773709089,363.2826838806573,42913300
2021-02-12,364.5826721191406,364.82407372216704,361.91773330512245,361.9920325190132,50593300
2021-02-16,364.2669677734375,366.0033648900088,363.55200072791945,365.80835069289986,50972400
2021-02-17,364.35052490234375,364.6012209832248,361.5091609681263,362.52129645099154,52290600
2021-02-18,362.79986572265625,363.5426878534969,360.03280086210617,361.7506089186291,59712800
2021-02-19,362.15924072265625,364.3413201237446,361.713530354502,364.05347436624504,83241000
2021-02-22,359.3735656738281,361.77848576262124,359.1042805920692,359.401420796986,67414200
2021-02-23,359.80999755859375,361.15639469065013,353.0316528102948,357.17294188013483,107284100
2021-02-24,363.7747802734375,364.2019298681405,357.7392590796617,358.7235110381606,72433900
2021-02-25,355.0093994140625,363.8769912428288,353.57017085547034,362.5120335653563,146670500
2021-02-26,353.1800842285156,358.027072717846,351.20231434028005,356.88498463738966,152701600
2021-03-01,361.7413024902344,362.9855734404292,353.37516012939244,358.03642977075657,105348800
2021-03-02,358.91864013671875,362.19639233194147,358.4172195118909,361.9642568270762,79595300
2021-03-03,354.1644287109375,359.18781495345684,354.06227437694446,358.22215187611573,119940200
2021-03-04,349.78167724609375,356.5600204671109,345.30609935501286,353.97867561907805,183433000
2021-03-05,356.21649169921875,357.2657484566025,346.01182648724296,353.27300175449477,152039600
2021-03-08,354.4429626464844,359.9770636155982,354.1644114525265,357.1728776946545,123149200
2021-03-09,359.50360107421875,362.0477969623382,357.7764983032908,358.277918893154,113633600
2021-03-10,361.7413024902344,363.431255369481,360.4320834867978,361.84345682354007,109899400
2021-03-11,365.4090881347656,367.37759240388004,363.7469902205475,364.2019950148293,86245000
2021-03-12,365.9011535644531,366.04042915723414,363.2455378059453,364.0533645809201,64653600
2021-03-15,368.0832214355469,368.3432119800072,364.0162042253978,366.151838816547,73427200
2021-03-16,367.6190185546875,369.40180309295295,366.8483129268186,368.6961305342788,73722500
2021-03-17,368.8725280761719,369.6710604301495,365.1954821103504,366.33759873657715,97959300
2021-03-18,363.50555419921875,368.37110416522074,362.8277084837041,366.2911796002453,115349100
2021-03-19,362.83294677734375,364.77995178052817,360.66234252833834,363.205574280837,113624500
2021-03-22,365.7301940917969,367.1089472702704,363.2894509967949,363.34534370663016,73778600
2021-03-23,362.8515930175781,366.54065388487237,362.06906667782835,365.09671154896347,90686600
2021-03-24,361.0069580078125,365.8791463078982,360.9603902394682,364.2488764007338,97588600
2021-03-25,363.03790283203125,363.82972563036685,357.63470442840975,359.5724129695901,116128600
2021-03-26,368.8882751464844,369.2888490443927,363.58756519155156,364.18376357430776,114409100
2021-03-29,368.7019958496094,369.6056326861167,365.93519262274987,367.41640649152026,108107600
2021-03-30,367.7237243652344,368.3944651831491,366.1306971541533,367.4349359437374,76262200
2021-03-31,369.21429443359375,370.7700506223906,368.2640899656706,368.29203631973724,112734200
2021-04-01,373.2014465332031,373.25736766767085,370.93770669938243,371.14265609357545,99682900
2021-04-05,378.5579833984375,379.09831735793875,375.7818847728783,375.85639888988624,91684800
2021-04-06,378.33441162109375,379.37777983436615,377.66367085118264,377.99905545096397,62021000
2021-04-07,378.77227783203125,379.11695894712534,377.710288137678,378.16675464905626,55836300
2021-04-08,380.5702819824219,380.626174688792,379.089068404298,380.0206514166771,57863100
2021-04-09,383.33709716796875,383.5048037222059,380.32810213483407,380.4492124791382,61104600
2021-04-12,383.47686767578125,383.74700629608895,382.1353857837753,382.74090909191403,56704900
2021-04-13,384.6133117675781,385.2374848347506,382.99236657978923,383.374318989603,56551000
2021-04-14,383.2998046875,385.6380584899132,382.7594706720506,384.58536523914717,61659900
2021-04-15,387.41741943359375,387.6875864651336,385.3865753074208,385.43314308577106,60229800
2021-04-16,388.7123107910156,389.31783402254797,387.28699001478793,388.70298586402646,82037300
2021-04-19,386.8025207519531,388.22784142524785,385.4796889791716,387.78069983654575,78498500
2021-04-20,383.97052001953125,386.69072605086455,382.498603179726,385.5914650988826,81851800
2021-04-21,387.60369873046875,387.80864810285476,383.21592286206607,383.3556830388797,66793000
2021-04-22,384.063720703125,388.2651692129653,383.00173084573123,387.43607511013636,97582800
2021-04-23,388.2278747558594,389.6345741269456,384.54813911119874,384.6226532391619,73209200
2021-04-26,389.038330078125,389.60661044348035,388.29307511302295,388.87997690212677,52182400
2021-04-27,388.95452880859375,389.53213415675737,387.8179963971385,389.33648125494796,51303100
2021-04-28,388.8427429199219,390.342606350338,388.3769514146441,389.2246953658085,51238900
2021-04-29,391.32073974609375,391.9355879172904,387.9484139465216,391.56296041556226,78544300
2021-04-30,388.74957275390625,389.90475500080083,387.8552610382918,389.057011063111,85527000
2021-05-03,389.5880126953125,391.1157939955126,389.0942748542552,390.7338415630485,68128300
2021-05-04,387.1845703125,388.0975320013042,383.504834060297,387.6037940867692,101591200
2021-05-05,387.30560302734375,389.0569834839452,386.7466475835862,388.8240877515174,60162200
2021-05-06,390.39849853515625,390.52890537303807,385.3772524687335,387.38015025282107,74321400
2021-05-07,393.2397766113281,393.89189602548134,390.48229913565626,391.16236490015007,67733800
2021-05-10,389.34576416015625,393.8173507618117,389.2246538329622,393.5937799606252,81852400
2021-05-11,385.8709411621094,386.85841675179097,382.0048778519801,384.8368977997584,116888000
2021-05-12,377.6730651855469,384.3618242624742,376.3595297518344,383.09488503627756,134811000
2021-05-13,382.20989990234375,384.13828367571983,379.17293000396353,379.21952621514686,106394000
2021-05-14,388.07879638671875,388.92654024691893,384.91142017662577,384.93936652675745,82201600
2021-05-17,387.09136962890625,387.90187074432333,385.0791468765085,386.97028771615726,65129200
2021-05-18,383.75628662109375,387.59440386559174,383.597905008926,387.3521831986254,59810200
2021-05-19,382.7502136230469,382.92721668401646,377.5985602871788,379.0798024141684,106467100
2021-05-20,386.8677673339844,388.12541000565056,383.50476652206805,383.6258484249689,78022200
2021-05-21,386.5509948730469,389.5879640994018,386.09452836834424,388.34894297284785,76578700
2021-05-24,390.4916076660156,391.56292229029447,388.5445744319748,388.78679507785904,51376700
2021-05-25,389.625244140625,391.9262551656702,389.0476672600288,391.5722490957163,57451400
2021-05-26,390.39849853515625,390.90153289083105,389.1781270673312,390.21217056143115,43088600
2021-05-27,390.60345458984375,391.9356114927395,390.3239626244938,391.4232522007512,56707700
2021-05-28,391.3021240234375,392.42933147222897,391.0692282777566,392.1684893742527,58520200
2021-06-01,390.95745849609375,393.7987753351119,390.5196133395258,393.65904356804924,54216600
2021-06-02,391.5723571777344,392.41080480838275,390.6035311110982,391.6096284663476,49097100
2021-06-03,390.11907958984375,391.25561221110485,387.79944656000316,389.2620389814805,58138800
2021-06-04,393.68695068359375,393.98506404338684,390.18418978016194,391.963516582505,55938800
2021-06-07,393.30499267578125,393.85462318339853,392.37340976192394,393.6776201553933,51555000
2021-06-08,393.388916015625,394.2552814880263,391.563021073544,394.162117490748,47134300
2021-06-09,392.8020324707031,394.3018961369262,392.5784616105106,394.2273535637542,48436300
2021-06-10,394.6278076171875,395.57804034366546,392.7087491710795,394.0222844350054,51020100
2021-06-11,395.2799987792969,395.3917841957337,393.8919491424424,395.17753829078254,45570800
2021-06-14,396.16497802734375,396.26743850654356,394.1527554254345,395.39174825118516,42358500
2021-06-15,395.4383850097656,396.3513182077345,394.5626946646038,396.31407535492747,51508500
2021-06-16,393.23046875,395.8016468115362,391.19032822728997,395.57807599910893,80386100
2021-06-17,393.10009765625,394.07824847919915,390.63140827908353,392.82063411530976,90949700
2021-06-18,387.7969970703125,390.5167474088944,387.5913771677302,389.82512979232945,118676300
2021-06-21,393.3487243652344,393.53566194360144,388.74100113745214,389.5541254102761,72822000
2021-06-22,395.45159912109375,396.28343417143736,392.61966911686017,393.339353041914,57700300
2021-06-23,394.9749450683594,396.3301424887815,394.8908317268986,395.5263737663793,49445400
2021-06-24,397.3115539550781,397.7321206963649,396.86292090837077,397.115289475811,45110300
2021-06-25,398.7227783203125,399.17141131218983,397.73207208724824,398.0591985278256,58129500
2021-06-28,399.5265808105469,399.6948074887242,398.0498768754374,399.2462030135846,53159600
2021-06-29,399.7414855957031,400.5452541536,399.2087393528217,399.9097122441941,35970500
2021-06-30,400.0779724121094,400.7509075851133,399.2554929203643,399.28353069746186,64827900
2021-07-01,402.29315185546875,402.452051650708,400.7696989990123,400.83513000426785,53441000
2021-07-02,405.36798095703125,405.7231451451387,402.3771516575957,403.4519996550773,57697700
2021-07-06,404.6296691894531,405.63908633581775,401.90056347036705,405.42411100289456,68710400
2021-07-07,406.0597229003906,406.3401292771382,403.3025789263996,405.3120296077387,63549500
2021-07-08,402.7510986328125,403.50814726468866,399.57333123869796,400.7509751205796,97595200
2021-07-09,407.0503845214844,407.349473214676,402.55481277928465,404.25584763381096,76238600
2021-07-12,408.50836181640625,408.76073035250516,406.536304788165,406.9662269112006,52889600
2021-07-13,407.1158447265625,409.21876411942253,406.85414923191337,407.7233490688548,52911300
2021-07-14,407.72332763671875,409.29352904474496,406.48028123314407,408.8075027783235,64130400
2021-07-15,406.3307800292969,407.0597909836697,404.4334804606937,406.3868556009662,55126400
2021-07-16,403.1435852050781,407.5550430583768,402.7510563008199,407.5083229344722,75874700
2021-07-19,397.19000244140625,403.20902632092094,394.38611039278754,398.3302530154178,147987000
2021-07-20,402.8819580078125,404.1530707517098,397.0591977452092,397.8536396448114,99608200
2021-07-21,406.1437072753906,406.28392468057024,402.8351355573222,404.0781816791962,64724400
2021-07-22,406.9942932128906,407.23730633204167,405.3400070746696,406.3213579405747,47878500
2021-07-23,411.1814880371094,411.51794144372303,408.23740663856285,408.9196688873081,63766600
2021-07-26,412.1908264160156,412.20018185039044,410.5458957579973,410.59261588453984,43719200
2021-07-27,410.312255859375,411.1814556139232,407.48965273178777,411.15341783224966,67397100
2021-07-28,410.1440734863281,411.5179820776677,408.7234447581243,410.93851547172494,52472400
2021-07-29,411.8450622558594,412.9198819868287,411.05997579525564,411.0693312306445,47435300
2021-07-30,409.844970703125,411.29363706752343,409.15332449973266,409.2841865056366,68951200
2021-08-02,408.98504638671875,412.1067095157106,408.62988215553224,411.55528082300833,58783300
2021-08-03,412.3123779296875,412.4338844991458,407.5925037276187,409.7795364098606,58053900
2021-08-04,410.28424072265625,412.28433581198715,410.050583021591,411.03193395699765,46732200
2021-08-05,412.8824462890625,412.96655962509095,411.1253360982536,411.4431070974712,38969700
2021-08-06,413.5647277832031,413.9853230057107,412.9198303207797,413.20023664333985,46930000
2021-08-09,413.228271484375,413.85445807390835,412.46186747322616,413.5366870620658,41222600
2021-08-10,413.7423095703125,414.4526380263717,412.9946164227404,413.676878576167,43339300
2021-08-11,414.77044677734375,414.8639155599606,413.6862716488568,414.80783999492405,44034300
2021-08-12,416.0134582519531,416.1536756754447,413.7236301446858,414.6208676326382,38909400
2021-08-13,416.7705078125,416.78919015715337,415.9760660634455,416.4620637284058,39470300
2021-08-16,417.7518615722656,417.88269503110484,413.91987021373245,415.4713605109986,73740000
2021-08-17,415.01348876953125,415.87333317500145,412.032014089514,415.2003978250957,92673900
2021-08-18,410.4710998535156,415.56484852636714,410.2281152693712,414.00400272308775,89351900
2021-08-19,411.1065673828125,412.30292183175635,407.61105836061705,407.75124723427143,92812200
2021-08-20,414.3778381347656,414.70496457219946,410.96644191047403,411.45246811100355,72008700
2021-08-23,418.02294921875,418.9295421673049,414.45265298648917,416.0602189821948,54973000
2021-08-24,418.6865234375,419.21926979163254,418.1724879522138,418.6865234375,38744700
2021-08-25,419.56512451171875,420.0791600532625,418.49963168684314,418.87350683269574,40529700
2021-08-26,417.08831787109375,419.5183349461485,416.9948490937456,419.2846772641112,57829600
2021-08-27,420.8175354003906,421.19138203158167,417.8360607411706,417.8921363097158,77235100
2021-08-30,422.6680603027344,423.4531466839395,421.2474033554113,421.4904164695936,48357400
2021-08-31,422.04180908203125,422.91100873089704,421.4436603048322,422.57455539172196,59300200
2021-09-01,422.2661437988281,423.4905077483613,422.03248612109024,422.9764722664043,48721400
2021-09-02,423.5653076171875,424.36907636322894,422.3689814101181,423.686814177093,42501000
2021-09-03,423.4624938964844,423.9765579301553,422.0325099688313,422.4344228744772,47170500
2021-09-07,421.9483337402344,423.2100907878115,421.2753985497041,423.11662202083113,51671500
2021-09-08,421.4343566894531,422.14468518971387,419.5183465302411,421.4156743425341,56181900
2021-09-09,419.6305236816406,422.9858446456514,419.38751055980504,421.23808970978325,57970400
2021-09-10,416.3218994140625,421.9764037145198,416.2003928599835,421.5558370150139,89948200
2021-09-13,417.3873291015625,419.5743898490149,415.0787903327298,419.3126944167152,83738600
2021-09-14,415.1349792480469,419.032373751366,414.24706856986353,418.8267538323482,78197100
2021-09-15,418.6023864746094,419.09773958576324,414.4526240434599,415.55548138185304,78792200
2021-09-16,417.93890380859375,419.05108831666365,414.99479371388514,418.0790927362773,77786700
2021-09-17,413.8677062988281,417.59007902636665,413.5114041887088,417.1681649070518,118425000
2021-09-20,406.9667663574219,409.3295710757895,402.10984707082173,407.75436793021106,166445500
2021-09-21,406.58233642578125,410.59537031179264,406.05726871090457,409.30144322368784,92526100
2021-09-22,410.5484924316406,412.5831513891095,406.6948671942367,408.85139337293356,102350100
2021-09-23,415.5365905761719,417.1399497351395,412.179906070705,412.41431229246786,76396000
2021-09-24,416.2210998535156,416.9337039803391,413.6895010133059,413.90516505538227,62094800
2021-09-27,415.0303649902344,416.35239112758217,414.33650299714867,415.1897452245322,61371100
2021-09-28,406.6667175292969,412.59251441684535,405.93537117136833,412.26433994291904,130436300
2021-09-29,407.3511657714844,409.77961092728947,406.78858508585967,408.0449990691309,82329200
2021-09-30,402.3724365234375,409.5264917761639,402.0348766187246,408.8232729732289,140506000
2021-10-01,407.15423583984375,408.83259245748525,400.5815046124614,404.0975980601775,129240100
2021-10-04,401.90362548828125,406.89176913571015,399.76581284989487,405.9916570765266,128570000
2021-10-05,406.0853271484375,408.3262356545151,402.60674697637165,403.40370520546276,90682500
2021-10-06,407.77313232421875,407.9794109817039,400.8722256266175,402.4942986652522,113032200
2021-10-07,411.2985534667969,414.1301704422201,410.86725401277494,411.0454050378357,72437500
2021-10-08,410.5484924316406,412.45189876084635,409.9202996692927,412.0674690550003,74557400
2021-10-11,407.5762023925781,412.7987803671197,407.5105617770027,409.8921372238028,65233300
2021-10-12,406.5729675292969,408.89828794249456,405.785365924999,408.49511604042164,71181200
2021-10-13,408.03564453125,408.8513737107969,404.62270437794365,407.59495963247764,72974000
2021-10-14,414.8990783691406,415.04910180856405,411.2235756383798,411.6923881563111,70236800
2021-10-15,418.0588073730469,418.42449481685196,416.3898362044381,417.00867206884914,66260200
2021-10-18,419.29656982421875,419.6341011247243,415.6210668502245,416.2774158643815,62213200
2021-10-19,422.5312805175781,422.596892511088,420.3090855642555,420.9185646143034,46996800
2021-10-20,424.19091796875,424.4909648278342,422.878248727811,422.99075914645675,49571600
2021-10-21,425.29730224609375,425.5223230800388,423.15951848148666,423.59081795122904,41305400
2021-10-22,424.8565979003906,426.3099336904653,422.91570745443045,424.8659833060559,58845100
2021-10-25,427.1351013183594,427.46327582498486,424.1722311934104,425.9443277467125,45214500
2021-10-26,427.5195617675781,429.8917522879476,427.1445174247861,428.68223642849716,56075100
2021-10-27,425.62548828125,428.6446418796485,425.55046225853243,427.9789361517596,72438000
2021-10-28,429.7322998046875,429.80729721502064,427.0413206145411,427.050677407055,51437900
2021-10-29,430.60430908203125,430.89497056169455,427.14447031928165,427.435131798945,70162400
2021-11-01,431.3449401855469,431.96377601475064,429.6197139105118,431.5887031868409,48433600
2021-11-02,433.0889892578125,433.398421537022,431.38250486096626,431.51378609797507,48908400
2021-11-03,435.73309326171875,436.1362651463071,432.08571825925554,432.5264031559585,52509800
2021-11-04,437.7865295410156,437.8709123645309,435.9862767972165,436.3331934985726,52847100
2021-11-05,439.30548095703125,441.2932415636286,437.7959183013962,440.00869977242445,66390600
2021-11-08,439.6805725097656,440.89950242250774,438.99612443556697,440.4025622174656,50405200
2021-11-09,438.22723388671875,440.28063519202976,436.8207962043988,440.0462289116431,51149100
2021-11-10,434.7016906738281,438.2271697715408,433.220255788708,436.53942763125457,69429700
2021-11-11,434.84234619140625,436.2675545379645,434.8236039920207,436.19252851233256,34848500
2021-11-12,438.1240539550781,438.67724930991125,435.16115531508916,436.1081657875227,53466700
2021-11-15,438.2740478515625,439.56797493267015,437.14891501750157,439.40859470618256,46980500
2021-11-16,440.0086364746094,441.14315465497026,437.9364933419403,438.0114907479462,48857500
2021-11-17,438.9398193359375,439.9243142257767,438.3209833485355,439.74616317118915,47858300
2021-11-18,440.4306335449219,440.6931674194312,437.2520708292828,439.97117780399594,50625600
2021-11-19,439.64300537109375,441.5651251990252,439.27731788187225,440.31806790988196,57315600
2021-11-22,438.4053649902344,444.0029878555942,438.1990863283232,441.51828711942284,72762000
2021-11-23,438.9866027832031,439.83984487309516,435.47989482517465,438.0771054886185,73206500
2021-11-24,440.15875244140625,440.280648289081,436.17384555629377,436.9895748580572,61858800
2021-11-26,430.3417663574219,434.96425094373944,429.21660486222436,433.50155816840993,112669600
2021-11-29,435.62054443359375,437.45828126856935,432.9295654860119,435.12360436955294,86268800
2021-11-30,427.1443786621094,435.08606236584416,426.9005870421709,433.1826850458105,148559600
2021-12-01,422.4001159667969,435.68627648871933,422.20322270380683,432.8452735236711,131939200
2021-12-02,428.8695983886719,430.4354444700302,422.2218416711752,422.6156566962603,127637800
2021-12-03,425.13800048828125,431.5888373689355,420.9186873888559,430.52934500421367,137331600
2021-12-06,430.1729431152344,432.04819294676213,425.2691545047344,427.6788574056175,98977500
2021-12-07,439.0710754394531,439.6336562155435,430.0417412560462,435.44247092403845,95484700
2021-12-08,440.233642578125,440.68371284123066,437.71142925167635,439.46481188962696,72238800
2021-12-09,437.2613525390625,440.3367608885662,437.06445933338574,438.9490658157996,61272600
2021-12-10,441.3775939941406,441.52761743144606,437.41145846142433,439.9617996675269,77159800
2021-12-13,437.4677429199219,441.2088578538092,437.1864382259011,440.8619411504924,87724700
2021-12-14,434.4578857421875,436.6894377150197,431.5418858646757,434.2047373052017,97264100
2021-12-15,441.2463073730469,441.49007040259744,432.00131048296834,434.51416709666717,116899300
2021-12-16,437.3551330566406,443.37466871193504,435.8080291263727,443.0933926959083,116568600
2021-12-17,432.7004699707031,437.2827414785998,430.9974086651927,434.28120719660683,135511600
2021-12-20,428.0993957519531,428.4945657060667,424.4862697414786,427.62893618734074,107134800
2021-12-21,435.7019958496094,435.84312797159805,429.3507919289712,431.5148943716561,69806300
2021-12-22,440.0584411621094,440.17134685592566,435.25032979357655,435.44794347232624,58890200
2021-12-23,442.7966003417969,444.29265848850883,440.9524066704167,441.0558940038796,56439700
2021-12-27,449.06304931640625,449.11008378457836,444.12322414632985,444.17025861450196,56808600
2021-12-28,448.69610595703125,450.5214913868531,447.93396375035627,449.4958929694086,47274600
2021-12-29,449.2700500488281,450.2862300149204,447.8022185897107,448.7995905115579,54503000
2021-12-30,448.0279846191406,450.7001910745442,447.5669435079559,449.6934008752194,55329000
2021-12-31,446.89898681640625,448.68672759999293,446.6261409158033,447.53883371212675,65237400
2022-01-03,449.4864501953125,449.61819265083415,445.8545162929149,448.15975083339737,72668200
2022-01-04,449.3359069824219,451.6223622300133,447.4822951975026,450.9072545217483,71178700
2022-01-05,440.70770263671875,449.7405319442751,440.61360498167255,448.9689713732978,104538900
2022-01-06,440.29364013671875,443.0034914570786,437.93192425280233,440.2466056724417,86858900
2022-01-07,438.552978515625,441.47925183914367,437.1980527186537,440.3031029677847,85111600
2022-01-10,438.00726318359375,438.2236562011222,429.62367048499374,435.36328278709937,119362000
2022-01-11,441.99676513671875,442.0908627934465,434.751676287286,437.7438209696161,74303100
2022-01-12,443.1916809082031,445.2429062617321,441.2345819172256,443.7280116585806,67605400
2022-01-13,437.0851135253906,444.9417931268879,436.0595152339108,444.2925567024861,91173100
2022-01-14,437.2638854980469,437.6120209390258,432.7286489573756,433.9424425259686,95890900
2022-01-18,429.5201110839844,432.7851012078921,428.40983354006795,432.5780978764357,109709100
2022-01-19,425.06024169921875,432.45585270815616,424.78736709556773,431.06331069209193,109357600
2022-01-20,420.3555908203125,431.6372011815895,418.2385229314581,426.94202425230395,122379700
2022-01-21,412.10369873046875,421.58814926561837,412.0754723100945,419.2358518525332,202271200
2022-01-24,413.85394287109375,414.3620473349004,395.9012152005669,406.50536541031494,251783900
2022-01-25,408.80108642578125,413.7409112645625,401.9135523304981,407.47438716618876,167997300
2022-01-26,407.77557373046875,417.80577600170864,403.52260050405795,414.6819173184066,186391100
2022-01-27,405.761962890625,415.50048178403745,404.07773829561154,412.36723366568094,149878300
2022-01-28,415.8392028808594,415.886237349482,402.54401155859085,407.11686454826264,164457400
2022-01-31,423.32891845703125,423.677053931945,413.82562974282484,415.17113717300543,152251400
2022-02-01,426.1893005371094,426.8291186076498,420.5343677869096,424.053395889453,123155400
2022-02-02,430.329345703125,431.05384305532795,426.2833764423959,428.5886396673794,117361000
2022-02-03,420.2144775390625,426.20812763649417,419.37704575360794,424.3074813838875,118024400
2022-02-04,422.1904602050781,426.0293979401201,417.60815954090174,419.9792943228935,118454400
2022-02-07,420.83544921875,424.3450587788941,419.5087499574974,422.95251700944823,84472900
2022-02-08,424.29803466796875,425.2201456654425,418.91597660458353,420.33677354523064,81012000
2022-02-09,430.5080871582031,430.82799617234946,428.1275632375704,428.32514818742595,92589900
2022-02-10,422.77374267578125,430.6680383540824,420.778998939607,424.67438876665915,140103700
2022-02-11,414.4372863769531,424.92853031107984,413.0070994488103,422.85852518202387,153214600
2022-02-14,413.08233642578125,415.5099240394694,409.619760664808,413.92918667657835,123006300
2022-02-15,419.7440185546875,419.9133771021189,416.99652213320917,417.5140448697904,88482700
2022-02-16,420.2144775390625,421.588211390658,415.82979106919817,417.70221089727113,84863600
2022-02-17,411.2380676269531,420.18621676202645,410.63589438127366,417.03413227878895,102259100
2022-02-18,408.5753173828125,412.74358216810356,406.3076988713617,411.49214366579196,132642900
2022-02-22,404.19061279296875,409.7702560003978,400.6997823601273,406.37355193227506,124391800
2022-02-23,397.02081298828125,407.66260537056274,396.4562558034865,407.098048185768,132578000
2022-02-24,402.99566650390625,403.42850999389174,386.3790593344902,386.73658449661104,213942900
2022-02-25,411.8873291015625,411.97200837339045,402.58162557598797,404.22823397331,121804500
2022-02-28,410.8334655761719,412.31071529051957,405.2538228246702,406.5052324542038,145615000
2022-03-01,404.576416015625,411.3416268267393,401.8759540045587,409.3374644946176,137785900
2022-03-02,412.0190734863281,413.740942784039,406.0724579549326,406.8251817399771,117726500
2022-03-03,409.9678649902344,415.0488225356622,408.1707060110163,414.44664922565886,105501700
2022-03-04,406.63702392578125,407.7661096277124,402.60047290853925,406.2418252656333,113978200
2022-03-07,394.649658203125,406.7592814126414,394.5837869801388,406.05359214668294,137896600
2022-03-08,391.657470703125,401.9699332430019,390.59422780994896,394.8283626283611,164772700
2022-03-09,402.15826416015625,404.13420015154503,397.8394486342406,400.02238799071915,116990800
2022-03-10,400.34228515625,401.23614110856755,395.60004466085365,397.55714383339716,93972700
2022-03-11,395.2518615722656,403.43783985789673,394.7437572588801,402.8262482347944,95636300
2022-03-14,392.36328125,399.46720926881693,391.22477713105775,396.0234704863825,95729200
2022-03-15,400.9914855957031,401.62188528128036,393.69936293232934,394.9695806826798,106219100
2022-03-16,409.8831787109375,409.9396315604553,399.7024270341616,404.4917305799787,144954800
2022-03-17,415.01123046875,415.01123046875,407.5967827207491,407.9731446506093,102676900
2022-03-18,419.556640625,419.87754345248976,412.666605461863,413.40280107875645,106345500
2022-03-21,419.43402099609375,421.3877523283893,415.93234592986585,419.3868116069883,88349800
2022-03-22,424.342041015625,425.2764356419781,420.8214989932451,420.8214989932451,74650400
2022-03-23,418.877197265625,423.30381991515435,418.79225491588033,421.81256176889076,79426100
2022-03-24,425.19146728515625,425.2009149244502,419.78326986493045,420.89699675804104,64736900
2022-03-25,427.2679138183594,427.5416361124458,423.2471369609336,425.8238364518409,77101300
2022-03-28,430.3070373535156,430.3070373535156,424.7855555376232,426.6732396590378,68529800
2022-03-29,435.6303405761719,436.12115693733773,431.5057549157547,434.18626321308204,86581500
2022-03-30,432.9404296875,435.30003519309184,430.83565120715195,434.4883159212036,79666900
2022-03-31,426.27691650390625,432.997068540125,425.8238618663555,432.1759304126346,121699900
2022-04-01,427.4850158691406,427.99466991123313,423.91729355560483,427.8530993439852,89048800
2022-04-04,431.1471252441406,431.2509628688752,426.8621021980193,427.6832403411355,59601000
2022-04-05,425.701171875,432.1192876988634,424.5591308094842,429.6558732347616,74214500
2022-04-06,421.44439697265625,423.71906006741074,418.5656898647818,421.7936427720497,106898000
2022-04-07,423.5680236816406,425.3802132507673,418.62230012164184,420.5666126114327,78097200
2022-04-08,422.4354553222656,425.32361011547357,420.89698794603316,422.8129864370016,79272700
2022-04-11,415.2150573730469,420.0097628914947,414.7148221783834,419.16972953989875,89770500
2022-04-12,413.6765441894531,420.7175978859881,412.1286293865626,418.19752691427806,84363600
2022-04-13,418.4147033691406,419.16976564370555,413.25188513631514,413.4312174671857,74070400
2022-04-14,413.2046203613281,419.7548865120772,413.1007827575576,418.64113099890267,97869500
2022-04-18,413.37457275390625,415.05461073103595,411.1470901663332,412.2797123367979,66002500
2022-04-19,420.04754638671875,420.76484688177004,413.1008527235854,413.27073740895713,77821000
2022-04-20,419.73602294921875,422.4354264021452,418.57511557097627,421.82193478222695,65224400
2022-04-21,413.45947265625,424.7383973991878,412.55339229515056,423.3509483444846,85417300
2022-04-22,402.1145324707031,413.4783716367902,401.5482213990768,412.37409241070765,132471800
2022-04-25,404.44586181640625,404.61574651272133,395.3188943584106,399.87766866932645,119647700
2022-04-26,392.7327880859375,402.11458288317993,392.7044739689954,401.9163552608038,103996300
2022-04-27,393.83697509765625,399.169705902769,391.7039115793856,393.8086609873536,122030000
2022-04-28,403.7851257324219,405.51237307337215,394.1485050200903,398.5751272035263,105449100
2022-04-29,388.8629455566406,401.95403088704296,388.11730223189977,399.80207204922027,145491100
2022-05-02,391.20367431640625,392.5628092111438,382.2749075321882,388.92901145512707,158312500
2022-05-03,392.9970397949219,395.4038260055901,390.14661777180356,391.7039805238848,100028200
2022-05-04,404.9649353027344,405.53124638806986,390.4769516548114,393.65769528593023,144247900
2022-05-05,390.5712890625,401.132884248546,386.4467037789483,400.7081437907731,172929100
2022-05-06,388.2400817871094,391.50576802589364,382.9451403977338,388.0135688560758,151770800
2022-05-09,375.8096618652344,383.5869123846669,374.23343271582064,382.3504814055953,155586100
2022-05-10,376.6780090332031,383.27545730002635,372.64781289944233,381.7747515433738,132497200
2022-05-11,370.6939697265625,381.34995466803645,369.9483264327751,375.71521640762944,142361000
2022-05-12,370.3070983886719,373.57278480387015,363.52086969331447,367.5038855005772,125090800
2022-05-13,379.1602783203125,380.53827982576547,373.3933876739787,374.43161982347493,104174400
2022-05-16,377.6217956542969,381.28390774009296,375.271637959596,377.51798684544667,78622400
2022-05-17,385.3896484375,385.62560898408395,379.9719747013643,383.70016285890136,83029700
2022-05-18,369.8540344238281,381.1235139294289,368.6176032998475,380.8403727574415,117674500
2022-05-19,367.58880615234375,372.00600991179766,365.3707710345012,366.79598209392395,98510700
2022-05-20,367.74920654296875,374.7336324078952,359.1696852051724,371.16591037827914,131432200
2022-05-23,374.6298828125,375.39439273940906,368.45714636210454,370.7695426186861,76414900
2022-05-24,371.7699890136719,372.9592105064328,365.2291411864955,370.5146628553773,91448800
2022-05-25,375.0544738769531,377.0176812777946,369.8822383865586,370.27863587842137,91472900
2022-05-26,382.5486755371094,384.18153289436907,376.073931942696,376.2815783765453,82168300
2022-05-27,391.93988037109375,392.0531368146943,384.80443638650837,385.0026351628093,84768700
2022-05-31,389.7406921386719,393.07245343451956,387.0035559449801,390.3258696030877,95937000
2022-06-01,386.5883483886719,392.86489366619827,384.07772451690533,391.8550043373775,86585800
2022-06-02,393.9503173828125,393.9974979722233,384.18154466114504,386.42789374965014,79609600
2022-06-03,387.4849853515625,390.78843305581245,386.5128290364629,389.2405180200075,71874300
2022-06-06,388.6647033691406,393.21399989631647,387.4943197082246,391.48678171831267,57508900
2022-06-07,392.3929138183594,392.8459684053957,384.7194727728496,385.1819749982957,59272400
2022-06-08,388.1268005371094,392.4684805286195,387.33397652533813,390.6846048993001,64350000
2022-06-09,378.89599609375,388.6175587452947,378.89599609375,386.3523433395128,86289800
2022-06-10,367.90966796875,373.55385453962793,367.86248738155257,372.70440234363315,132893900
2022-06-13,353.9408264160156,360.3683895194282,352.3362831480851,358.5184668650851,170004900
2022-06-14,352.8742980957031,356.7157429736958,349.77849666174114,355.68695837561785,104011800
2022-06-15,357.90496826171875,362.34100925128496,351.2225494582893,356.1682732930812,125666800
2022-06-16,346.05975341796875,350.1088447146559,343.63407193506487,349.70299946215493,134473300
2022-06-17,346.8057861328125,350.1424810150499,343.3079900767023,346.47403747740344,111113900
2022-06-21,355.5360412597656,356.91999511391333,352.4458155848116,352.5216653163301,76811900
2022-06-22,354.8915100097656,358.99598772773135,350.90074904768903,351.3178358414842,90059400
2022-06-23,358.3703308105469,359.1002181811548,353.4696047412398,357.02430174493765,79292100
2022-06-24,369.76434326171875,369.7738317116263,361.5079743602973,361.53641078181903,98050300
2022-06-27,368.3519287109375,370.9776545538821,367.2618273862305,370.68380190795756,66009600
2022-06-28,360.8254699707031,372.68394948048416,360.71172428504013,369.9065529188097,86548900
2022-06-29,360.5316162109375,362.36109348225904,358.7116273894593,361.3752782573753,65676000
2022-06-30,357.6025695800781,360.834977987892,353.156825579061,356.64516179349505,112508300
2022-07-01,361.38470458984375,361.8207682477801,354.33218346585994,356.9484497006856,74839700
2022-07-05,362.0672302246094,362.0862071237408,353.4790840960441,356.30389388763615,81438000
2022-07-06,363.29010009765625,365.7736442291068,359.8302001680812,362.2094581257224,70426200
2022-07-07,368.7311706542969,369.52741950591667,363.30907034528104,365.06272708039626,64525900
2022-07-08,368.4278259277344,370.2952282014979,365.5745794315864,367.10071569720793,72397800
2022-07-11,364.218994140625,366.72148571389,363.527002730403,365.7546185718872,58366900
2022-07-12,360.99609375,366.0485198112267,359.251925711996,363.6692331147653,62219200
2022-07-13,359.1002502441406,362.02934629353234,355.14744302288534,355.56452982281553,84224600
2022-07-14,358.2281799316406,359.3087928722651,351.715979081912,354.1521096552973,89704800
2022-07-15,365.0721740722656,365.185919762693,360.72122784420594,362.6265260152687,79060400
2022-07-18,362.0577697753906,368.825898190188,360.8349458407432,368.1528836213448,63203600
2022-07-19,371.84027099609375,372.4090283274704,365.31861090466685,365.97264856832055,78506000
2022-07-20,374.2101135253906,375.62253303614597,370.6649043931411,372.02991057920354,71843800
2022-07-21,378.020751953125,378.06813634762244,371.2336461823122,373.63188089355765,64903900
2022-07-22,374.5134582519531,379.3383643459128,372.29533041038957,378.1440056178114,72197300
2022-07-25,374.9684143066406,375.8215358224329,372.7313098957775,375.1390328241593,53631500
2022-07-26,370.5322265625,373.537114847819,369.64118001606494,373.3285714235852,52946400
2022-07-27,380.153564453125,381.8977324950311,373.5275888700464,373.82144153900765,82342100
2022-07-28,384.92156982421875,385.61353235014826,377.4140367716771,380.95927437369363,73966600
2022-07-29,390.5332336425781,391.5190777399874,385.5850941133151,386.35290637404563,87003700
2022-08-01,389.3768615722656,391.8793828026547,387.1302971071062,387.8412366937113,69997500
2022-08-02,386.8080139160156,391.4907383794108,385.63260303844,387.81280623295083,63435400
2022-08-03,392.8651428222656,394.0310649800449,388.6468906090099,388.93125481134643,67820600
2022-08-04,392.5997009277344,393.4717703766951,390.9597903262571,392.7892674075008,45656600
2022-08-05,391.9361572265625,392.5807353471059,388.26771450946586,388.3245873478551,56814900
2022-08-08,391.4812316894531,395.870103228986,390.3816416917654,393.62353883393126,53886100
2022-08-09,389.926513671875,391.25359457893273,388.85536049854454,390.75119863096825,44931800
2022-08-10,398.1166687011719,398.25887975700465,395.0169826060676,396.96969430070163,68665700
2022-08-11,398.1166687011719,402.81836986156515,397.37729270930276,400.96042696654627,59489700
2022-08-12,404.8563232421875,404.9605804756404,399.10244636975136,400.0503656332881,61694500
2022-08-15,406.5246276855469,407.04600061972724,402.5907686609456,402.64764150057266,54048300
2022-08-16,407.32098388671875,409.24525914057574,404.64784419568446,405.4535814834621,59289000
2022-08-17,404.4297180175781,407.13129350400095,402.4296224053403,403.7282670715911,63563400
2022-08-18,405.60516357421875,406.2876376325339,403.3396227828059,404.62877901944364,49023200
2022-08-19,400.1546325683594,403.1121358999802,399.2825341593999,402.8467196760706,68016900
2022-08-22,391.8224792480469,395.5004110497399,390.921944270961,395.3297635768896,77695600
2022-08-23,390.87451171875,393.7846307828097,390.3247023494631,391.39585573923233,49105200
2022-08-24,392.1257019042969,393.49067877722706,389.964447540548,390.6469215129157,49177800
2022-08-25,397.66162109375,397.70900548583626,392.5238859364247,393.6139873082117,50942300
2022-08-26,384.201171875,398.0881839321778,384.1442990308555,397.547891912805,103087000
2022-08-29,381.6607971191406,384.70361032886984,380.3052793040388,381.2531987151374,65370800
2022-08-30,377.4708557128906,383.0541130826595,375.37596260732516,382.8171333082862,85652400
2022-08-31,374.5987548828125,380.3431437236325,374.4660612189248,379.10137171228644,76029700
2022-09-01,375.7741394042969,376.1153764284115,369.7264103214383,372.42798580847113,78740100
2022-09-02,371.8117980957031,380.6464115154421,370.0012690480302,379.43307616071115,99632100
2022-09-06,370.4089660644531,373.5939611226999,368.1908383071308,372.6555302445026,76637400
2022-09-07,377.0633544921875,377.83116684452074,369.87813861226584,370.0961415467539,70964200
2022-09-08,379.5279235839844,379.98290632149366,373.59393967123003,374.79781566335777,80821700
2022-09-09,385.4239807128906,386.28659071940456,381.4995810521483,381.7649972904449,76706900
2022-09-12,389.56634521484375,390.28677304617617,387.1870588242466,387.4903999035653,69256300
2022-09-13,372.62701416015625,382.1062054187296,371.5084765344116,380.9023296148453,122947100
2022-09-14,374.0489501953125,375.5656268148488,370.7501807174359,373.9257160615463,85023700
2022-09-15,369.8022766113281,375.33812191068284,368.53206820723454,372.49436398050875,87633800
2022-09-16,366.9810791015625,367.63783250475103,363.6973120856197,365.6295206827052,103084800
2022-09-19,369.8270568847656,369.8270568847656,363.7640106344205,363.8401719669829,73278500
2022-09-20,365.5819396972656,367.5141193905518,362.83121456949,366.5051996914192,77274900
2022-09-21,359.20477294921875,370.55036925173334,359.1952455228189,367.504555601014,106746600
2022-09-22,356.1875,360.0708846733697,355.44508694272207,358.4337649769324,89472600
2022-09-23,350.2196350097656,352.76095967141856,345.7841825636604,352.7228790149844,122346900
2022-09-26,346.7550354003906,352.37072699861113,345.53671576875286,348.753848761664,92581200
2022-09-27,345.86993408203125,352.5516532322038,343.4808733177717,350.2863328489352,108294100
2022-09-28,352.6753234863281,354.3600222961964,345.1274522170946,346.821678453464,110802200
2022-09-29,345.30828857421875,349.4200991606359,342.367189530678,349.1345668445761,112952300
2022-09-30,339.9686279296875,348.2779675279083,339.8353891876637,344.36600021604005,153711200
2022-10-03,348.9441833496094,350.79070306991537,341.9007722856018,343.6806581182504,89756500
2022-10-04,359.7568664550781,359.78541969158493,348.90620087696135,354.45525951637643,103602800
2022-10-05,358.9192199707031,361.17501250579096,353.07510228982494,355.397528717206,88065700
2022-10-06,355.2166748046875,360.4706728707626,354.7217133827097,357.52004633285617,82333500
2022-10-07,345.30828857421875,355.3023262947486,343.5474284997668,351.19048666130027,107789500
2022-10-10,342.6717529296875,346.659852271921,340.43501530969775,346.42189898919605,76042800
2022-10-11,340.5016174316406,345.5367169870272,338.5694379532379,340.9775239932869,92482800
2022-10-12,339.3784484863281,342.4813682302242,339.1309678057882,340.91088255478394,76991800
2022-10-13,348.3350524902344,349.8008528442018,331.3356548770357,332.38265512986965,147254500
2022-10-14,340.39691162109375,352.41831529855494,339.7591840858435,350.79069404097305,123737000
2022-10-17,349.14404296875,350.24814950699954,340.0637390408717,346.4694508288709,93168200
2022-10-18,353.2464294433594,357.35826934412756,349.81036876588746,357.0536821558411,97162900
2022-10-19,350.7431945800781,353.9317748856679,347.9353337780581,351.2095737934234,79746900
2022-10-20,347.8020324707031,354.71220495349155,347.0405645534775,350.29577817467606,88283100
2022-10-21,356.2541809082031,356.7395859020458,346.02218871676973,347.5260408349085,131038400
2022-10-24,360.61346435546875,361.74612439325887,355.13101099924324,357.77707959447656,85436900
2022-10-25,366.3719482421875,366.6860338162217,360.4231157662592,360.5373287022716,78846300
2022-10-26,363.6117248535156,368.903804746197,362.9740261765085,363.2310053236107,104087300
2022-10-27,361.66998291015625,366.44807462100994,361.05128110498777,364.6110821532887,81971800
2022-10-28,370.2743225097656,370.7502290607999,361.3843916220893,361.5652384352448,100302000
2022-10-31,367.5997314453125,369.6842044707059,366.69552642305183,367.81865891657014,96631300
2022-11-01,365.9912109375,371.57837896955164,364.8204992604764,371.3404256632253,85407600
2022-11-02,356.8061828613281,369.9031408055681,356.70149735976,365.4010542504777,126990400
2022-11-03,353.1322937011719,356.1685807268447,351.0192668219738,353.570119725643,87100100
2022-11-04,358.21490478515625,360.61346359996287,352.170885136249,358.8335775577456,103505200
2022-11-07,361.64141845703125,362.231537963315,357.4343915475703,359.50933724612685,68286900
2022-11-08,363.5926818847656,366.56233474373306,359.5189221082523,362.7455541021946,84641100
2022-11-09,356.1018371582031,362.77405623568103,355.60687575970667,361.62234147920316,78495500
2022-11-10,375.6711120605469,376.00425245255667,367.0572151863192,369.3510591794325,141455800
2022-11-11,379.3070983886719,380.1066180137116,374.64319033872147,376.5277909851231,93839900
2022-11-14,376.0804138183594,380.89658611860307,375.8043798668183,377.5462142284,71903500
2022-11-15,379.28802490234375,382.9239582221826,375.4807721813481,381.8198514474499,93194500
2022-11-16,376.3945007324219,378.61221246717844,375.76630060291683,377.66039937041876,68508500
2022-11-17,375.2427673339844,375.91857551297977,371.34035706871845,371.64491516881156,74496300
2022-11-18,376.9465637207031,378.64078997970154,374.10065167393867,378.57415608736795,92922500
2022-11-21,375.57598876953125,376.746729530004,373.73899615884227,375.62359686049797,51243200
2022-11-22,380.6300964355469,380.7919174617573,376.1089836932025,377.5176776993283,60429000
2022-11-23,383.0285949707031,383.51399984204585,380.0684414769768,380.29686729878506,68261600
2022-11-25,382.9429626464844,383.4950305265415,382.191051189936,382.4670560829331,30545400
2022-11-28,376.8324279785156,381.4963075976525,376.0709598680813,379.85918746901655,67881600
2022-11-29,376.1851501464844,378.15538144006086,374.34812855248094,376.96561491269216,52310000
2022-11-30,388.0351867675781,388.0351867675781,374.51945716113363,376.4325818837763,144566700
2022-12-01,387.7496643066406,390.24341023181614,385.2463909544575,389.0726695441886,76398200
2022-12-02,387.3023681640625,388.2065734053355,382.76222900679136,382.86691453120744,85342700
2022-12-05,380.33502197265625,385.4177008262784,378.98346353454565,384.48494250767516,77289800
2022-12-06,374.8525390625,380.7157112233438,372.76809510416285,380.17319983401165,77972200
2022-12-07,374.21484375,376.5753507067164,373.0821838315825,374.0054437050733,65927900
2022-12-08,377.146484375,378.21251059995166,374.3195977744953,376.0995130057314,60737900
2022-12-09,374.3291015625,378.459967446831,374.20536119651905,375.90911499149865,81447700
2022-12-12,379.7257995605469,379.7257995605469,374.45274752414025,375.1189991811709,75405800
2022-12-13,382.600341796875,390.70977956297014,379.8400894083029,390.45280046353844,123782500
2022-12-14,380.1542053222656,385.9602719426471,377.2131058725146,382.2577044665144,108111300
2022-12-15,370.8549499511719,376.2041350287874,369.19880442028864,375.2999009475401,117705900
2022-12-16,366.47662353515625,369.641590174743,364.3443519350762,368.3029384387337,119858000
2022-12-19,363.36895751953125,367.0024734712642,361.70520704366805,366.66780330486046,79878100
2022-12-20,363.86627197265625,365.48222528681765,361.2941346468216,362.61367325179793,74427200
2022-12-21,369.306884765625,370.4351746621718,365.9219858955704,366.4574464966575,78167400
2022-12-22,364.038330078125,369.28777027212345,358.34902428686854,366.2662256920997,100120900
2022-12-23,366.13238525390625,366.2758070046261,361.4662030943732,363.01521636298173,59857300
2022-12-27,364.68853759765625,366.3618594408892,363.0152157544233,366.01764723973866,51638200
2022-12-28,360.1562194824219,366.59134742365524,359.92674469166934,364.6215818081712,70911500
2022-12-29,366.63922119140625,367.50935219451696,362.47024348311885,362.99616222851824,66970900
2022-12-30,365.6733703613281,365.8167920978852,361.8486350909296,363.9618223377231,84022200
2023-01-03,364.1339416503906,369.4981190554035,361.2749320892196,367.52838265402187,74850700
2023-01-04,366.9451904296875,368.9722958919306,363.3499291613042,366.3905873546689,85934100
2023-01-05,362.7571105957031,365.1093151949147,362.1642811518745,364.99457777745386,76970500
2023-01-06,371.0758056640625,372.19455357778276,362.785708249104,365.84547897836046,104189600
2023-01-09,370.865478515625,376.44961824670435,370.6838304181261,373.26550947515705,73978100
2023-01-10,373.4663391113281,373.53327899556643,369.34518834804146,370.28225918611713,65358100
2023-01-11,378.1899108886719,378.2664219549091,374.2313240333408,375.0440863246855,68881100
2023-01-12,379.5667724609375,381.02973273660194,375.22571833967487,379.289500125456,90157700
2023-01-13,381.039306640625,381.6130228505716,376.10539392375364,376.3731242643396,63903900
2023-01-17,380.3412780761719,382.6935115955875,379.6623956443495,381.0201896884126,62677300
2023-01-18,374.3364562988281,382.58832869980466,374.1356658339176,381.52697849057256,99632300
2023-01-19,371.6113586425781,373.94442072442195,370.2918200719056,372.2997830998825,86958900
2023-01-20,378.5340881347656,378.68708106087394,371.36270886328373,373.00734634342695,91806400
2023-01-23,383.0760192871094,385.00750055643533,378.38115211629884,379.3373361629709,84178800
2023-01-24,382.664794921875,383.57315208650715,380.21696655885887,381.4026252152029,59524900
2023-01-25,382.8082580566406,383.14292828207675,376.3157607326886,378.6010544265812,84800300
2023-01-26,387.0154724121094,387.1780365308271,382.5022827834098,385.466459007332,72287400
2023-01-27,387.9046936035156,390.2760402786123,385.7628509166012,385.97321255052447,68346200
2023-01-30,383.0376892089844,387.37877210654403,382.7412745466371,385.1508473703547,74202000
2023-01-31,388.6695861816406,388.7173836975877,383.2097558893338,383.553997217556,86811800
2023-02-01,392.80035400390625,395.54462644508357,384.7206171548962,387.45528923844535,101459200
2023-02-02,398.5183410644531,399.9813013244029,394.78922953717114,396.68245506156615,101654500
2023-02-03,394.28240966796875,398.69997431086017,393.07760869975664,393.55570061661354,94736800
2023-02-06,391.87286376953125,393.2689133762878,390.2186841761235,391.834637420615,60295300
2023-02-07,396.998046875,398.2410744328294,389.71192928803475,390.95495684586416,90990700
2023-02-08,392.6568908691406,396.36688886374986,391.96843733219856,395.0282373142556,76227500
2023-02-09,389.2529296875,396.4051963035193,388.0290153704697,396.2522033663381,78694900
2023-02-10,390.16131591796875,390.5437836705012,387.2640796514173,388.0768126828916,70769700
2023-02-13,394.7414245605469,394.8753043260224,390.352543539111,390.8115223602018,64913500
2023-02-14,394.55975341796875,396.86413102531327,390.61070909281807,393.2210725630297,88389300
2023-02-15,395.8410339355469,395.91751581058026,391.5286350725414,392.3700815999979,61555700
2023-02-16,390.3907775878906,394.8179138959173,390.25692701019995,390.8784407346895,76431500
2023-02-17,389.41552734375,389.6545733573568,386.3461555191352,388.2680948062688,89257800
2023-02-21,381.60345458984375,386.4513142893378,381.34529542458307,385.39950609313314,82655900
2023-02-22,381.0775451660156,383.55405800104023,379.624126941612,382.01458672604707,83742300
2023-02-23,383.1046447753906,384.577176151522,378.88787027584414,383.965204449082,96242400
2023-02-24,379.0121765136719,379.84405183245593,376.3922419822525,378.0942481460913,108194400
2023-02-27,380.3030700683594,383.7070827492521,379.36599925020045,382.3492886397092,80444700
2023-02-28,378.89739990234375,381.78506445797404,378.79220451109035,379.82489935060727,96438600
2023-03-01,377.4439392089844,379.30850907050376,376.1435434014669,378.08459511855364,99706800
2023-03-02,380.3795471191406,381.2209936912257,375.1396483986959,375.4743186281051,85127800
2023-03-03,386.4799499511719,386.7285670881584,381.54603781817946,382.1962358283126,90120000
2023-03-06,386.74774169921875,389.5971805098177,386.30790523195174,387.3023155770407,72795900
2023-03-07,380.8193664550781,386.93896700217493,380.20742390861926,386.699921017692,108310600
2023-03-08,381.44091796875,382.1962822868647,379.21299300204765,380.93414163742426,74746600
2023-03-09,374.4033508300781,383.8887075845493,373.4184826190144,382.22492782127654,111945300
2023-03-10,369.00091552734375,375.9332484862883,367.48058669730784,373.8583166785041,189253000
2023-03-13,368.4749755859375,373.28460811867615,363.9713580532645,365.0805347641921,157790000
2023-03-14,374.56591796875,376.21055539266825,370.0909552792131,373.38980130348455,149752400
2023-03-15,372.2232971191406,372.42408758364206,366.8973453679593,368.9818486133687,172996900
2023-03-16,378.7540283203125,379.09826973239205,369.364323664859,369.8711000150825,143254200
2023-03-17,374.3253479003906,378.55821591341066,372.94318572096427,377.4256197444262,140553400
2023-03-20,377.9247131347656,378.33746367070916,374.40214170963634,375.1028011958168,93055800
2023-03-21,382.8870544433594,383.36697102971766,379.69079357481445,381.28412015653794,91524200
2023-03-22,376.3601989746094,386.3232727268631,376.3218267349629,382.71431965042825,111746600
2023-03-23,377.37762451171875,383.25179889041164,374.6708879123496,379.22048781510506,119351300
2023-03-24,379.85394287109375,379.9403243336123,373.7589969312936,376.10099199884445,107682400
2023-03-27,380.56427001953125,382.8966870426311,379.6716321408978,382.1288028794633,74010400
2023-03-28,379.71002197265625,380.5642582938647,377.8767370350477,379.8731772141997,62871700
2023-03-29,385.2290954589844,385.4690537806492,382.6663276952182,383.86611930354206,77497900
2023-03-30,387.484619140625,388.1085047730431,385.6225406555873,387.8589388033637,69840000
2023-03-31,392.9461669921875,393.2437129705157,388.3005480641613,388.40614495841936,112062600
2023-04-03,394.44342041015625,394.8465339049245,392.03422997869995,392.42776506097084,67391100
2023-04-04,392.2550964355469,395.3745547308176,390.8825125238686,395.08658715925804,66601500
2023-04-05,391.2280578613281,392.28388034677903,389.5771434182015,391.52560384016596,65200200
2023-04-06,392.7541809082031,393.0325407601975,389.3851567329968,390.4313714897771,63743300
2023-04-10,393.1572570800781,393.23406013832266,389.66347951634174,390.27775752337686,63681000
2023-04-11,393.2628479003906,394.6641961280183,392.4949930804865,393.78116601430696,59297900
2023-04-12,391.659912109375,395.61444936283374,391.0744279375137,395.3264818376402,86420400
2023-04-13,396.86224365234375,397.21737725795947,391.60234704835096,392.7445509263928,85814800
2023-04-14,395.8927917480469,398.4171577397506,393.58919793642514,396.22873922494233,78161500
2023-04-17,397.3133850097656,397.3325711300684,394.5778543396015,395.80643975007484,66436400
2023-04-18,397.5725402832031,399.0218979297028,396.1999857035815,398.8875072085601,63560000
2023-04-19,397.50531005859375,398.4075262603893,395.60482989922565,395.66241754419593,55227300
2023-04-20,395.3360595703125,397.0829628319808,393.79071305675006,394.6929585087422,75840400
2023-04-21,395.6432189941406,396.10392013942635,393.6947589557848,395.63361128968654,73457400
2023-04-24,396.05596923828125,396.4782981802782,394.1075090570705,395.44166194381876,64332100
2023-04-25,389.7690124511719,394.6449810037149,389.71142480850085,394.08826140218645,97766700
2023-04-26,388.1181335449219,391.4583635816679,387.56144318468967,390.3833550986097,80447000
2023-04-27,395.8448181152344,396.11357024267807,390.40255091976803,390.65211692803183,92968400
2023-04-28,399.223388671875,399.2329963765921,394.904139565875,394.9617272106124,89433100
2023-05-01,398.8203125,400.8455465437123,398.58993260769745,398.7819109693187,62122300
2023-05-02,394.3378601074219,398.1580067083917,391.43917444922255,398.1099974743272,103998500
2023-05-03,391.6311340332031,397.24616414474065,391.39117573178515,394.83697342513307,91531800
2023-05-04,388.85723876953125,390.91126663739385,387.52305652796423,390.5849268562114,94901900
2023-05-05,396.05596923828125,397.1021838881152,392.22624422840113,392.48538864162396,87891800
2023-05-08,396.16156005859375,396.64147667611564,394.76021173712985,396.3823322476967,50046800
2023-05-09,394.4242858886719,395.53769601743005,394.19393527299343,394.61626426292884,49220100
2023-05-10,396.26715087890625,397.88927136463667,392.44700411687967,397.25577792419296,96142900
2023-05-11,395.5760192871094,395.86395749973974,393.502776280826,395.40325635953116,70157100
2023-05-12,395.05780029296875,397.02547621204064,392.6390308249023,396.8143117058912,70481500
2023-05-15,396.4206848144531,396.8237983199805,393.75234992228525,395.66240845072787,54289400
2023-05-16,393.77154541015625,396.23832360826236,393.7619377053924,395.3168627044219,57705500
2023-05-17,398.5515441894531,399.1562144912637,394.14591338269895,395.78721992832476,87287000
2023-05-18,402.3908996582031,402.8132286270494,398.0140624281471,398.23480532655367,97177200
2023-05-19,401.805419921875,403.8210757531866,400.5864421499419,403.2931791436521,103793300
2023-05-22,401.96856689453125,403.50430592203884,400.58640469895295,401.8245977682805,60745400
2023-05-23,397.45733642578125,401.9013689419868,397.0638012887145,400.32722839371974,86383500
2023-05-24,394.57781982421875,396.2383417764392,393.4164298740769,395.85441436146004,89213700
2023-05-25,397.9948425292969,399.4442000783956,395.84482546980115,398.0812240048889,90961600
2023-05-26,403.14910888671875,403.8689837488059,398.57071530888675,398.64748907245814,93830000
2023-05-30,403.30267333984375,405.60626696953454,401.9205113036728,405.0783704702366,72216000
2023-05-31,401.0663146972656,402.3812815149699,399.50178187032054,401.4790359496369,110811800
2023-06-01,404.8768615722656,405.9326839874396,400.0489015795839,401.2966730663804,88865000
2023-06-02,410.73187255859375,411.51891359121186,406.92133324219725,407.44922983268606,91426200
2023-06-05,409.9447937011719,412.3635629860605,409.2441048720611,411.0773899248413,65460200
2023-06-06,410.8373718261719,411.36526832885664,408.87930404707026,409.53201283462573,64022200
2023-06-07,409.41680908203125,412.36350381538136,408.99448016231673,411.2309077542299,85373300
2023-06-08,411.89324951171875,412.34437231335727,408.71620378018724,409.48405866767195,61952800
2023-06-09,412.6322937011719,414.63834160760314,411.64366666036057,412.6898813507892,85742800
2023-06-12,416.3756103515625,416.45241340725585,412.8914406087862,413.61131547404943,76104300
2023-06-13,419.1208190917969,419.7638910098273,417.17235863286135,417.83464596394765,95899700
2023-06-14,419.6199035644531,421.42439480568777,416.1741056268984,419.45674831132544,100612100
2023-06-15,424.8221740722656,426.0699454976172,418.7080413628314,418.8040012480244,110303100
2023-06-16,423.3751525878906,427.3732510116979,422.9030966686289,426.80484934957235,114165800
2023-06-20,421.1785888671875,422.32503554227975,419.1072877770987,421.4387253030806,76160400
2023-06-21,419.02056884765625,420.9955241203809,418.43288044222425,420.19591625792975,76982300
2023-06-22,420.53314208984375,420.6391018260277,417.72964857046975,418.0668439684426,70637200
2023-06-23,417.3538818359375,419.13617505158805,416.6409763099136,417.0841314152319,92074500
2023-06-26,415.6487121582031,418.7026693868189,415.40786249787595,416.7855154988048,72823600
2023-06-27,420.20556640625,420.82212620155866,416.0725783167209,416.5253768197751,72813700
2023-06-28,420.41754150390625,421.4290983033547,418.5100016357142,419.1265614695,75636000
2023-06-29,422.0744934082031,422.2382840858477,419.5985816622902,420.0031925590313,67882300
2023-06-30,427.0552978515625,428.0379537648419,424.9647101118157,425.28264809004037,104964000
2023-07-03,427.54669189453125,427.82605633249915,426.4291459408796,426.70853977944085,32793400
2023-07-05,426.91082763671875,427.6430199831629,425.7258367708566,425.7354801650757,58418400
2023-07-06,423.56781005859375,423.9917077726785,421.06296794825374,423.3366038147622,80658300
2023-07-07,422.4984130859375,426.43873894163033,422.25756345371417,422.57550143257924,86134200
2023-07-10,423.56781005859375,423.7412147414674,421.5735680037754,422.1419696202549,62443500
2023-07-11,426.2652893066406,426.75663194663485,423.3558364397673,424.32887832662993,64463800
2023-07-12,429.6950378417969,431.1016209821125,428.62567949600117,430.0515200243212,91924500
2023-07-13,433.10552978515625,433.8955237982183,431.0727725814678,431.5062843686877,72425200
2023-07-14,432.835693359375,434.83954937929775,432.0746002832751,433.99178336356243,69815800
2023-07-17,434.338623046875,435.3887239970372,432.6430320958501,432.6912196663996,52680200
2023-07-18,437.5660400390625,438.2115006773749,433.5775554716282,434.01109662916457,80668200
2023-07-19,438.5390319824219,439.7239933832524,437.48890168977437,438.3559839057652,65891700
2023-07-20,435.6295471191406,438.44268380742795,434.9166416038705,437.54673021651973,70591600
2023-07-21,435.6295471191406,437.54673021651973,435.6199331260899,437.34439535359957,71275600
2023-07-24,437.57568359375,438.3849349409323,435.7452026173443,436.77604624077406,54023400
2023-07-25,438.770263671875,440.02267010001805,437.2577208036124,437.3059083742901,55191200
2023-07-26,438.8376770019531,440.26348802035136,436.7856334140258,437.8357342912967,71052900
2023-07-27,435.9281921386719,442.62382369326946,435.0225951669556,442.2191833737535,92194400
2023-07-28,440.1960754394531,441.0245840745933,435.92819754722996,439.1941327220315,80011800
2023-07-31,441.03424072265625,441.39069349037516,439.35790721415856,440.66814456102355,62040400
2023-08-01,439.7721862792969,440.51399258801536,438.8184017102693,439.5698514127993,55291500
2023-08-02,433.65460205078125,436.9205079074881,432.90315234388123,436.6604008783812,93933400
2023-08-03,432.411865234375,434.29050444334024,430.9956679816183,431.64115804128886,64276100
2023-08-04,430.4561767578125,436.32327139401457,429.9359332204392,434.2230692550645,100128900
2023-08-07,434.2133483886719,434.3674956833761,431.5929031798807,432.28655130575453,58357500
2023-08-08,432.3251647949219,434.20380401220746,428.9725267488997,431.67967473239247,71361300
2023-08-09,429.43487548828125,432.7586120279548,428.6737824515494,432.59482134894097,78789600
2023-08-10,429.5890197753906,435.1671052071516,428.42331584667255,431.7855671339231,93005500
2023-08-11,429.3385314941406,430.35011754971424,427.1227267257981,427.7200290859293,68690900
2023-08-14,431.70849609375,431.70849609375,428.11503843544807,428.4233330175674,47867400
2023-08-15,426.67962646484375,430.2923712690211,426.1111954097984,429.9358890851779,75707500
2023-08-16,423.5486145019531,427.9224233894094,423.4426253576642,426.26537646534126,80107200
2023-08-17,420.3211669921875,425.273020314269,419.8009235363625,425.01291328665195,95711300
2023-08-18,420.52349853515625,421.5543421169173,417.1612467523088,417.5080561439708,98852000
2023-08-21,423.2595520019531,424.00135836533855,419.3867000805202,421.5350602162778,68719000
2023-08-22,422.1131591796875,425.03225623516244,421.5544008373133,425.03225623516244,64994200
2023-08-23,426.8144836425781,427.43107286328376,423.0283341735705,423.1728380844883,68441000
2023-08-24,420.89923095703125,428.9243284062607,420.8703007742917,428.41372832126285,88517300
2023-08-25,423.866455078125,425.14776219480035,419.07836317797603,422.62366273446645,102325100
2023-08-28,426.55438232421875,427.1709421526019,423.8664919427265,426.05339622552776,61595400
2023-08-29,432.7201232910156,432.999517120143,426.26534084235647,426.4483889303442,83081900
2023-08-30,434.50238037109375,435.13822692888783,432.35399106524045,433.057282576268,69053900
2023-08-31,433.8665466308594,436.2557562391773,433.6834985527266,435.1189529964718,66084600
2023-09-01,434.67584228515625,437.06508153807744,433.2211009052936,436.58338220970904,58944100
2023-09-05,432.7971496582031,434.5505420529184,432.72973410501413,434.23263347174435,55166200
2023-09-06,429.8877258300781,432.093916863234,427.56593166865076,431.9879277285903,70758500
2023-09-07,428.5678405761719,429.24220190465525,426.5446977895423,426.8915071469469,70355400
2023-09-08,429.21331787109375,430.74511806057524,428.2595627004295,428.6160154651993,61659700
2023-09-11,432.0360412597656,432.344306415464,430.1285017684095,431.833706419373,60180100
2023-09-12,429.6661071777344,432.1131477113599,429.08809157187744,430.5909909482861,67565400
2023-09-13,430.1671447753906,431.3232055262028,428.7894623481302,429.8877509320253,60199300
2023-09-14,433.87615966796875,434.56980780447236,431.33280276784916,432.63339669886733,83430800
2023-09-15,428.648681640625,432.62223173023705,428.2136407942197,432.29352436707654,111848900
2023-09-18,428.90008544921875,430.1955896700722,427.86560575276553,428.3393267614431,55752200
2023-09-19,428.01055908203125,428.57131769081076,425.3325428427861,427.9815563611836,66514600
2023-09-20,424.07574462890625,429.6831540306982,423.87269606637597,429.26743850526196,82562600
2023-09-21,417.0664978027344,421.49441429318694,416.91180676973505,421.233389771168,104095800
2023-09-22,416.1287841796875,419.68659011386745,415.7130390399654,418.09138093997245,100829700
2023-09-25,417.8786315917969,417.91728222441265,414.4851650567311,414.92023546020613,70874500
2023-09-26,411.73944091796875,415.54862280920696,410.90798029741677,414.84285049792544,96168400
2023-09-27,411.9037780761719,413.4700137261174,408.2686420542666,412.90925504168933,104705800
2023-09-28,414.29180908203125,415.96437838949197,410.7630061946947,411.3527676631777,92258300
2023-09-29,413.2863464355469,417.5112441372113,411.76846823252566,417.3372277775056,115111300
2023-10-02,413.1219787597656,414.36915501527096,410.3666017087048,412.4548865420046,83798600
2023-10-03,407.5918884277344,413.1799731499237,406.2287013020404,410.94667474306095,103760600
2023-10-04,410.55999755859375,411.3044205907774,406.59612415084763,408.0559969911016,87453000
2023-10-05,410.4052429199219,411.2463514179395,407.1858225474584,410.269877205424,70142700
2023-10-06,415.2779541015625,416.81515765208843,406.63478734252965,407.95929439211045,113273300
2023-10-09,417.9366149902344,418.5070215863633,412.8319288458573,413.3829806224,80374400
2023-10-10,420.1119079589844,422.70291641435927,418.16863686530417,418.56502711101643,78607300
2023-10-11,421.8327941894531,422.08414129890025,418.79703802262225,421.17537943505704,62451700
2023-10-12,419.2610778808594,422.81888280363904,416.91176888328704,422.4418474172078,81154200
2023-10-13,417.1728820800781,421.9585387631344,415.6066757486928,420.75969048751125,95143100
2023-10-16,421.56207275390625,422.6255551040407,419.1740835467255,419.4157827397426,75433200
2023-10-17,421.5427551269531,423.5923892481788,418.09131276942526,418.4393454760135,75324700
2023-10-18,415.9256286621094,420.7306097718711,414.8428210042976,419.77349041439385,93559800
2023-10-19,412.2710876464844,418.44893239107597,411.5943476952613,416.64102737947263,121323000
2023-10-20,407.2051696777344,412.3775387523352,407.09880668145956,411.8361348739324,123919900
2023-10-23,406.4993896484375,410.35692908932583,403.92770652261123,405.67760643648245,92035100
2023-10-24,409.56414794921875,410.7146385432617,406.7700909338865,408.61667642933105,78564200
2023-10-25,403.6860046386719,407.91093157015536,403.17360349885,407.88192884542195,94223200
2023-10-26,398.8520202636719,403.47330792914914,397.9335809780985,402.6225515026816,115156800
2023-10-27,397.0440979003906,400.83395429205797,395.6229054415524,400.43756406837696,107367700
2023-10-30,401.7911376953125,402.84494282186495,398.5330367205683,399.82854108268697,86562700
2023-10-31,404.314453125,404.63348310254605,400.45691364342605,402.361504611754,79665200
2023-11-01,408.6263732910156,409.43847913059346,404.7495083565733,405.2812643437381,98068100
2023-11-02,416.45745849609375,416.61214954670544,412.3968995543654,412.41622487157895,94938900
2023-11-03,420.2569580078125,421.80383898984763,418.63274625361095,418.7584345746445,100167800
2023-11-06,421.22369384765625,421.66841210779677,419.2804228673673,421.0109973746679,67831700
2023-11-07,422.42254638671875,423.0606358569916,420.0829145000172,421.2237277176419,64256100
2023-11-08,422.7319641113281,423.5440700044392,420.43098266202935,423.0219913930459,61746000
2023-11-09,419.4351501464844,423.91142437106953,419.00975716373983,423.8727442351021,83174400
2023-11-10,425.9803161621094,426.2896982135309,419.4254351571336,421.5040718428815,89462200
2023-11-13,425.5742492675781,426.67638218285714,423.863029699829,424.6461326803493,52236100
2023-11-14,433.83074951171875,435.1165763059157,431.2783917339626,431.50076562505876,97176900
2023-11-15,434.74920654296875,436.3927730128096,433.8984205823122,435.16492211328534,77327600
2023-11-16,435.2809753417969,435.60000533429076,433.2410185572766,434.3045010394223,66665800
2023-11-17,435.8223571777344,436.43144390959674,434.37216191303287,435.2906012114316,83133200
2023-11-20,439.1771240234375,440.01823251915994,435.56128392675316,435.5709613361329,69936200
2023-11-21,438.219970703125,439.05143128536895,436.95346926763995,438.13296253247677,49244600
2023-11-22,439.91192626953125,441.2267854299995,438.8194705277012,439.8732756356209,59394900
2023-11-24,440.18255615234375,440.3759273074353,439.631504418495,439.9602117787139,29737400
2023-11-27,439.3898010253906,440.3662456876674,439.00305871890555,439.55413995178077,50506000
2023-11-28,439.8248291015625,441.1203331786689,438.44231685931027,439.00304598057033,62115000
2023-11-29,439.5155334472656,443.1023712619962,439.1191726740231,441.97120588419773,63146000
2023-11-30,441.2460632324219,441.59412543023933,438.28766732031204,440.35662667945024,79752700
2023-12-01,443.85650634765625,444.3882328932358,440.047323826649,440.63705583158986,89183400
2023-12-04,441.5264587402344,443.8757680204174,439.25448022667734,440.47265370720123,72430900
2023-12-05,441.43939208984375,442.3965114095888,439.7668231281598,440.14388801429857,69793500
2023-12-06,439.6604919433594,443.6050096339301,439.22542161159066,443.5760069120985,69124700
2023-12-07,443.0153503417969,443.6630877368815,441.13976201140014,441.73917136361564,66995400
2023-12-08,444.9199523925781,445.4516788944759,442.02920955180366,442.2709087807209,83194400
2023-12-11,446.6504821777344,446.8245280398024,444.21416465607524,444.4268611503367,65002200
2023-12-12,448.6904296875,448.7871152745883,445.30664066950123,446.3024402574832,68327600
2023-12-13,454.87786865234375,455.12924524748996,448.70970069679584,449.0674107718607,93278000
2023-12-14,456.3377990722656,458.00069086527446,453.66943027540754,456.8115200961749,119026000
2023-12-15,455.5863952636719,456.9163018501235,453.7420397034311,455.7417134699126,141553700
2023-12-18,458.1491394042969,459.12957270241793,456.13006180277284,457.1881393985243,70375300
2023-12-19,460.9350280761719,461.0127019870432,458.6150310014618,458.6926752884159,55761800
2023-12-20,454.54779052734375,461.96405036999886,454.1206728290634,460.0808576886502,102921000
2023-12-21,458.8576965332031,459.1294959653639,455.11071547850463,457.5277900582173,86667500
2023-12-22,459.77996826171875,461.4593188510491,457.887088433067,459.9838104781131,67160400
2023-12-26,461.72137451171875,462.62413389794295,460.109981297383,460.18765521976536,55387000
2023-12-27,462.55621337890625,462.70181495571654,460.9836571015111,461.5175394244562,68000300
2023-12-28,462.73089599609375,463.5656980482324,462.31349497002446,462.9153345190397,77158100
2023-12-29,461.39129638671875,463.060930093317,459.44014657654174,462.53673484415077,122283100
2024-01-02,458.8092041015625,459.7993540123723,456.7124526493962,458.3335624378489,123623700
2024-01-03,455.0622253417969,457.39193916554245,454.4603858132538,456.65418509885427,103585900
2024-01-04,453.5964660644531,457.16869615612853,453.37319057475315,454.5865863632777,84232200
2024-01-05,454.21771240234375,456.6639075045455,452.77132456262234,453.80028176128866,86118900
2024-01-08,460.7021179199219,460.84771948944723,454.5865853845721,454.71278328613425,74879100
2024-01-09,460.0032043457031,461.02244496424106,457.54729244084217,458.05205442710235,65931400
2024-01-10,462.604736328125,463.4686883884697,459.99350610212235,460.275022232607,67310600
2024-01-11,462.4009094238281,464.11906733105025,458.43068164604205,463.6045886611641,77940700
2024-01-12,462.72119140625,464.58498035155515,461.3136700813151,463.8472262405501,58026400
2024-01-16,461.0224304199219,462.6532272077025,459.2071951071508,461.34278348918724,85014900
2024-01-17,458.45977783203125,458.94513616011074,456.110630489601,458.00353981867966,68843900
2024-01-18,462.5367736816406,463.0900892897804,458.58597937392244,460.1294153145847,91856200
2024-01-19,468.3028259277344,468.58434205067863,462.5853202688259,463.6628015298727,110834500
2024-01-22,469.2929382324219,471.0110958989677,468.6425450951434,469.83653714242234,75844900
2024-01-23,470.66162109375,470.90430023582877,468.7493378931313,469.83653570981716,49945300
2024-01-24,471.1761779785156,474.45717543420074,470.68110299788805,473.525295727068,81765000
2024-01-25,473.73883056640625,474.0106300348732,471.1761540957068,473.30199623812143,72525000
2024-01-26,473.13702392578125,474.7969411657135,472.2925051479898,473.3117458196852,76641600
2024-01-29,476.8839111328125,477.029542315143,472.9039969579279,473.4475958586122,61322800
2024-01-30,476.5151062011719,477.2237103899132,475.7579187820987,476.19475312019154,58618400
2024-01-31,468.73968505859375,474.7581108271003,468.72025176527393,474.3115894395865,126011100
2024-02-01,474.87457275390625,474.9036930669608,469.6326794127357,470.43839078044346,91891600
2024-02-02,479.873779296875,481.5239798187347,474.971642466127,475.31139921660196,99228200
2024-02-05,478.12646484375,479.90289286822576,475.87442477356564,479.2428126687566,75757100
2024-02-06,479.5146179199219,479.84465802363434,477.6411122849623,479.0680669349689,55918600
2024-02-07,483.51397705078125,483.93137810723994,480.854193242822,481.756982255993,70556500
2024-02-08,483.7275695800781,484.10613370157176,482.69861221283804,483.5140107138251,52343600
2024-02-09,486.5231628417969,486.95996752942966,483.89249957484776,484.2322563033971,63979400
2024-02-12,486.30963134765625,488.75582660767503,485.59128089218916,486.49406987855394,56502300
2024-02-13,479.6116943359375,482.53356108402113,476.35010044182593,480.0485287007201,113099200
2024-02-14,483.97015380859375,484.4555120799487,479.92225279096976,482.2422795475269,68387800
2024-02-15,487.30950927734375,487.4939478237512,484.19348728209525,484.66915861837293,61683000
2024-02-16,484.8826904296875,488.1442842020213,484.144936285217,487.00856229426716,75532900
2024-02-20,482.2131652832031,483.814841673976,479.9708124113375,483.1450448811934,71736700
2024-02-21,482.6500244140625,482.8053426352379,479.1069145137689,480.9124629140013,59293400
2024-02-22,492.6387023925781,493.59970240133447,488.2898811137423,489.25091074641995,76402500
2024-02-23,492.9784240722656,495.1916567031526,492.25038663284334,494.3568250348437,61321800
2024-02-26,491.1729431152344,493.85213073904663,491.04674520195,493.4152963659735,50386700
2024-02-27,492.08538818359375,492.30866367947897,489.9692329795254,491.86214231163,48854500
2024-02-28,491.4350280761719,492.01743437576624,490.17307863790023,490.5322390639573,56506600
2024-02-29,493.2016906738281,494.8130838290683,490.5516532421677,493.1920036518268,83924800
2024-03-01,497.8320007324219,498.25911842016706,493.6676477127876,494.0753617325155,76844800
2024-03-04,497.29815673828125,499.14254217920546,497.0069535759895,497.03610351614157,49799300
2024-03-05,492.3280029296875,495.7449440770518,490.1244870696133,495.29839314371003,72855600
2024-03-06,494.82275390625,497.074823378055,493.53171394872805,495.5993152849811,68382400
2024-03-07,499.734619140625,500.7830096761973,494.8810360564722,498.1135389799133,58652100
2024-03-08,496.735107421875,503.04473579557066,496.1623881738849,500.36560770630734,86532500
2024-03-11,496.3079528808594,496.8903887313969,493.60936207648933,495.5313914960879,62557200
2024-03-12,501.6469421386719,502.2293483869414,495.9002573325016,498.41443934118087,73114400
2024-03-13,500.8605651855469,502.1419180781509,499.4239237216424,501.9671962175004,55104100
2024-03-14,499.87054443359375,501.9866995940405,496.8321966177629,501.831351753217,110171800
2024-03-15,496.4381103515625,498.2590153922283,494.7730358188075,496.80813351794416,107646300
2024-03-18,499.3885498046875,501.93972478311895,498.9795987021718,500.498619372016,88893300
2024-03-19,502.1636657714844,502.44602683293346,497.69420694088996,498.6971800566581,60755300
2024-03-20,506.8083190917969,506.94465591796825,501.5501987684062,502.2220766323413,69594600
2024-03-21,508.4831848144531,510.34298796408666,508.2007643189091,509.64192900671355,60256100
2024-03-22,507.51922607421875,508.88241615238655,507.2854803107173,508.3955498176283,79070800
2024-03-25,506.11700439453125,507.26600171225357,505.9611738991571,506.1461854674636,48512100
2024-03-26,505.18218994140625,507.87944816611747,504.78298573958654,507.5386061090331,65463700
2024-03-27,509.42779541015625,509.46678276035976,505.8444656756774,508.0061834942003,82999800
2024-03-28,509.330322265625,510.8298490860622,509.0479612048705,509.4666590943707,96294900
2024-04-01,508.4442443847656,510.60596189996124,507.28550008559404,510.07042079723595,62477500
2024-04-02,505.2115478515625,505.34782527414643,502.9134932946272,504.62727251731803,74230300
2024-04-03,505.7664794921875,507.266065898289,504.0721940901131,504.1208688391064,59155800
2024-04-04,499.593017578125,510.1093183056524,499.2911628340767,509.76853565111946,96858100
2024-04-05,504.8121643066406,506.7693762627344,500.50828302932854,500.9464745680228,74546500
2024-04-08,505.0945739746094,506.51624504555883,504.28641866242464,505.5133313161047,48401800
2024-04-09,505.6788330078125,507.0712635271461,500.8393509659492,506.8278303713481,68049200
2024-04-10,500.6153869628906,502.601780021425,498.6387407392185,499.99218385090813,82652800
2024-04-11,504.39349365234375,505.8345989017068,498.62901322296943,502.13442685782303,70099000
2024-04-12,497.43133544921875,502.2707879594682,495.70780962230026,500.85886371567153,92561100
2024-04-15,491.1994934082031,501.7644698822578,490.3523209615631,501.5989519571189,92101400
2024-04-16,490.3035888671875,493.19557596027215,489.018254666714,491.676555438244,73484000
2024-04-17,487.40185546875,492.9229325491744,486.00942494137024,492.75738492725213,75910300
2024-04-18,486.3988952636719,490.887817979909,485.4641202927352,488.7942988433905,74548100
2024-04-19,482.1534729003906,487.3142441699,480.8876025986124,486.32104754330464,102212600
2024-04-22,486.5937194824219,489.18385210193054,482.41639776348796,484.7533503648902,67961000
2024-04-23,492.367919921875,492.7963646750655,486.4086807205422,488.5995792337359,64633600
2024-04-24,492.13421630859375,494.04272395926796,489.91410708182036,493.25400289949073,55928100
2024-04-25,490.2646179199219,491.02412816029823,484.42222231211605,486.0678327855915,69122400
2024-04-26,494.90936279296875,496.4868049205615,492.4166096033967,493.0495298783495,64306100
2024-04-29,496.6620788574219,497.33395677101214,493.9258924563797,496.69128964862307,46415400
2024-04-30,488.7943420410156,496.1752226900087,488.7943420410156,495.20149000874,77483600
2024-05-01,487.2071533203125,494.841213980312,486.7397509352648,488.2100967940072,80242800
2024-05-02,491.76422119140625,492.6016467604268,486.4281553313073,490.9073316662554,62550200
2024-05-03,497.8597717285156,499.08665465274976,495.20147091341136,497.73318173027803,72756700
2024-05-06,503.0010986328125,503.0400265445959,499.8169737447077,500.2551653379584,47264700
2024-05-07,503.55615234375,504.9485829994704,502.8842743906612,503.9651034446084,52561300
2024-05-08,503.604736328125,504.14027734043043,501.6085965012132,501.72543965182825,42047200
2024-05-09,506.5064392089844,506.5454265470516,503.1373626535654,503.7897468150957,43643700
2024-05-10,507.15887451171875,508.911581170476,505.94170885537113,508.10336653372445,52233200
2024-05-13,507.22705078125,508.94082976185797,506.0878002167031,508.8337334335511,36716400
2024-05-14,509.55426025390625,510.07036706182174,506.88624242560803,507.4217834719146,57535900
2024-05-15,515.8641357421875,516.1562436643347,511.38492968552964,512.0178797101214,59504900
2024-05-16,514.8026733398438,517.5583531460086,514.6565896819933,515.9614174721102,50244800
2024-05-17,515.542724609375,515.6108930215729,513.4686694664939,514.9195214966393,59187600
2024-05-20,516.1367797851562,517.5973789121299,515.2701433728218,515.6596602461204,37764200
2024-05-21,517.402587890625,517.5584184029028,515.1727614260365,515.3772666864285,33437000
2024-05-22,515.9127807617188,517.4220544657823,513.741316563043,516.7112486575287,48390000
2024-05-23,512.1444091796875,519.0676335599267,510.9369308576571,518.9605372397859,57211200
2024-05-24,515.5330200195312,516.3412347653415,513.0402667962413,513.9847589456947,41291100
2024-05-28,515.8932495117188,516.5748741957514,513.2641596915468,516.3411878885217,36269600
2024-05-29,512.2807006835938,513.458938533357,511.5698948988185,511.87174962966077,45190300
2024-05-30,508.8823547363281,511.40434819604866,507.63600797436754,510.7422171925198,46377600
2024-05-31,513.5174560546875,513.6440460717812,504.7441141188356,509.8367770177735,90785800
2024-06-03,513.9360961914062,515.4064420460951,508.87267437322015,515.1240809646227,46835700
2024-06-04,514.5105590820312,515.250605333056,511.17066354967966,512.6312623824123,34632700
2024-06-05,520.6256103515625,520.645104022442,514.8416361330836,516.8280887412405,47610400
2024-06-06,520.615966796875,521.3560132540258,518.6879948188819,520.9275684331457,30808500
2024-06-07,519.9829711914062,522.787325920015,518.5515533208824,519.6421291117942,43224500
2024-06-10,521.589599609375,521.9109480214009,518.5807990347079,519.1747616812378,35686100
2024-06-11,522.8457641601562,522.9041857425336,518.0744503489441,520.0414093421914,36383400
2024-06-12,527.1399536132812,529.8274655446977,526.1077992631506,527.4028804771598,63251300
2024-06-13,528.2012329101562,529.0581223075357,525.4163720846324,528.8828575806059,44760900
2024-06-14,528.522705078125,528.551886156822,525.6696157422205,526.6725890295746,40089900
2024-06-17,532.7291259765625,534.1216160104203,527.3833430672393,527.8410283318889,55839500
2024-06-18,534.0827026367188,534.2092926573293,532.3689233717765,532.7876213507444,41376400
2024-06-20,532.6318359375,535.6698774866474,530.8596351285086,535.0077463215187,70328200
2024-06-21,531.9176025390625,533.031253064821,530.4620700069489,531.8101607226251,64338600
2024-06-24,530.1885986328125,534.3012597413704,530.0713785197397,531.7418545665156,45528700
2024-06-25,532.2302856445312,532.5917242597523,529.8955424418219,531.4096852385123,37936200
2024-06-26,532.8945922851562,533.6076912884868,530.4719636310322,531.1166742934914,38550600
2024-06-27,533.7345581054688,534.3109399086211,532.0152505978965,532.7576842601343,35041500
2024-06-28,531.63427734375,537.554190328543,530.3936880532558,534.506288952046,76144500
2024-07-01,532.7284545898438,533.2559450469041,529.9736629556671,533.0117265646933,40297800
2024-07-02,536.3136596679688,536.3136596679688,531.0776287968915,531.1264605772033,40434800
2024-07-03,538.7069702148438,539.068408833479,535.9619565950238,536.0010100914286,32789900
2024-07-05,541.8134765625,542.213968717536,538.3748605783948,539.0098526062544,41488400
2024-07-08,542.4386596679688,543.3861988920726,541.3738407022457,542.5949332840256,36110500
2024-07-09,542.9661254882812,544.2946598471173,542.6730752067231,543.3959524424528,27289700
2024-07-10,548.3389282226562,548.6808102777995,543.894163387503,544.1872136667199,38701200
2024-07-11,543.61083984375,549.3255886798729,542.9759074999535,548.4561564855596,53054200
2024-07-12,547.0397338867188,550.6346235261244,544.2654447499774,544.7343252522627,53084400
2024-07-15,548.5441284179688,551.7775792240066,546.6880438244344,549.0325654558818,40584300
2024-07-16,551.7970581054688,552.090108393895,549.1008762046278,549.8530882979716,36475300
2024-07-17,544.0601806640625,547.5476278240299,543.7377955656038,545.8771519032762,57119000
2024-07-18,539.8792724609375,546.5806748281783,537.700862061102,545.5940223403177,56270400
2024-07-19,536.2940063476562,541.2663208584747,535.2389658144236,539.6446767543289,65509100
2024-07-22,541.8232421875,542.4288993582354,538.277184442637,540.2113760766848,43346700
2024-07-23,540.9733276367188,543.8648365993427,540.484890622907,541.7157018138391,34439600
2024-07-24,528.7135620117188,536.4699449259502,527.7952979520205,536.1671163330532,74515300
2024-07-25,525.958740234375,534.7994982405838,525.0209792890996,528.8307523766035,61158300
2024-07-26,531.8493041992188,534.5357078065754,528.9675138593225,529.7392825093052,53763800
2024-07-29,532.161865234375,534.3988851266782,530.169004207153,533.3927359573876,39515800
2024-07-30,529.4658203125,534.6823548134623,526.0663171509535,533.6273139750385,46853600
2024-07-31,538.0719604492188,540.6997538692295,534.9166765387299,536.2842643515584,65663400
2024-08-01,530.4522705078125,542.0379798774079,526.9550454850472,539.79118198238,76428700
2024-08-02,520.5762939453125,524.571676102486,516.3756871144337,523.3603616135271,82789100
2024-08-05,505.41510009765625,511.4717311244644,498.4695101090915,499.80785259777787,146267400
2024-08-06,510.0748291015625,517.4990483238507,505.89377938390135,507.21253555376086,84826300
2024-08-07,506.66546630859375,519.2965001883216,506.06958745039486,516.248598311969,70698300
2024-08-08,518.3782348632812,519.0033889369354,509.77197692780607,511.79405372836936,63276600
2024-08-09,520.6640014648438,522.1488688468696,516.3364573171235,517.5575496711185,45619600
2024-08-12,520.9376220703125,523.3406939742863,518.6712672136742,521.8558860240913,42542100
2024-08-13,529.5049438476562,529.7394437722859,523.8781977537761,524.1224163378806,52333100
2024-08-14,531.1752319335938,532.3572709257232,527.6291745808618,530.2960214933445,42446900
2024-08-15,540.2797241210938,540.5629961238054,536.1866195717042,536.7922766972661,60846800
2024-08-16,541.4910888671875,542.1846909540823,538.5116347380534,538.6679083622046,44430700
2024-08-19,546.66845703125,546.66845703125,541.0514314058853,541.9013070349608,39121800
2024-08-20,545.779541015625,547.8700657821756,544.4412283435015,546.2191462607274,33732300
2024-08-21,547.6551513671875,549.1106842316043,541.9013486274712,546.8248322343893,41514600
2024-08-22,543.3569946289062,550.1560612227091,542.1456800364664,549.5504039264893,56121500
2024-08-23,549.130126953125,550.0679473561338,544.4020310704757,546.5902786774961,50639400
2024-08-26,547.8212890625,550.8691319518803,546.1215374076925,550.1560328291254,35788600
2024-08-27,548.5733642578125,549.0618012606642,545.4083020191189,546.5512279111676,32693900
2024-08-28,545.3888549804688,548.6614193309421,542.2042355425785,548.2315922971716,41066000
2024-08-29,545.4375610351562,550.6443160255352,544.294635177053,547.3522554939839,38715200
2024-08-30,550.644287109375,551.1522806301471,544.255553101835,547.8016102208953,62700100
2024-09-03,539.3126831054688,547.8407751289367,536.8021094517958,547.5086116923438,60600100
2024-09-04,538.2088623046875,541.6083655035815,536.7533292597282,537.4762066412244,47224900
2024-09-05,536.8997192382812,540.9928237930679,534.4477558926965,538.1501466111926,44264300
2024-09-06,527.863525390625,538.8435776360059,526.9648181668874,537.2219933220675,68493800
2024-09-09,533.773681640625,535.043665505135,530.1299607989381,532.0544335310877,40445800
2024-09-10,536.0986938476562,536.4504138231891,530.8138314182086,535.6786451567546,36394600
2024-09-11,541.5984497070312,542.5167136236998,527.4728902611638,536.0107592184578,75248600
2024-09-12,546.1604614257812,546.4632899534062,539.957276313442,542.1747991721596,51819600
2024-09-13,549.012939453125,550.0093699640063,546.5121445202687,546.7661412876428,39310500
2024-09-16,549.8237915039062,550.0875069413107,546.9517795427174,548.7491943236346,36656100
2024-09-17,550.0485229492188,553.4773606816602,547.8212213158272,552.0315464267048,49321000
2024-09-18,548.4171752929688,555.5385664291312,547.8603498689396,550.7030274298603,59044900
2024-09-19,557.7755126953125,559.6315971955383,554.9426137920285,557.8048475354702,75315500
2024-09-20,556.8113403320312,557.8500005367814,553.7933228326182,556.4096197933483,77503100
2024-09-23,558.2027587890625,558.8495067502496,556.6643550711399,557.8794446150124,44116900
2024-09-24,559.7999267578125,559.8587165873663,556.1743944512203,558.9964258828836,46805700
2024-09-25,558.565185546875,560.3779812951763,557.4579274397835,559.6430786474534,38428600
2024-09-26,560.77978515625,563.1413061737785,558.4281322177342,562.817932214862,48336000
2024-09-27,559.9664306640625,562.6610738881527,558.9375788488986,561.847824630314,42100900
2024-09-30,562.21044921875,562.8179640810873,556.6447925339722,558.9376557740085,63557400
2024-10-01,557.1738891601562,562.5043864049716,554.6066335561335,561.8576982708267,72668800
2024-10-02,557.4091186523438,558.4282222492225,553.8914170466389,556.2823034605133,38097800
2024-10-03,556.3900146484375,558.3301388916863,554.106899883147,555.9392527365582,40846500
2024-10-04,561.4461059570312,561.8184614824812,556.6643337627131,560.8287828388663,42939100
2024-10-07,556.370361328125,560.446655391967,555.2239297880301,559.7999074826037,49964700
2024-10-08,561.6322631835938,562.230029540932,558.0655806170524,558.9376197622599,37398700
2024-10-09,565.5222778320312,566.0808109993588,561.0246474880391,561.6223539313705,37912200
2024-10-10,564.53271484375,565.9535388259317,562.9257131010544,564.1799758679994,44138100
2024-10-11,567.9132690429688,568.6481717987969,564.3171018304082,564.4542980317323,42268000
2024-10-14,572.557861328125,573.4887501402064,569.0401003876937,569.5202272995722,36217200
2024-10-15,568.1092529296875,573.1261842726946,566.8941634738084,572.8224268603595,54203600
2024-10-16,570.57861328125,571.0979733835155,567.3058791131047,568.1093801464922,30725400
2024-10-17,570.62744140625,574.3215715502484,570.4412636582532,574.1157772582931,34393700
2024-10-18,572.822509765625,573.6063941876963,570.852960533333,572.3129579783322,37416800
2024-10-21,571.8818359375,573.0772492638474,568.9127995570122,572.0973787445921,36439000
2024-10-22,571.5780029296875,572.7342428128154,568.697181591541,569.3536780068462,34183800
2024-10-23,566.3552856445312,570.0004346494243,562.8571411229607,569.5594810059998,49314600
2024-10-24,567.5801391601562,568.3836400907534,564.9639018539431,568.3052337104026,34979900
2024-10-25,567.3840942382812,572.6950344865168,566.443456997856,569.8044050522926,47268200
2024-10-28,569.1381225585938,570.9802836348513,568.8343651367928,570.8528957024953,30174700
2024-10-29,570.0592041015625,571.1762108700161,566.7864107519835,568.1778099310847,42899700
2024-10-30,568.3346557617188,571.5780244818477,567.6291179550885,569.5888588084969,41435800
2024-10-31,557.1935424804688,564.0428273008541,556.9975564307639,563.9742291931302,60182500
2024-11-01,559.5451049804688,563.9643295266857,559.1335762073604,559.8194973668982,45667500
2024-11-04,558.33984375,560.9756970155746,556.4585096866238,559.6822611574623,38217000
2024-11-05,565.09130859375,565.1304818819561,559.0357163025479,559.2512590975022,39478300
2024-11-06,579.142578125,580.0146771322202,573.6063462638446,577.3396500855225,68182000
2024-11-07,583.62060546875,584.639708979933,581.063158030651,581.1415644099445,47233200
2024-11-08,586.148681640625,587.5695056932594,584.1693242787533,584.1693242787533,46444900
2024-11-11,586.7072143554688,588.0888053142032,584.9826328704219,587.7360663213191,37586800
2024-11-12,584.8847045898438,587.2265495486535,582.4056036057904,586.6288429184635,43006100
2024-11-13,585.1688232421875,587.1677373847895,582.9837313260188,585.3451927424278,47388600
2024-11-14,581.4060668945312,585.7763103260314,580.7202054727688,585.296183408181,38904100
2024-11-15,573.9591064453125,578.3195418358689,572.1071369723535,577.8491633593196,75988800
2024-11-18,576.3108520507812,577.6238450144261,573.5574183688442,574.4196493771738,37001700
2024-11-19,578.4175415039062,579.1426361014928,572.2737941658764,572.9400989259979,49412000
2024-11-20,578.6134643554688,578.8976052377521,572.8616299600318,578.495884693383,50032600
2024-11-21,581.7196655273438,583.1404896221547,575.6249001169805,581.455141177832,46750300
2024-11-22,583.522705078125,584.1498365668012,581.210224996001,581.7099087255345,38226400
2024-11-25,585.5018920898438,588.7648169220731,583.2187776891993,587.4518242946534,42441400
2024-11-26,588.5591430664062,589.2254477201681,586.0310608458545,586.7463470552605,45621300
2024-11-27,586.7757568359375,588.7550542016285,585.256969810655,588.3729502321648,34000200
2024-11-29,590.4207763671875,591.2046605649765,587.3146045826015,587.5889371388888,30177400
2024-12-02,591.4791870117188,592.1552999944694,590.3425038316959,590.8324390421951,31746000
2024-12-03,591.7535400390625,591.9985076527607,590.2151960547985,591.2440480710218,26906600
2024-12-04,595.427978515625,595.6729460981672,592.7725681970518,593.438872844782,42787600
2024-12-05,594.4481201171875,596.2314913306755,594.0953811448159,595.4279904670244,28762200
2024-12-06,595.5750732421875,596.8097196143469,594.8009970944031,595.212525949607,31241500
2024-12-09,592.5079956054688,595.6239761392873,591.9200973185369,595.4574149257465,34742700
2024-12-10,590.6658325195312,593.6054435570935,590.0093361336401,593.184106485161,37234500
2024-12-11,595.2319946289062,596.1824400499527,593.311427437485,593.5858198104879,28677700
2024-12-12,592.1651611328125,594.9381516110824,592.1651611328125,594.3698697768823,31543800
2024-12-13,592.0475463867188,594.9087513561514,590.6757038334936,594.1934650654297,35904700
2024-12-16,594.575439453125,595.5455612250375,593.0272875396962,593.8013634964105,43695200
2024-12-17,592.1257934570312,592.9880840930309,590.7540109408761,592.0278303510687,55773500
2024-12-18,574.4784545898438,594.2031909866316,574.0962907751041,591.822113059209,108248700
2024-12-19,574.3019409179688,581.0630696987981,574.0569733506421,579.456068103567,85919500
2024-12-20,581.199951171875,585.7225012446567,571.132257605004,571.9778279294948,125716700
2024-12-23,584.6803588867188,585.2800771480029,577.7686569320756,580.9443313472664,57635800
2024-12-24,591.1790771484375,591.2184422848073,585.4471892507113,586.0272849416975,33160100
2024-12-26,591.2183837890625,592.3391499159457,588.0132458991934,589.409327922106,41219100
2024-12-27,584.9949340820312,587.7183292627742,580.8164691334702,587.4823184826345,64969300
2024-12-30,578.3192138671875,581.7799853973963,574.5733451400716,577.9948115421023,56578800
2024-12-31,576.2152709960938,580.6985158642835,574.583178079053,579.9807622286955,57052700
