Date,Close,High,Low,Open,Volume
2020-01-02,296.12530517578125,296.1435533670269,293.9923531023892,294.9129966046256,59151200
2020-01-03,293.8829650878906,295.0041439336054,292.688876931802,292.74356586892327,77709700
2020-01-06,295.004150390625,295.0861837981025,292.01434006994486,292.1328420420894,55653900
2020-01-07,294.1746826171875,294.91301114756425,293.7280191701127,294.4390032296372,40496400
2020-01-08,295.7424621582031,296.95477064555246,294.11995883928836,294.3660590478099,68296000
2020-01-09,297.7477722167969,297.820709338136,296.71775096243204,297.3011366636997,48473300
2020-01-10,296.8909912109375,298.48615024274386,296.4261352089056,298.33120751452185,53029300
2020-01-13,298.93280029296875,298.9418965712198,297.0824170116794,297.5108322451486,47086800
2020-01-14,298.47705078125,299.54351294484616,297.92100945963375,298.4952711557389,62832800
2020-01-15,299.15155029296875,299.90809914567166,298.30384393795646,298.38587734482564,72056600
2020-01-16,301.6400451660156,301.6400451660156,300.3001103883815,300.5279902633712,54050300
2020-01-17,302.578857421875,302.7884890679203,301.5761805798231,302.35097758583424,95846000
2020-01-21,301.9863586425781,302.7885001455664,301.5488471444855,301.62175645504635,77742400
2020-01-22,302.02288818359375,303.4904491427102,301.8679454358583,302.84325022550865,48914900
2020-01-23,302.369140625,302.77933537903976,300.2635335646252,301.3755880663374,51963000
2020-01-24,299.6802062988281,303.1075279519649,298.39496067890184,303.0254945486543,87578400
2020-01-27,294.87646484375,296.3531215152195,294.1107920443717,294.4480497017618,84062500
2020-01-28,297.966552734375,298.8416034600196,294.96764649476006,296.2984568633764,63834000
2020-01-29,297.7204284667969,299.55259115613137,297.5198931086739,299.32471133178075,53888900
2020-01-30,298.6866455078125,298.89630496665,294.91296997027223,295.6603946749964,75491800
2020-01-31,293.26318359375,298.221851981053,292.35166407869235,298.0668814238513,113845600
2020-02-03,295.44158935546875,297.30109625380913,294.6212276647578,294.73972960780577,69083000
2020-02-04,299.9445495605469,300.81050405404096,298.7231169921296,299.04215432222543,62573200
2020-02-05,303.4083251953125,303.6179846653886,301.41212336008243,302.870532103236,65951100
2020-02-06,304.4292297363281,304.6206410029242,303.35361580732535,304.3654167083422,50359700
2020-02-07,302.80670166015625,304.4383010658972,302.2597845544811,303.37183913632214,64139400
2020-02-10,305.0672302246094,305.13104324290214,301.8860372115477,301.92250576733755,42070000
2020-02-11,305.5959777832031,307.2002328793031,305.0672809970112,306.41633961218275,54864500
2020-02-12,307.5648498535156,307.77448148627434,306.6624268441835,307.02702899526753,43992700
2020-02-13,307.2366638183594,308.2028719590965,305.86938499837,306.14282963542433,54501900
2020-02-14,307.7289733886719,307.84747536853007,306.4528517159032,307.64693997585454,64582200
2020-02-18,306.9359130859375,307.79274347896046,305.550385905375,306.7353777212436,57226200
2020-02-19,308.4034423828125,309.07795777585227,307.61954912250815,307.90211788539574,48814700
2020-02-20,307.13641357421875,308.67688328776865,304.1557279094007,307.85649373249373,74163400
2020-02-21,303.9735412597656,306.0973695137125,303.15315143324005,305.78745621324725,113788200
2020-02-24,293.8921203613281,304.04643281297626,292.81650624331786,294.5484154937722,161088400
2020-02-25,284.9865417480469,295.8883062471929,284.11149089171784,295.2776038121276,218913200
2020-02-26,283.9382019042969,289.96332985080215,283.20899774544955,286.38106643552646,194773800
2020-02-27,271.1861267089844,283.9929622601153,271.1861267089844,278.43268874388383,284353500
2020-02-28,270.0466613769531,271.5324419822393,260.2751753707995,263.15557910658106,384975800
2020-03-02,281.74151611328125,281.80532914475464,268.40598340350584,271.8241810091955,238703600
2020-03-03,273.67449951171875,286.07116546161603,271.2407589694564,282.11517570579525,300139100
2020-03-04,285.177978515625,285.39676211227726,276.4911987598748,279.03434596352906,176613400
2020-03-05,275.6981506347656,281.17639114422417,273.46494478951723,277.995197331708,186366800
2020-03-06,271.14056396484375,272.3437762979566,264.55029623787203,267.2119174164198,228667200
2020-03-09,249.96597290039062,259.04469825650165,249.25498888727407,250.94127750870393,309417300
2020-03-10,262.9004211425781,262.99155082298614,249.30054030564344,259.45487913879975,276444100
2020-03-11,250.08450317382812,256.9938372938662,246.91243278073932,255.86356189562727,255316300
2020-03-12,226.15707397460938,243.06576125881952,225.76511340861424,233.3489613279396,392220700
2020-03-13,245.49041748046875,247.4593027706441,226.5308107156286,239.81164146550884,329566100
2020-03-16,218.62789916992188,234.1692913616769,216.35821121478764,219.84020754106757,297240000
2020-03-17,230.4320831298828,233.50391264622428,216.0938883539165,223.35868442017195,262070500
2020-03-18,218.7646484375,226.39406110097966,207.8446502974257,215.34645080566406,327597100
2020-03-19,219.22950744628906,225.49165465544974,211.6730183757266,218.08099810602204,289322000
2020-03-20,209.78201293945312,224.149511692918,209.50694631687315,222.37076338943308,347158800
2020-03-23,204.41827392578125,210.5888688079637,200.11810699641129,209.22272735900054,326025200
2020-03-24,222.93917846679688,223.81022492489032,214.3663660879373,214.93482673177368,235494500
2020-03-25,226.27662658691406,235.04200407098807,219.82180274754663,224.5162200852684,299430300
2020-03-26,239.48895263671875,240.95593755024464,228.3488575711158,228.77979208422354,257632800
2020-03-27,232.3555450439453,239.13128235143066,230.18254563117415,232.21801874837786,224341200
2020-03-30,239.9014892578125,240.61665407010992,232.45643301160396,234.44605962945386,171369500
2020-03-31,236.3256378173828,241.44181196172076,234.92281361805342,238.90206639274638,194881100
2020-04-01,225.6897735595703,236.24306042564587,223.62679568794547,227.36766390734752,189554600
2020-04-02,230.897705078125,231.67704405266247,224.2594942177443,224.80962736839078,177660400
2020-04-03,227.56028747558594,232.26388300481995,224.83715469449982,229.91666012342145,135561200
2020-04-06,242.8446807861328,244.80681626495058,227.5419743229143,236.40819703837275,188061200
2020-04-07,243.09226989746094,252.16937148515606,242.87222776811677,251.41752356864058,201427200
2020-04-08,251.25245666503906,253.05871017209918,243.20225678677284,245.68699208459705,153774500
2020-04-09,255.0758514404297,257.8264895451894,252.57276069196072,254.50736272812495,189999200
2020-04-13,252.7468719482422,254.44310371758465,248.85013614504348,254.10386295990153,114839100
2020-04-14,260.2012023925781,261.21892505517496,252.60944238232008,257.6247736197147,134143400
2020-04-15,254.67242431640625,260.3387321420968,252.5635849639978,254.49821499657006,121775000
2020-04-16,255.90101623535156,256.75370726229335,252.83864275488824,255.94684900762073,131798300
2020-04-17,262.8143005371094,263.4194162623719,258.9267132107058,261.65902364519036,146684800
2020-04-20,258.18408203125,262.95186638326464,257.96403991624453,259.11928900096365,100109300
2020-04-21,250.34471130371094,254.9291074264228,249.40947658688037,253.72799788074695,126385700
2020-04-22,255.90101623535156,257.6430812956117,253.89304834549813,255.21335676570135,92951600
2020-04-23,255.88265991210938,260.3387078110824,255.5801020580558,257.1754630685727,104709700
2020-04-24,259.44940185546875,260.11873398584896,255.3509492350438,257.39560066112443,85063200
2020-04-27,263.1901550292969,264.30874873794517,260.96214535761493,261.4205849434391,77896600
2020-04-28,261.97991943359375,267.1786091367333,261.6773336103177,266.83019054311086,105270000
2020-04-29,268.83819580078125,270.36939668055743,266.2709447231819,267.29784515422165,118745600
2020-04-30,266.3350830078125,268.9390166066362,264.6021678699744,267.4628265283742,122901700
2020-05-01,259.2843017578125,266.5001372793607,258.1198471539412,261.5948274910563,125180000
2020-05-04,259.99951171875,260.3020696248995,255.92856473218876,257.40472721224256,80873200
2020-05-05,262.4017333984375,265.20738229155137,260.1278622774751,262.81434034545913,79569900
2020-05-06,260.62298583984375,264.48304052192884,260.1920513755059,264.09796681903833,73632600
2020-05-07,263.7678527832031,265.6933050734505,263.2635803176103,263.8320410550969,75250400
2020-05-08,268.1322021484375,268.5998195757135,265.7666377314456,266.8944094168429,76452400
2020-05-11,268.1871643066406,269.5624830979567,265.7849452947577,266.20670188943353,79514200
2020-05-12,262.8417663574219,269.78252047171196,262.70421209592996,269.36994163003214,95870800
2020-05-13,258.1932678222656,263.3186207708161,255.77269255804435,262.2825424788248,144721100
2020-05-14,261.2831115722656,261.41146013220174,250.29888679853764,255.7635079143885,121977900
2020-05-15,262.48419189453125,262.53002466488874,257.95480613821377,258.89919065123917,111146300
2020-05-18,270.4793701171875,272.0839087534759,268.37055910186746,268.6914444443786,119703800
2020-05-19,267.70135498046875,271.58891577815547,267.6830274604417,269.8835330443974,95189300
2020-05-20,272.2489929199219,273.1108617924765,271.00205036955106,271.23127021904025,85861700
2020-05-21,270.369384765625,272.92748596370774,269.278296110494,272.1206276660374,78293900
2020-05-22,270.8828125,271.05702179895974,268.8473394108852,270.08513201578137,63958200
2020-05-26,274.2202453613281,277.07175449936034,270.90114681308035,276.83335693039163,88951400
2020-05-27,278.3003845214844,278.3370675296901,272.19396476879547,277.007581296367,104817400
2020-05-28,277.7869567871094,281.3352756373356,277.1176247426951,279.32730748503195,90405200
2020-05-29,279.0247802734375,279.61156861200794,274.57790903661964,277.31936982817837,119090800
2020-06-01,280.1524353027344,280.75757894742645,277.8694149921172,278.3828651183529,55758300
2020-06-02,282.4720764160156,282.51793715561183,279.7397948418293,281.0692526334309,74267200
2020-06-03,286.2314147949219,287.1849772402928,284.17761381806736,284.4526664557033,92567600
2020-06-04,285.4795837402344,286.98327953028644,283.3890996283888,285.2503638684051,75794400
2020-06-05,292.7962951660156,294.565865879508,290.797504578311,290.86169285851645,150524700
2020-06-08,296.33538818359375,296.52792499363557,293.0621225082108,293.60307791418927,73641200
2020-06-09,294.125732421875,296.40875303318035,292.814573695221,293.67644251654445,77479200
2020-06-10,292.4844970703125,295.59273133209695,291.76933233464445,294.7033572907335,95000800
2020-06-11,275.623046875,286.2038408309795,275.0729417317749,285.57119193533765,209243600
2020-06-12,278.923828125,283.3890255846192,273.78014897594073,282.6188503742168,194678900
2020-06-15,281.5278625488281,282.6556345001692,272.07483636108043,273.2484410988326,135782700
2020-06-16,286.94659423828125,289.4038525103005,282.0963219351536,289.2571484357814,137627500
2020-06-17,285.7546081542969,288.25769873534205,285.0210879201945,287.96429064170104,83398900
2020-06-18,285.86474609375,286.34151345518063,283.78343928904934,284.24187912998366,80828700
2020-06-19,284.23089599609375,289.5169330939847,282.2877529407937,289.3235490329569,135549600
2020-06-22,286.0543212890625,286.45030759053503,282.490388367676,283.6323128106449,74649400
2020-06-23,287.3712463378906,289.6274972240298,286.9660418676936,288.69736494870455,68471200
2020-06-24,280.040771484375,285.95305250280444,278.20816137818287,285.3360276763805,132813500
2020-06-25,283.04296875,283.3100417218154,277.45301313177083,279.46981736237365,89468000
2020-06-26,276.32025146484375,282.1588713157659,275.7400992165521,281.9470509652658,127961000
2020-06-29,280.3815612792969,280.5196928041572,275.28890629956817,277.5727838921979,79773300
2020-06-30,283.97308349609375,285.6675903215087,279.792153347328,279.9486930198918,113394800
2020-07-01,285.9622802734375,287.22395639224413,284.62697148514405,285.08742860608777,72396500
2020-07-02,287.5369567871094,290.7325291406338,286.8738976557018,289.38797461324,69344200
2020-07-06,291.97576904296875,292.55594935283244,290.6036161923204,291.34955427526955,61713800
2020-07-07,288.96441650390625,292.4086261412663,288.58683836174674,290.43788464051073,82910000
2020-07-08,291.17462158203125,291.2851267804882,287.9698584105039,289.728779659392,54638600
2020-07-09,289.5169677734375,292.0218551502653,286.1095744969354,291.78240850045916,83354200
2020-07-10,292.4731750488281,292.74024807034215,288.0251712561306,289.45257720821917,57550400
2020-07-13,289.9405517578125,297.18814022544717,289.2867107064114,294.81219454195264,102997500
2020-07-14,293.69793701171875,294.47150148289853,287.3251990766644,288.5223761645233,93657000
2020-07-15,296.396240234375,297.4921303782736,294.0202658653574,296.91194993690715,87196500
2020-07-16,295.42010498046875,295.871343992354,293.85453943512255,294.49919068416483,54622500
2020-07-17,296.2765197753906,297.0593024720893,294.45309952821765,296.4238694209868,62774900
2020-07-20,298.6709289550781,299.4168672808463,295.26353484413016,296.0094731698983,56308800
2020-07-21,299.3063659667969,301.0745056864678,298.320980919731,300.6324848085871,57292200
2020-07-22,301.0100402832031,301.3231758826921,298.83669598418305,298.94720120561465,57792900
2020-07-23,297.41839599609375,301.35071700630476,296.05546117826077,300.65081332964456,75738000
2020-07-24,295.5029296875,296.5251308789289,294.00183516323403,295.5674004213925,73766600
2020-07-27,297.6578674316406,297.83284336537673,295.4016165623497,296.19361733148213,48293000
2020-07-28,295.7699890136719,298.0446479275418,295.4752897615271,296.9303216498821,57495000
2020-07-29,299.4075622558594,299.96933442324314,296.60797576059025,296.64482019059875,48454200
2020-07-30,298.33929443359375,298.7537169791964,294.3609672745089,296.4422138237154,61861700
2020-07-31,300.6969299316406,300.798245119707,295.9173824216007,300.12596755695097,84986800
2020-08-03,302.7873229980469,303.5516692549566,301.811156402926,302.3544922923563,53077900
2020-08-04,303.9569091796875,303.9569091796875,301.9308868941844,301.9308868941844,41917900
2020-08-05,305.84478759765625,306.10267054186585,304.98834417548517,305.2554171505095,42697700
2020-08-06,307.88916015625,308.008883470918,304.94225226748324,305.26457778295924,43679400
2020-08-07,308.1102600097656,308.3957411535914,306.0197668612782,306.922272863609,57308300
2020-08-10,309.0311584472656,309.21532440909493,306.62755797641967,308.56148325207386,44282100
2020-08-11,306.4802551269531,310.8454078392464,305.75275309496504,310.20997475019243,69601100
2020-08-12,310.7532653808594,311.526829875344,308.8838108265044,308.91143712616207,53774400
2020-08-13,310.1914367675781,311.4991469565095,309.270522807618,309.98883457222433,41816100
2020-08-14,310.20074462890625,310.73489061846544,309.07722814860483,309.80475825655594,47260400
2020-08-17,311.1861877441406,311.5821741904847,310.2100207301367,311.2138140519303,35481000
2020-08-18,311.8584289550781,312.2820416597443,309.98894596467176,311.5821378053685,38733900
2020-08-19,310.5599060058594,312.7516581960092,309.99813372934017,312.2359484919656,68054200
2020-08-20,311.5268249511719,312.0056901723592,308.70883001435334,308.83774337602864,42207800
2020-08-21,312.6319274902344,312.85293788001695,310.8545419255064,311.1953037485117,55106600
2020-08-24,315.7999267578125,315.8735875319697,312.60435318835533,315.0631784958775,48588700
2020-08-25,316.90496826171875,316.9878471615432,315.2012714878101,316.36163229349035,38463400
2020-08-26,320.0821228027344,320.34916765874164,316.9510204608459,317.4943564112972,50790200
2020-08-27,320.78204345703125,322.22788555251475,319.1244090738759,320.94782937860447,58034100
2020-08-28,322.85406494140625,322.983006410203,320.61625033931085,321.804237442081,48588900
2020-08-31,321.6844177246094,323.5170273100685,321.4541892599412,322.64217600676585,66099200
2020-09-01,324.7142639160156,324.81555096041706,321.6199784344271,322.5132660887835,54908700
2020-09-02,329.4109802246094,330.3779287745175,325.47865908576307,326.6206116646277,69540000
2020-09-03,318.07452392578125,328.1953605553692,315.4959476689743,327.7256853866652,148011100
2020-09-04,315.47760009765625,320.3215899223895,308.38654915956926,318.75605256613443,139156300
2020-09-08,306.8578186035156,315.54206103531834,306.5539292774732,310.0810183653904,114465300
2020-09-09,312.9173889160156,315.3762136597868,309.9888609153848,310.8545223596372,91462300
2020-09-10,307.48394775390625,315.44062903377323,306.5261894530865,314.78678805051163,90569500
2020-09-11,307.640625,310.32048895230275,304.8226295252226,309.2614431412323,84680200
2020-09-14,311.6925354003906,313.460702594157,307.78786914857267,310.7992477225099,65605700
2020-09-15,313.26739501953125,314.97106380213984,311.70182964170226,314.14224664496544,52920900
2020-09-16,312.0240783691406,315.92874461250403,311.7477873154288,314.5013391992171,82096000
2020-09-17,309.2797546386719,310.99266929417666,306.65514411572747,307.18007184112935,91523300
2020-09-18,305.7191467285156,310.19420971929947,303.24122418442806,310.08326217502207,105877900
2020-09-21,302.31658935546875,302.4645288032245,297.47169236186676,301.14235702314835,99450800
2020-09-22,305.3955078125,305.9502737084909,301.29027968535905,303.7959671425477,63612100
2020-09-23,298.3131408691406,306.22771947563723,297.8138486616711,305.9503223752341,93112200
2020-09-24,299.1082458496094,302.15941605078405,295.68721289484193,297.0001579503366,76681300
2020-09-25,303.9439697265625,304.729857674503,297.3885547651494,298.257653382287,71069400
2020-09-28,308.9922180175781,309.70415018624124,307.1060252515909,308.0953544774506,64584600
2020-09-29,307.3094482421875,309.5284836874694,306.6159979020015,308.788814611231,51304000
2020-09-30,309.6394958496094,312.78313211808506,307.781039690102,307.97519790754353,104081100
2020-10-01,311.6274108886719,313.1992150632846,309.7504726983646,312.2283956676877,88698700
2020-10-02,308.6686096191406,311.59960544931795,306.21842407966096,306.68997933659404,89431100
2020-10-05,314.1421813964844,314.3270845115022,310.67493055360427,310.72114927821883,45713100
2020-10-06,309.67645263671875,316.37057974539914,309.16793362544905,314.28097349200937,90128900
2020-10-07,315.0669250488281,315.87132309591203,312.5982289095894,312.6259658002967,56999600
2020-10-08,317.8592529296875,317.92398175584026,316.0840070284668,316.99938098191984,45242500
2020-10-09,320.6976318359375,321.15993200343445,318.88542307998716,319.50488950315776,59528600
2020-10-12,325.85699462890625,327.32710625079835,322.7410950073578,323.23113221465513,80388500
2020-10-13,323.7304382324219,325.89400042178966,322.7688456316229,325.7183240365502,73255500
2020-10-14,321.69622802734375,325.39462982999737,320.96581398724754,324.30360807019053,57727900
2020-10-15,321.2986755371094,321.7794576418191,317.2581758442864,317.79443172197927,60357700
2020-10-16,321.1046142578125,324.3037250706261,320.92893785148163,322.64868176620297,89501900
2020-10-19,316.22259521484375,322.9906487706289,315.32573168859045,322.3619272638812,68425600
2020-10-20,317.4893798828125,320.72548220032826,316.8051844221268,317.5633355204922,60051900
2020-10-21,316.88836669921875,319.6066946596672,316.58323270677243,317.4431044735385,63575000
2020-10-22,318.6266174316406,319.2091203575822,314.9652067470299,317.1010319977672,55399300
2020-10-23,319.7084045410156,319.9025627725712,317.25821851614603,319.8470889921267,49143900
2020-10-26,313.8002624511719,317.11957576154066,310.31449956101216,316.3336594798121,91473000
2020-10-27,312.7184143066406,314.475149793473,312.5057460118679,314.14230712329396,65994100
2020-10-28,302.0299987792969,312.7461150486337,301.5399616493468,307.059827691063,127094300
2020-10-29,305.0997314453125,308.26184985459844,300.5784207406355,302.2612006889962,90597700
2020-10-30,301.9190979003906,304.8315842442729,298.27616915749184,303.52789396877716,120287300
2020-11-02,305.3031005859375,307.30021286282704,302.56626275236454,305.3031005859375,86068300
2020-11-03,310.6935119628906,312.746126248305,305.38631400131226,308.52995012960014,93294200
2020-11-04,317.6372985839844,321.70553558783416,313.9851149209246,315.15934752702685,126959700
2020-11-05,323.8320617675781,325.63504398286517,322.55610859572175,322.9074612913422,82039700
2020-11-06,323.7581481933594,325.0063646417054,321.43739166729375,323.5454798982403,74973000
2020-11-09,327.8263854980469,336.90597013486416,327.3640851994297,336.52688050400957,172304200
2020-11-10,327.3455810546875,328.39961099114294,324.0817422973662,326.83703383089585,85552000
2020-11-11,329.77728271484375,330.60016251209254,328.2886611922482,329.5276225136965,58649000
2020-11-12,326.578125,329.82348168786507,324.7751710085161,328.76942360523407,67546200
2020-11-13,331.0995178222656,331.83918709900695,327.9651078910253,328.48288202805907,62892200
2020-11-16,335.232421875,335.42658008620566,332.4771021299016,333.762310414162,74541100
2020-11-17,333.4294738769531,334.63147162301595,331.3213855742676,332.82848911220765,66111000
2020-11-18,329.4166564941406,334.2430721080145,329.379664574458,333.697561213107,70591300
2020-11-19,330.8035888671875,331.173423449706,327.44728430310664,328.7879664083773,59940900
2020-11-20,328.5382995605469,330.7481084092092,328.46434393216515,330.5446951604477,70417300
2020-11-23,330.5076904296875,331.7651617960009,328.1129784945893,330.34126910985094,63230600
2020-11-24,335.8334655761719,336.3789766002486,332.1997916166957,333.0504084548386,62415900
2020-11-25,335.3155822753906,335.7778824723925,334.2245605824417,335.750145589235,45330900
2020-11-27,336.2495422363281,336.721069396595,335.2417026629686,336.4067085508926,28514100
2020-11-30,334.7608337402344,335.7409079513326,332.0887531357319,335.4727659225405,83872700
2020-12-01,338.4222412109375,339.9570813197066,337.4144301223281,338.00618794494244,74231400
2020-12-02,339.13421630859375,339.2913825881508,336.7395044630417,337.3127522431998,45927000
2020-12-03,339.04180908203125,340.42871003443537,337.94153206913154,339.03255404637883,62882000
2020-12-04,341.9635925292969,341.9635925292969,339.53188804571107,339.6243537638906,50749900
2020-12-07,341.2608337402344,341.75087093197277,339.9941354266788,341.1961049259402,48944300
2020-12-08,342.2593994140625,342.8233922079248,339.9478980295718,339.99411677063375,42458900
2020-12-09,339.18975830078125,343.0730641489794,338.3576233487797,342.91589783781166,74098300
2020-12-10,339.07879638671875,340.12357138803657,336.95219802540623,337.82132486772645,57735400
2020-12-11,338.68115234375,339.0879788216525,335.8703871356922,337.38671728522763,57698600
2020-12-14,337.16485595703125,341.9172883370529,336.98917958686485,340.84477647871296,69216200
2020-12-15,341.7231140136719,341.7231140136719,338.329845795208,339.6982365511047,63865300
2020-12-16,342.2593994140625,343.17474493301853,341.05740176418556,341.93578357691985,58420500
2020-12-17,344.17333984375,344.37675311713696,343.07306280359876,343.8959709330282,64119500
2020-12-18,342.799072265625,344.62830083764095,340.79341847573585,344.461170106029,136542300
2020-12-21,341.57342529296875,351.4159755487242,336.1600382375715,338.88995381488303,96386700
2020-12-22,340.9976806640625,342.0097878229692,339.87415302334546,341.8983673411588,47949000
2020-12-23,341.3040771484375,343.2075762857532,340.9790818882792,341.96333381663726,46201400
2020-12-24,342.6319274902344,342.659782611028,341.19269902115246,341.7776565578183,26457900
2020-12-28,345.5754089355469,345.96538061700096,344.5540073036612,345.17611443159626,39000400
2020-12-29,344.91607666015625,347.27458040793783,344.3310908811892,347.09815522580993,53680500
2020-12-30,345.40826416015625,346.4389603203097,345.0182924625775,345.733259466037,49455300
2020-12-31,347.1632080078125,347.8874694685123,344.7025779385661,345.2132645868987,78520700
2021-01-04,342.4368896484375,348.6209805572402,338.7505780933009,348.4909711220461,110210800
2021-01-05,344.7953796386719,345.88178590422,341.74976397277425,341.79620806023695,66426200
2021-01-06,346.8567810058594,350.04170094295614,342.743347597711,343.29118386394964,107997700
2021-01-07,352.01019287109375,352.7530149569909,349.04814233936133,349.22456754371,68766800
2021-01-08,354.0157775878906,354.22932401916887,350.1530411521562,353.39364225101247,71677200
2021-01-11,351.6295166015625,353.3844459686813,350.72882987062206,350.84954484541544,51034700
2021-01-12,351.70379638671875,352.7159036317569,349.4660070637659,351.8152452148604,52547700
2021-01-13,352.65087890625,353.6443970420134,350.84950564563337,351.6294773146356,45303600
2021-01-14,351.4159240722656,353.89514316325904,351.0816626236897,353.39372265354797,49989100
2021-01-15,348.8531188964844,350.59875344385847,346.9960355450777,349.8002212044383,107160000
2021-01-19,351.59234619140625,352.13091630295105,349.8281224423444,351.3045005009363,51233300
2021-01-20,356.45794677734375,357.2936287805517,353.4866015027723,353.87657321374,61836100
2021-01-21,356.7828674316406,357.4421524664681,355.86362018115483,357.01500286554875,47840100
2021-01-22,355.5200500488281,356.6807271719311,354.5543587480902,354.9350642448892,52860500
2021-01-25,356.9222106933594,357.27503278883,351.4159360582794,356.25365943655754,70402000
2021-01-26,356.36505126953125,358.2778450349725,356.1329158287073,357.86928439217473,42665300
2021-01-27,347.65533447265625,353.14301984374345,345.4268398473695,353.05015999751345,123351100
2021-01-28,350.645263671875,354.6379822958076,349.02960991918064,349.46599738570745,94198100
2021-01-29,343.62542724609375,349.75380801800657,341.9540352154757,348.7881167338835,126765100
2021-02-01,349.3453063964844,350.37597423640665,343.91333096928156,347.0146573120808,75817600
2021-02-02,354.28515625,355.8358337158987,349.42890017127894,352.52093227928594,64450700
2021-02-03,354.563720703125,356.28152883956943,353.29162286803046,355.11155700905664,52427100
2021-02-04,358.59356689453125,358.63998265068375,354.6751192898168,355.59436662167684,47142600
2021-02-05,360.0048828125,360.71058354923707,358.54709392712255,360.4598874996903,48669800
2021-02-08,362.6048583984375,362.6512741525483,360.59920475972706,361.4534473259199,38365200
2021-02-09,362.36346435546875,362.95774475328056,361.3606516052226,361.76918395765694,35551100
2021-02-10,362.2055969238281,364.24840035419544,359.8099713889872,364.09983025590975,59154400
2021-02-11,362.79058837890625,363.70056961850463,360.36710768462626,363.28271443963257,42913300
2021-02-12,364.5826416015625,364.82404318438233,361.9177030106144,361.9920022182859,50593300
2021-02-16,364.2668762207031,366.0032729008585,363.5519093548807,365.8082587527633,50972400
2021-02-17,364.3505554199219,364.6012515218009,361.5091912477151,362.5213268153556,52290600
2021-02-18,362.79986572265625,363.5426878534969,360.03280086210617,361.7506089186291,59712800
2021-02-19,362.15911865234375,364.3411973179349,361.71340843442175,364.05335165745737,83241000
2021-02-22,359.37359619140625,361.7785164844223,359.1043110867799,359.4014513169295,67414200
2021-02-23,359.80987548828125,361.15627216355455,353.03153303962563,357.17282070447845,107284100
2021-02-24,363.7748718261719,364.2020215283774,357.7393491134109,358.72360131962074,72433900
2021-02-25,355.0093994140625,363.8769912428288,353.57017085547034,362.5120335653563,146670500
2021-02-26,353.1802062988281,358.02719646343246,351.20243572701213,356.88510798823404,152701600
2021-03-01,361.7413024902344,362.9855734404292,353.37516012939244,358.03642977075657,105348800
2021-03-02,358.9185485839844,362.19629994312015,358.41712808705853,361.9641644974679,79595300
2021-03-03,354.1644287109375,359.18781495345684,354.06227437694446,358.22215187611573,119940200
2021-03-04,349.78173828125,356.5600826850542,345.3061596092031,353.9787373865895,183433000
2021-03-05,356.2164611816406,357.26571784913307,346.01179684391315,353.27297148908974,152039600
2021-03-08,354.4429931640625,359.977094609663,354.16444194612137,357.17290844727864,123149200
2021-03-09,359.50347900390625,362.04767402813786,357.7763768194202,358.2777972390248,113633600
2021-03-10,361.7413024902344,363.431255369481,360.4320834867978,361.84345682354007,109899400
2021-03-11,365.4090576171875,367.3775617218999,363.7469598417814,364.201964598063,86245000
2021-03-12,365.901123046875,366.0403986280399,363.2455075098559,364.0533342174548,64653600
2021-03-15,368.0832214355469,368.3432119800072,364.0162042253978,366.151838816547,73427200
2021-03-16,367.6190490722656,369.40183375852735,366.84834338041725,368.69616114127246,73722500
2021-03-17,368.87255859375,369.6710910137919,365.19551232371896,366.33762904443535,97959300
2021-03-18,363.5055847167969,368.371135091279,362.82773894437463,366.2912103516865,115349100
2021-03-19,362.8329772949219,364.7799824618673,360.6623728633488,363.20560482975657,113624500
2021-03-22,365.730224609375,367.1089779028957,363.2894813107104,363.34537402520954,73778600
2021-03-23,362.8515319824219,366.5405922291803,362.0690057743006,365.09665013615654,90686600
2021-03-24,361.0070495605469,365.87923909623805,360.9604817803928,364.248968775631,97588600
2021-03-25,363.0379638671875,363.829786798647,357.634764555162,359.5724734221165,116128600
2021-03-26,368.88824462890625,369.28881849367565,363.5875351124933,364.18373344592686,114409100
2021-03-29,368.701904296875,369.60554090899944,365.93510175704296,367.4163152580118,108107600
2021-03-30,367.7237854003906,368.39452632963565,366.13075792489735,367.43499693096027,76262200
2021-03-31,369.2142333984375,370.76998933005086,368.26402908759354,368.2919754370403,112734200
2021-04-01,373.201416015625,373.2573371455199,370.93767636691575,371.1426257443496,99682900
2021-04-05,378.5580139160156,379.0983479190761,375.7819150666603,375.8564291896752,91684800
2021-04-06,378.3344421386719,379.3778104361055,377.66370131465686,377.9990859414913,62021000
2021-04-07,378.7723083496094,379.1169894924743,377.7103185696919,378.16678511784755,55836300
2021-04-08,380.57025146484375,380.62614416673193,379.08903800549706,380.02062094317336,57863100
2021-04-09,383.3370361328125,383.50474266034735,380.3280415787718,380.4491519037927,61104600
2021-04-12,383.476806640625,383.7469452179368,382.13532496213276,382.74084817389485,56704900
2021-04-13,384.6133117675781,385.2374848347506,382.99236657978923,383.374318989603,56551000
2021-04-14,383.29986572265625,385.6381198974038,382.7595316211662,384.585426479011,61659900
2021-04-15,387.4173889160156,387.687555926274,385.38654494981597,385.433112724498,60229800
2021-04-16,388.7123107910156,389.31783402254797,387.28699001478793,388.70298586402646,82037300
2021-04-19,386.8025817871094,388.2279026853113,385.4797498055928,387.7807610260529,78498500
2021-04-20,383.97052001953125,386.69072605086455,382.498603179726,385.5914650988826,81851800
2021-04-21,387.603759765625,387.808709170284,383.2159832062883,383.35574340510965,66793000
2021-04-22,384.0636901855469,388.2651383615414,383.0017004125384,387.43604432459205,97582800
2021-04-23,388.2279052734375,389.6346047551007,384.54816933952253,384.62268347334305,73209200
2021-04-26,389.03826904296875,389.60654931916815,388.2930141947877,388.8799158918141,52182400
2021-04-27,388.9546203613281,389.5322258454494,387.818087682354,389.3365728975869,51303100
2021-04-28,388.8426818847656,390.3425450797539,388.3768904526014,389.22463427069863,51238900
2021-04-29,391.32080078125,391.9356490483459,387.94847445568877,391.56302148849824,78544300
2021-04-30,388.7496032714844,389.9047856090629,387.85529148566474,389.05704160482367,85527000
2021-05-03,389.5880432128906,391.1158246327663,389.0943053331574,390.73387217038277,68128300
2021-05-04,387.18450927734375,388.09747082223015,383.5047736052085,387.6037329855272,101591200
2021-05-05,387.3056640625,389.0570447951,386.74670853065714,388.82414902597037,60162200
2021-05-06,390.3985595703125,390.5289664285822,385.3773127188648,387.3802108160868,74321400
2021-05-07,393.2398376464844,393.89195716185367,390.48235974282153,391.1624256128691,67733800
2021-05-10,389.3458557128906,393.8174433660176,389.224745357218,393.5938725122595,81852400
2021-05-11,385.87091064453125,386.85838615611584,382.00484764015937,384.8368673639602,116888000
2021-05-12,377.67303466796875,384.36179320441613,376.3594993403955,383.0948540805935,134811000
2021-05-13,382.2098083496094,384.13819166106964,379.1728391786905,379.2194353787123,106394000
2021-05-14,388.0788879394531,388.9266319996469,384.9115109821357,384.93945733886034,82201600
2021-05-17,387.0914001464844,387.9019013257999,385.07917723544665,386.9703182241895,65129200
2021-05-18,383.7563171386719,387.59443468838975,383.5979355139091,387.3522140021612,59810200
2021-05-19,382.7502136230469,382.92721668401646,377.5985602871788,379.0798024141684,106467100
2021-05-20,386.8677673339844,388.12541000565056,383.50476652206805,383.6258484249689,78022200
2021-05-21,386.55108642578125,389.5880563714277,386.09461981296676,388.34903495141754,76578700
2021-05-24,390.49169921875,391.563014094204,388.54466552821737,388.78688623089147,51376700
2021-05-25,389.6252136230469,391.9262244678643,389.0476367876896,391.572218425638,57451400
2021-05-26,390.3985595703125,390.901594004632,389.1781879116937,390.2122315674567,43088600
2021-05-27,390.6033935546875,391.93555024942225,390.3239016330106,391.4231910374945,56707700
2021-05-28,391.3021545410156,392.4293620777178,391.0692587771713,392.1685199593985,58520200
2021-06-01,390.95745849609375,393.7987753351119,390.5196133395258,393.65904356804924,54216600
2021-06-02,391.5722961425781,392.410743642536,390.60347022695476,391.6095674253817,49097100
2021-06-03,390.1190490722656,391.25558160462,387.79941622388145,389.26200853094554,58138800
2021-06-04,393.68695068359375,393.98506404338684,390.18418978016194,391.963516582505,55938800
2021-06-07,393.3050842285156,393.8547148640748,392.3735010978064,393.67771179486715,51555000
2021-06-08,393.3888244628906,394.2551897336642,391.5629299457471,394.1620257580678,47134300
2021-06-09,392.80194091796875,394.30180423460956,392.5783701098852,394.2272616788116,48436300
2021-06-10,394.62786865234375,395.5781015257895,392.7088099094243,394.0223453765083,51020100
2021-06-11,395.27996826171875,395.3917536695252,393.89191873202867,395.1775077811149,45570800
2021-06-14,396.16497802734375,396.26743850654356,394.1527554254345,395.39174825118516,42358500
2021-06-15,395.43841552734375,396.35134879576736,394.56272511460134,396.31410594008616,51508500
2021-06-16,393.2304992675781,395.8016775286566,391.19035858653814,395.5781066988787,80386100
2021-06-17,393.10015869140625,394.07830966622913,390.63146893093574,392.82069510707476,90949700
2021-06-18,387.7970275878906,390.5167781405025,387.5914076691271,389.8251604695109,118676300
2021-06-21,393.3487243652344,393.53566194360144,388.74100113745214,389.5541254102761,72822000
2021-06-22,395.4515380859375,396.28337300789326,392.6196085187923,393.339292332768,57700300
2021-06-23,394.9749450683594,396.3301424887815,394.8908317268986,395.5263737663793,49445400
2021-06-24,397.31158447265625,397.7321512462469,396.86295139148933,397.115319978314,45110300
2021-06-25,398.7227478027344,399.1713807602741,397.7320416454971,398.05916806103676,58129500
2021-06-28,399.5266418457031,399.69486854958024,398.0499376849995,399.2462640059079,53159600
2021-06-29,399.7416076660156,400.5453764693619,399.2088612604478,399.9098343658785,35970500
2021-06-30,400.0779724121094,400.7509075851133,399.2554929203643,399.28353069746186,64827900
2021-07-01,402.2930908203125,402.4519905914438,400.76963819499144,400.83506919032,53441000
2021-07-02,405.3680114746094,405.7231756894549,402.37718195001327,403.4520300284134,57697700
2021-07-06,404.6297607421875,405.63917811694586,401.9006544056057,405.42420273538175,68710400
2021-07-07,406.05963134765625,406.34003766118167,403.30248799530796,405.31193822358387,63549500
2021-07-08,402.7510681152344,403.5081166897468,399.57330096190816,400.75094475455643,97595200
2021-07-09,407.0504150390625,407.3495037546776,402.55484295981864,404.2558779418757,76238600
2021-07-12,408.50836181640625,408.76073035250516,406.536304788165,406.9662269112006,52889600
2021-07-13,407.11578369140625,409.2187027689948,406.85408823599073,407.72328794262097,52911300
2021-07-14,407.7232971191406,409.29349840963926,406.4802508086064,408.8074721795963,64130400
2021-07-15,406.3307800292969,407.0597909836697,404.4334804606937,406.3868556009662,55126400
2021-07-16,403.1435546875,407.55501220685557,402.75102581295585,407.50829208648764,75874700
2021-07-19,397.1900634765625,403.209088281005,394.38617099707693,398.33031422579336,147987000
2021-07-20,402.8819274902344,404.1530401378472,397.0591676686946,397.85360950811923,99608200
2021-07-21,406.1437683105469,406.28398573679834,402.83519609526724,404.07824240394586,64724400
2021-07-22,406.9943542480469,407.2373674036416,405.34006786173984,406.32141887481384,47878500
2021-07-23,411.1814270019531,411.51788035862415,408.2373460404216,408.91960818789283,63766600
2021-07-26,412.1907653808594,412.20012081384886,410.5458349664142,410.5925550860386,43719200
2021-07-27,410.31219482421875,411.18139444947093,407.489592116502,411.1533566719681,67397100
2021-07-28,410.14398193359375,411.51789021824817,408.72335352250394,410.9384237416545,52472400
2021-07-29,411.8450012207031,412.91982079238494,411.05991487644866,411.06927031045103,47435300
2021-07-30,409.8449401855469,411.29360644207577,409.1532940336554,409.28415602981516,68951200
2021-08-02,408.9851379394531,412.1068017672402,408.62997362876183,411.55537295109866,58783300
2021-08-03,412.3123474121094,412.43385397257424,407.5924735593852,409.7795060797524,58053900
2021-08-04,410.2841796875,412.28427447929056,410.0505220211944,411.03187281061224,46732200
2021-08-05,412.88250732421875,412.96662067268136,411.1253968736616,411.4431679198543,38969700
2021-08-06,413.5647277832031,413.9853230057107,412.9198303207797,413.20023664333985,46930000
2021-08-09,413.2283020019531,413.8544886377314,412.4618979342041,413.53671760242094,41222600
2021-08-10,413.7423400878906,414.4526685963435,412.9946468851688,413.67690908891893,43339300
2021-08-11,414.7704162597656,414.8638850355054,413.6862412110491,414.80780947459465,44034300
2021-08-12,416.0133972167969,416.1536146197165,413.7235694454802,414.620806801795,38909400
2021-08-13,416.7705383300781,416.7892206760995,415.9760965228515,416.4620942233985,39470300
2021-08-16,417.75189208984375,417.8827255582406,413.9199004513762,415.4713908619817,73740000
2021-08-17,415.0133972167969,415.8732414325838,412.0319231944984,415.2003062311289,92673900
2021-08-18,410.47113037109375,415.5648794226537,410.2281457688839,414.004033503329,89351900
2021-08-19,411.106689453125,412.30304425730367,407.6111793930043,407.7513683082851,92812200
2021-08-20,414.3778991699219,414.7050256555393,410.96650244315384,411.45252871527185,72008700
2021-08-23,418.02301025390625,418.92960333483194,414.45271350034966,416.06027973077454,54973000
2021-08-24,418.6865234375,419.21926979163254,418.1724879522138,418.6865234375,38744700
2021-08-25,419.5650634765625,420.07909894332823,418.4995708066867,418.87344589815075,40529700
2021-08-26,417.08831787109375,419.5183349461485,416.9948490937456,419.2846772641112,57829600
2021-08-27,420.8174133300781,421.1912598528241,417.8359395357212,417.89201508800005,77235100
2021-08-30,422.6680603027344,423.4531466839395,421.2474033554113,421.4904164695936,48357400
2021-08-31,422.04180908203125,422.91100873089704,421.4436603048322,422.57455539172196,59300200
2021-09-01,422.26611328125,423.49047714229727,422.03245562039876,422.97644169749003,48721400
2021-09-02,423.5653076171875,424.36907636322894,422.3689814101181,423.686814177093,42501000
2021-09-03,423.4624328613281,423.97649682090514,422.03244913978364,422.4343619875005,47170500
2021-09-07,421.9483947753906,423.2101520054819,421.27545948751975,423.1166832249812,51671500
2021-09-08,421.43438720703125,422.14471575872943,419.51837690907405,421.4157048587594,56181900
2021-09-09,419.6305236816406,422.9858446456514,419.38751055980504,421.23808970978325,57970400
2021-09-10,416.32196044921875,421.9764655786585,416.2004538773262,421.5558988174952,89948200
2021-09-13,417.3873291015625,419.5743898490149,415.0787903327298,419.3126944167152,83738600
2021-09-14,415.1350402832031,419.03243535953607,414.2471294744749,418.82681541028705,78197100
2021-09-15,418.6023864746094,419.09773958576324,414.4526240434599,415.55548138185304,78792200
2021-09-16,417.93890380859375,419.05108831666365,414.99479371388514,418.0790927362773,77786700
2021-09-17,413.86767578125,417.59004823430996,413.51137369740354,417.168134146106,118425000
2021-09-20,406.9667663574219,409.3295710757895,402.10984707082173,407.75436793021106,166445500
2021-09-21,406.582275390625,410.59530867420943,406.0572077545702,409.3013817803459,92526100
2021-09-22,410.54840087890625,412.58305938264414,406.69477650086463,408.851302198654,102350100
2021-09-23,415.53662109375,417.1399803704705,412.17993634176355,412.41434258074156,76396000
2021-09-24,416.2210998535156,416.9337039803391,413.6895010133059,413.90516505538227,62094800
2021-09-27,415.0303649902344,416.35239112758217,414.33650299714867,415.1897452245322,61371100
2021-09-28,406.66668701171875,412.5924834545763,405.9353407086728,412.2643090052773,130436300
2021-09-29,407.3511657714844,409.77961092728947,406.78858508585967,408.0449990691309,82329200
2021-09-30,402.3724060058594,409.5264607159928,402.03484612674845,408.82324196639286,140506000
2021-10-01,407.154296875,408.8326537442385,400.58156466232106,404.0976586371233,129240100
2021-10-04,401.9035949707031,406.89173823936943,399.7657824946463,405.9916262485337,128570000
2021-10-05,406.0854187011719,408.32632771246665,402.60683774485324,403.4037961536202,90682500
2021-10-06,407.77313232421875,407.9794109817039,400.8722256266175,402.4942986652522,113032200
2021-10-07,411.2986145019531,414.1302318975777,410.867314983928,411.04546603542565,72437500
2021-10-08,410.54840087890625,412.4518067836504,409.92020825664594,412.06737716353257,74557400
2021-10-11,407.5762634277344,412.79884218436496,407.5106228023292,409.89219860577384,65233300
2021-10-12,406.57293701171875,408.89825725037673,405.7853354665387,408.4950853785661,71181200
2021-10-13,408.03564453125,408.8513737107969,404.62270437794365,407.59495963247764,72974000
2021-10-14,414.8990173339844,415.0490407513381,411.2235151439211,411.69232759288604,70236800
2021-10-15,418.0588073730469,418.42449481685196,416.3898362044381,417.00867206884914,66260200
2021-10-18,419.2965087890625,419.6340400404351,415.621006350095,416.27735526871015,62213200
2021-10-19,422.5313415527344,422.59695355572194,420.3091462784129,420.91862541650084,46996800
2021-10-20,424.1910095214844,424.4910564453274,422.8783399972331,422.99085044016186,49571600
2021-10-21,425.2972717285156,425.52229254631413,423.15948811730703,423.5907875561012,41305400
2021-10-22,424.856689453125,426.3100255563803,422.91579858892055,424.8660748608127,58845100
2021-10-25,427.1351318359375,427.4633063660101,424.17226149929996,425.9443581792132,45214500
2021-10-26,427.51947021484375,429.8916602272119,427.144425952367,428.68214462677764,56075100
2021-10-27,425.6254577636719,428.6446111455954,425.5504317463337,427.97890546543795,72438000
2021-10-28,429.7322692871094,429.8072666921166,427.04129028806375,427.05064707991323,51437900
2021-10-29,430.6043395996094,430.89500109987233,427.1445005916558,427.4351620919187,70162400
2021-11-01,431.3450012207031,431.96383713747196,429.61977470154915,431.5887642564896,48433600
2021-11-02,433.0889587402344,433.3983909976397,431.3824744636354,431.5137556913935,48908400
2021-11-03,435.73309326171875,436.1362651463071,432.08571825925554,432.5264031559585,52509800
2021-11-04,437.7864685058594,437.87085131761023,435.9862160130472,436.33313266603705,52847100
2021-11-05,439.30548095703125,441.2932415636286,437.7959183013962,440.00869977242445,66390600
2021-11-08,439.6804504394531,440.8993800137787,438.99600255528054,440.4024399467041,50405200
2021-11-09,438.2272033691406,440.2806045314554,436.8207657847632,440.0461982673925,51149100
2021-11-10,434.7016906738281,438.2271697715408,433.220255788708,436.53942763125457,69429700
2021-11-11,434.8423767089844,436.26758515556486,434.8236345082835,436.1925591246675,34848500
2021-11-12,438.1239929199219,438.67718819768925,435.161094692695,436.1081050332003,53466700
2021-11-15,438.2740478515625,439.56797493267015,437.14891501750157,439.40859470618256,46980500
2021-11-16,440.00860595703125,441.1431240587056,437.93646296807935,438.0114603688836,48857500
2021-11-17,438.93975830078125,439.9242530537252,438.32092239942926,439.74610202390977,47858300
2021-11-18,440.4306640625,440.69319795520033,437.2521011266173,439.97120828973823,50625600
2021-11-19,439.6430358886719,441.5651558500262,439.2773483740664,440.31809847431913,57315600
2021-11-22,438.40533447265625,444.0029569483632,438.19905582510415,441.5182563851529,72762000
2021-11-23,438.98663330078125,439.83987544998917,435.4799250989726,438.07713594296996,73206500
2021-11-24,440.1586608886719,440.28055671099236,436.17375483241744,436.9894839645097,61858800
2021-11-26,430.34173583984375,434.96422009835896,429.21657442443677,433.50152742675596,112669600
2021-11-29,435.62060546875,437.4583425612124,432.9296261441328,435.1236653350825,86268800
2021-11-30,427.14447021484375,435.0861556207731,426.9006785426518,433.18277789277585,148559600
2021-12-01,422.4000244140625,435.68618205628803,422.2031311937479,432.8451797070104,131939200
2021-12-02,428.8696594238281,430.43550572803196,422.22190176024696,422.6157168413784,127637800
2021-12-03,425.1379699707031,431.5888063882985,420.9186571741517,430.52931409962997,137331600
2021-12-06,430.1730041503906,432.0482542479885,425.2692148441158,427.6789180869,98977500
2021-12-07,439.071044921875,439.63362565886325,430.0417113660508,435.442440658666,95484700
2021-12-08,440.2336120605469,440.6836822924531,437.71139890894136,439.4647814253452,72238800
2021-12-09,437.2614440917969,440.3368530852221,437.06455084489505,438.9491577219033,61272600
2021-12-10,441.3775634765625,441.52758690349503,437.41142821807136,439.9617692478392,77159800
2021-12-13,437.4677429199219,441.2088578538092,437.1864382259011,440.8619411504924,87724700
2021-12-14,434.45782470703125,436.6893763663621,431.541825239176,434.2046763056092,97264100
2021-12-15,441.24639892578125,441.4901620059094,432.00140011748897,434.5142572525721,116899300
2021-12-16,437.3551940917969,443.3747305871484,435.80808994562267,443.0934545318682,116568600
2021-12-17,432.7004699707031,437.2827414785998,430.9974086651927,434.28120719660683,135511600
2021-12-20,428.09942626953125,428.4945962518149,424.4863000014907,427.62896667138153,107134800
2021-12-21,435.7019958496094,435.84312797159805,429.3507919289712,431.5148943716561,69806300
2021-12-22,440.05841064453125,440.17131633051764,435.25029960943573,435.44791327448115,58890200
2021-12-23,442.79656982421875,444.29262786782226,440.95237627994055,441.0558636062711,56439700
2021-12-27,449.0630798339844,449.11011430535285,444.1232543282057,444.17028879957417,56808600
2021-12-28,448.6960754394531,450.52146074512336,447.9339332846144,449.4958623974338,47274600
2021-12-29,449.27008056640625,450.28626060152465,447.8022490075834,448.7996209971791,54503000
2021-12-30,448.0280456542969,450.70025247373695,447.56700448030426,449.6934621372565,55329000
2021-12-31,446.8988952636719,448.68663568101795,446.6260494189647,447.53874202831184,65237400
2022-01-03,449.48651123046875,449.61825370387953,445.85457683489585,448.15981168840295,72668200
2022-01-04,449.3359069824219,451.6223622300133,447.4822951975026,450.9072545217483,71178700
2022-01-05,440.70770263671875,449.7405319442751,440.61360498167255,448.9689713732978,104538900
2022-01-06,440.2937316894531,443.0035835732876,437.93201531445186,440.24669721539595,86858900
2022-01-07,438.552978515625,441.47925183914367,437.1980527186537,440.3031029677847,85111600
2022-01-10,438.0072937011719,438.2236867337772,429.6237004184561,435.36331312046167,119362000
2022-01-11,441.99676513671875,442.0908627934465,434.751676287286,437.7438209696161,74303100
2022-01-12,443.1917419433594,445.24296757937765,441.2346426828555,443.7280727675989,67605400
2022-01-13,437.085205078125,444.9418863252983,436.05960657182123,444.29264976490606,91173100
2022-01-14,437.26397705078125,437.6121125646515,432.7287395605385,433.9425333832712,95890900
2022-01-18,429.5201110839844,432.7851012078921,428.40983354006795,432.5780978764357,109709100
2022-01-19,425.0601806640625,432.455790611051,424.7873060995941,431.0632487949444,109357600
2022-01-20,420.35552978515625,431.63713850835614,418.23846220369774,426.94196226080504,122379700
2022-01-21,412.1037292480469,421.58818048554997,412.0755028255823,419.2358828982697,202271200
2022-01-24,413.8538513183594,414.36195566976323,395.90112761933347,406.5052754832323,251783900
2022-01-25,408.8010559082031,413.7408803782195,401.91352232708414,407.47435674765063,167997300
2022-01-26,407.7755432128906,417.80574473347866,403.5225703047687,414.6818862839636,186391100
2022-01-27,405.761962890625,415.50048178403745,404.07773829561154,412.36723366568094,149878300
2022-01-28,415.83917236328125,415.88620682845203,402.54398201671927,407.1168346707988,164457400
2022-01-31,423.3288879394531,423.67702338927,413.82559991033423,415.1711072435179,152251400
2022-02-01,426.18927001953125,426.82908804425705,420.53433767425685,424.05336552481776,123155400
2022-02-02,430.329345703125,431.05384305532795,426.2833764423959,428.5886396673794,117361000
2022-02-03,420.2145080566406,426.208158589354,419.37707621036856,424.30751219871513,118024400
2022-02-04,422.1903381347656,426.02927475983387,417.60803879549576,419.9791728919079,118454400
2022-02-07,420.8354797363281,424.3450895509773,419.50878037886775,422.95254768054906,84472900
2022-02-08,424.29803466796875,425.2201456654425,418.91597660458353,420.33677354523064,81012000
2022-02-09,430.50811767578125,430.82802671260504,428.1275935863995,428.32517855026134,92589900
2022-02-10,422.773681640625,430.66797617923953,420.77893819242865,424.6743274571097,140103700
2022-02-11,414.4372253417969,424.92846773085336,413.00703862428105,422.85846290665194,153214600
2022-02-14,413.0823059082031,415.50989334254666,409.61973040303707,413.9291560964369,123006300
2022-02-15,419.74395751953125,419.91331604233613,416.9964614975675,417.5139841588956,88482700
2022-02-16,420.2145080566406,421.5882420080019,415.8298212683436,417.7022412323989,84863600
2022-02-17,411.23809814453125,420.186247943638,410.63592485416507,417.0341632264874,102259100
2022-02-18,408.5753173828125,412.74358216810356,406.3076988713617,411.49214366579196,132642900
2022-02-22,404.1906433105469,409.7702869392554,400.6998126141375,406.37358261467153,124391800
2022-02-23,397.0209045410156,407.66269937728737,396.4563472260344,407.0981420623061,132578000
2022-02-24,402.99566650390625,403.42850999389174,386.3790593344902,386.73658449661104,213942900
2022-02-25,411.8873291015625,411.97200837339045,402.58162557598797,404.22823397331,121804500
2022-02-28,410.83343505859375,412.31068466320824,405.25379272155976,406.505202258136,145615000
2022-03-01,404.576416015625,411.3416268267393,401.8759540045587,409.3374644946176,137785900
2022-03-02,412.0191650390625,413.74103471938145,406.0725481862987,406.82527213860226,117726500
2022-03-03,409.9677734375,415.04872984826443,408.17061485961784,414.4465566727365,105501700
2022-03-04,406.63702392578125,407.7661096277124,402.60047290853925,406.2418252656333,113978200
2022-03-07,394.64971923828125,406.75934432063025,394.58384800510765,406.05365494553234,137896600
2022-03-08,391.6575927734375,401.97005852746355,390.59434954887394,394.82848568696517,164772700
2022-03-09,402.15826416015625,404.13420015154503,397.8394486342406,400.02238799071915,116990800
2022-03-10,400.3422546386719,401.2361105228519,395.6000145047704,397.55711352812676,93972700
2022-03-11,395.25189208984375,403.4378710075181,394.7437877372273,402.82627933719436,95636300
2022-03-14,392.3631896972656,399.46711605847577,391.2246858439781,396.0233780795918,95729200
2022-03-15,400.99151611328125,401.62191584683524,393.6993928949382,394.969610741959,106219100
2022-03-16,409.8831787109375,409.9396315604553,399.7024270341616,404.4917305799787,144954800
2022-03-17,415.01116943359375,415.01116943359375,407.596722776026,407.9730846505351,102676900
2022-03-18,419.5567626953125,419.8776656161691,412.6667255275147,413.40292135860483,106345500
2022-03-21,419.4340515136719,421.3877829881189,415.9323761926658,419.3868421211315,88349800
2022-03-22,424.3420104980469,425.27640505720075,420.8214687288552,420.8214687288552,74650400
2022-03-23,418.8771057128906,423.30372739490633,418.79216338171153,421.81246957458256,79426100
2022-03-24,425.19146728515625,425.2009149244502,419.78326986493045,420.89699675804104,64736900
2022-03-25,427.26788330078125,427.54160557531713,423.24710673053914,425.8238060374059,77101300
2022-03-28,430.30706787109375,430.30706787109375,424.7855856636152,426.67326991890525,68529800
2022-03-29,435.63031005859375,436.12112638537604,431.50572468711965,434.18623279666707,86581500
2022-03-30,432.9403991699219,435.30000450918726,430.83562083793777,434.4882852945164,79666900
2022-03-31,426.27685546875,432.9970065427643,425.8238008960685,432.1758685328461,121699900
2022-04-01,427.4850158691406,427.99466991123313,423.91729355560483,427.8530993439852,89048800
2022-04-04,431.14703369140625,431.25087129409127,426.86201155519603,427.68314952394616,59601000
2022-04-05,425.7010803222656,432.11919476582733,424.55903950236103,429.65578083151576,74214500
2022-04-06,421.4443664550781,423.71902938512,418.5656595556562,421.793612229182,106898000
2022-04-07,423.5679931640625,425.380182602623,418.62226996039726,420.5665823101026,78097200
2022-04-08,422.4354553222656,425.32361011547357,420.89698794603316,422.8129864370016,79272700
2022-04-11,415.2150573730469,420.0097628914947,414.7148221783834,419.16972953989875,89770500
2022-04-12,413.6766052246094,420.71765996000386,412.12869019333453,418.19758861647455,84363600
2022-04-13,418.4146728515625,419.16973507105604,413.25185499529334,413.4311873130841,74070400
2022-04-14,413.2046813964844,419.7549485147844,413.1008437773758,418.64119283709516,97869500
2022-04-18,413.3746337890625,415.0546720142514,411.1471508725995,412.279773210297,66002500
2022-04-19,420.0474853515625,420.7647857423862,413.10079269782085,413.27067735850744,77821000
2022-04-20,419.73602294921875,422.4354264021452,418.57511557097627,421.82193478222695,65224400
2022-04-21,413.45947265625,424.7383973991878,412.55339229515056,423.3509483444846,85417300
2022-04-22,402.1145324707031,413.4783716367902,401.5482213990768,412.37409241070765,132471800
2022-04-25,404.44580078125,404.6156854519276,395.31883470061024,399.87760832355883,119647700
2022-04-26,392.7326965332031,402.1144891433886,392.7043824228615,401.9162615672227,103996300
2022-04-27,393.8370361328125,399.1697677643689,391.7039722839688,393.8087220181219,122030000
2022-04-28,403.78509521484375,405.51234242525084,394.14847523083597,398.57509707971343,105449100
2022-04-29,388.86297607421875,401.9540624319965,388.11733269096055,399.8021034252902,145491100
2022-05-02,391.2037048339844,392.56283983474725,382.2749373532382,388.92904179526005,158312500
2022-05-03,392.9969482421875,395.4037338921699,390.1465268831045,391.70388927238196,100028200
2022-05-04,404.9649353027344,405.53124638806986,390.4769516548114,393.65769528593023,144247900
2022-05-05,390.5712890625,401.132884248546,386.4467037789483,400.7081437907731,172929100
2022-05-06,388.2400817871094,391.50576802589364,382.9451403977338,388.0135688560758,151770800
2022-05-09,375.80963134765625,383.5868812355381,374.23340232623997,382.35045035687074,155586100
2022-05-10,376.6779479980469,383.27539519585025,372.6477525173204,381.7746896823651,132497200
2022-05-11,370.69403076171875,381.35001745771194,369.94838734516037,375.7152782695393,142361000
2022-05-12,370.3070373535156,373.5727232304534,363.5208097766853,367.5038249274551,125090800
2022-05-13,379.1602478027344,380.5382491972758,373.39335762056186,374.4315896864937,104174400
2022-05-16,377.6219177246094,381.28403099422263,375.2717592701947,377.5181088822019,78622400
2022-05-17,385.3896484375,385.62560898408395,379.9719747013643,383.70016285890136,83029700
2022-05-18,369.85400390625,381.12348248197793,368.6175728842904,380.84034133335325,117674500
2022-05-19,367.5887145996094,372.00591725890166,365.37068003419705,366.79589073865264,98510700
2022-05-20,367.7492370605469,374.7336635050742,359.1697150107811,371.1659411793916,131432200
2022-05-23,374.6298522949219,375.3943621595535,368.45711634736125,370.7695124155736,76414900
2022-05-24,371.7699890136719,372.9592105064328,365.2291411864955,370.5146628553773,91448800
2022-05-25,375.0545959472656,377.0178039870792,369.8823587734453,370.2787563943249,91472900
2022-05-26,382.5486755371094,384.18153289436907,376.073931942696,376.2815783765453,82168300
2022-05-27,391.9398193359375,392.0530757619011,384.8043764625249,385.00257520796123,84768700
2022-05-31,389.7406921386719,393.07245343451956,387.0035559449801,390.3258696030877,95937000
2022-06-01,386.5882873535156,392.86483164009155,384.0776638781302,391.8549424707136,86585800
2022-06-02,393.9502868652344,393.9974674509903,384.1815149003103,386.4278638148007,79609600
2022-06-03,387.4850158691406,390.7884638335638,386.5128594774759,389.2405486758481,71874300
2022-06-06,388.6647644042969,393.21406164588547,387.4943805595861,391.48684319664267,57508900
2022-06-07,392.3929443359375,392.84599895820924,384.7195026936411,385.18200495505744,59272400
2022-06-08,388.1268005371094,392.4684805286195,387.33397652533813,390.6846048993001,64350000
2022-06-09,378.89599609375,388.6175587452947,378.89599609375,386.3523433395128,86289800
2022-06-10,367.90972900390625,373.55391651113854,367.8625484088817,372.7044641742221,132893900
2022-06-13,353.9408874511719,360.3684516629825,352.33634390654663,358.51852868963033,170004900
2022-06-14,352.8742980957031,356.7157429736958,349.77849666174114,355.68695837561785,104011800
2022-06-15,357.90496826171875,362.34100925128496,351.2225494582893,356.1682732930812,125666800
2022-06-16,346.0597229003906,350.10881384000515,343.63404163139757,349.702968623294,134473300
2022-06-17,346.80572509765625,350.142419392661,343.30792965713135,346.47397650063243,111113900
2022-06-21,355.5361022949219,356.92005638665404,352.44587608946637,352.521725834006,76811900
2022-06-22,354.8914794921875,358.99595685720385,350.90071887328156,351.3178056312109,90059400
2022-06-23,358.3703918457031,359.1002793406204,353.46966494173824,357.0243625508475,79292100
2022-06-24,369.7643737792969,369.7738622299875,361.5080041964566,361.53644062032527,98050300
2022-06-27,368.35198974609375,370.97771602411575,367.2618882407592,370.6838633295004,66009600
2022-06-28,360.82550048828125,372.68398100101825,360.71175479299797,369.90658420443964,86548900
2022-06-29,360.5316162109375,362.36109348225904,358.7116273894593,361.3752782573753,65676000
2022-06-30,357.6025695800781,360.834977987892,353.156825579061,356.64516179349505,112508300
2022-07-01,361.3846740722656,361.820737693378,354.33215354384066,356.9484195577325,74839700
2022-07-05,362.0672302246094,362.0862071237408,353.4790840960441,356.30389388763615,81438000
2022-07-06,363.2900695800781,365.7736135029027,359.8301699411462,362.2094276989218,70426200
2022-07-07,368.7311096191406,369.52735833895935,363.3090102076316,365.06266665246835,64525900
2022-07-08,368.4277648925781,370.29516685698064,365.5745188691098,367.1006548819058,72397800
2022-07-11,364.2190246582031,366.7215164411496,363.5270331899998,365.7546492181339,58366900
2022-07-12,360.9960632324219,366.04848886653093,359.2518953418649,363.6692023712076,62219200
2022-07-13,359.1003112792969,362.029407826538,355.1475033861952,355.56459025701633,84224600
2022-07-14,358.2281799316406,359.3087928722651,351.715979081912,354.1521096552973,89704800
2022-07-15,365.0721740722656,365.185919762693,360.72122784420594,362.6265260152687,79060400
2022-07-18,362.0578308105469,368.82596036630525,360.83500666975766,368.1529456840062,63203600
2022-07-19,371.8402404785156,372.4089977632134,365.3185809223327,365.9726185323084,78506000
2022-07-20,374.2100830078125,375.62250240338216,370.6648741646818,372.02988023942527,71843800
2022-07-21,378.02081298828125,378.06819739042936,371.2337061216237,373.63194122008764,64903900
2022-07-22,374.5134582519531,379.3383643459128,372.29533041038957,378.1440056178114,72197300
2022-07-25,374.9684753417969,375.8215969964553,372.73137056679104,375.1390938870878,53631500
2022-07-26,370.5321960449219,373.5370840827539,369.64114957187473,373.328540675696,52946400
2022-07-27,380.1535339355469,381.8977018374365,373.52755888438156,373.8214115297532,82342100
2022-07-28,384.92156982421875,385.61353235014826,377.4140367716771,380.95927437369363,73966600
2022-07-29,390.5332946777344,391.51913892921795,385.58515437514285,386.3529667558723,87003700
2022-08-01,389.3768005371094,391.8793213752261,387.1302364241008,387.8411758992656,69997500
2022-08-02,386.807861328125,391.4905839442807,385.63245091422505,387.8126532486901,63435400
2022-08-03,392.8652038574219,394.0311261963377,388.64695098882254,388.9313152353376,67820600
2022-08-04,392.5997619628906,393.4718315474268,390.95985110646615,392.78932847212786,45656600
2022-08-05,391.9361267089844,392.58070477933853,388.26768427752603,388.3245571114869,56814900
2022-08-08,391.48114013671875,395.8700106498597,390.3815503961838,393.6234467801919,53886100
2022-08-09,389.9266052246094,391.25368644325886,388.8554517997777,390.7512903773344,44931800
2022-08-10,398.1166076660156,398.258818700046,395.01692204612334,396.96963344138766,68665700
2022-08-11,398.1166076660156,402.8183081055924,397.3772317875,400.96036549541424,59489700
2022-08-12,404.8563232421875,404.9605804756404,399.10244636975136,400.0503656332881,61694500
2022-08-15,406.5246887207031,407.0460617331619,402.5908291054767,402.6477019536426,54048300
2022-08-16,407.3208923339844,409.2451671553258,404.6477532437864,405.45349035046,59289000
2022-08-17,404.4298095703125,407.13138566830423,402.4297135053033,403.7283584655346,63563400
2022-08-18,405.60516357421875,406.2876376325339,403.3396227828059,404.62877901944364,49023200
2022-08-19,400.1546936035156,403.1121973862413,399.282595061536,402.8467811218481,68016900
2022-08-22,391.8223876953125,395.50031863762473,390.9218529286444,395.3296712046477,77695600
2022-08-23,390.87445068359375,393.78456929323767,390.3246414001598,391.3957946226681,49105200
2022-08-24,392.12579345703125,393.49077064865355,389.96453858867704,390.6470127203874,49177800
2022-08-25,397.66162109375,397.70900548583626,392.5238859364247,393.6139873082117,50942300
2022-08-26,384.2011413574219,398.088152311537,384.14426851779484,397.5478603350803,103087000
2022-08-29,381.6607666015625,384.70357956798847,380.30524889484775,381.2531682301508,65370800
2022-08-30,377.470947265625,383.0542059895712,375.3760536519589,382.8172261577202,85652400
2022-08-31,374.5987548828125,380.3431437236325,374.4660612189248,379.10137171228644,76029700
2022-09-01,375.774169921875,376.1154069737023,369.7264403478649,372.4280160542996,78740100
2022-09-02,371.8117980957031,380.6464115154421,370.0012690480302,379.43307616071115,99632100
2022-09-06,370.4089660644531,373.5939611226999,368.1908383071308,372.6555302445026,76637400
2022-09-07,377.0633850097656,377.8311974242417,369.87816854830936,370.0961715004415,70964200
2022-09-08,379.5279541015625,379.9829368756566,373.59396971166063,374.79784580059123,80821700
2022-09-09,385.4239501953125,386.2865601335256,381.49955084530114,381.7649670625823,76706900
2022-09-12,389.56640625,390.2868341942052,387.1871194866291,387.49046061347366,69256300
2022-09-13,372.62713623046875,382.1063305943667,371.5085982382981,380.90245439610015,122947100
2022-09-14,374.0489807128906,375.5656574561683,370.75021096587693,373.9257465690702,85023700
2022-09-15,369.80230712890625,375.3381528851013,368.53209861998994,372.4943947202488,87633800
2022-09-16,366.9810485839844,367.6378019325583,363.69728184111455,365.6294902775206,103084800
2022-09-19,369.82696533203125,369.82696533203125,363.76392058262684,363.84008189633505,73278500
2022-09-20,365.5818786621094,367.51405803281153,362.8311539935767,366.50513850212155,77274900
2022-09-21,359.20477294921875,370.55036925173334,359.1952455228189,367.504555601014,106746600
2022-09-22,356.1875,360.0708846733697,355.44508694272207,358.4337649769324,89472600
2022-09-23,350.2197265625,352.76105188849385,345.7842729569001,352.7229712221048,122346900
2022-09-26,346.7550964355469,352.3707890222306,345.5367765894628,348.75391014864755,92581200
2022-09-27,345.869873046875,352.5515910179344,343.4808127042095,350.2862710344236,108294100
2022-09-28,352.6754150390625,354.36011428627006,345.12754181043977,346.8217684866217,110802200
2022-09-29,345.3083190917969,349.42013004160674,342.3672197883283,349.13459770031216,112952300
2022-09-30,339.9686279296875,348.2779675279083,339.8353891876637,344.36600021604005,153711200
2022-10-03,348.9441833496094,350.79070306991537,341.9007722856018,343.6806581182504,89756500
2022-10-04,359.7568359375,359.78538917158465,348.9061712798272,354.45522944852485,103602800
2022-10-05,358.9191589355469,361.1749510870313,353.07504224847634,355.3974682809226,88065700
2022-10-06,355.2166748046875,360.4706728707626,354.7217133827097,357.52004633285617,82333500
2022-10-07,345.3083190917969,355.30235769557754,343.547458861724,351.19051769873397,107789500
2022-10-10,342.6717529296875,346.659852271921,340.43501530969775,346.42189898919605,76042800
2022-10-11,340.50164794921875,345.5367479558779,338.56946829764377,340.9775545535183,92482800
2022-10-12,339.3784484863281,342.4813682302242,339.1309678057882,340.91088255478394,76991800
2022-10-13,348.3350830078125,349.8008834901985,331.3356839052994,332.3826842498608,147254500
2022-10-14,340.39691162109375,352.41831529855494,339.7591840858435,350.79069404097305,123737000
2022-10-17,349.1441650390625,350.2482719633379,340.0638579364615,346.4695719640728,93168200
2022-10-18,353.246337890625,357.358176725706,349.810278103695,357.053589616361,97162900
2022-10-19,350.7431335449219,353.9317132956456,347.9352732315164,351.2095126771094,79746900
2022-10-20,347.8020324707031,354.71220495349155,347.0405645534775,350.29577817467606,88283100
2022-10-21,356.2541198730469,356.7395247837277,346.02212943460694,347.5259812950986,131038400
2022-10-24,360.6134948730469,361.74615500669046,355.1310410528587,357.77710987202045,85436900
2022-10-25,366.3719482421875,366.6860338162217,360.4231157662592,360.5373287022716,78846300
2022-10-26,363.6116638183594,368.9037428227225,362.97396524839513,363.23094435236135,104087300
2022-10-27,361.6700134277344,366.44810554176166,361.0513115703601,364.6111129190357,81971800
2022-10-28,370.2743835449219,370.75029017440346,361.3844511918501,361.5652980348159,100302000
2022-10-31,367.59979248046875,369.68426585196175,366.6955873080766,367.81871998807645,96631300
2022-11-01,365.99114990234375,371.57831700264165,364.8204384205559,371.340363735998,85407600
2022-11-02,356.8062438964844,369.90320408108596,356.7015583770088,365.40111675587,126990400
2022-11-03,353.1322326660156,356.1685191668986,351.01920615203176,353.5700586148132,87100100
2022-11-04,358.2149353027344,360.61349432188257,352.170915138916,358.8336081280306,103505200
2022-11-07,361.6414489746094,362.23156853069116,357.43442171013305,359.50936758378657,68286900
2022-11-08,363.5926818847656,366.56233474373306,359.5189221082523,362.7455541021946,84641100
2022-11-09,356.1018981933594,362.77411841444257,355.6069367100275,361.622403460563,78495500
2022-11-10,375.67108154296875,376.00422190791596,367.0571853684895,369.3510291752628,141455800
2022-11-11,379.30712890625,380.106648595616,374.64322048105964,376.5278212790889,93839900
2022-11-14,376.0804138183594,380.89658611860307,375.8043798668183,377.5462142284,71903500
2022-11-15,379.28802490234375,382.9239582221826,375.4807721813481,381.8198514474499,93194500
2022-11-16,376.3945617675781,378.6122738619531,375.76636153620575,377.66046061084984,68508500
2022-11-17,375.24285888671875,375.9186672305997,371.3404476693323,371.64500584373235,74496300
2022-11-18,376.94659423828125,378.6408206344442,374.1006819611119,378.5741867367159,92922500
2022-11-21,375.57598876953125,376.746729530004,373.73899615884227,375.62359686049797,51243200
2022-11-22,380.6300964355469,380.7919174617573,376.1089836932025,377.5176776993283,60429000
2022-11-23,383.0287170410156,383.5141220670557,380.0685626038953,380.2969884985024,68261600
2022-11-25,382.9430236816406,383.4950916496888,382.19111210524926,382.4671170422372,30545400
2022-11-28,376.8323669433594,381.4962458070925,376.0708989562592,379.8591259436192,67881600
2022-11-29,376.18511962890625,378.1553507626501,374.34809818392904,376.96558433179973,52310000
2022-11-30,388.0352478027344,388.0352478027344,374.5195160703624,376.4326410939259,144566700
2022-12-01,387.74969482421875,390.2434409456629,385.2464212750172,389.07270016589297,76398200
2022-12-02,387.3022766113281,388.20648163885994,382.7621385272809,382.8668240269508,85342700
2022-12-05,380.33502197265625,385.4177008262784,378.98346353454565,384.48494250767516,77289800
2022-12-06,374.8525695800781,380.7157422182558,372.7681254520418,380.17323078475664,77972200
2022-12-07,374.21490478515625,376.57541212687585,373.0822446819997,374.005504706076,65927900
2022-12-08,377.1463928222656,378.2124187884382,374.3195069079909,376.0994217071505,60737900
2022-12-09,374.32904052734375,378.45990573812827,374.2053001815389,375.90905369871786,81447700
2022-12-12,379.72589111328125,379.72589111328125,374.45283780553007,375.11908962319546,75405800
2022-12-13,382.6003112792969,390.70974839855415,379.84005911089247,390.45276931962,123782500
2022-12-14,380.1541748046875,385.9602409589763,377.21307559103866,382.257673780074,108111300
2022-12-15,370.8550109863281,376.20419694431035,369.19886518287717,375.2999627142446,117705900
2022-12-16,366.4765930175781,369.6415593936089,364.34432159505855,368.302907769073,119858000
2022-12-19,363.36895751953125,367.0024734712642,361.70520704366805,366.66780330486046,79878100
2022-12-20,363.8662109375,365.4821639806004,361.29407404311723,362.6136124267533,74427200
2022-12-21,369.3069152832031,370.43520527298585,365.9220161334383,366.45747677877307,78167400
2022-12-22,364.0383605957031,369.28780122976565,358.3490543275083,366.2662563964438,100120900
2022-12-23,366.1324157714844,366.2758375341586,361.46623322301946,363.0152466207401,59857300
2022-12-27,364.6885986328125,366.36192075609665,363.0152765095284,366.01770849733794,51638200
2022-12-28,360.15618896484375,366.59131636080116,359.9267141935356,364.6215509122238,70911500
2022-12-29,366.63916015625,367.5092910145083,362.47018314198056,362.9961017998292,66970900
2022-12-30,365.6733703613281,365.8167920978852,361.8486350909296,363.9618223377231,84022200
2023-01-03,364.13397216796875,369.49815002254616,361.274962367188,367.52841345608357,74850700
2023-01-04,366.9451904296875,368.9722958919306,363.3499291613042,366.3905873546689,85934100
2023-01-05,362.757080078125,365.10928447945327,362.1642506841692,364.9945470716449,76970500
2023-01-06,371.07586669921875,372.1946147969525,362.7857679206914,365.845539153224,104189600
2023-01-09,370.8655090332031,376.44964922378716,370.6838609207569,373.2655401902277,73978100
2023-01-10,373.4662780761719,373.53321794947027,369.3451279864,370.28219867133123,65358100
2023-01-11,378.18988037109375,378.26639143115705,374.231293835196,375.04405606095594,68881100
2023-01-12,379.5667724609375,381.02973273660194,375.22571833967487,379.289500125456,90157700
2023-01-13,381.0393371582031,381.6130534140989,376.10542404617286,376.37315440820146,63903900
2023-01-17,380.3413391113281,382.69357300821775,379.66245657056226,381.020250832517,62677300
2023-01-18,374.3364562988281,382.58832869980466,374.1356658339176,381.52697849057256,99632300
2023-01-19,371.6112976074219,373.9443593060729,370.2917592534764,372.2997219516563,86958900
2023-01-20,378.5340576171875,378.68705053096147,371.36267892386525,373.0073162714171,91806400
2023-01-23,383.075927734375,385.0074085420892,378.38106168560785,379.337245503758,84178800
2023-01-24,382.664794921875,383.57315208650715,380.21696655885887,381.4026252152029,59524900
2023-01-25,382.8082580566406,383.14292828207675,376.3157607326886,378.6010544265812,84800300
2023-01-26,387.01544189453125,387.17800600043023,382.5022526217131,385.46642861189923,72287400
2023-01-27,387.90472412109375,390.2760709827511,385.7628812656745,385.97324291614746,68346200
2023-01-30,383.0377197265625,387.37880296998725,382.7413050405992,385.1508780562935,74202000
2023-01-31,388.66961669921875,388.7174142189188,383.20978597821664,383.554027333468,86811800
2023-02-01,392.80029296875,395.5445649835094,384.7205573752073,387.4552290338302,101459200
2023-02-02,398.5183410644531,399.9813013244029,394.78922953717114,396.68245506156615,101654500
2023-02-03,394.28240966796875,398.69997431086017,393.07760869975664,393.55570061661354,94736800
2023-02-06,391.87286376953125,393.2689133762878,390.2186841761235,391.834637420615,60295300
2023-02-07,396.99798583984375,398.241013206568,389.7118693730586,390.9548967397829,90990700
2023-02-08,392.6569519042969,396.36695047559357,391.9684982603406,395.02829871801737,76227500
2023-02-09,389.2528991699219,396.40516522520073,388.028984948847,396.25217230001425,78694900
2023-02-10,390.1612854003906,390.54375312300726,387.26404936045475,388.07678232835883,70769700
2023-02-13,394.7414245605469,394.8753043260224,390.352543539111,390.8115223602018,64913500
2023-02-14,394.55975341796875,396.86413102531327,390.61070909281807,393.2210725630297,88389300
2023-02-15,395.8410339355469,395.91751581058026,391.5286350725414,392.3700815999979,61555700
2023-02-16,390.3907775878906,394.8179138959173,390.25692701019995,390.8784407346895,76431500
2023-02-17,389.4154968261719,389.6545428210452,386.34612524209655,388.2680643786122,89257800
2023-02-21,381.6034240722656,386.4512833840668,381.3452649276504,385.39947527197734,82655900
2023-02-22,381.0775451660156,383.55405800104023,379.624126941612,382.01458672604707,83742300
2023-02-23,383.1046447753906,384.577176151522,378.88787027584414,383.965204449082,96242400
2023-02-24,379.0121765136719,379.84405183245593,376.3922419822525,378.0942481460913,108194400
2023-02-27,380.3030700683594,383.7070827492521,379.36599925020045,382.3492886397092,80444700
2023-02-28,378.8974609375,381.78512595829335,378.79226552930106,379.82496053517093,96438600
2023-03-01,377.4440612792969,379.30863174384257,376.1436650512144,378.0847173960627,99706800
2023-03-02,380.3795166015625,381.2209631061389,375.13961830151106,375.4742885040699,85127800
2023-03-03,386.4799499511719,386.7285670881584,381.54603781817946,382.1962358283126,90120000
2023-03-06,386.7477722167969,389.59721125223996,386.30793571482315,387.3023461383792,72795900
2023-03-07,380.8193359375,386.9389359941927,380.2073934400801,386.69989002886615,108310600
2023-03-08,381.44097900390625,382.19634344288835,379.21305368070904,380.9342025914902,74746600
2023-03-09,374.4033203125,383.8886762938207,373.41845218171284,382.22489666616246,111945300
2023-03-10,369.00091552734375,375.9332484862883,367.48058669730784,373.8583166785041,189253000
2023-03-13,368.4749755859375,373.28460811867615,363.9713580532645,365.0805347641921,157790000
2023-03-14,374.5659484863281,376.21058604424246,370.0909854321958,373.3898317252391,149752400
2023-03-15,372.2232360839844,372.4240265155613,366.8972852061237,368.98178810972763,172996900
2023-03-16,378.75408935546875,379.0983308230219,369.36438318689056,369.8711596187796,143254200
2023-03-17,374.3253173828125,378.55818505074,372.9431553160695,377.4255889740926,140553400
2023-03-20,377.9246826171875,378.33743311980123,374.4021114765073,375.10277090610924,93055800
2023-03-21,382.8870544433594,383.36697102971766,379.69079357481445,381.28412015653794,91524200
2023-03-22,376.36016845703125,386.3232414014182,376.3217962204962,382.71428861761933,111746600
2023-03-23,377.37762451171875,383.25179889041164,374.6708879123496,379.22048781510506,119351300
2023-03-24,379.85406494140625,379.94044643168445,373.759117042927,376.1011128631042,107682400
2023-03-27,380.56427001953125,382.8966870426311,379.6716321408978,382.1288028794633,74010400
2023-03-28,379.7100830078125,380.5643194663322,377.87679777551904,379.87323827558174,62871700
2023-03-29,385.2290954589844,385.4690537806492,382.6663276952182,383.86611930354206,77497900
2023-03-30,387.4847106933594,388.10859647318574,385.62263176835995,387.8590304445402,69840000
2023-03-31,392.94610595703125,393.2436518891425,388.3004877505952,388.4060846284512,112062600
2023-04-03,394.4434509277344,394.84656445369103,392.03426030988214,392.42779542260035,67391100
2023-04-04,392.2550354003906,395.3744932102715,390.8824517022873,395.0865256835199,66601500
2023-04-05,391.2280578613281,392.28388034677903,389.5771434182015,391.52560384016596,65200200
2023-04-06,392.7541198730469,393.03247968178334,389.3850962213968,390.43131081559227,63743300
2023-04-10,393.1572265625,393.23402961478297,389.66344926995697,390.2777272293107,63681000
2023-04-11,393.26287841796875,394.66422675434245,392.4950235384784,393.7811965721071,59297900
2023-04-12,391.65997314453125,395.6145110142537,391.0744888814298,395.32654344418415,86420400
2023-04-13,396.8622131347656,397.2173467130726,391.6023169352439,392.7445207254535,85814800
2023-04-14,395.892822265625,398.4171884519207,393.5892282764297,396.2287697684171,78161500
2023-04-17,397.3133850097656,397.3325711300684,394.5778543396015,395.80643975007484,66436400
2023-04-18,397.572509765625,399.0218673008723,396.1999552913603,398.8874765900454,63560000
2023-04-19,397.5052490234375,398.40746508670185,395.6047691558796,395.6623567920076,55227300
2023-04-20,395.3360595703125,397.0829628319808,393.79071305675006,394.6929585087422,75840400
2023-04-21,395.64324951171875,396.10395069254025,393.6947893230702,395.6336418065236,73457400
2023-04-24,396.05596923828125,396.4782981802782,394.1075090570705,395.44166194381876,64332100
2023-04-25,389.7690734863281,394.6450428024144,389.7114858346393,394.0883231137075,97766700
2023-04-26,388.1181335449219,391.4583635816679,387.56144318468967,390.3833550986097,80447000
2023-04-27,395.8448181152344,396.11357024267807,390.40255091976803,390.65211692803183,92968400
2023-04-28,399.22344970703125,399.23305741321724,394.90419994068407,394.9617875942257,89433100
2023-05-01,398.8203430175781,400.8455772162606,398.589963107647,398.78194148395835,62122300
2023-05-02,394.3379211425781,398.1580683348258,391.43923503572364,398.1100590933305,103998500
2023-05-03,391.6311340332031,397.24616414474065,391.39117573178515,394.83697342513307,91531800
2023-05-04,388.8572082519531,390.91123595861524,387.52302611509293,390.58489620304397,94901900
2023-05-05,396.05596923828125,397.1021838881152,392.22624422840113,392.48538864162396,87891800
2023-05-08,396.1615295410156,396.64144612156804,394.76018132750204,396.3823017131118,50046800
2023-05-09,394.42425537109375,395.53766541370464,394.1939047732381,394.61623373049684,49220100
2023-05-10,396.2671203613281,397.8892407221348,392.44697389350114,397.2557473304781,96142900
2023-05-11,395.57611083984375,395.86404911911495,393.5028673537258,395.40334787228096,70157100
2023-05-12,395.0578308105469,397.0255068816186,392.6390611556344,396.814342359157,70481500
2023-05-15,396.42071533203125,396.8238288685914,393.75238023444746,395.6624389099318,54289400
2023-05-16,393.7716369628906,396.238415734528,393.762029255893,395.31695461644586,57705500
2023-05-17,398.5515441894531,399.1562144912637,394.14591338269895,395.78721992832476,87287000
2023-05-18,402.390869140625,402.8131980774416,398.01403224251106,398.23477512417634,97177200
2023-05-19,401.805419921875,403.8210757531866,400.5864421499419,403.2931791436521,103793300
2023-05-22,401.96856689453125,403.50430592203884,400.58640469895295,401.8245977682805,60745400
2023-05-23,397.45733642578125,401.9013689419868,397.0638012887145,400.32722839371974,86383500
2023-05-24,394.5778503417969,396.238372422446,393.4164603018304,395.85444497777297,89213700
2023-05-25,397.99481201171875,399.4441694496832,395.84479511708275,398.0811934806872,90961600
2023-05-26,403.14910888671875,403.8689837488059,398.57071530888675,398.64748907245814,93830000
2023-05-30,403.30267333984375,405.60626696953454,401.9205113036728,405.0783704702366,72216000
2023-05-31,401.06634521484375,402.3813121326053,399.5018122688516,401.47906649861943,110811800
2023-06-01,404.8768615722656,405.9326839874396,400.0489015795839,401.2966730663804,88865000
2023-06-02,410.7319030761719,411.51894416726753,406.92136347665047,407.44926010636226,91426200
2023-06-05,409.94476318359375,412.36353228842165,409.2440744066445,411.0773593229492,65460200
2023-06-06,410.8374328613281,411.3653294424387,408.87936479133043,409.5320736758542,64022200
2023-06-07,409.4168701171875,412.36356528982583,408.99454113451293,411.2309690598289,85373300
2023-06-08,411.89324951171875,412.34437231335727,408.71620378018724,409.48405866767195,61952800
2023-06-09,412.63226318359375,414.63831094166113,411.6436362158996,412.689850828952,85742800
2023-06-12,416.3756103515625,416.45241340725585,412.8914406087862,413.61131547404943,76104300
2023-06-13,419.1208190917969,419.7638910098273,417.17235863286135,417.83464596394765,95899700
2023-06-14,419.6199035644531,421.42439480568777,416.1741056268984,419.45674831132544,100612100
2023-06-15,424.8221740722656,426.0699454976172,418.7080413628314,418.8040012480244,110303100
2023-06-16,423.37518310546875,427.3732818174655,422.90312715218045,426.80488011436864,114165800
2023-06-20,421.1785888671875,422.32503554227975,419.1072877770987,421.4387253030806,76160400
2023-06-21,419.0205993652344,420.99555478179644,418.4329109170005,420.1959468611093,76982300
2023-06-22,420.53314208984375,420.6391018260277,417.72964857046975,418.0668439684426,70637200
2023-06-23,417.3538818359375,419.13617505158805,416.6409763099136,417.0841314152319,92074500
2023-06-26,415.648681640625,418.70263864501453,415.4078319979814,416.7854848977608,72823600
2023-06-27,420.2055358886719,420.82209563920264,416.07254809930254,416.52534656947205,72813700
2023-06-28,420.41748046875,421.4290371213432,418.5099408774898,419.126500621765,75636000
2023-06-29,422.0744934082031,422.2382840858477,419.5985816622902,420.0031925590313,67882300
2023-06-30,427.0552978515625,428.0379537648419,424.9647101118157,425.28264809004037,104964000
2023-07-03,427.54669189453125,427.82605633249915,426.4291459408796,426.70853977944085,32793400
2023-07-05,426.91082763671875,427.6430199831629,425.7258367708566,425.7354801650757,58418400
2023-07-06,423.5678405761719,423.991738320798,421.06299828536083,423.3366343156822,80658300
2023-07-07,422.4984436035156,426.438769743823,422.2575939538954,422.5755319557256,86134200
2023-07-10,423.5678405761719,423.7412452715391,421.57359837767063,422.1420000351028,62443500
2023-07-11,426.2653503417969,426.7566930521444,423.3558970583311,424.32893908451956,64463800
2023-07-12,429.69500732421875,431.1015903646367,428.62564905437046,430.0514894814251,91924500
2023-07-13,433.10546875,433.89546265173254,431.07271183277675,431.50622355890425,72425200
2023-07-14,432.8357238769531,434.83958003816,432.07463074719146,433.991813962652,69815800
2023-07-17,434.33856201171875,435.3886628143162,432.64297129896573,432.6911588627437,52680200
2023-07-18,437.5660400390625,438.2115006773749,433.5775554716282,434.01109662916457,80668200
2023-07-19,438.5390625,439.724023983291,437.48893213427476,438.35601441060516,65891700
2023-07-20,435.62957763671875,438.44271452207744,434.91667207150675,437.5467608684042,70591600
2023-07-21,435.62957763671875,437.5467608684042,435.61996364299455,437.3444259913096,71275600
2023-07-24,437.5757141113281,438.3849655149495,435.74523300726025,436.7760767025835,54023400
2023-07-25,438.7702941894531,440.0227007047043,437.2577512159894,437.3059387900186,55191200
2023-07-26,438.83770751953125,440.263518637083,436.7856637889011,437.83576473919794,71052900
2023-07-27,435.92822265625,442.6238546795818,435.02262562113657,442.2192143317386,92194400
2023-07-28,440.19610595703125,441.0246146496096,435.92822776892785,439.1941631701477,80011800
2023-07-31,441.0342712402344,441.39072403261815,439.35793761574195,440.6681750532694,62040400
2023-08-01,439.772216796875,440.51402315707037,438.81843216166044,439.5698819163366,55291500
2023-08-02,433.65460205078125,436.9205079074881,432.90315234388123,436.6604008783812,93933400
2023-08-03,432.411865234375,434.29050444334024,430.9956679816183,431.64115804128886,64276100
2023-08-04,430.45611572265625,436.32320952695244,429.9358722590493,434.2230076857938,100128900
2023-08-07,434.21331787109375,434.3674651549641,431.5928728464738,432.2865209235964,58357500
2023-08-08,432.32513427734375,434.2037733620173,428.9724964679823,431.67964426037906,71361300
2023-08-09,429.4349670410156,432.75870428928835,428.6738738420237,432.59491357535535,78789600
2023-08-10,429.5890197753906,435.1671052071516,428.42331584667255,431.7855671339231,93005500
2023-08-11,429.3385925292969,430.3501787286785,427.1227874459535,427.72008989099777,68690900
2023-08-14,431.70855712890625,431.70855712890625,428.11509896255956,428.4233935882657,47867400
2023-08-15,426.67962646484375,430.2923712690211,426.1111954097984,429.9358890851779,75707500
2023-08-16,423.5485534667969,427.9223617239687,423.44256433778145,426.2653150386881,80107200
2023-08-17,420.3211669921875,425.273020314269,419.8009235363625,425.01291328665195,95711300
2023-08-18,420.5235290527344,421.55437270930423,417.1612770258868,417.50808644271694,98852000
2023-08-21,423.25958251953125,424.00138893640195,419.38673031886054,421.5350906095178,68719000
2023-08-22,422.11309814453125,425.0321947779214,421.55433988295033,425.0321947779214,64994200
2023-08-23,426.81451416015625,427.4311034249485,423.0283644204359,423.17286834168584,68441000
2023-08-24,420.8992614746094,428.9243595057039,420.87033128977225,428.4137593836846,88517300
2023-08-25,423.8664855957031,425.1477928046301,419.0783933508206,422.62369316256587,102325100
2023-08-28,426.55438232421875,427.1709421526019,423.8664919427265,426.05339622552776,61595400
2023-08-29,432.7201232910156,432.999517120143,426.26534084235647,426.4483889303442,83081900
2023-08-30,434.50238037109375,435.13822692888783,432.35399106524045,433.057282576268,69053900
2023-08-31,433.86651611328125,436.2557255535454,433.68346804802377,435.1189223908011,66084600
2023-09-01,434.6758728027344,437.0651122233985,433.2211313207377,436.58341286121106,58944100
2023-09-05,432.79718017578125,434.55057269413254,432.72976461783867,434.23266409054196,55166200
2023-09-06,429.8877258300781,432.093916863234,427.56593166865076,431.9879277285903,70758500
2023-09-07,428.5679016113281,429.24226303585164,426.5447585365695,426.89156794336543,70355400
2023-09-08,429.21337890625,430.7451793135571,428.25962359995947,428.61607641541775,61659700
2023-09-11,432.0361328125,432.3443980335229,430.1285929169173,431.8337979292306,60180100
2023-09-12,429.6661682128906,432.11320909412444,429.08815252492514,430.59105211482444,67565400
2023-09-13,430.1671142578125,431.3231749266096,428.78943192828973,429.8877204342684,60199300
2023-09-14,433.87615966796875,434.56980780447236,431.33280276784916,432.63339669886733,83430800
2023-09-15,428.6487731933594,432.62232413166026,428.2137322540361,432.29361669829296,111848900
2023-09-18,428.9000244140625,430.1955284505577,427.8655448648222,428.3392658060863,55752200
2023-09-19,428.0106506347656,428.57140936349316,425.33263382268484,427.9816479077142,66514600
2023-09-20,424.0757751464844,429.68318495179983,423.8727265693422,429.2674693964477,82562600
2023-09-21,417.0664978027344,421.49441429318694,416.91180676973505,421.233389771168,104095800
2023-09-22,416.12872314453125,419.6865285568745,415.71297806578804,418.09131961695476,100829700
2023-09-25,417.8786315917969,417.91728222441265,414.4851650567311,414.92023546020613,70874500
2023-09-26,411.7394714355469,415.54865360911657,410.90801075336816,414.84288124552415,96168400
2023-09-27,411.9037780761719,413.4700137261174,408.2686420542666,412.90925504168933,104705800
2023-09-28,414.29180908203125,415.96437838949197,410.7630061946947,411.3527676631777,92258300
2023-09-29,413.2863464355469,417.5112441372113,411.76846823252566,417.3372277775056,115111300
2023-10-02,413.1219177246094,414.3690937958554,410.36654108063146,412.4548256054054,83798600
2023-10-03,407.5918884277344,413.1799731499237,406.2287013020404,410.94667474306095,103760600
2023-10-04,410.5599365234375,411.30435944495287,406.59606370497346,408.0559363281981,87453000
2023-10-05,410.4052734375,411.24638199806213,407.18585282564163,410.2699077129364,70142700
2023-10-06,415.2779541015625,416.81515765208843,406.63478734252965,407.95929439211045,113273300
2023-10-09,417.93658447265625,418.5069910271343,412.8318987010215,413.3829504373266,80374400
2023-10-10,420.11187744140625,422.70288570856627,418.1686064888882,418.5649967058061,78607300
2023-10-11,421.83282470703125,422.08417183466213,418.797068320578,421.17540990507433,62451700
2023-10-12,419.2610778808594,422.81888280363904,416.91176888328704,422.4418474172078,81154200
2023-10-13,417.1728515625,421.95850789546967,415.60664534568787,420.75965970754623,95143100
2023-10-16,421.56207275390625,422.6255551040407,419.1740835467255,419.4157827397426,75433200
2023-10-17,421.5426940917969,423.5923279162561,418.0912522340032,418.4392848901998,75324700
2023-10-18,415.9256286621094,420.7306097718711,414.8428210042976,419.77349041439385,93559800
2023-10-19,412.2711486816406,418.44899434083845,411.5944086302288,416.64108906158174,121323000
2023-10-20,407.20513916015625,412.37750784711915,407.0987761718527,411.83610400929126,123919900
2023-10-23,406.49945068359375,410.35699070368474,403.9277671716339,405.67766734824943,92035100
2023-10-24,409.5641784667969,410.71466914656554,406.7701212432729,408.61670687631084,78564200
2023-10-25,403.68597412109375,407.9109007331841,403.17357302000806,407.8818980106432,94223200
2023-10-26,398.8520202636719,403.47330792914914,397.9335809780985,402.6225515026816,115156800
2023-10-27,397.04412841796875,400.8339851009318,395.62293584989493,400.43759484678344,107367700
2023-10-30,401.79107666015625,402.8448816266276,398.5329761803426,399.8284803456642,86562700
2023-10-31,404.3144226074219,404.6334525608876,400.4568834170143,402.3614742415841,79665200
2023-11-01,408.6263427734375,409.43844855236455,404.74947812853236,405.28123407598383,98068100
2023-11-02,416.4573974609375,416.612088488878,412.3968391143164,412.41616442869764,94938900
2023-11-03,420.2569274902344,421.80380835994043,418.63271585397734,418.75840416588386,100167800
2023-11-06,421.2237548828125,421.66847320739254,419.28048362094427,421.01105837900457,67831700
2023-11-07,422.4224853515625,423.0605747296388,420.08285380291056,421.223666855701,64256100
2023-11-08,422.73187255859375,423.54397827582386,420.4308916076277,423.0218997774992,61746000
2023-11-09,419.43511962890625,423.9113935278032,419.0097266771128,423.8727133946502,83174400
2023-11-10,425.9803771972656,426.28975929301595,419.4254952530958,421.50413223667414,89462200
2023-11-13,425.57427978515625,426.6764127794683,423.86306009469695,424.64616313137293,52236100
2023-11-14,433.8307800292969,435.1166069139446,431.2784220719966,431.50079597873554,97176900
2023-11-15,434.74920654296875,436.3927730128096,433.8984205823122,435.16492211328534,77327600
2023-11-16,435.2809143066406,435.59994425440004,433.24095780816333,434.30444014118734,66665800
2023-11-17,435.8223571777344,436.43144390959674,434.37216191303287,435.2906012114316,83133200
2023-11-20,439.1771545410156,440.0182630951851,435.5613141930735,435.57099160312566,69936200
2023-11-21,438.22003173828125,439.0514924363308,436.9535301263982,438.13302355551457,49244600
2023-11-22,439.9118957519531,441.22675482120695,438.8194400859089,439.8732451207241,59394900
2023-11-24,440.1825866699219,440.3759578384197,439.6315348978691,439.9602422808771,29737400
2023-11-27,439.3898010253906,440.3662456876674,439.00305871890555,439.55413995178077,50506000
2023-11-28,439.8249206542969,441.12042500107185,438.4424081242647,439.00313736224456,62115000
2023-11-29,439.5155029296875,443.10234049536746,439.1191421839662,441.97117519611106,63146000
2023-11-30,441.24609375,441.59415597189025,438.2876976332808,440.35665713551293,79752700
2023-12-01,443.8564147949219,444.38814123082403,440.0472330596215,440.6369649429203,89183400
2023-12-04,441.5264587402344,443.8757680204174,439.25448022667734,440.47265370720123,72430900
2023-12-05,441.439453125,442.3965725770802,439.76688393206007,440.14394887033336,69793500
2023-12-06,439.66058349609375,443.60510200805135,439.2255130737281,443.57609928018036,69124700
2023-12-07,443.0153503417969,443.6630877368815,441.13976201140014,441.73917136361564,66995400
2023-12-08,444.919921875,445.451648340426,442.02917923250493,442.27087844484373,83194400
2023-12-11,446.6504821777344,446.8245280398024,444.21416465607524,444.4268611503367,65002200
2023-12-12,448.6904296875,448.7871152745883,445.30664066950123,446.3024402574832,68327600
2023-12-13,454.8779296875,455.12930631637573,448.70976090431213,449.06747102737427,93278000
2023-12-14,456.3377685546875,458.0006602364905,453.6693999362765,456.8114895469167,119026000
2023-12-15,455.58636474609375,456.9162712434612,453.7420093093976,455.74168294193043,141553700
2023-12-18,458.14910888671875,459.12954211953263,456.13003141968665,457.18810894495897,70375300
2023-12-19,460.93511962890625,461.01279355520546,458.6151220933891,458.6927663957653,55761800
2023-12-20,454.54779052734375,461.96405036999886,454.1206728290634,460.0808576886502,102921000
2023-12-21,458.8577880859375,459.1295875723286,455.1108062836296,457.52788134560456,86667500
2023-12-22,459.7799377441406,461.4592882220052,457.8870580411275,459.98377994700513,67160400
2023-12-26,461.7213134765625,462.62407274345054,460.1099204752376,460.18759438735214,55387000
2023-12-27,462.55621337890625,462.70181495571654,460.9836571015111,461.5175394244562,68000300
2023-12-28,462.7309265136719,463.5657286208665,462.3135254600746,462.91536504878167,77158100
2023-12-29,461.3912658691406,463.0608994653051,459.44011618801756,462.5367042508105,122283100
2024-01-02,458.8092041015625,459.7993540123723,456.7124526493962,458.3335624378489,123623700
2024-01-03,455.0622253417969,457.39193916554245,454.4603858132538,456.65418509885427,103585900
2024-01-04,453.5964660644531,457.16869615612853,453.37319057475315,454.5865863632777,84232200
2024-01-05,454.2176818847656,456.6638768226145,452.7712941422228,453.80025127175645,86118900
2024-01-08,460.7021484375,460.8477500166702,454.5866154970485,454.71281340697016,74879100
2024-01-09,460.0032043457031,461.02244496424106,457.54729244084217,458.05205442710235,65931400
2024-01-10,462.6047668457031,463.46871896304185,459.9935364474402,460.2750525964962,67310600
2024-01-11,462.40087890625,464.119036700077,458.4306513904914,463.60455806414546,77940700
2024-01-12,462.7212219238281,464.5850109920546,461.31370050606375,463.847256832393,58026400
2024-01-16,461.02239990234375,462.65319658217305,459.207164709733,461.3427529504032,85014900
2024-01-17,458.45977783203125,458.94513616011074,456.110630489601,458.00353981867966,68843900
2024-01-18,462.5367431640625,463.09005873569527,458.58594911701266,460.12938495584103,91856200
2024-01-19,468.30279541015625,468.5843115147551,462.5852901238366,463.66277131466796,110834500
2024-01-22,469.2929382324219,471.0110958989677,468.6425450951434,469.83653714242234,75844900
2024-01-23,470.66162109375,470.90430023582877,468.7493378931313,469.83653570981716,49945300
2024-01-24,471.1761474609375,474.45714470411593,470.6810725123754,473.52526505734005,81765000
2024-01-25,473.7388610839844,474.01066056996024,471.17618444820096,473.3020267275593,72525000
2024-01-26,473.1369934082031,474.79691054106985,472.29247468488353,473.3117152908374,76641600
2024-01-29,476.8839416503906,477.0295728420406,472.9040272208165,473.4476261562877,61322800
2024-01-30,476.51507568359375,477.2236798269538,475.7578883130134,476.1947226231299,58618400
2024-01-31,468.7396545410156,474.75807991768903,468.7202212489611,474.31155855924624,126011100
2024-02-01,474.8746032714844,474.90372358641025,469.6327095934461,470.43842101293257,91891600
2024-02-02,479.87371826171875,481.5239185736894,474.97158205447363,475.311338761735,99228200
2024-02-05,478.1264953613281,479.9029234991888,475.8744551474019,479.24284325758833,75757100
2024-02-06,479.5146179199219,479.84465802363434,477.6411122849623,479.0680669349689,55918600
2024-02-07,483.51397705078125,483.93137810723994,480.854193242822,481.756982255993,70556500
2024-02-08,483.7275390625,484.10610316011065,482.69858176017516,483.51398020972,52343600
2024-02-09,486.52313232421875,486.95993698445255,483.89246922228017,484.232225929518,63979400
2024-02-12,486.3096008300781,488.7557959365899,485.59125041968997,486.4940393494017,56502300
2024-02-13,479.6116638183594,482.53353038052535,476.3500701317823,480.04849815534635,113099200
2024-02-14,483.9701843261719,484.4555426281319,479.9222830533005,482.2423099561509,68387800
2024-02-15,487.3094482421875,487.4938867654942,484.19342663721847,484.6690979139186,61683000
2024-02-16,484.88262939453125,488.14422275630824,484.14487534292635,487.0085009915144,75532900
2024-02-20,482.21319580078125,483.8148722929186,479.970842787005,483.14507545774694,71736700
2024-02-21,482.6500244140625,482.8053426352379,479.1069145137689,480.9124629140013,59293400
2024-02-22,492.6387023925781,493.59970240133447,488.2898811137423,489.25091074641995,76402500
2024-02-23,492.9783935546875,495.19162604856547,492.250356160334,494.35679443193635,61321800
2024-02-26,491.1728820800781,493.8520693709636,491.0466841824756,493.4152350521733,50386700
2024-02-27,492.08538818359375,492.30866367947897,489.9692329795254,491.86214231163,48854500
2024-02-28,491.4350280761719,492.01743437576624,490.17307863790023,490.5322390639573,56506600
2024-02-29,493.20166015625,494.8130532117829,490.55162288856457,493.19197313484807,83924800
2024-03-01,497.8320007324219,498.25911842016706,493.6676477127876,494.0753617325155,76844800
2024-03-04,497.2980651855469,499.1424502869192,497.0068620768657,497.0360120116513,49799300
2024-03-05,492.32806396484375,495.745005535815,490.1245478315941,495.2984545471132,72855600
2024-03-06,494.82275390625,497.074823378055,493.53171394872805,495.5993152849811,68382400
2024-03-07,499.7345886230469,500.78297909459656,494.88100583529064,498.1135085613306,58652100
2024-03-08,496.73516845703125,503.0447976060077,496.1624491386697,500.3656691875528,86532500
2024-03-11,496.3079833984375,496.89041928478855,493.6093924281333,495.5314219659159,62557200
2024-03-12,501.64697265625,502.22937893995004,495.90028750048145,498.41446966211043,73114400
2024-03-13,500.8606262207031,502.14197926945354,499.4239845817287,501.9672573875113,55104100
2024-03-14,499.87054443359375,501.9866995940405,496.8321966177629,501.831351753217,110171800
2024-03-15,496.4381408691406,498.2590460217431,494.77306623402836,496.80816405826874,107646300
2024-03-18,499.3885498046875,501.93972478311895,498.9795987021718,500.498619372016,88893300
2024-03-19,502.16375732421875,502.44611843714694,497.6942976787681,498.69727097739485,60755300
2024-03-20,506.8083801269531,506.94471696954355,501.5502591703246,502.22213711517423,69594600
2024-03-21,508.48321533203125,510.34301859328446,508.20079481953724,509.6419595938359,60256100
2024-03-22,507.5191955566406,508.8823855528386,507.2854498071945,508.39551924735605,79070800
2024-03-25,506.1170654296875,507.2660628859731,505.961234915521,506.14624650613894,48512100
2024-03-26,505.182373046875,507.8796322492191,504.783168700362,507.53879006859506,65463700
2024-03-27,509.4277038574219,509.4666912006187,505.8443747669276,508.00609219695343,82999800
2024-03-28,509.330322265625,510.8298490860622,509.0479612048705,509.4666590943707,96294900
2024-04-01,508.4442138671875,510.60593125263364,507.2854696375655,510.07039018205234,62477500
2024-04-02,505.2114562988281,505.3477336967163,502.9134021583385,504.627181070464,74230300
2024-04-03,505.7665100097656,507.266096506351,504.07222450545925,504.1208992573895,59155800
2024-04-04,499.5929870605469,510.10928714568735,499.29113233493734,509.76850451197106,96858100
2024-04-05,504.812255859375,506.7694681704287,500.50837380151097,500.94656541967566,74546500
2024-04-08,505.0945739746094,506.51624504555883,504.28641866242464,505.5133313161047,48401800
2024-04-09,505.67889404296875,507.0713247303679,500.83941141698267,506.8278915451877,68049200
2024-04-10,500.615478515625,502.60187193743167,498.638831930463,499.9922752896709,82652800
2024-04-11,504.39349365234375,505.8345989017068,498.62901322296943,502.13442685782303,70099000
2024-04-12,497.4313659667969,502.27081877394835,495.70784003413945,500.85889444352966,92561100
2024-04-15,491.199462890625,501.7644387082916,490.3522904966187,501.5989207934361,92101400
2024-04-16,490.3036193847656,493.19560665785394,489.01828510429004,491.6765860412786,73484000
2024-04-17,487.40191650390625,492.92299427571044,486.0094858021586,492.7574466330574,75910300
2024-04-18,486.3989562988281,490.8878795783521,485.46418121059236,488.794360179131,74548100
2024-04-19,482.1534729003906,487.3142441699,480.8876025986124,486.32104754330464,102212600
2024-04-22,486.5937194824219,489.18385210193054,482.41639776348796,484.7533503648902,67961000
2024-04-23,492.3679504394531,492.79639521919916,486.4087108687592,488.5996095177476,64633600
2024-04-24,492.13421630859375,494.04272395926796,489.91410708182036,493.25400289949073,55928100
2024-04-25,490.2646789550781,491.0241892900092,484.4222826199273,486.0678932982719,69122400
2024-04-26,494.90936279296875,496.4868049205615,492.4166096033967,493.0495298783495,64306100
2024-04-29,496.6620788574219,497.33395677101214,493.9258924563797,496.69128964862307,46415400
2024-04-30,488.79437255859375,496.1752536684076,488.79437255859375,495.2015209263445,77483600
2024-05-01,487.2071838378906,494.84124497607075,486.7397814235659,488.2101273744075,80242800
2024-05-02,491.76422119140625,492.6016467604268,486.4281553313073,490.9073316662554,62550200
2024-05-03,497.8597717285156,499.08665465274976,495.20147091341136,497.73318173027803,72756700
2024-05-06,503.0011291503906,503.0400570645358,499.8170040691018,500.255195688938,47264700
2024-05-07,503.55621337890625,504.9486442034007,502.8843353443803,503.9651645293329,52561300
2024-05-08,503.6048278808594,504.14036899052337,501.6086876910597,501.72553086291623,42047200
2024-05-09,506.5064697265625,506.5454570669787,503.1373929681529,503.7897771689901,43643700
2024-05-10,507.1590270996094,508.9117342857,505.94186107705553,508.10351940578255,52233200
2024-05-13,507.2270812988281,508.9408603825465,506.0878306657376,508.83376404779614,36716400
2024-05-14,509.5542907714844,510.0703976103099,506.88627278339663,507.42181386177714,57535900
2024-05-15,515.8640747070312,516.1561825946173,511.3848691803367,512.01781913004,59504900
2024-05-16,514.802734375,517.558414507879,514.6566506998298,515.9614786446474,50244800
2024-05-17,515.5427856445312,515.6109540647997,513.4687302561026,514.9195824580145,59187600
2024-05-20,516.13671875,517.5973177042522,515.2700824401487,515.6595992673854,37764200
2024-05-21,517.402587890625,517.5584184029028,515.1727614260365,515.3772666864285,33437000
2024-05-22,515.9127197265625,517.4219932520712,513.7412557847823,516.7111875279095,48390000
2024-05-23,512.1444702148438,519.0676954201629,510.93699174891134,518.9605990872589,57211200
2024-05-24,515.5330810546875,516.3412958961842,513.0403275362747,513.9848197975488,41291100
2024-05-28,515.893310546875,516.5749353115505,513.2642204156563,516.3412489766735,36269600
2024-05-29,512.28076171875,513.4589997088932,511.56995584928654,511.871810616093,45190300
2024-05-30,508.8824462890625,511.4044402025134,507.63609930287237,510.74230907986095,46377600
2024-05-31,513.5174560546875,513.6440460717812,504.7441141188356,509.8367770177735,90785800
2024-06-03,513.9360961914062,515.4064420460951,508.87267437322015,515.1240809646227,46835700
2024-06-04,514.5106201171875,515.2506664560023,511.17072418863216,512.631323194632,34632700
2024-06-05,520.6256713867188,520.6451650598835,514.84169649016,516.8281493311971,47610400
2024-06-06,520.6159057617188,521.3559521321091,518.6879340097541,520.9275073614583,30808500
2024-06-07,519.9830322265625,522.7873872843439,518.55161418802,519.6421901069427,43224500
2024-06-10,521.5896606445312,521.9110090941606,518.5808597177815,519.1748224338155,35686100
2024-06-11,522.8458251953125,522.9042467845098,518.0745108271142,520.0414700499772,36383400
2024-06-12,527.139892578125,529.8274041983666,526.1077383475028,527.4028194115604,63251300
2024-06-13,528.2013549804688,529.0582445758802,525.4164935113477,528.8829798084458,44760900
2024-06-14,528.5226440429688,528.5518251182958,525.6695550365463,526.6725282080745,40089900
2024-06-17,532.7291259765625,534.1216160104203,527.3833430672393,527.8410283318889,55839500
2024-06-18,534.0825805664062,534.2091705580833,532.3688016931667,532.7874995764366,41376400
2024-06-20,532.6317749023438,535.669816103357,530.8595742964317,535.0076850141029,70328200
2024-06-21,531.9176635742188,533.0313142277637,530.4621308750893,531.810221745453,64338600
2024-06-24,530.1886596679688,534.3013212499749,530.0714395414016,531.7419157804823,45528700
2024-06-25,532.230224609375,532.5916631831469,529.8954816744096,531.4096242974609,37936200
2024-06-26,532.8945922851562,533.6076912884868,530.4719636310322,531.1166742934914,38550600
2024-06-27,533.7347412109375,534.311123211826,532.0154331135317,532.7578670304722,35041500
2024-06-28,531.6343383789062,537.5542520433446,530.3937489459842,534.5063503169283,76144500
2024-07-01,532.728515625,533.2560061424955,529.9737236752046,533.0117876323043,40297800
2024-07-02,536.3135375976562,536.3135375976562,531.0775079183517,531.1263396875488,40434800
2024-07-03,538.70703125,539.068469909586,535.9620173191718,536.0010708200014,32789900
2024-07-05,541.8134155273438,542.2139076372644,538.3747999305978,539.0097918869257,41488400
2024-07-08,542.4386596679688,543.3861988920726,541.3738407022457,542.5949332840256,36110500
2024-07-09,542.9661254882812,544.2946598471173,542.6730752067231,543.3959524424528,27289700
2024-07-10,548.3389282226562,548.6808102777995,543.894163387503,544.1872136667199,38701200
2024-07-11,543.61083984375,549.3255886798729,542.9759074999535,548.4561564855596,53054200
2024-07-12,547.0396728515625,550.6345620898736,544.2653840243584,544.7342644743289,53084400
2024-07-15,548.5441284179688,551.7775792240066,546.6880438244344,549.0325654558818,40584300
2024-07-16,551.7970581054688,552.090108393895,549.1008762046278,549.8530882979716,36475300
2024-07-17,544.0602416992188,547.5476892504238,543.7378565645935,545.8772131422685,57119000
2024-07-18,539.8792724609375,546.5806748281783,537.700862061102,545.5940223403177,56270400
2024-07-19,536.2940063476562,541.2663208584747,535.2389658144236,539.6446767543289,65509100
2024-07-22,541.8233032226562,542.4289604616175,538.277245078338,540.211436930268,43346700
2024-07-23,540.9732666015625,543.8647752379528,540.4848296428585,541.7156406949248,34439600
2024-07-24,528.7135009765625,536.4698829953903,527.7952370228695,536.1670544374522,74515300
2024-07-25,525.958740234375,534.7994982405838,525.0209792890996,528.8307523766035,61158300
2024-07-26,531.8493041992188,534.5357078065754,528.9675138593225,529.7392825093052,53763800
2024-07-29,532.1619873046875,534.3990077101311,530.1691258203317,533.3928583100442,39515800
2024-07-30,529.4657592773438,534.6822931769603,526.0662565076813,533.6272524601584,46853600
2024-07-31,538.0718994140625,540.6996925359946,534.9166158614872,536.284203519186,65663400
2024-08-01,530.452392578125,542.0381046138815,526.9551667505608,539.7913062018092,76428700
2024-08-02,520.5762329101562,524.5716145988897,516.3756265717791,523.3603002519518,82789100
2024-08-05,505.41510009765625,511.4717311244644,498.4695101090915,499.80785259777787,146267400
2024-08-06,510.07476806640625,517.4989864003181,505.8937188490462,507.2124748611044,84826300
2024-08-07,506.6654357910156,519.2964689099484,506.06955696870784,516.2485672171777,70698300
2024-08-08,518.3782958984375,519.0034500456989,509.77203694963987,511.7941139882875,63276600
2024-08-09,520.6641845703125,522.1490524745319,516.3366389006953,517.5577316841202,45619600
2024-08-12,520.9376831054688,523.3407552909962,518.6713279832952,521.8559471668351,42542100
2024-08-13,529.5047607421875,529.739260585726,523.8780165940644,524.122235093717,52333100
2024-08-14,531.1752319335938,532.3572709257232,527.6291745808618,530.2960214933445,42446900
2024-08-15,540.2796630859375,540.562935056648,536.1865589989441,536.7922160560852,60846800
2024-08-16,541.490966796875,542.1845687274085,538.51151333941,538.667786928332,44430700
2024-08-19,546.66845703125,546.66845703125,541.0514314058853,541.9013070349608,39121800
2024-08-20,545.779541015625,547.8700657821756,544.4412283435015,546.2191462607274,33732300
2024-08-21,547.6550903320312,549.1106230342316,541.9012882335657,546.8247712917706,41514600
2024-08-22,543.3568115234375,550.155875826028,542.1454973391976,549.5502187339081,56121500
2024-08-23,549.1302490234375,550.0680696349215,544.4021520897437,546.5904001832064,50639400
2024-08-26,547.8211059570312,550.8689478276912,546.1213548703539,550.1558489432847,35788600
2024-08-27,548.5734252929688,549.0618623501647,545.4083627021253,546.5512887213379,32693900
2024-08-28,545.3887329101562,548.661296528156,542.2041141850556,548.2314695905903,41066000
2024-08-29,545.4376220703125,550.644377643334,544.2946960843145,547.352316743397,38715200
2024-08-30,550.6444091796875,551.1524028130747,544.2556737558524,547.8017316610252,62700100
2024-09-03,539.3125610351562,547.8406511283397,536.801987949737,547.5084877669302,60600100
2024-09-04,538.2088012695312,541.6083040829072,536.7532683896355,537.4761456891545,47224900
2024-09-05,536.8997192382812,540.9928237930679,534.4477558926965,538.1501466111926,44264300
2024-09-06,527.8636474609375,538.8437022454943,526.9649400293706,537.2221175565589,68493800
2024-09-09,533.773681640625,535.043665505135,530.1299607989381,532.0544335310877,40445800
2024-09-10,536.0986938476562,536.4504138231891,530.8138314182086,535.6786451567546,36394600
2024-09-11,541.5985107421875,542.5167747623394,527.4729497044474,536.0108196239122,75248600
2024-09-12,546.1605224609375,546.4633510224045,539.9573366553728,542.1748597619055,51819600
2024-09-13,549.0130004882812,550.0094311099382,546.5122052774053,546.7662020730168,39310500
2024-09-16,549.8238525390625,550.0875680057417,546.9518402590558,548.7492552395013,36656100
2024-09-17,550.0484008789062,553.477237850398,547.8210997398118,552.031423916307,49321000
2024-09-18,548.4171752929688,555.5385664291312,547.8603498689396,550.7030274298603,59044900
2024-09-19,557.7755126953125,559.6315971955383,554.9426137920285,557.8048475354702,75315500
2024-09-20,556.8113403320312,557.8500005367814,553.7933228326182,556.4096197933483,77503100
2024-09-23,558.2027587890625,558.8495067502496,556.6643550711399,557.8794446150124,44116900
2024-09-24,559.7999267578125,559.8587165873663,556.1743944512203,558.9964258828836,46805700
2024-09-25,558.565185546875,560.3779812951763,557.4579274397835,559.6430786474534,38428600
2024-09-26,560.7798461914062,563.1413674659622,558.428192996937,562.8179934718497,48336000
2024-09-27,559.9664306640625,562.6610738881527,558.9375788488986,561.847824630314,42100900
2024-09-30,562.21044921875,562.8179640810873,556.6447925339722,558.9376557740085,63557400
2024-10-01,557.173828125,562.5043247858904,554.6065728022052,561.8576367225866,72668800
2024-10-02,557.4090576171875,558.4281611024765,553.8913563966638,556.282242548741,38097800
2024-10-03,556.3900146484375,558.3301388916863,554.106899883147,555.9392527365582,40846500
2024-10-04,561.4461669921875,561.8185225581165,556.6643942780399,560.828843806913,42939100
2024-10-07,556.3704223632812,560.4467168743025,555.22399069742,559.7999688939893,49964700
2024-10-08,561.6323852539062,562.2301517411685,558.0657019121494,558.9377412468939,37398700
2024-10-09,565.5223999023438,566.0809331902332,561.0247685875196,561.6224751598685,37912200
2024-10-10,564.5327758789062,565.953600014702,562.9257739624676,564.1800368650188,44138100
2024-10-11,567.913330078125,568.6482329129351,564.3171624790748,564.4543586951436,42268000
2024-10-14,572.5579223632812,573.4888112745962,569.0401610478535,569.520288010914,36217200
2024-10-15,568.1093139648438,573.1262458468478,566.8942243784207,572.8224884018784,54203600
2024-10-16,570.5784912109375,571.0978512020905,567.305757742965,568.1092586044506,30725400
2024-10-17,570.6275634765625,574.3216944108202,570.441385688738,574.1159000748407,34393700
2024-10-18,572.8224487304688,573.6063330690159,570.8528997080355,572.3128969974695,37416800
2024-10-21,571.8817749023438,573.0771881011084,568.912738838732,572.0973176864316,36439000
2024-10-22,571.5780639648438,572.7343039714391,568.6972423190728,569.3537388044809,34183800
2024-10-23,566.3552856445312,570.0004346494243,562.8571411229607,569.5594810059998,49314600
2024-10-24,567.5801391601562,568.3836400907534,564.9639018539431,568.3052337104026,34979900
2024-10-25,567.3841552734375,572.6950960929863,566.4435179318251,569.8044663478088,47268200
2024-10-28,569.1381225585938,570.9802836348513,568.8343651367928,570.8528957024953,30174700
2024-10-29,570.0592041015625,571.1762108700161,566.7864107519835,568.1778099310847,42899700
2024-10-30,568.3346557617188,571.5780244818477,567.6291179550885,569.5888588084969,41435800
2024-10-31,557.193603515625,564.0428890862833,556.9976174444517,563.974290971045,60182500
2024-11-01,559.545166015625,563.9643910438907,559.1336371976272,559.8195584319851,45667500
2024-11-04,558.3399047851562,560.9757583388703,556.4585705161212,559.6823223393656,38217000
2024-11-05,565.0912475585938,565.1304208425688,559.0356559214524,559.251198693126,39478300
2024-11-06,579.142578125,580.0146771322202,573.6063462638446,577.3396500855225,68182000
2024-11-07,583.6205444335938,584.6396478381987,581.0630972629532,581.1415036340469,47233200
2024-11-08,586.148681640625,587.5695056932594,584.1693242787533,584.1693242787533,46444900
2024-11-11,586.7071533203125,588.0887441353201,584.9825720146739,587.7360051791314,37586800
2024-11-12,584.8846435546875,587.2264882691159,582.4055428293386,586.6287817012992,43006100
2024-11-13,585.1688232421875,587.1677373847895,582.9837313260188,585.3451927424278,47388600
2024-11-14,581.4061279296875,585.7763718199695,580.7202664359244,585.2962448517161,38904100
2024-11-15,573.9591064453125,578.3195418358689,572.1071369723535,577.8491633593196,75988800
2024-11-18,576.3108520507812,577.6238450144261,573.5574183688442,574.4196493771738,37001700
2024-11-19,578.41748046875,579.142574989824,572.2737337790142,572.9400384688264,49412000
2024-11-20,578.613525390625,578.897666302881,572.8616903884546,578.4959457161364,50032600
2024-11-21,581.7196044921875,583.1404284379229,575.6248397212988,581.4550801704302,46750300
2024-11-22,583.5226440429688,584.1497754660484,581.2101642027249,581.7098478799927,38226400
2024-11-25,585.501953125,588.7648782973704,583.2188384863542,587.4518855330788,42441400
2024-11-26,588.5591430664062,589.2254477201681,586.0310608458545,586.7463470552605,45621300
2024-11-27,586.7756958007812,588.7549929605899,585.2569089334798,588.3728890308719,34000200
2024-11-29,590.4209594726562,591.204843913549,587.3147867247623,587.5891193661275,30177400
2024-12-02,591.4791870117188,592.1552999944694,590.3425038316959,590.8324390421951,31746000
2024-12-03,591.7534790039062,591.9984465923378,590.2151351783115,591.2439870884159,26906600
2024-12-04,595.4280395507812,595.6730071584342,592.7726289600115,593.4389336760423,42787600
2024-12-05,594.4481811523438,596.2315525489399,594.0954421437544,595.4280516027892,28762200
2024-12-06,595.5750122070312,596.8096584526629,594.800936138575,595.212464951605,31241500
2024-12-09,592.5079956054688,595.6239761392873,591.9200973185369,595.4574149257465,34742700
2024-12-10,590.6658325195312,593.6054435570935,590.0093361336401,593.184106485161,37234500
2024-12-11,595.2321166992188,596.1825623151827,593.3115491139272,593.5859415432025,28677700
2024-12-12,592.1650390625,594.9380289691392,592.1650390625,594.369747252086,31543800
2024-12-13,592.0475463867188,594.9087513561514,590.6757038334936,594.1934650654297,35904700
2024-12-16,594.5755004882812,595.54562235978,593.0273484159295,593.8014244521054,43695200
2024-12-17,592.1257934570312,592.9880840930309,590.7540109408761,592.0278303510687,55773500
2024-12-18,574.4784545898438,594.2031909866316,574.0962907751041,591.822113059209,108248700
2024-12-19,574.302001953125,581.0631314525076,574.057034359764,579.456129686489,85919500
2024-12-20,581.1998901367188,585.7224397345614,571.1321976271144,571.9777678628068,125716700
2024-12-23,584.6803588867188,585.2800771480029,577.7686569320756,580.9443313472664,57635800
2024-12-24,591.1791381835938,591.2185033240278,585.4472496940897,586.0273454449668,33160100
2024-12-26,591.218505859375,592.3392722176656,588.0133673077331,589.4094496188982,41219100
2024-12-27,584.9949951171875,587.7183905820746,580.8165297326684,587.4823797773107,64969300
2024-12-30,578.3192749023438,581.7800467977985,574.5734057798932,577.9948725430215,56578800
2024-12-31,576.21533203125,580.698577374324,574.5832389413312,579.9808236627084,57052700
