Date,Close,High,Low,Open,Volume
2021-01-04,208.75157165527344,211.1385691444378,205.37719960646155,211.1385691444378,10318300
2021-01-05,205.63601684570312,209.42262258690985,204.80201220650227,207.36155629538965,6869700
2021-01-06,203.82418823242188,207.22733237156245,203.29695270418375,204.9553808055336,7206200
2021-01-07,204.96495056152344,206.31662416984764,203.42155362371514,203.42155362371514,10967900
2021-01-08,206.53712463378906,207.17940589293946,203.94882287417514,205.3100776569713,6513000
2021-01-11,204.0830078125,205.97151255987208,203.68996548633478,205.10875027919187,7353100
2021-01-12,200.2197265625,203.98714041215098,198.88722968945507,203.55575926847715,9331600
2021-01-13,200.68946838378906,202.2712041768046,199.99925267800523,200.7469839213456,6688500
2021-01-14,193.50933837890625,202.4725479769412,193.38471161390572,201.85902445529598,12887500
2021-01-15,193.25047302246094,194.8513854782278,192.13845724547426,193.20253853374473,8755000
2021-01-19,193.31759643554688,195.72375579444963,191.79337613999755,194.65009339168077,9772000
2021-01-20,197.48764038085938,198.61883298725135,193.8640150254347,194.63092303573464,12675700
2021-01-21,196.65362548828125,198.59964586886656,196.27975986411838,197.5259834871789,6513500
2021-01-22,193.66270446777344,196.8357718146806,193.45180440596513,195.55120934915954,7316200
2021-01-25,192.6657257080078,193.29842591316967,187.65208781509972,192.0522022256685,19282400
2021-01-26,193.65310668945312,195.07189156758085,192.65613655791353,193.413448860688,9605300
2021-01-27,186.9043731689453,191.43869578787343,185.9361606797298,189.4639173603825,13772400
2021-01-28,190.01995849609375,193.64358480390277,189.97202399018525,191.72632158802253,11041300
2021-01-29,185.25550842285156,194.650098580155,184.83370828836252,189.63646071441326,21503000
2021-02-01,190.15411376953125,190.9689562620467,186.95228859474383,187.06731967507883,12970700
2021-02-02,194.22833251953125,195.89635662739366,191.72630367151572,192.54114631314212,11305100
2021-02-03,193.030029296875,195.0910810627099,192.66574466517102,194.66929551198777,13458600
2021-02-04,200.59364318847656,201.0058477159763,194.69806526119964,194.8322730873107,14534800
2021-02-05,200.13351440429688,201.43725390792034,200.0280643478436,201.29345039772588,10284000
2021-02-08,198.3312225341797,201.93567083744497,197.3917679868623,201.31256636400587,8637100
2021-02-09,197.9765625,199.04064394811184,195.27321490788444,197.24799326819638,7619400
2021-02-10,197.89987182617188,199.36657672220088,197.42055611825248,199.36657672220088,8467600
2021-02-11,202.2588348388672,203.15173919537665,198.9272180554811,199.06163423765236,8411100
2021-02-12,201.5867156982422,202.71005386126706,199.397629553327,201.0106380837494,6911000
2021-02-16,199.60887145996094,202.63325717921086,199.08081736715556,202.25881109781002,9652700
2021-02-17,199.23443603515625,199.97373231499574,196.88214567231879,197.07416668454272,8373200
2021-02-18,201.0010528564453,201.33708594089325,196.7861282152577,197.66943652761844,7328600
2021-02-19,196.56529235839844,201.17386962054832,195.63397512343272,200.99144454252735,15011500
2021-02-22,200.01211547851562,202.24918118017953,195.00988608210423,195.43234103615197,8337700
2021-02-23,203.65097045898438,205.3791886819102,198.31270778726224,199.12880066318377,10571700
2021-02-24,210.67909240722656,211.73523010611214,202.86371738627216,203.89105266157597,12039000
2021-02-25,205.22552490234375,211.65832205110215,204.10218694511997,210.54458001393238,11404300
2021-02-26,203.91986083984375,206.62740593506754,202.33566889707527,205.51366335758826,11730000
2021-03-01,207.99072265625,209.1140608789356,206.22409138143507,206.3969205350668,6982000
2021-03-02,207.16500854492188,209.2388557302134,206.25289786223527,208.30755320386857,6155200
2021-03-03,206.28173828125,208.52841502520724,204.37109466636764,206.56976249180988,6484600
2021-03-04,203.06529235839844,208.3651565730882,200.34815217306544,207.3570280781359,10658900
2021-03-05,206.8193817138672,207.48186663047554,201.26989119105838,205.206373049482,7582000
2021-03-08,211.48553466796875,217.11183574481385,207.20339508377816,208.32673318483833,14750400
2021-03-09,211.57196044921875,216.026914908431,211.4087418715417,213.20416087625213,9228600
2021-03-10,214.2698974609375,215.24922359197268,210.65024233025107,211.9176072822099,7822900
2021-03-11,217.1310577392578,219.12810841299438,214.884381225153,215.57566856030272,10053400
2021-03-12,215.41246032714844,217.50551427842186,214.50994544897944,216.2957687089003,8172400
2021-03-15,214.36593627929688,218.03358603078803,212.89695426400604,215.2876430162073,9306100
2021-03-16,215.7388916015625,216.5838016175856,213.43461020365345,214.78838248380035,8949300
2021-03-17,214.12586975097656,217.21745592608903,212.91610972142527,216.0749112982959,8675600
2021-03-18,211.86000061035156,213.64582370427186,210.82306965417882,212.59928217565184,9321800
2021-03-19,198.6487274169922,211.38951784379753,198.62953557433693,210.38138939445597,32209700
2021-03-22,199.70489501953125,203.823802033193,198.0054790704162,198.31272440257285,11371600
2021-03-23,199.84886169433594,201.58669024015856,199.22478989933379,200.71297800694717,8820700
2021-03-24,199.7720947265625,202.71965431764357,199.63766391661315,200.42496903068007,10101600
2021-03-25,199.6761016845703,200.49220931625692,197.57343712904324,199.38806283513594,8390800
2021-03-26,205.01434326171875,205.17756184065968,199.41684406516003,199.94491279130008,7399900
2021-03-29,205.9552764892578,206.70416870111347,202.70047121457299,203.97743220408697,7792300
2021-03-30,203.44935607910156,205.60962537765377,202.97890680803013,204.51508951906453,5498000
2021-03-31,203.2861328125,205.57122230602843,203.11331830471892,204.0734379708719,13180000
2021-04-01,208.2115478515625,209.056457831511,203.83340459230794,205.25437757200598,6138400
2021-04-05,210.3046112060547,211.71598832743982,208.64360823846891,209.88217084716058,10440500
2021-04-06,209.93011474609375,210.65020434341665,206.75212166728375,208.94119287112449,7828100
2021-04-07,210.52545166015625,212.22485298854662,209.9205715583736,210.3814249143554,5614300
2021-04-08,211.8983917236328,213.93385522756844,209.4116854882094,211.1975085212333,11042000
2021-04-09,213.6458282470703,213.7226395769678,210.75585872944743,212.18644227954454,5724900
2021-04-12,212.63771057128906,213.06016558221927,210.4774412519756,211.4567674454716,6315200
2021-04-13,212.2056121826172,212.7816750821193,211.43751366635368,212.1864056908889,4764000
2021-04-14,213.12738037109375,214.20272446522247,211.29356276241847,212.1864671077129,4972600
2021-04-15,217.25584411621094,218.55201133012096,214.93235663260572,214.96115904622496,8698100
2021-04-16,217.3806610107422,218.71522653893874,216.75657454128014,218.11034656168226,6829400
2021-04-19,216.78541564941406,218.504038077181,216.103738882182,216.74701730841008,6541600
2021-04-20,214.37550354003906,216.39176056413245,212.97373712541318,215.81568294288792,5799100
2021-04-21,218.3791961669922,218.78244463371675,213.98184671995452,214.40430168040754,9490600
2021-04-22,218.49444580078125,221.72043390844286,217.84155679070886,218.23520938132134,7303000
2021-04-23,220.8275146484375,222.57493940517307,218.62884714435788,219.49294895026833,5345200
2021-04-26,221.15396118164062,223.65987410533026,220.36667067069837,221.56682025770945,5650000
2021-04-27,220.7410888671875,221.9412383025705,219.857780640777,221.81641807320693,6642100
2021-04-28,224.1399383544922,226.8474829082398,221.47080679243305,221.73963913319702,10111400
2021-04-29,227.41390991210938,228.0283858184096,223.85186004963109,225.84891040767207,7411400
2021-04-30,224.24554443359375,226.5210233294408,223.02618836882266,225.93536440373657,10260200
2021-05-03,223.33343505859375,226.33861428732195,222.16208789948462,224.7160097152644,8174400
2021-05-04,222.7765655517578,223.12220921849308,221.04834721808143,222.36372112635198,5884500
2021-05-05,220.0690460205078,224.52400090600884,219.54097724792666,224.52400090600884,6523200
2021-05-06,222.09487915039062,222.3445049793167,219.54095742650034,220.472274636714,6124100
2021-05-07,222.86297607421875,223.9191135853605,221.50921845572725,223.0742035764471,4528700
2021-05-10,216.95823669433594,222.74775696409725,216.18054212828787,222.36371496736783,9627400
2021-05-11,216.4877471923828,217.39026189324915,213.18493367017473,214.81714858889623,7633300
2021-05-12,211.8312225341797,216.02694110216825,211.5239771858185,214.71158174887526,7721300
2021-05-13,215.1291961669922,216.24454150820324,212.38887478026072,212.98500889983407,6650100
2021-05-14,218.20603942871094,218.75409490489486,216.26377659632826,217.1291481972319,4777200
2021-05-17,217.72531127929688,218.41760278348738,216.64841990457592,217.4753081590619,5534200
2021-05-18,216.88877868652344,220.3598310806977,216.75415260543198,219.60024127072074,6900000
2021-05-19,215.9464569091797,216.19645997505103,213.2542143862656,214.18688427461308,9311900
2021-05-20,217.72531127929688,218.84067144399762,216.5714969961609,216.76379693142613,7478600
2021-05-21,218.04257202148438,220.4848115531302,217.831037730766,218.14833916684356,5603900
2021-05-24,220.49444580078125,221.25403557162022,218.86948443754096,219.17716135570802,4040100
2021-05-25,220.2060089111328,221.33097888061317,219.62909446299443,221.0521315177802,4689100
2021-05-26,218.33103942871094,220.5232906610338,217.66759227417117,219.27331924959364,4295600
2021-05-27,218.12908935546875,219.6290490043152,217.65794216462203,218.99444617702144,5969600
2021-05-28,218.5522003173828,220.60021577155558,218.40796437144093,218.8310330050672,5779700
2021-06-01,217.907958984375,221.2251799052434,217.57142315943602,220.60981142911578,5091500
2021-06-02,220.8213348388672,224.13855559630355,219.97519772405082,220.398266281459,9081100
2021-06-03,219.3310089111328,221.52326015501203,219.00409759809915,220.18675597851072,6382400
2021-06-04,221.2828826904297,221.8213283078533,219.92714411485352,220.52329290975197,5085700
2021-06-07,222.41748046875,225.64815422218368,221.22519753245214,223.88859607845387,5421300
2021-06-08,223.11936950683594,223.8885837889488,221.30210828450961,223.2155121223862,4170600
2021-06-09,223.36936950683594,225.81162387894094,223.18667945480334,223.55205955886854,4659000
2021-06-10,224.94622802734375,225.24429506052599,223.19627993801475,224.12894981886694,4452500
2021-06-11,225.91737365722656,226.37889634633837,224.715480956332,225.3693035432786,5378300
2021-06-14,225.07127380371094,226.1673995417345,222.6578781420789,225.6674079872632,5805800
2021-06-15,224.01358032226562,225.76354325636999,223.66743461395612,225.4173975480605,7093800
2021-06-16,220.763671875,225.16739411347285,219.22524324675655,224.62894849505045,8905400
2021-06-17,223.2155303955078,224.3597347164818,220.38869078500792,220.38869078500792,6876700
2021-06-18,221.54249572753906,223.2443653393908,220.39829145428354,221.580949840995,8840000
2021-06-21,225.302001953125,225.96543439041812,221.5328535861669,222.54244637476134,7298400
2021-06-22,226.8500213623047,227.00386714408046,224.26356067996315,225.28276330903043,8858400
2021-06-23,225.6480712890625,226.84035378715714,224.93656040457842,226.38844108788547,6814700
2021-06-24,227.1481170654297,229.0807553016443,226.35005852876753,227.87886256658845,4611500
2021-06-25,228.1865692138672,229.3019145952615,227.22505496234382,227.30196319150772,7825200
2021-06-28,225.08087158203125,229.19615147730562,222.9366988714033,228.84039589287025,9301700
2021-06-29,226.8693084716797,227.41737869478578,225.13857970337722,225.54242864226836,11897700
2021-06-30,224.82127380371094,227.3019677110075,224.82127380371094,226.0616207573592,7797100
2021-07-01,226.1000518798828,227.1577233386478,225.04239509265977,225.1866163499723,5329600
2021-07-02,229.4461212158203,229.59034246650205,226.74426886174655,226.75387872127826,4383700
2021-07-06,230.3787841796875,231.34990813872653,228.08076606803718,230.2826269010916,8048700
2021-07-07,230.76339721679688,231.76336548259133,229.12882608748623,231.01338561536005,4366100
2021-07-08,227.50389099121094,227.94619400890633,225.52317395134136,227.85003671372021,6388000
2021-07-09,229.29229736328125,230.23457719144994,228.28270449732918,229.57113003178023,5615900
2021-07-12,228.71536254882812,229.33073100823538,228.13846287087586,228.43652990521574,7010700
2021-07-13,233.0229949951172,233.14798187667432,229.08078052151248,229.08078052151248,8079200
2021-07-14,236.52288818359375,237.31132221453836,233.47488986775775,233.85948968701717,8693400
2021-07-15,238.98435974121094,239.2247382936218,235.86904842021056,235.86904842021056,10135100
2021-07-16,238.5709228515625,240.8208774585645,237.99402307586607,240.36896456491985,8674500
2021-07-19,231.15762329101562,235.04213405141917,229.7057275160849,234.59984575280293,11474600
2021-07-20,233.3594970703125,234.81139292489985,230.29226437669865,231.3787801346546,7072300
2021-07-21,234.28257751464844,237.39787445227918,232.97491748170964,233.92680724752177,11241400
2021-07-22,234.74407958984375,235.9075182441175,233.79217523634705,234.3979338859852,10293600
2021-07-23,239.436279296875,240.3881690012846,237.26324773245585,237.26324773245585,6766000
2021-07-26,240.6189422607422,240.7247094156306,238.16707797672368,239.61897389124147,4879000
2021-07-27,241.27276611328125,242.94580620670055,238.66707068589218,239.5997406914052,7038300
2021-07-28,237.43634033203125,241.82084313243274,236.44598179034162,240.4266503508686,9036500
2021-07-29,238.37857055664062,240.74390166483056,237.59013663493772,238.5612605805161,7495300
2021-07-30,236.9075469970703,238.89788896980235,236.53255694487322,237.69599589589546,5804700
2021-08-02,230.5518798828125,238.29207233461673,229.19614130329828,236.76326823680338,9989500
2021-08-03,227.9653778076172,232.0998914328604,225.0231469657007,231.3691459878453,9839000
2021-08-04,227.56158447265625,228.40772173984604,226.00393602309654,227.8788859478524,8171800
2021-08-05,230.96531677246094,231.0037708823742,227.33077984515123,227.50386001861423,5337500
2021-08-06,232.10955810546875,233.26338706212826,230.62883246268785,230.76344388475883,4509700
2021-08-09,230.76339721679688,232.85949103250942,228.88844754871872,232.44604698816934,5226900
2021-08-10,228.90771484375,232.05185601926738,226.49430457782665,231.25379739525889,7185700
2021-08-11,226.01353454589844,229.1865344671382,225.55201181946774,228.9173116540917,7375700
2021-08-12,223.17320251464844,225.4069635888989,222.43183783515548,225.19514091145984,9867000
2021-08-13,224.00125122070312,224.5982127665107,222.79771985869303,223.37542078907586,5445400
2021-08-16,226.61050415039062,226.7260384549918,221.64232337092034,223.57761112225566,7575900
2021-08-17,225.81130981445312,226.90892955053832,224.55001161763627,226.26383866711066,6850500
2021-08-18,223.01914978027344,225.6380348420314,222.86509426098345,225.22401247038243,4996500
2021-08-19,222.9613800048828,223.7893953553332,220.39062446811013,220.52541937301402,5761300
2021-08-20,222.7592010498047,223.52946401737404,221.73860886168157,223.2502365295024,5522200
2021-08-23,225.43580627441406,225.92684165129876,223.37536171521978,224.04933616139715,6342000
2021-08-24,225.53216552734375,227.40967160741258,225.25293801016554,226.30241388421098,5081800
2021-08-25,223.9434814453125,226.26389341008453,223.4524459443148,226.26389341008453,5277100
2021-08-26,221.95042419433594,223.9819855418896,221.59416895235165,223.50057303954554,5889100
2021-08-27,224.0397491455078,224.38636672937113,221.67119320718444,222.43183317611337,6369000
2021-08-30,222.63401794433594,224.98331326657586,221.3727195602342,224.0397488916174,6448000
2021-08-31,220.58319091796875,223.22132174677992,220.15954561045515,222.32590163988792,9405100
2021-09-01,221.56527709960938,222.20074510493222,220.26547220676878,220.5832062094302,8177600
2021-09-02,215.8460693359375,221.9792736637304,213.7086116701541,221.86372469067135,19708800
2021-09-03,216.7415771484375,218.8501666461157,215.04701011831924,215.67284060954088,11532000
2021-09-07,217.85842895507812,219.52411218389366,217.46366715719785,218.3109579055176,9662600
2021-09-08,220.57357788085938,221.66157484279205,218.59978367325036,218.9271553420246,10652600
2021-09-09,219.03302001953125,221.4497049893737,218.65751893351523,220.7853535237591,5853000
2021-09-10,216.54896545410156,221.48824751263325,216.46231473360206,221.3053231109819,6715400
2021-09-13,216.2793731689453,218.7538256502613,215.10472555489807,217.14590974712448,6808100
2021-09-14,214.73883056640625,217.4154825419685,214.0167119105918,216.63559674433554,6575700
2021-09-15,215.48985290527344,216.48156144316027,213.1309346810915,214.24781516562877,6535800
2021-09-16,215.9905242919922,216.82817730299834,214.4692590974739,215.53799538703547,5928500
2021-09-17,213.5064697265625,215.38397576668316,211.1475511278701,214.18044437025384,13787400
2021-09-20,211.86962890625,212.30289718668985,208.26865837703065,208.89450339681488,8822600
2021-09-21,211.98519897460938,213.91084916071642,210.8394347632285,212.54363929156582,7033600
2021-09-22,214.46929931640625,215.7691191282755,212.8806437166067,213.16947950453704,6005900
2021-09-23,219.82257080078125,220.1980719586806,216.0194150340479,216.63562243910184,7952700
2021-09-24,222.98065185546875,223.3272694643202,220.12106025533032,220.41953367292987,6461200
2021-09-27,221.0646209716797,224.6559540283637,220.26547447642577,223.10580522509636,6881100
2021-09-28,217.17478942871094,220.36173760470749,215.67278488462554,220.36173760470749,6951400
2021-09-29,218.253173828125,220.50619559568977,217.6851105783799,218.3687228236054,6432700
2021-09-30,214.46929931640625,220.28475668095263,214.35376500123414,219.11974649217845,7128500
2021-10-01,221.8926544189453,222.95175309664324,215.1625024268606,215.83647698385812,7925400
2021-10-04,216.37562561035156,221.76745067645908,212.60135394069286,221.44971671123625,10283400
2021-10-05,215.94236755371094,218.92713062249828,215.5957500017972,217.09775449624274,5814000
2021-10-06,218.0895233154297,218.19543467147477,213.02506822533428,213.7856936430789,5420900
2021-10-07,221.9792938232422,222.5666176268649,219.9958767888404,220.40026150241857,6561900
2021-10-08,221.70973205566406,224.07827349069726,221.62306663415245,222.41259024019323,3735200
2021-10-11,216.7415771484375,221.75790280725232,216.5104938159706,221.45941466015267,5620200
2021-10-12,215.72093200683594,217.81026037586912,214.63293511697972,217.1747923857827,5448200
2021-10-13,214.1900177001953,217.46361623876422,210.502396845987,214.8351085719675,9076000
2021-10-14,216.80894470214844,217.2614736655723,214.76776023158618,215.7883524668673,5590500
2021-10-15,222.4029541015625,222.4992277875292,218.30131016093517,218.77309970426634,6355100
2021-10-18,222.07557678222656,224.1071380870362,219.65889136026217,221.62304786422087,5580200
2021-10-19,224.83888244628906,224.9544167369444,222.10444847125822,223.3272402496832,4409700
2021-10-20,222.8169708251953,225.108499140524,222.71105948226304,224.781142150204,5401800
2021-10-21,221.68081665039062,222.24887983178337,217.88728408447255,222.1237078898844,5982200
2021-10-22,222.63401794433594,224.1649208413978,220.2077095515856,221.7289601046327,3788000
2021-10-25,225.18551635742188,226.12908074653896,223.65461343738815,224.77149396661287,4938700
2021-10-26,223.2020721435547,228.1509914703564,222.73028266041928,226.77414424365685,7814500
2021-10-27,207.75840759277344,216.39495027634544,207.6428732772353,216.39495027634544,22958100
2021-10-28,202.0392303466797,211.8119146467742,201.24008369180365,211.09941873131282,23199400
2021-10-29,203.89744567871094,205.72680722417266,200.78751048326586,201.43261613434623,14329800
2021-11-01,204.5618133544922,207.2480887372602,203.5893506667721,205.5535219649962,13210300
2021-11-02,201.36521911621094,205.418718814464,200.09429776083837,205.2357797145403,14688700
2021-11-03,200.3638916015625,202.33767113009648,199.0448113400817,201.89477985023237,11486700
2021-11-04,201.01856994628906,204.46548465407415,200.1423958114454,201.3844480886504,11368200
2021-11-05,208.6153106689453,209.53962922042984,203.50271178724122,204.07077506486502,14273600
2021-11-08,212.2933349609375,213.37169449036784,210.04031281331095,210.25213553395574,13500100
2021-11-09,205.45724487304688,212.21628110221522,205.00471590651222,211.52304586375976,11535000
2021-11-10,207.9119110107422,209.25259310704354,205.7610357161161,205.97323127530677,10063600
2021-11-11,202.9542999267578,209.08864781498127,202.70353002095578,208.7896489649153,13546900
2021-11-12,204.5650177001953,206.0021576188405,203.92843104758157,203.9959545034976,7660500
2021-11-15,204.767578125,208.72210089250393,204.29495807478412,206.04073674250768,9596900
2021-11-16,207.54542541503906,207.99875103366844,204.15032530273658,204.63258534660542,8719600
2021-11-17,197.78445434570312,199.9546241866087,192.38315157211514,198.64287649407618,38379600
2021-11-18,196.11585998535156,200.4947744574886,194.12895107307497,199.1733867224597,18292200
2021-11-19,193.73348999023438,196.27982223047394,192.75933007743086,194.87161653881228,18032600
2021-11-22,188.64080810546875,194.54366531837047,187.69558270280942,192.90398439449845,21185800
2021-11-23,191.4475860595703,191.86232260812892,187.48340814743727,189.9815114930456,14742700
2021-11-24,196.03868103027344,196.71384205590007,190.62772348915487,191.13891788837265,12026800
2021-11-26,190.63735961914062,192.1227285635413,185.71831677196673,186.46100124416708,10987600
2021-11-29,189.3256378173828,194.10966383399457,188.42864121781025,193.86853381680947,14633500
2021-11-30,186.89505004882812,190.64703237110743,185.72797433864937,188.34183009162078,16023000
2021-12-01,183.41310119628906,189.82715241632292,183.35523235913107,189.07482809845865,13204900
2021-12-02,191.254638671875,192.36384535354443,185.0431430676281,185.18781516126074,13976300
2021-12-03,189.35455322265625,191.42826511401688,187.15543431772392,191.23536407811915,10660500
2021-12-06,195.4889373779297,196.97430665402442,190.72422018882244,191.71767476816717,10722100
2021-12-07,200.0125274658203,200.5623109845333,198.58504184555775,198.691139644744,11897200
2021-12-08,201.57504272460938,202.04764811162636,198.41141826078274,200.29222934180657,11749200
2021-12-09,203.88990783691406,204.6711667803203,199.81963174795467,201.12173979857116,10176800
2021-12-10,205.82855224609375,206.64840009375504,203.37867803919423,204.381772315449,8882700
2021-12-13,203.53298950195312,205.75138817274197,202.52988058351042,204.9122458680551,8844300
2021-12-14,202.52989196777344,205.79961396094458,201.0541776436152,203.25328191951402,9832300
2021-12-15,204.77723693847656,204.95085818991168,200.48512592192307,201.97048023243335,10892500
2021-12-16,206.76412963867188,208.59672630911945,204.10205996935323,207.6514861951114,8548400
2021-12-17,204.36248779296875,205.64530106793478,200.41759008795952,205.24984436384776,11578400
2021-12-20,201.3339080810547,202.32736249370845,199.52060578965228,201.67148124722812,9434400
2021-12-21,207.73829650878906,208.49062083795894,202.8964025892709,203.13753255932295,6993700
2021-12-22,210.226806640625,211.17203221401402,206.2626284565992,206.2626284565992,6003400
2021-12-23,208.93431091308594,210.76690768408508,208.93431091308594,210.68974432049922,4798200
2021-12-27,209.90850830078125,210.38111371764455,207.25607809871428,209.9567225305285,4818400
2021-12-28,210.3135986328125,211.93398524310965,207.93123294566226,208.34596950041404,4279800
2021-12-29,210.42935180664062,211.1720364163587,209.61915844189852,210.03389502715615,3223100
2021-12-30,210.13995361328125,211.3745379531846,209.4454980824098,210.23641149378247,3812800
2021-12-31,209.02113342285156,210.2460632131162,207.8444178581415,209.11757659136777,4723300
2022-01-03,213.5736541748047,214.181306477658,209.31047758801864,209.80239220172163,7694500
2022-01-04,214.56707763671875,218.74343535036505,213.9401309466401,214.12339206039533,10629300
2022-01-05,212.19444274902344,217.27746829393172,212.11727936738913,214.74077547331532,9594600
2022-01-06,211.9532470703125,214.0366135771059,209.83130624335135,210.07243621726525,7877500
2022-01-07,209.2622528076172,212.3872879963106,207.98907942155225,209.59982595641466,10702100
2022-01-10,204.44927978515625,206.60015499293922,199.17335487334637,206.38795944231612,11978600
2022-01-11,206.7738037109375,207.3235724616117,201.33391146276605,203.91881801592925,8803100
2022-01-12,208.0565948486328,209.86024235851252,206.22399820163633,206.87022477085844,6923300
2022-01-13,207.37176513671875,212.65732972723714,207.04383192402852,209.15613272369427,8867700
2022-01-14,207.0535125732422,210.5064960383799,206.1275815884299,206.57125255940855,8838100
2022-01-18,208.0565948486328,209.2140157892904,206.7255526723034,208.22056146613045,9099300
2022-01-19,207.06312561035156,210.48717420780704,204.58431711390566,205.44273923845932,9399800
2022-01-20,206.744873046875,211.80860317325494,206.3494163048275,207.10174074621136,8532700
2022-01-21,198.62359619140625,207.95051752655996,198.51751312030106,207.81548531549026,16200200
2022-01-24,194.68836975097656,195.52749744944035,188.70833391979585,195.0066484027055,16054000
2022-01-25,194.83303833007812,198.09312061170613,190.00079846976206,192.53747604018318,12125500
2022-01-26,198.5657196044922,203.3786795067668,196.4437786343827,197.03213639912008,10817600
2022-01-27,198.83575439453125,203.47510707708298,198.5464102233447,202.06690166855586,12009800
2022-01-28,219.91058349609375,220.02632119888932,208.43280015672607,212.811714948927,26425300
2022-01-31,218.1454620361328,218.3480176889521,214.17164479378522,217.5474644131325,12380600
2022-02-01,224.11587524414062,226.28604531633357,218.38662389876606,218.84958939329306,12247200
2022-02-02,227.06729125976562,227.4820425030012,221.84923465108696,223.09347366338682,10590500
2022-02-03,223.324951171875,225.20577691925095,222.37008580449455,224.77173115145217,9968000
2022-02-04,220.28671264648438,222.051785935934,216.9687616357642,220.39281043057392,10848100
2022-02-07,219.10035705566406,221.7624268398278,217.9911502742076,219.91055028770435,5984500
2022-02-08,219.8527069091797,220.39283579309955,216.77588553391303,218.23230554001182,7542000
2022-02-09,222.67872619628906,224.87783060414083,221.9553362011429,221.96499082021873,7772800
2022-02-10,217.94003295898438,222.15218195560018,217.2444476390772,220.29729268296427,6794600
2022-02-11,217.07058715820312,221.3310441162449,215.9595757208446,219.54377317951898,7535200
2022-02-14,217.6985321044922,219.55342155960676,215.25432766040757,215.71804633884847,8280800
2022-02-15,220.09442138671875,221.51455877295646,217.28309862465022,219.5630694441947,9461700
2022-02-16,221.06053161621094,222.0845837808567,217.94972330020167,219.7852868321496,9561300
2022-02-17,216.99327087402344,221.0508420996298,216.5681893162395,220.65474203520844,8131200
2022-02-18,215.138427734375,218.08500303612377,214.31724593604486,216.9836618280844,8121200
2022-02-22,213.81483459472656,216.73241289793984,212.4623010864144,213.52500493284904,9928800
2022-02-23,208.626953125,216.67447767280137,208.11492704467003,215.2833069106404,8669900
2022-02-24,209.9311981201172,210.47220574445637,194.61867752742458,196.47356712859553,13463400
2022-02-25,211.83438110351562,213.19655565981907,206.98460923562075,209.9215138909725,8463600
2022-02-28,208.79116821289062,211.23537241722698,206.00884167380846,208.67524223998916,8409400
2022-03-01,201.88365173339844,207.85407563053323,200.25095870417692,207.20679766617837,9317800
2022-03-02,201.41024780273438,203.4003889541743,199.1979102898855,199.88382528334125,8865700
2022-03-03,200.20269775390625,204.32790352716384,199.5554196393548,203.41012156597458,8610000
2022-03-04,193.4979705810547,199.3717938117414,190.18429219412,198.04825652197263,10912300
2022-03-07,184.233154296875,193.39167314089704,183.60520239472822,193.0632064456617,13412400
2022-03-08,185.20895385742188,189.75922541092714,180.33985638025857,183.5665905410456,11070900
2022-03-09,192.9859619140625,193.70087318682522,188.61924960112933,189.83651661451947,8457600
2022-03-10,191.2566680908203,193.15986487459205,189.64330099711515,190.22294563589793,7061600
2022-03-11,190.0393829345703,194.0293206748361,189.79786067280378,193.9423761985239,5432100
2022-03-14,193.5366668701172,197.49762406591236,191.44025490539255,191.6914328108368,7994700
2022-03-15,199.14964294433594,199.41049117666955,194.57037446508505,195.23697842474178,8277700
2022-03-16,204.68527221679688,206.42423536934865,199.98042349244284,202.87869049957968,9232300
2022-03-17,206.21170043945312,206.2986449142017,201.64210345658836,202.8110629273602,6668500
2022-03-18,211.67982482910156,211.8247323259972,203.15891021917383,204.52109965540353,14620800
2022-03-21,209.67999267578125,210.6654077835716,207.2744400114932,209.0037331866511,6101500
2022-03-22,211.0614776611328,212.1241815213746,209.81521452127203,210.45283683741712,6259900
2022-03-23,207.40000915527344,209.9215023961443,206.93629049642087,207.998994445198,6008000
2022-03-24,209.9408721923828,210.27900935804595,206.74311883444787,207.69955258827952,5487000
2022-03-25,211.02284240722656,211.50588697409714,208.37576761524008,211.01318682277528,5051400
2022-03-28,213.2834930419922,213.48636349622635,210.13403316652196,211.09046667481778,4316800
2022-03-29,220.38424682617188,221.05085068209175,216.1914235549675,217.2154756704704,8032500
2022-03-30,216.3556671142578,218.49073067050438,215.17703714514718,218.18157505962577,7084000
2022-03-31,214.24966430664062,218.2589296809787,212.9647635520706,216.3170951675126,10759500
2022-04-01,218.68394470214844,218.94479290513917,214.69399172027312,215.51517340977873,6559600
2022-04-04,220.01715087890625,221.46628462070842,217.33142419007424,218.10428372595484,8521200
2022-04-05,218.42308044433594,221.2247476709785,217.66953212784065,219.13799168313778,4658000
2022-04-06,211.58314514160156,215.31224924584916,211.20637102382247,215.2253047743651,7430000
2022-04-07,208.8201446533203,211.26434879851456,206.43390349317428,210.9069005631511,6995100
2022-04-08,209.62203979492188,211.96964432065016,205.85429764418757,207.5256279068105,5438600
2022-04-11,207.4676513671875,209.9311817240087,206.1730954041477,207.95069595709947,6942700
2022-04-12,204.2312469482422,209.63169667296668,203.55498746987405,209.15830766743346,7446600
2022-04-13,206.03782653808594,206.59815998519343,200.14467713001557,203.29412228994755,8052900
2022-04-14,205.5740966796875,208.62694182672934,205.32291881620304,207.0039191863375,8191600
2022-04-18,205.9412384033203,208.51103928073093,204.34719707799925,204.49210456526419,4744400
2022-04-19,208.38543701171875,209.1679669033,205.2359915338599,205.87361394231547,5028800
2022-04-20,210.40455627441406,213.331820055313,210.01812649849822,211.24506388612505,7178300
2022-04-21,209.10997009277344,216.32665641237514,208.04728099189023,212.0662002012659,8850300
2022-04-22,201.1107635498047,209.21625040322346,200.8982227712743,208.90710956076538,6201100
2022-04-25,202.83042907714844,203.3907625945019,198.36710159167825,199.35251672504822,6839400
2022-04-26,194.280517578125,201.48753377421068,194.280517578125,199.96111127696977,8155300
2022-04-27,206.84933471679688,214.2785621440118,205.82528264463062,209.99877982910903,15955800
2022-04-28,213.17723083496094,217.30242080379708,211.83436753472608,212.9260382268485,10799100
2022-04-29,205.90257263183594,213.69890392880237,205.14902432034773,211.2063923056684,7965000
2022-05-02,204.3568572998047,204.94617233030525,199.94183710519548,204.58872402604086,8803700
2022-05-03,201.48757934570312,206.36633319350767,199.27524136458484,206.36633319350767,6616900
2022-05-04,207.24546813964844,207.51597194786302,198.36710565483912,202.25078853185138,7191100
2022-05-05,198.28016662597656,207.30343684911367,196.18375468385707,205.07177299915912,7749600
2022-05-06,195.94224548339844,198.74389865096268,193.43040732248662,196.84070148672754,8825300
2022-05-09,186.45518493652344,193.94237500521803,185.56638478765316,193.26611562470248,10314100
2022-05-10,187.0155487060547,191.0441388924995,184.49405530977904,190.03941261283717,11016500
2022-05-11,190.04908752441406,191.59483629484788,184.90948539287155,186.92862322532199,9427300
2022-05-12,187.75021362304688,189.77319272518068,183.85911367887908,188.2922544571588,9308600
2022-05-13,192.84153747558594,194.1095289864323,190.19908109506991,190.68304822253828,6684500
2022-05-16,191.4670867919922,193.52879163400365,189.59898063091578,190.99280842441618,5161300
2022-05-17,197.45858764648438,198.23293800292052,193.7320348639817,196.34546916314181,7265600
2022-05-18,193.5771942138672,198.87179624179868,192.74477008965385,196.31645017180753,8748200
2022-05-19,191.0411834716797,193.99338596960288,187.11137267128242,190.0539011434601,9012400
2022-05-20,192.64796447753906,195.1936364382853,187.7986189029764,193.26744184496525,6966600
2022-05-23,200.90443420410156,201.29161677281394,194.33216702619765,194.43864038640547,12187400
2022-05-24,196.13255310058594,198.10713278708735,192.6479833367518,197.37150795672542,7458500
2022-05-25,197.3037109375,198.3781185292379,194.04177729146437,194.15792467343462,5457200
2022-05-26,201.86273193359375,203.014576288975,198.1071415519152,198.53303507183844,9212300
2022-05-27,206.0538787841797,206.3926469608084,202.91776602659112,203.26622299965652,4897200
2022-05-31,205.36660766601562,207.47671200721098,202.40473122967663,203.6340118603385,9586400
2022-06-01,203.1984405517578,207.24441360673927,202.1240476572602,205.2504713114468,5246100
2022-06-02,208.15426635742188,208.34785025625612,204.31156614906783,205.09559053952464,5337200
2022-06-03,205.8312225341797,207.34121244524079,204.49548324638317,206.12160577744166,4352500
2022-06-06,206.11192321777344,210.60313758315738,205.28917319084667,208.54143288781466,3965100
2022-06-07,207.6219024658203,208.07683275767877,203.96311207945158,204.35027988254154,4493300
2022-06-08,206.6540069580078,208.65763837712834,206.00549264293954,206.90566460027816,3646300
2022-06-09,199.5009307861328,206.8572370650214,199.41382024747213,205.77314065128226,5138600
2022-06-10,193.112548828125,196.89717513210385,192.79312876663664,195.18392744575854,5162500
2022-06-13,186.09506225585938,189.60866885087074,184.9529067542729,186.80166500125458,7119200
2022-06-14,187.3146514892578,188.10834994197006,185.6014036279994,186.54030108866885,6441200
2022-06-15,189.8699951171875,192.45437791610803,186.06600565237943,189.69575926370132,6490000
2022-06-16,182.98797607421875,185.71754302618044,181.51671185336792,185.27230153441948,9887200
2022-06-17,183.91722106933594,185.1755388187865,179.94869865277062,180.93598116600197,15089300
2022-06-21,188.15672302246094,190.421685439275,187.517882924538,189.4344032183068,6241600
2022-06-22,187.6050262451172,190.09260962487716,184.90448137609033,185.11742809585246,5138500
2022-06-23,190.33457946777344,191.12829259684239,187.24686702335308,189.85061237039105,4752800
2022-06-24,198.92015075683594,199.04598692821165,191.17667721009437,191.38962391419005,7754800
2022-06-27,197.03268432617188,200.44949088686545,196.11314978569837,199.15246259737634,6121200
2022-06-28,191.7671356201172,200.1591240900688,191.16702109027793,197.4585939362871,4354200
2022-06-29,193.1029052734375,194.2063498556483,190.99281545304564,190.99281545304564,4324600
2022-06-30,190.57662963867188,192.47378782220537,186.6661806233801,189.1053650128403,7045200
2022-07-01,192.7931365966797,193.39326587423008,188.46648409226214,190.4797743327072,4131800
2022-07-05,194.1095428466797,194.13859446434645,187.91476908055319,189.9377482731392,4110200
2022-07-06,194.67092895507812,196.0163569532848,192.2994930291101,193.5868473362366,4111200
2022-07-07,196.29710388183594,196.90689252488565,193.6255954226398,196.04543147944372,4650700
2022-07-08,197.0424041748047,197.55540820253478,194.03212773328158,195.83248622836462,3621800
2022-07-11,198.484619140625,200.11075655902195,195.52274233764115,195.52274233764115,5353600
2022-07-12,198.25230407714844,201.44647534942513,196.25834707651168,196.73264018537023,6779500
2022-07-13,197.60379028320312,198.97827004789826,193.10290149451677,194.00307334445165,7597300
2022-07-14,199.307373046875,199.47192012022103,191.63164568263466,193.58687727861047,5605500
2022-07-15,203.30491638183594,204.92137967994486,200.53662365889994,202.65640216517508,7245700
2022-07-18,200.565673828125,206.0828964124624,200.01394418493857,204.7181054977958,4648900
2022-07-19,206.808837890625,207.24440535447036,201.23352709098933,201.5432731440823,4927100
2022-07-20,206.5281219482422,207.26376141559396,204.4373952360692,205.2020567792591,4460300
2022-07-21,209.2577362060547,209.94496134568877,205.90867674897905,206.31520741668652,4801300
2022-07-22,206.8475799560547,211.07746336065074,205.3182418196627,210.94193836485624,5071500
2022-07-25,207.39932250976562,207.91232659603708,204.83428730890049,207.69937983160276,4357200
2022-07-26,205.6763458251953,208.25103960179234,204.96006919198936,206.9927369430173,6141000
2022-07-27,203.72116088867188,209.896587285135,194.74840457719938,204.01154417189406,17432200
2022-07-28,204.57290649414062,205.89897166997298,201.25288438763857,203.8856666886446,7477100
2022-07-29,205.3085479736328,207.29281627162354,203.10165891883995,205.2020746082917,6059700
2022-08-01,204.58258056640625,207.1282523315192,200.9044275183183,201.76588839696615,8028400
2022-08-02,199.6461181640625,202.14339036489721,197.3908295318803,201.13674521788485,9939400
2022-08-03,201.79493713378906,203.58562148243973,200.24625112773126,201.3206587830206,9520100
2022-08-04,206.62496948242188,207.98976060992197,201.86273373173736,203.7792398189562,6789700
2022-08-05,208.947998046875,209.02543457264082,203.75019494946582,203.9534676757895,5553700
2022-08-08,206.479736328125,209.68359625536766,205.2504557247601,208.32847947629094,4063400
2022-08-09,203.51785278320312,206.605565444715,203.0242116261874,205.2020637175291,4596800
2022-08-10,205.29888916015625,207.95101992507628,204.5342127243605,207.94134589823955,5746400
2022-08-11,204.67344665527344,207.01999470265278,204.19831347213952,206.81636196826258,6639600
2022-08-12,204.91586303710938,206.748498501614,203.7231992702197,206.535174602409,6443700
2022-08-15,209.8513641357422,210.16165881316988,203.98498670214806,203.98498670214806,5290600
2022-08-16,210.54953002929688,211.0052661277145,205.6915950940997,208.03814330527874,6564400
2022-08-17,208.00904846191406,209.61865409940938,206.29276607726288,208.47447570675214,4902500
2022-08-18,208.71688842773438,209.44412497277875,205.98247191644816,207.37876845023982,4516400
2022-08-19,206.36065673828125,208.69749901121273,205.94370007665773,207.61149713182,4178800
2022-08-22,202.27842712402344,204.83829924225384,201.88086758400175,203.56806174206994,5139500
2022-08-23,200.52334594726562,202.94746759847612,200.26153666614888,201.68692138071378,3525500
2022-08-24,200.39727783203125,202.0262952017846,199.43732037508747,200.3584983974564,4230800
2022-08-25,203.45169067382812,203.53895550301104,200.23244999332402,201.09543671623865,4495000
2022-08-26,196.7320098876953,203.87831555396056,196.54777428074638,203.4031971946332,5060200
2022-08-29,196.18898010253906,197.76951187057693,194.53087468008064,195.14175796135402,4476200
2022-08-30,195.2678680419922,198.20590254123374,194.13338079140377,197.73076933208176,3918200
2022-08-31,192.6788787841797,197.00350323144716,192.61099628062476,194.8993675561957,6559000
2022-09-01,194.05581665039062,194.3466994502176,190.69113417283964,192.68860830853856,5608300
2022-09-02,191.75770568847656,196.33444835670898,190.87533668933204,196.29566892201646,4508100
2022-09-06,192.6110382080078,193.968540617972,190.43901955639853,191.89349276521727,4547800
2022-09-07,194.33700561523438,195.03515391654713,191.23413249588097,192.6789144963661,4098300
2022-09-08,194.6182098388672,195.00606342601412,190.9820269756172,191.40866000321247,4377600
2022-09-09,198.971923828125,200.13549938821552,195.23878495634844,195.93693325153598,4885600
2022-09-12,200.35853576660156,200.90153672590728,198.7295180930179,200.2324766883104,3812300
2022-09-13,193.6097869873047,197.29445563131114,192.834064936619,195.91755601928608,5217900
2022-09-14,193.3576202392578,194.7830047864924,192.0485887830097,193.92970933082472,4632800
2022-09-15,189.4402313232422,194.23029749832727,188.62573009716996,192.07767654680595,6099300
2022-09-16,187.43309020996094,187.93731165937103,182.50727320823077,184.44657054140023,9398200
2022-09-19,187.2682647705078,188.10216327374576,184.92171660922557,185.77499743426833,8133600
2022-09-20,186.2404327392578,187.17128720482742,184.5144444428369,185.29987231747154,5292500
2022-09-21,181.3437042236328,187.2294641456005,181.32430710682448,186.68646324028754,6705900
2022-09-22,180.1510467529297,181.52796108983688,179.05535365349425,180.6940625174612,6604700
2022-09-23,178.37660217285156,178.97777970237667,176.6990990732626,177.90146892797955,10755800
2022-09-26,175.1088409423828,178.90017060203567,174.43978102648362,177.4844771050657,9914600
2022-09-27,172.47142028808594,179.2395792889636,171.647227719096,176.97058994478533,9799600
2022-09-28,173.74163818359375,174.63372796269485,169.5236754291585,171.87991454916062,9751000
2022-09-29,174.59495544433594,176.70879746013816,173.3053208026476,173.40229159807257,9105200
2022-09-30,172.258056640625,177.3681085722388,172.209586050316,174.59491316522275,9472300
2022-10-03,176.1366424560547,177.79474788560685,172.7428727378597,173.8967568093519,8842300
2022-10-04,180.01527404785156,180.5582897446239,177.5135934385587,179.43349370909283,7081400
2022-10-05,181.97396850585938,183.08907338061292,176.8251363114675,177.77538788816614,6119900
2022-10-06,179.9571075439453,182.342449973503,179.62743052067012,180.9849328492537,5163000
2022-10-07,178.2505340576172,179.00685890986702,176.4081925286588,177.88206279269232,5610300
2022-10-10,176.650634765625,179.17172789904015,175.40948532028267,178.5414620135206,4743800
2022-10-11,173.702880859375,176.12700279544737,172.78171748280073,174.8955447091361,6294500
2022-10-12,172.8302001953125,175.10886590241617,172.8108030773388,173.65439276337156,4884300
2022-10-13,179.0553436279297,179.74378596216968,169.30067946661975,169.68853305247336,8426400
2022-10-14,177.07720947265625,181.4503338037506,176.54391461871413,181.1206420594827,6449400
2022-10-17,179.62742614746094,182.84666701353453,177.30027512778426,180.35466269056806,13952100
2022-10-18,181.48912048339844,184.4174632980963,180.1025301347092,183.73871226042803,5209200
2022-10-19,180.75222778320312,181.94489160783078,179.15229846171158,179.86015270500744,4927000
2022-10-20,181.53761291503906,185.18348634145786,180.7715822319256,180.80068530207055,5706700
2022-10-21,184.592041015625,185.15443910636026,179.4335169901341,180.1607536046883,7582500
2022-10-24,184.92172241210938,187.2682706470268,183.36058730923327,185.6004735882151,7299200
2022-10-25,188.48033142089844,189.30452399263635,184.931413394829,185.0768547911163,11907200
2022-10-26,197.15867614746094,200.10640174817735,190.53597360986714,190.61354728299983,15450000
2022-10-27,198.08949279785156,200.0578929368331,195.47144471125765,197.14894733047043,7946700
2022-10-28,202.98626708984375,205.10010907229233,197.13928627309554,198.77799503852452,8455600
2022-10-31,200.87245178222656,203.25777957817917,199.94158241104992,202.5790283677726,8674100
2022-11-01,200.64942932128906,203.5971701092865,199.098000039519,202.56934469614288,5919500
2022-11-02,194.8509063720703,200.71728405851752,194.4921410820375,199.51491432515743,6985600
2022-11-03,188.83909606933594,192.81466190485148,188.28638917404265,192.2619550095582,8236200
2022-11-04,191.0014190673828,195.33575044572322,189.41119560567776,191.02081618643206,9680100
2022-11-07,194.02671813964844,194.3563951591798,191.18563964725843,192.30074457190707,7821300
2022-11-08,195.65573120117188,197.9247058134615,193.67765418432955,195.53937808125949,6943700
2022-11-09,188.46429443359375,195.65574267224937,187.88121365450533,195.0434937669061,7320200
2022-11-10,199.77622985839844,199.96086244930368,194.38264788690935,197.36611540977347,8048900
2022-11-11,199.2222900390625,200.61197987129776,196.4526083680006,200.19410608803352,9601000
2022-11-14,201.02989196777344,203.27478493054898,197.4827689061458,197.76458906862598,5796100
2022-11-15,204.07164001464844,207.70622223667004,201.6615257425632,204.07164001464844,7316100
2022-11-16,204.21743774414062,204.94629983014502,202.35155258341777,202.7014069778494,6125300
2022-11-17,205.04348754882812,205.32530769768036,201.4769241843718,202.09888590514575,5385600
2022-11-18,204.8588409423828,208.13385651967866,203.82871822838098,207.1620404002449,8028500
2022-11-21,200.505126953125,204.6159053568336,200.0872382731562,204.372951305075,10450900
2022-11-22,204.40206909179688,204.5478355660309,199.5624293736604,201.69069404115672,5273100
2022-11-23,205.76263427734375,206.8316379997629,204.00364937578513,204.08139644911907,3807300
2022-11-25,207.7645721435547,207.96866006358889,205.4322192705984,205.74320756231947,1993500
2022-11-28,205.3058319091797,208.42536762801276,204.7130235875394,206.27764785752544,10229400
2022-11-29,203.1678466796875,204.22712254041699,201.50604965574217,203.44968161835848,8986900
2022-11-30,210.88409423828125,210.88409423828125,202.14746213863572,202.3515500448009,13918100
2022-12-01,210.88409423828125,212.4875848758794,209.2320098298117,210.88409423828125,11261500
2022-12-02,211.52548217773438,212.32236361715212,208.20187311055756,209.64986951533368,5132800
2022-12-05,207.6576385498047,210.79661494863177,207.04540454512608,209.5721172818035,9006300
2022-12-06,203.18728637695312,206.1513280743932,201.78786899660534,206.02498725210944,5986000
2022-12-07,201.9530487060547,203.12895240506404,199.34858935500102,202.91515173251688,7923800
2022-12-08,203.20677185058594,204.37294831622472,201.89481405878084,203.60520521980186,4896500
2022-12-09,202.81800842285156,204.5867207669375,201.67127259173003,202.05028026135756,4928400
2022-12-12,208.54200744628906,208.76553581966226,203.5663139001079,204.0813752322523,5941700
2022-12-13,207.03567504882812,213.7800804918346,206.62751410643608,213.352479077309,14585000
2022-12-14,207.3077850341797,210.1843519346285,205.66541371034134,206.85103035256543,7001700
2022-12-15,202.0502471923828,205.8500509177304,200.99097142098938,203.69261843487868,10831800
2022-12-16,201.05899047851562,202.526427145673,199.51380676009555,201.64208594861904,12472900
2022-12-19,199.04736328125,201.6226697891326,198.20187326478234,200.80634789554742,4893600
2022-12-20,199.57211303710938,200.7091358562172,197.81312863758188,198.13382966277646,5024900
2022-12-21,200.9812774658203,202.09887483467458,199.78594786127223,200.74805110126633,4086900
2022-12-22,199.2805938720703,200.82577780965778,196.43318000577656,199.95114930918,5690300
2022-12-23,200.0288848876953,200.42733299828186,197.78399234711188,198.37680068789783,3246000
2022-12-27,200.47593688964844,201.049319658904,198.83358013559712,200.11636967758363,2904900
2022-12-28,199.2126007080078,202.65282340239142,199.02795326433196,200.85495756829675,3139200
2022-12-29,202.196044921875,202.65279965151908,199.70819820731595,200.1455124639205,3675500
2022-12-30,201.9044952392578,202.17660254430342,199.9025565683926,200.4953649462568,4159400
2023-01-03,201.544921875,206.34569534067188,200.3495923338311,203.3816535421563,4202800
2023-01-04,206.6177978515625,207.19116572572406,203.71206270839843,203.71206270839843,6606200
2023-01-05,205.16006469726562,208.1241062946148,204.52839026464747,207.77425196134186,5246000
2023-01-06,211.61293029785156,211.99193793807143,207.08426425818365,207.96862036160843,6829700
2023-01-09,212.43899536132812,215.94725190983758,212.19604134779902,212.89575009306168,6294500
2023-01-10,214.85874938964844,216.12211288202704,212.03076188267607,212.8179451284819,10857000
2023-01-11,215.84034729003906,215.91807952354608,213.50797990895913,215.05316384560544,5408200
2023-01-12,217.3174591064453,217.5021064934949,214.3922986895195,215.8403096675153,4264400
2023-01-13,216.7732696533203,217.45353787208933,213.93556877735884,215.6556872102523,4283200
2023-01-17,216.7149658203125,218.07550227513428,216.1027170012751,216.1124446515679,6101100
2023-01-18,213.2747344970703,218.64887550382505,213.25529402606242,217.7645194321478,6558000
2023-01-19,214.19796752929688,215.27668387947702,211.36997941818467,211.9530749480738,4853100
2023-01-20,217.988037109375,218.1046502801793,214.1979607708868,214.90738227450436,5211000
2023-01-23,217.86172485351562,219.82479751560763,216.86075546291008,218.26990066231843,5501500
2023-01-24,217.57989501953125,223.51769168304327,210.52451582909845,215.7626037497386,5274900
2023-01-25,218.56143188476562,218.62946612860253,214.9365620347903,215.37387630789277,4729600
2023-01-26,218.3767852783203,220.6799845100116,217.36608830926536,219.63042142464025,7043400
2023-01-27,224.9171142578125,226.27765082821603,220.84520254024815,221.57406459483644,11382600
2023-01-30,222.64306640625,223.9258559010106,221.50602856099752,223.7120551804278,5677400
2023-01-31,223.72178649902344,224.29515442783304,222.0113807063215,222.36123508857992,11294200
2023-02-01,224.392333984375,226.10273982925753,221.37971293904815,222.90545652159955,5792700
2023-02-02,223.09010314941406,227.69651683492063,221.93363960949085,227.36610291743884,7190000
2023-02-03,223.64401245117188,224.3534339525627,221.22418536343403,222.24459509097335,5243600
2023-02-06,222.97349548339844,223.77037699992562,221.61294400266962,222.25434620806732,3402400
2023-02-07,224.8004913330078,225.58765994525498,221.5254612261004,221.59349546604068,4042600
2023-02-08,223.71205139160156,225.3252695909552,223.50797832551547,223.84810504523765,4978600
2023-02-09,223.32257080078125,226.37030269881834,223.10835132452556,226.30215006061715,5238400
2023-02-10,221.2290496826172,223.86783585337108,220.21638802127097,222.94280537412823,4509700
2023-02-13,222.86488342285156,223.78991380822956,220.323475395281,220.91744477667575,4946700
2023-02-14,223.3614959716797,225.33814519514578,221.1998376821528,222.66041680438562,4829400
2023-02-15,222.90386962890625,223.0499364708496,220.8395890112438,221.60882089080155,4407300
2023-02-16,219.89508056640625,222.35858975869948,219.73928187763514,220.12877859956296,3865900
2023-02-17,217.68472290039062,218.86292999956882,215.9125611864412,218.28842421886637,4520200
2023-02-21,214.82200622558594,216.59418297015642,214.20857300135742,214.37410354489728,7276100
2023-02-22,214.2377471923828,215.92227759927005,213.68272000097997,214.61749716521356,4621800
2023-02-23,215.318603515625,216.2533659401268,213.1764086724316,215.737295780025,5533800
2023-02-24,213.7801055908203,214.45197438030505,211.7450355312068,212.73821866039512,4414400
2023-02-27,214.55906677246094,215.6204173082687,213.57560071055502,214.9290700257188,4255300
2023-02-28,214.15985107421875,215.94175939127732,213.73141215325003,214.21827186202736,5385400
2023-03-01,212.62136840820312,214.4811760248327,210.74208224342934,213.69246568945024,4792700
2023-03-02,213.302978515625,213.82879533448494,211.384750026907,212.16372855180123,5539300
2023-03-03,217.8892059326172,218.13263579561539,214.12090155011467,214.41302035726846,6055400
2023-03-06,220.79086303710938,221.44325321993063,217.81128419762376,218.04496733309514,5737600
2023-03-07,217.3049774169922,221.4043430189479,217.2173462285108,220.79089498401748,4386800
2023-03-08,216.35073852539062,217.071281447887,215.3672723193967,216.12678720011044,4194900
2023-03-09,214.22804260253906,218.47346062818457,213.88724965918826,215.58151224436415,5066700
2023-03-10,210.45974731445312,213.36142747354938,209.81708883223604,213.27379627809657,6638900
2023-03-13,208.83360290527344,212.12477926326105,206.91537448029263,208.98940157663145,6810800
2023-03-14,212.91351318359375,214.09170547897534,210.36235794539732,212.2708547364143,7985600
2023-03-15,210.6836700439453,211.20948686081778,208.0546305329215,208.77518826583656,8372200
2023-03-16,211.73529052734375,211.86187880979304,203.27366616570978,209.51521137944053,13674600
2023-03-17,211.6768798828125,212.91350779848088,209.22310260150448,209.22310260150448,18801200
2023-03-20,212.41690063476562,214.75383632361167,211.14133048110503,211.29712916525082,9817400
2023-03-21,216.11700439453125,216.6622848473161,212.9329379947179,215.5230350032239,8971400
2023-03-22,214.25721740722656,218.98949444387094,214.14037582980652,216.6525737487935,6700600
2023-03-23,216.74021911621094,219.33031654224413,214.47145090689136,214.6467281422717,6427700
2023-03-24,215.23094177246094,215.513328734737,212.5142710307283,214.87067032863948,4791500
2023-03-27,215.98069763183594,218.19104482894028,215.57173726696806,216.74019757484467,7210900
2023-03-28,214.53958129882812,217.46073928252386,212.90372510191403,216.9641477740956,6418400
2023-03-29,217.43153381347656,217.67496365096193,215.11407700612696,216.4480677610577,4483000
2023-03-30,216.51625061035156,218.3468478726218,215.39647922157602,218.0352505267974,5383900
2023-03-31,219.5347900390625,219.90479332054414,217.42180579328357,217.7236712982373,9509000
2023-04-03,222.9817657470703,223.13756443311027,218.23000982731548,219.3108390678243,6421500
2023-04-04,221.67697143554688,224.00416030450785,220.86878251683262,222.9817519202173,5254700
2023-04-05,222.17356872558594,222.46568753687788,220.5961479455013,220.8200992624538,4813600
2023-04-06,220.05088806152344,220.7714310248095,218.77530296116473,220.21641860329947,4285200
2023-04-10,220.4792938232422,220.52798276859917,218.42475999231104,219.63216263359533,4952200
2023-04-11,222.44619750976562,223.11806628373654,220.25532882478873,221.03430732878078,4513300
2023-04-12,221.82302856445312,225.50368694722627,221.35564738223206,223.8873090722277,4373000
2023-04-13,226.5747833251953,226.7208353009548,222.7870152234408,223.42967363234223,7615500
2023-04-14,227.86984252929688,228.8143516369777,226.13662300047196,226.8669126286099,9781300
2023-04-17,227.34400939941406,227.89903660879497,224.87076857328825,227.86982621438327,4865000
2023-04-18,227.4608612060547,228.1716722185732,225.60105355820042,227.60691317514096,4796200
2023-04-19,226.45794677734375,227.90877929473052,225.75686756255786,227.85035850312838,3833900
2023-04-20,228.4345703125,228.50272294240514,225.41603432017675,226.35081145348425,4925700
2023-04-21,227.8990478515625,229.37910562514668,227.2466575812186,228.82407838838506,6771500
2023-04-24,226.6429443359375,228.97013333496932,225.42579496703422,228.07431318239014,9124100
2023-04-25,223.5562286376953,228.84353259121238,223.4004299712031,226.89609383339572,6076500
2023-04-26,222.15408325195312,226.65267714696438,220.76167159101163,225.1434090504804,8400400
2023-04-27,222.99147033691406,223.59518645708118,220.65454976307993,222.66040931288032,7128200
2023-04-28,226.61373901367188,227.43167469980185,222.06647065256792,222.64096160168603,11627900
2023-05-01,226.3994903564453,228.42482847358767,225.42577096499875,226.75002993167726,4571100
2023-05-02,221.0148162841797,226.26316304291765,220.26506307420163,225.85420269444464,5244000
2023-05-03,220.0411376953125,222.6604456376131,219.9827169001027,221.01485723622537,4093300
2023-05-04,219.6710968017578,220.1189993936136,217.60680162479673,218.93106056825573,5648700
2023-05-05,225.68870544433594,226.233985989321,221.31669952265557,222.33910797339283,6237500
2023-05-08,226.12684631347656,227.3147851396903,225.1726054860811,225.1726054860811,2938400
2023-05-09,227.12979125976562,227.93798017802072,224.75392830634303,225.0070900119805,4352100
2023-05-10,225.1920928955078,228.63905308149515,222.88436778247728,228.14246152946535,5245000
2023-05-11,225.37744140625,225.87501596493587,222.7042584133675,225.12378616135268,3818000
2023-05-12,225.73846435546875,227.05553952943143,224.21650288151343,226.3433426626184,3432700
2023-05-15,227.13357543945312,227.15309196355332,224.92868459200582,225.5530793824973,2843200
2023-05-16,224.85061645507812,227.4164958148563,224.03110114551797,226.8896539110355,4289700
2023-05-17,226.97744750976562,228.18721879332602,224.92865931189448,227.055498710648,4990100
2023-05-18,227.90432739257812,228.44090528108694,225.49455020013343,226.73357410593158,6621900
2023-05-19,227.6213836669922,228.6262687973861,226.2847920615985,228.2945623223863,5399400
2023-05-22,225.64088439941406,228.16773093762495,225.5433166643669,227.62138734955192,3987800
2023-05-23,219.10423278808594,223.89451944140276,218.20666625798657,223.6798823486893,8537200
2023-05-24,216.83103942871094,217.66032044984047,214.66516688779726,217.123727723624,6730800
2023-05-25,217.9335174560547,219.21157444218895,215.11398249918892,217.02618512544043,6827600
2023-05-26,219.5237579345703,220.69451121525117,217.89447797927664,218.36278524624754,5067300
2023-05-30,216.23594665527344,219.97256492774318,214.39202945475026,219.5237741520945,6916000
2023-05-31,215.6408233642578,216.1286323145252,210.87005242611275,214.59691995179443,20460600
2023-06-01,220.97740173339844,221.18228799378227,217.00663068023394,217.2993189578919,7003600
2023-06-02,223.2115936279297,224.65551871442588,221.87500198343648,223.23111015254355,5897100
2023-06-05,221.24087524414062,222.7628367855239,219.81646656066147,222.35307905413205,4858900
2023-06-06,222.65550231933594,223.66038749314185,220.64573197172416,221.16280823060498,6020100
2023-06-07,219.7774200439453,222.00182737698353,215.63104450582864,221.46523462411338,8517200
2023-06-08,217.611572265625,219.65061007282125,216.9871774145829,219.60182620121302,6248200
2023-06-09,218.10910034179688,219.68959632241283,217.328603169695,218.1871515476816,6385000
2023-06-12,220.6554718017578,220.92864358957166,218.17740918751895,218.93838986596413,8621100
2023-06-13,217.9530029296875,221.61156955151583,217.20178796846233,220.11887556074953,6868700
2023-06-14,217.9920654296875,219.97256857094894,217.15303344225055,218.28475377632788,9160700
2023-06-15,220.6554718017578,221.572554898024,215.97250347434803,216.6066639642163,12534000
2023-06-16,223.32867431640625,224.19697356350244,220.5676741541968,220.92864797667335,13628900
2023-06-20,220.94815063476562,223.97257158162986,220.66521315375982,221.46522684571246,12312300
2023-06-21,221.7091522216797,223.05550959298944,219.49449557575272,220.6066993082596,7032100
2023-06-22,222.82135009765625,223.34817716268245,220.00181523402924,220.84084714258674,6275500
2023-06-23,223.95306396484375,224.3725724638349,220.87010821288956,221.67987275521116,5424400
2023-06-26,220.78228759765625,224.48963782006558,220.68471987335155,223.84572656784164,5165400
2023-06-27,221.7969512939453,223.03599009177947,220.99695242385113,221.933537193071,4628500
2023-06-28,222.4018096923828,222.4993625269367,220.50910903845647,221.95301901585364,5324500
2023-06-29,228.6067657470703,228.9774903811185,223.0262308449656,223.21158571861673,7118900
2023-06-30,231.689697265625,232.47019443678883,230.19700331089388,230.50920813405756,6879400
2023-07-03,232.1677703857422,232.58727889650504,229.6701911853268,231.2214199233861,3087400
2023-07-05,233.61167907714844,234.1482718441405,228.28481422927211,228.69457191858982,7601200
2023-07-06,233.05560302734375,233.7580490891383,230.91899749661434,232.4604755273997,6441800
2023-07-07,230.68482971191406,232.62631452579126,230.37263975177223,230.9580015095681,5729500
2023-07-10,232.35313415527344,233.2702172507382,230.73360506697375,231.23116477575434,4858900
2023-07-11,234.68487548828125,234.83121221026775,232.31411638487162,232.98729507950333,3856500
2023-07-12,236.3043975830078,238.00196305403324,235.34828140560074,235.66048625212056,6116000
2023-07-13,237.37757873535156,238.31417842954457,237.2214763051949,237.84587113907452,5819600
2023-07-14,237.23123168945312,238.7727096250002,236.0604932877106,238.7629439193234,4941200
2023-07-17,238.04098510742188,239.38732750729432,237.07511815570717,237.1824367058977,4328100
2023-07-18,234.89950561523438,237.25073323675224,231.88483525129644,237.17269691184615,7674000
2023-07-19,235.5336456298828,236.67511666046053,234.26533952254775,235.36779239160188,4835500
2023-07-20,233.77752685546875,235.719011590051,233.24094898775763,235.27998656794833,4695000
2023-07-21,233.41653442382812,234.48971984714132,232.9092090521942,233.8945924554394,5427400
2023-07-24,234.87025451660156,235.39708162326156,232.3824259375602,233.8360870557363,6010000
2023-07-25,232.87020874023438,234.9287628378037,232.74337366591982,234.16778216540803,4997500
2023-07-26,231.3189697265625,233.0263007539803,222.12863761006918,225.77745327932178,7551400
2023-07-27,228.7238311767578,232.84093933542647,227.27992105304685,231.6311679477658,8160100
2023-07-28,230.00189208984375,230.12872716525325,228.0116383648761,228.8604210713959,6794800
2023-07-31,231.93359375,232.60677235096645,230.24577928202623,230.24577928202623,4799600
2023-08-01,233.93365478515625,234.86048879661854,231.22143826146785,231.35802416961235,4627300
2023-08-02,231.7677764892578,232.9677822890251,231.01654656860805,232.81169474531958,4868200
2023-08-03,232.9384765625,233.2214140319188,229.51406379664323,230.24577707123402,5033800
2023-08-04,233.1629180908203,236.0117204601337,232.0409486179907,232.19705104865784,5169700
2023-08-07,235.6214599609375,236.27512212949668,233.37755083088993,233.3873016500934,5649800
2023-08-08,233.45556640625,235.4751023078734,231.60189862357018,234.55801923487024,5080600
2023-08-09,233.9141082763672,236.07023007150798,233.65070220018933,234.6360707764462,4055000
2023-08-10,234.7449493408203,238.44948701732295,234.67652052033972,235.1945690492354,4778000
2023-08-11,234.6276397705078,235.29231507952292,233.0441718425931,234.588548241619,3607100
2023-08-14,237.4231719970703,237.8434842670373,234.84269836631435,235.29233301386748,4351100
2023-08-15,234.42237854003906,237.19833939352023,233.953205628895,236.5532173189859,3770100
2023-08-16,233.8945770263672,235.63445601094833,230.69831843347612,231.19681378559696,3218600
2023-08-17,232.01783752441406,234.95997836408884,231.15768968007913,234.58854173362784,4177600
2023-08-18,232.79981994628906,233.6599827705138,229.99453652829095,230.26822198786448,4344800
2023-08-21,234.0607452392578,235.10661149338276,232.39906431995075,233.98254726184132,3573600
2023-08-22,235.1457061767578,235.98630083377296,233.2885378641803,234.58855120856305,3848400
2023-08-23,236.83668518066406,237.07126417723538,235.2923088227057,235.87878614360963,4947700
2023-08-24,234.0705108642578,238.06828731793846,233.96299051127363,236.7878271508699,4570700
2023-08-25,237.10061645507812,237.9216728244572,234.79382838296164,235.93744580775507,3541500
2023-08-28,238.33221435546875,239.7006417143975,237.12995211049997,237.5306962489965,3741500
2023-08-29,239.8081817626953,240.28713883501698,237.91192161337952,238.0096728247891,3975600
2023-08-30,240.6781005859375,242.63300538845598,240.50216631278604,240.86381892853515,4573300
2023-08-31,240.14048767089844,242.4277375192155,239.91567780513807,240.052520538393,5532600
2023-09-01,242.51573181152344,243.25859031599586,241.20594908729274,241.8901628301938,4112900
2023-09-05,239.8081817626953,243.08265345328587,239.67133901556636,242.75032319807858,4459600
2023-09-06,240.6096649169922,241.09839107342998,238.70363588983253,239.88634483615832,4520300
2023-09-07,241.56756591796875,241.82169815202033,239.58333890031773,239.96454470876452,4007900
2023-09-08,241.71417236328125,242.54501278300373,240.88334685829722,242.2028985125913,3309100
2023-09-11,241.645751953125,242.7600469469664,240.71717527738014,241.75327229966837,2995800
2023-09-12,241.72398376464844,242.17360352060092,240.46306180459618,241.37210030076642,3499600
2023-09-13,242.2420196533203,244.42173423535704,241.0495265834776,241.5773442942696,5657000
2023-09-14,236.0547332763672,240.00363405316384,233.36673941918286,239.47581636732903,12000000
2023-09-15,235.6344451904297,238.59612461796237,234.617886394103,236.4457175160172,13077900
2023-09-18,239.1435089111328,239.7006490261416,235.3412196534761,235.50738477250468,4771600
2023-09-19,238.0682830810547,239.59310630370112,236.01564217162243,239.47581679880173,4709000
2023-09-20,236.40664672851562,239.01644294243584,236.22092837934778,238.1367417160773,5756600
2023-09-21,231.27500915527344,235.35098380644,230.94267892427908,235.34121465190714,6881500
2023-09-22,229.77951049804688,232.42839813268822,229.58402300225717,231.4118542057378,5935500
2023-09-25,228.09828186035156,230.16070692328728,226.97421761947095,230.07273979099006,5921600
2023-09-26,224.47193908691406,227.42384952935737,224.42307839840288,226.70052937956288,6193200
2023-09-27,224.3253173828125,225.47870401245964,222.78094085899215,225.06817580963238,6006700
2023-09-28,226.43663024902344,227.29677823300003,224.49149457205797,225.468946987967,4203900
2023-09-29,224.82382202148438,227.77573245699242,224.4719385595381,227.59001411391802,6045200
2023-10-02,226.05543518066406,226.15317147807045,223.61180402439072,224.07120787494938,5175200
2023-10-03,223.65087890625,226.52459131839515,222.64410413801411,225.2734534527284,5585700
2023-10-04,226.0065155029297,226.47568841731717,223.71928076621035,224.3057431805102,5430900
2023-10-05,228.215576171875,228.90957392010262,225.029086801013,225.21480513848545,6126200
2023-10-06,229.74038696289062,231.25544104337214,227.5020277103097,227.91255589535666,6401300
2023-10-09,229.1539306640625,229.86746670139195,226.47570586342678,227.5509094112431,5372200
2023-10-10,231.26522827148438,232.8486962804038,228.99753169673355,229.60354737130982,4644000
2023-10-11,230.36595153808594,233.1321433444574,229.5937707814485,232.1937974861319,4760900
2023-10-12,231.44117736816406,232.36975416236479,229.59379293442618,231.3727634560389,4472800
2023-10-13,232.3111114501953,233.26901063156026,230.90357759976678,231.05997356420107,4966800
2023-10-16,234.6570281982422,235.28259719995748,232.9562554835437,233.6111468670002,6227300
2023-10-17,235.76150512695312,236.03519059327138,232.91711519335345,234.22691268472144,4527600
2023-10-18,232.11563110351562,235.39987188412314,231.64645811049755,234.54949303776405,9528300
2023-10-19,228.53814697265625,232.55547699854978,228.14717197219673,232.11562639434777,5927400
2023-10-20,228.11781311035156,230.45392341412605,227.3944930689667,228.85090230502647,5748300
2023-10-23,226.3095703125,229.17351381952219,226.06520719378355,226.14340518154174,5071700
2023-10-24,229.35919189453125,231.19680711675824,227.63888109833843,227.63888109833843,6844100
2023-10-25,231.5095672607422,233.10280425788307,226.0749203190237,227.01328102481853,10365300
2023-10-26,226.06520080566406,230.29757169200417,225.16594634396748,229.2810277093552,6414500
2023-10-27,224.10049438476562,226.1726885008804,222.88844815595473,225.9576478003698,5540900
2023-10-30,227.8245849609375,228.11782363528454,224.8433524487635,226.95465300637576,5170300
2023-10-31,229.79908752441406,230.40510329855465,227.73666216351785,228.3035864003474,4828400
2023-11-01,233.20059204101562,233.65021178632014,230.36597117277947,230.81560583282373,4996200
2023-11-02,237.7653045654297,237.7653045654297,233.80661922486598,234.50061701547702,6286700
2023-11-03,238.10740661621094,239.78862590921995,236.79760908695528,239.59312350070374,5029800
2023-11-06,237.99989318847656,239.26080023758368,237.13973029312277,238.4983885493347,5254100
2023-11-07,239.25103759765625,239.54427631221552,237.8923793044476,237.92170168442948,4219700
2023-11-08,238.91799926757812,239.7408037504928,237.83071657712165,238.50659702612077,5117500
2023-11-09,236.69444274902344,239.47631393055053,236.03815718520144,239.32938990375945,4866600
2023-11-10,240.23052978515625,240.25012463519195,237.0176619178977,238.9865183714857,4094400
2023-11-13,239.6624298095703,240.65175314064533,239.11389350931117,239.98567761790014,4088500
2023-11-14,241.88597106933594,242.8556995330253,240.55380509769336,241.13172619474966,14092000
2023-11-15,243.03201293945312,243.15935705409643,240.31870145450293,241.75861663249688,13258900
2023-11-16,243.4826202392578,244.34459945286872,242.20922385178392,243.5022001454469,7051600
2023-11-17,244.4523162841797,245.1184066685503,243.57074233487089,244.34456702846495,7238200
2023-11-20,244.8539276123047,245.79427116193963,240.57337209418384,244.50129504456876,8604200
2023-11-21,247.06768798828125,248.15497058396974,244.91271764854966,244.91271764854966,7213700
2023-11-22,248.52720642089844,249.33041600756113,247.48890344603316,247.8219412027837,5701400
2023-11-24,249.09532165527344,249.4871289974253,248.31169202447765,248.98757239420786,1640900
2023-11-27,248.9385986328125,249.7614030387045,247.35175942909333,249.09532755198023,5478900
2023-11-28,247.76315307617188,248.9483799885296,246.46037200525163,248.6545319583529,5234900
2023-11-29,249.0267791748047,250.82913204136614,248.33131881107474,248.72312620361325,4955100
2023-11-30,251.42662048339844,251.51477490032764,247.98846370472123,249.0463615473511,6874700
2023-12-01,251.20130920410156,251.65188612060817,248.70348152770168,250.5547987375888,3939400
2023-12-04,249.23245239257812,252.12208755171847,249.14429798374456,250.67236752282693,5247500
2023-12-05,249.3989715576172,249.6046801249677,246.97952313566714,248.987569369408,4199100
2023-12-06,249.08551025390625,251.57351819925228,248.34107034465512,250.5646150668741,3874000
2023-12-07,250.58421325683594,250.89767108374528,248.31168885121875,249.67323952556103,3589300
2023-12-08,250.50582885742188,250.7996918101321,248.6740915885396,249.7809689002688,3732300
2023-12-11,251.26986694335938,252.35716443162303,249.78098711497165,249.78098711497165,6479300
2023-12-12,254.2476806640625,254.4044095913691,251.15235160897615,252.0339256687128,5946600
2023-12-13,257.0099182128906,257.10787750859544,253.3954384201383,253.84601530880425,4859900
2023-12-14,253.43466186523438,257.8621416266566,251.15233253260828,257.80337202000374,8168700
2023-12-15,252.7489776611328,253.0820153978957,249.242246633327,249.30101624022728,13374000
2023-12-18,253.08203125,254.27706315346458,252.67064397593043,253.4052940011836,6041100
2023-12-19,254.66885375976562,255.01169639424896,251.93597736864749,253.31709301939281,8731200
2023-12-20,251.84779357910156,255.4818836618568,251.81840877568504,255.168425830091,7240900
2023-12-21,254.22808837890625,254.66886044081892,251.7792550583307,252.2396369183183,6246700
2023-12-22,253.14077758789062,255.8638789020925,252.93508396976642,254.67865200701823,5111500
2023-12-26,253.85589599609375,254.42401225202713,253.2387851311904,253.2387851311904,2085100
2023-12-27,253.63052368164062,254.4533279804714,253.02321788200223,253.94398147918974,4034700
2023-12-28,255.07046508789062,255.62880624265185,253.24854750033373,253.24854750033373,3020500
2023-12-29,255.02151489257812,256.10878256773805,254.35543938565212,255.23701342634664,4074900
2024-01-02,253.5718231201172,254.76685514228112,252.3964008987522,254.2966683179417,5471000
2024-01-03,252.7000274658203,253.56199171418888,251.60292499037817,253.2583387634371,4148300
2024-01-04,254.29664611816406,255.69740156849863,252.71961172695106,252.78818623778287,3843000
2024-01-05,254.3749542236328,256.10871705661174,253.45419071423754,255.44264172006393,3748400
2024-01-08,257.1667175292969,257.2450670515277,254.62972950861482,255.5994580477861,4659000
2024-01-09,257.9405212402344,258.2245943008645,255.7953705610933,256.63775495008167,7055800
2024-01-10,259.14532470703125,259.9387442801743,257.4801061575056,259.5469369429282,4355800
2024-01-11,258.6261291503906,260.7419242822498,257.0294853777623,260.0268543413181,5599000
2024-01-12,258.7633972167969,260.11512843786454,258.3127902501153,259.703741077146,4656100
2024-01-16,259.8114013671875,260.2228185036317,256.98056569152624,258.1266029055782,6196400
2024-01-17,261.1729431152344,261.63332491709775,258.9787983027695,259.00818310318715,5118700
2024-01-18,262.6520690917969,263.27895484913716,260.96727064778094,262.39738087222986,6694300
2024-01-19,265.3555603027344,265.60044362340744,261.5843511857725,262.69122857809214,7226500
2024-01-22,265.6494445800781,266.7759019035326,264.8266102971015,266.66813769550635,5984300
2024-01-23,265.708251953125,266.30575300615794,264.3858758232962,265.99229512932664,5883000
2024-01-24,266.0902099609375,267.27543686160647,265.53186881612436,266.99139373289813,5021700
2024-01-25,267.0306396484375,267.1971735129186,265.25768622851746,266.38417377996353,6894900
2024-01-26,262.4561767578125,265.3262023926824,260.1640722311494,260.4971099938626,8586500
2024-01-29,268.05908203125,269.44022754856286,261.2513137516622,261.5060019712044,6574500
2024-01-30,271.4776306152344,272.9371554653733,268.57822060418425,268.9700279203291,6549000
2024-01-31,267.6672668457031,274.25950652080354,267.5888874452274,271.4482508616349,6139300
2024-02-01,271.37969970703125,271.5168487231718,267.7652192934268,267.7946339908728,7065000
2024-02-02,271.5070495605469,272.8000407701114,270.0377495204924,271.9282417310459,4848700
2024-02-05,269.9397888183594,272.31027269037634,269.4990167444002,271.7225466987784,4899100
2024-02-06,271.0956726074219,271.2132118322221,268.42153567126906,269.1757656257284,4400000
2024-02-07,273.671875,273.8187990443009,271.38954523756394,273.66207009938336,4785900
2024-02-08,270.6394348144531,274.44711605750825,270.148754859394,274.32935766009047,5833400
2024-02-09,271.27728271484375,272.0133025658979,268.9809043734017,269.8739453865277,4618300
2024-02-12,269.9426574707031,271.5128391991795,269.12811203495,271.27729247323646,3676200
2024-02-13,270.6688232421875,272.81800343492876,267.6756880616888,268.64722460543794,5493800
2024-02-14,272.3862609863281,272.46478655236524,269.5893791836434,271.31658225171816,4218400
2024-02-15,275.7424621582031,275.87983694429823,272.3861987718248,272.4745175518977,4834800
2024-02-16,273.3675537109375,275.8798321293473,272.6904131268085,275.72281098460655,6630700
2024-02-20,270.02117919921875,271.6796798795777,268.24492011886036,269.4520036163118,6157200
2024-02-21,271.6011657714844,271.8072429574534,268.4313626265707,269.5108644676192,4770100
2024-02-22,278.4608459472656,278.76506509231444,273.7797704374639,273.9760244301303,5100200
2024-02-23,278.31365966796875,280.61986130702223,278.21551769314664,279.41277790903445,5107700
2024-02-26,278.8533935546875,280.0310373464365,277.39117697139176,277.7640985037365,3856900
2024-02-27,277.8916931152344,278.87305300483354,276.2920717033914,278.87305300483354,4145200
2024-02-28,280.3058166503906,280.79649657171996,276.82197123971696,276.84161760375457,4358800
2024-02-29,277.37158203125,280.33527820668746,276.9201349051822,280.17825702571537,6633700
2024-03-01,277.8818664550781,279.5992462403838,276.8514206146587,277.9211292358143,3955700
2024-03-04,275.3009033203125,277.7248635749048,272.9456454493523,277.53840279003396,5920300
2024-03-05,274.17230224609375,275.75227712871117,272.50397862771695,275.0456968837041,6227900
2024-03-06,275.2027282714844,276.7434703829416,274.10361006034105,274.78075073483564,4535200
2024-03-07,273.0731201171875,275.9288800240242,271.01225905621374,275.6442773666421,5668500
2024-03-08,274.82000732421875,276.419628593196,273.6325404007755,273.79938474454605,3928800
2024-03-11,275.3303527832031,275.53642999275274,272.80825045432505,274.2410575839969,4614000
2024-03-12,278.6277160644531,279.17727521271075,275.06537483464655,276.0663511513885,7988700
2024-03-13,279.8249206542969,280.76701758543874,278.5295186560259,279.35385721436523,5783800
2024-03-14,281.07135009765625,283.6523319548669,279.2460047366081,283.57380637550267,5484500
2024-03-15,277.76409912109375,280.3058175276876,277.3715611725469,278.2645722772826,9845000
2024-03-18,279.7366027832031,280.89463012385147,277.9701670988697,278.57860539127955,4095600
2024-03-19,281.9937438964844,282.6905009673016,279.9328823312944,281.31660324008305,6595200
2024-03-20,283.88775634765625,284.4667550247991,281.37547770332753,282.27834187959746,6105000
2024-03-21,284.95751953125,285.5365183803218,282.53355895361983,284.56498149189844,5057600
2024-03-22,277.9800109863281,285.0752237973317,277.61691262018115,284.59436703662107,8744100
2024-03-25,275.96820068359375,278.21552317175326,274.82002640687017,277.7346664189995,8519200
2024-03-26,275.3695983886719,278.83379769381685,273.220417776973,278.83379769381685,8752400
2024-03-27,273.81903076171875,276.0074741382054,271.81707811238687,275.02611423015844,5190700
2024-03-28,273.8779296875,274.5845100701373,271.9544725148267,273.2989308938948,5844400
2024-04-01,273.0927734375,275.6541378026939,271.63055708244326,275.133988416027,5084000
2024-04-02,273.2498474121094,274.12324213206415,271.81707037280074,272.8180466689654,6912300
2024-04-03,271.79736328125,275.2517684545959,271.4048254066571,275.2517684545959,4536600
2024-04-04,268.892578125,273.8778726003901,268.4607774284634,273.1712923650324,4018600
2024-04-05,271.9740905761719,272.77878291395115,269.90340566320907,270.95346791886493,4392100
2024-04-08,272.5825500488281,272.7984504363739,270.02118499891117,271.10068693664,5542400
2024-04-09,271.5618896484375,272.8180290157408,268.225272261731,272.4549306753936,7313900
2024-04-10,269.3636474609375,271.66002578865056,269.01034236120705,270.28612806464156,5276000
2024-04-11,270.541259765625,271.3263655669933,267.1065005000395,268.89258250583777,8102300
2024-04-12,270.8160400390625,271.83666260923087,268.95146242246244,270.41367893016223,9038400
2024-04-15,266.2232971191406,272.72971767266745,265.3008164704482,272.7101012573407,10267500
2024-04-16,266.2919921875,269.02017127932345,265.13399479176536,265.4970931320614,8237100
2024-04-17,267.6070556640625,268.89263484351085,266.4392348905591,268.2056708771924,5940900
2024-04-18,266.31158447265625,268.05840358974115,264.82972170046907,267.48922812520163,8231800
2024-04-19,264.7512512207031,266.9298712205255,263.2890346715062,266.4097517135228,7905400
2024-04-22,267.25372314453125,268.65709053502206,264.33908310078385,265.8994716660403,6463700
2024-04-23,269.0005187988281,269.76600818903967,267.6266210767642,268.90240677839256,6438000
2024-04-24,269.8935546875,277.72481647785054,269.3734352044127,277.30283896206197,8807200
2024-04-25,270.03094482421875,271.071183734122,265.4479817429221,267.8817646361473,8064600
2024-04-26,269.4029235839844,271.61098347879147,268.7257828203452,269.88381032621146,6840600
2024-04-29,266.7728271484375,269.3538080469584,266.0368073461394,267.24389060344834,4128600
2024-04-30,263.6029968261719,267.0083159529744,263.5735572351104,265.4872205002652,6376400
2024-05-01,262.3371276855469,265.86020602566384,261.73848259139623,263.15164320036075,6119900
2024-05-02,262.6216735839844,264.44701832889274,261.67957659075097,264.329259948329,5061700
2024-05-03,263.48529052734375,264.4274175249169,261.5323940540221,263.98579362300916,3862000
2024-05-06,267.58740234375,267.6953375514045,264.54518083188816,264.62367644211633,3958700
2024-05-07,271.30670166015625,272.7002456495199,267.7443610604093,268.6177855925664,6377100
2024-05-08,272.0231628417969,273.35779797831754,269.79548657037117,272.6217780268964,9029700
2024-05-09,273.3479919433594,273.5933319156773,271.24786740492914,271.6404053708923,8948800
2024-05-10,275.5069580078125,275.7915607533672,274.0349182151677,274.3391373764162,8986400
2024-05-13,274.1821594238281,276.89069240825376,273.89755666449867,276.2135516749654,10528400
2024-05-14,272.5628967285156,274.77095656578155,269.15757658153854,274.2312205850523,18526100
2024-05-15,276.2528076171875,276.4785311722708,271.9053905144943,271.98388612785146,21288400
2024-05-16,275.1319885253906,277.62926415068057,274.561759605173,277.00001706229307,10341500
2024-05-17,275.38763427734375,276.1840045257225,273.42128205830403,275.3384574693755,6177800
2024-05-20,273.8538513183594,275.5547265949404,273.4998923563599,274.5224037970635,5460900
2024-05-21,271.307373046875,273.7456298195521,270.2553677436214,273.32287142805006,6578200
2024-05-22,270.94366455078125,273.40160487439516,270.4914119323995,270.8945177459707,4202500
2024-05-23,269.6163635253906,272.7723500636725,268.4365403314151,270.6093508761007,6115900
2024-05-24,269.8719787597656,270.6093607819552,268.7511736881961,270.38324949780724,4339700
2024-05-28,266.42108154296875,269.84251531167416,265.68369943707125,269.6164040018579,6212100
2024-05-29,264.3367004394531,266.57837065472575,263.7468188082258,264.4743594895076,5469700
2024-05-30,266.73565673828125,267.0699630069248,263.7959698798518,264.17942295050915,4901900
2024-05-31,267.8760986328125,268.1710694067544,264.48415976358694,266.87327001136407,8910000
2024-06-03,265.8310852050781,268.5348187323809,263.5501100828678,268.4954832980959,4838800
2024-06-04,267.8368225097656,268.3972100336998,264.7791295089298,265.0937530339057,4188500
2024-06-05,269.8818359375,270.304594454001,267.44354843973895,268.928153932746,5368700
2024-06-06,272.37908935546875,272.4872243142365,269.4688667720271,270.1767546971683,4862400
2024-06-07,273.9816589355469,275.6137046312172,272.2020828378908,273.03778840765045,4515600
2024-06-10,270.4126892089844,273.8734573358063,268.7806137275206,273.4605402887265,5213800
2024-06-11,270.0489501953125,270.2357260211704,267.6401571267944,269.92113252171333,6244600
2024-06-12,265.77215576171875,272.92967617120814,265.3592086208734,272.1136232512988,7536600
2024-06-13,266.62750244140625,267.28621356056703,264.7889681179256,265.77214412014206,7361200
2024-06-14,266.1064453125,266.98145643436186,264.7398161392817,265.55586909996475,8537300
2024-06-17,266.60784912109375,267.2567188774396,264.4743439992734,264.4743439992734,9258200
2024-06-18,269.0166015625,269.2918896313264,266.7356261327105,266.7356261327105,6707500
2024-06-20,272.16278076171875,273.36225665209525,268.5053649323862,268.59384716969066,10164400
2024-06-21,270.5897521972656,272.8707281589392,269.96050503370486,272.50695776932395,14594700
2024-06-24,271.6515197753906,275.6727360631118,270.6388496844587,270.6880264874879,24149600
2024-06-25,268.92816162109375,273.25413052763525,268.92816162109375,272.19231352492613,18325800
2024-06-26,268.9969787597656,269.8424957779942,267.17809702938825,268.31858487111595,12172000
2024-06-27,262.1049499511719,266.0376549071218,262.01646769016196,263.9926615318572,10529100
2024-06-28,258.0541687011719,264.0810415125838,256.8546929540055,262.704601311937,13957300
2024-07-01,258.811279296875,261.29871374825285,256.90391517164323,259.35204418013836,7955800
2024-07-02,263.71728515625,263.71728515625,257.9853527982914,258.81121696224204,8697800
2024-07-03,264.4645080566406,265.2117314332768,263.63864380021954,264.5431789405765,5017800
2024-07-05,265.81146240234375,265.99826825212415,263.7271339775857,264.47435737670725,7986400
2024-07-08,261.9180603027344,266.873275363693,261.4953018561679,265.7032936131313,8561100
2024-07-09,260.9742431640625,263.0487301484907,259.47982642652397,262.5079953432641,6431300
2024-07-10,258.5753173828125,259.04725271793427,254.1608662425112,254.76058926866762,9635500
2024-07-11,258.13287353515625,259.19472052746414,256.37300991586187,257.71995637471144,8803600
2024-07-12,261.2691345214844,262.9012099939012,259.22414200427664,259.8926943652729,6627800
2024-07-15,263.9335632324219,264.71025053415815,260.7873885787301,261.2003356286334,6845200
2024-07-16,264.72015380859375,265.66399442379605,262.87177801754814,264.0024244842382,7869900
2024-07-17,268.1120910644531,268.31854961086464,263.72710476538964,263.92375195521396,5324700
2024-07-18,264.621826171875,269.01662428756026,264.04175590656644,267.70901335121243,5550800
2024-07-19,260.993896484375,266.39155320838194,259.86325006819936,265.77214751840154,6839900
2024-07-22,263.2060546875,263.8844485694025,260.56130868510405,262.734149381239,5313600
2024-07-23,260.335205078125,263.19625109838984,259.4208285119505,263.0290979613871,8109200
2024-07-24,249.89382934570312,252.8728662753302,248.8713329588841,251.7618726514578,13065900
2024-07-25,249.47109985351562,253.8757244191848,248.44858834590195,251.09333435811223,8573300
2024-07-26,255.0948028564453,256.8055492732487,251.28991703979995,251.28991703979995,7062200
2024-07-29,257.1988830566406,258.2901941650897,254.2296719246677,255.94041880332273,6068100
2024-07-30,258.67364501953125,259.8534383694615,256.61881051456004,258.8014627167084,5941800
2024-07-31,261.20037841796875,261.8787422471282,259.8042553105948,260.08938474880534,7642500
2024-08-01,261.4559631347656,262.50796856183285,259.7354052883866,261.8492274988227,7269700
2024-08-02,262.0950012207031,263.45178867536555,258.4572686291347,259.39126767106717,7017900
2024-08-05,252.1256561279297,258.49664741669113,250.22811864468608,257.05137749487653,9631300
2024-08-06,253.9150848388672,256.1075484743543,251.46697079821578,252.18468519487482,21586800
2024-08-07,252.2042999267578,257.6216093569987,251.99784136529357,255.29148700802162,12908600
2024-08-08,255.45858764648438,256.0681819240786,253.58074803150612,253.7872065748012,8223700
2024-08-09,255.90196228027344,257.6358016944085,255.16310154538442,255.32072877654585,7228100
2024-08-12,256.0299987792969,257.7145925900614,255.38962885141,256.6309243247712,26769400
2024-08-13,256.2664489746094,257.79341572278224,255.41920640854798,256.2664489746094,12005700
2024-08-14,257.2614440917969,257.6160827767933,254.89706593455233,256.99543501373245,8552300
2024-08-15,262.8373718261719,263.4186353759986,258.9361956862595,258.9361956862595,7397800
2024-08-16,263.40875244140625,264.45300642226204,261.4483184694006,262.8866254509784,5111100
2024-08-19,262.51226806640625,264.32493594527,261.29069472863915,263.4481702618357,6555900
2024-08-20,264.0589904785156,264.0589904785156,261.832547118727,263.03442848140213,6803600
2024-08-21,264.21661376953125,265.27069891418176,263.41864657209493,264.57125249536045,6639700
2024-08-22,263.96044921875,265.4972770630231,262.6108018228208,264.94559681453114,4425200
2024-08-23,263.4678649902344,265.21156534257966,261.3694958840034,264.70916053235806,3697400
2024-08-26,264.2263488769531,266.35427065236394,263.6943909813327,263.7436363206017,4612200
2024-08-27,266.6991882324219,266.92578302801013,263.9112334521004,264.531851252993,6594100
2024-08-28,265.19189453125,267.94046485360906,263.6944809477345,267.13263657667886,5455100
2024-08-29,270.2456970214844,271.8908766785254,266.43318061732,266.95530764308353,5565100
2024-08-30,272.26519775390625,272.8759843666713,270.186551051476,270.9155505487356,6296100
2024-09-03,274.40301513671875,277.9002770172578,272.26523166148974,272.26523166148974,7278300
2024-09-04,276.3240661621094,277.46684109111544,274.56067344195145,274.5705044751204,6107500
2024-09-05,274.4818115234375,277.31904133925974,273.28979138009487,276.8264675535772,6447400
2024-09-06,275.220703125,276.1171911233873,273.30951421667044,273.6444608208501,7187700
2024-09-09,281.3680114746094,282.70782793866954,277.46683512112764,277.9003025008835,10933900
2024-09-10,281.10198974609375,282.14624371213733,279.3582894588662,281.6832231751696,5314400
2024-09-11,279.7424621582031,280.93451222188236,274.1665239700468,280.7867160525748,6281800
2024-09-12,281.1315612792969,281.75220906760387,277.28949171396596,279.78191389929896,4160800
2024-09-13,283.0821533203125,284.45149277563513,281.30886969914553,282.2349107974143,4987600
2024-09-16,286.1656799316406,286.57942507932376,283.4663551180431,283.77174846277245,4458900
2024-09-17,287.2296142578125,288.7171966632789,285.7715850759632,286.57941327391956,5135700
2024-09-18,284.19537353515625,287.6827741850227,283.85056588284056,287.5054548430262,5890000
2024-09-19,281.0034484863281,287.15078900644346,278.66865384453115,286.7665670707988,10382100
2024-09-20,280.54046630859375,282.73735624121844,279.0430528060109,281.25963486713545,27810900
2024-09-23,284.3431091308594,284.58939598974496,280.39265829375444,280.6684983731337,6505600
2024-09-24,268.7285461425781,276.826460165655,268.65957859898685,276.01863196325866,13690200
2024-09-25,265.6253356933594,270.1767125122634,264.2461351519213,270.11760606508153,11671300
2024-09-26,267.6547546386719,269.18172139744854,265.9898527846152,266.48242658606824,9552500
2024-09-27,271.0830383300781,273.8513002725581,268.72852148254384,269.1028823256091,6509600
2024-09-30,270.8663024902344,271.5953019801966,269.1422944585454,270.9155478368427,5969900
2024-10-01,273.4770202636719,274.9153275546173,270.2851211233448,272.85637237348817,5781600
2024-10-02,272.8858642578125,273.51637310429817,271.28006898275567,272.46225803775803,4741600
2024-10-03,272.7479248046875,273.5656140728562,271.7430851690525,272.56077443722114,3036700
2024-10-04,273.8020324707031,274.30446730712947,271.01407832480055,273.2306601594129,4259300
2024-10-07,269.72357177734375,273.49667388439616,269.1817225548244,273.4769817554082,4339300
2024-10-08,270.8761901855469,271.9992729405698,269.94031795401486,270.6299032723563,4370900
2024-10-09,272.81689453125,273.36857473534945,270.34419470854886,270.9155670398246,4115800
2024-10-10,273.34893798828125,273.5459795572298,271.2604296404451,272.66918365902785,4063900
2024-10-11,273.7134094238281,274.65914271511286,271.28009361505065,271.94015574462935,4746300
2024-10-14,276.51123046875,277.1909847407977,273.8611809303193,274.93498824277964,3996600
2024-10-15,275.14190673828125,278.44215751240773,274.68871715460233,276.8265008700498,5807000
2024-10-16,283.2496032714844,283.3284319088634,274.2158173763947,274.4817963828372,9442700
2024-10-17,286.0770263671875,286.60898442557027,283.33828717387706,284.2840505174175,8815800
2024-10-18,286.3036193847656,286.7173946465196,283.80133581206746,285.61403403427147,5350900
2024-10-21,282.5895690917969,286.1262450429194,282.0772731457329,285.2987247427192,6313100
2024-10-22,280.5602111816406,282.27435849356516,279.31891550648385,280.81632913011623,5736500
2024-10-23,279.54547119140625,281.81129847218125,279.3188764376021,281.7916063448439,5249300
2024-10-24,279.0134582519531,279.4075112138088,277.5455981917074,278.1957991077105,4679900
2024-10-25,277.545654296875,280.8557359227639,276.60975201700285,279.7819286073064,4464600
2024-10-28,279.9690856933594,280.41241411825484,277.3485895927786,277.85102446575115,4306200
2024-10-29,277.6933898925781,281.4566606634786,277.1712629055183,280.0478768501178,7534800
2024-10-30,285.8504638671875,291.386989201155,284.04762671728906,287.9980786650037,9606800
2024-10-31,285.5450439453125,291.9386423846978,285.3184491693389,287.75176499565896,7950200
2024-11-01,286.4218444824219,288.32320247067184,282.9245820290094,284.20526206606445,5470700
2024-11-04,287.51531982421875,288.79599961947775,286.44151259741784,287.2197575192469,4281600
2024-11-05,288.9339599609375,290.4018203250084,287.2493358490182,287.3774098526013,3753700
2024-11-06,302.8343811035156,304.4106233538104,298.3224181021711,301.77043487155083,10320500
2024-11-07,301.25811767578125,303.0609545816286,299.8986392705931,302.9328805860493,6237300
2024-11-08,303.2973327636719,306.5286151133863,301.14971859374566,302.33190752884434,6240600
2024-11-11,306.30206298828125,307.7994763116453,304.70609884125815,305.4843737564693,4674100
2024-11-12,305.82830810546875,306.51920438293644,304.1108719519886,305.0288239097785,4616400
2024-11-13,305.463134765625,306.91405619849616,303.84440658354737,305.47298448865325,4046400
2024-11-14,304.24908447265625,307.24963537803023,303.8345225882948,305.2854440013447,4415800
2024-11-15,305.62103271484375,306.68700156873604,302.67970087122774,303.568013269717,5106300
2024-11-18,308.10833740234375,308.3550925389626,304.6932547455523,305.463129566944,4585600
2024-11-19,307.8023986816406,308.17747135167804,304.50575329357105,305.97640443731547,4885500
2024-11-20,303.4002685546875,308.2366633406729,302.24544123021116,307.8122216017336,6349900
2024-11-21,305.8776550292969,306.88443524371354,302.6698383193124,303.31139563701413,5757100
2024-11-22,305.8974304199219,307.5457379151753,303.9036295770101,303.9727282465418,5919200
2024-11-25,309.12493896484375,309.5888397839334,305.8381439789712,307.8121848905911,14189300
2024-11-26,307.77276611328125,310.4179740525233,307.496401554278,310.1218799255476,7071500
2024-11-27,310.6153564453125,312.26366377538824,305.47295806796546,306.73634307482496,5204300
2024-11-29,310.9903869628906,312.1452141310689,309.6283240578109,310.21066250279875,3853300
2024-12-02,312.5400390625,313.30006413439196,309.63819634785483,312.78679419047,5597500
2024-12-03,308.9472961425781,313.2013520850884,308.71039074012936,312.9842063703709,5009900
2024-12-04,305.8776550292969,308.789377630027,304.7919264262377,308.36496603293716,5981800
2024-12-05,305.0682678222656,307.0521885681716,304.8215127094504,305.9566103255794,5200100
2024-12-06,306.9732666015625,308.5031363840776,304.79192952910375,304.86102819579185,4302700
2024-12-09,304.29840087890625,308.9472890110273,303.6469938712655,307.7825819563504,5785300
2024-12-10,308.3254699707031,308.91768829761287,302.6599819145619,303.37060776108314,4539500
2024-12-11,309.71722412109375,311.45436001571153,307.17069392736073,308.9769586194356,4321800
2024-12-12,310.1514587402344,311.45430289187294,309.361824277071,310.7337972134878,3218500
2024-12-13,310.6548156738281,312.8361526181401,310.2600135068379,311.73066438050313,4682200
2024-12-16,311.7899169921875,313.4382243421855,310.0231418813704,310.6548193316977,6562500
2024-12-17,314.16864013671875,314.7016396865983,311.0496815952197,311.72084836382186,8843900
2024-12-18,305.7591857910156,317.4455039984776,305.5420400928418,314.3660050945382,10479200
2024-12-19,310.79302978515625,312.7571910040131,307.19041086939535,307.78259909112774,8317100
2024-12-20,313.58624267578125,315.8465278245378,308.22672913591197,309.49999388521684,24387000
2024-12-23,313.1026306152344,313.84289595808093,309.282866265582,311.5530012683885,7984600
2024-12-24,316.4881286621094,317.36659139695286,313.16187427713834,314.0403370119818,2684100
2024-12-26,316.7447509765625,317.27775047839975,315.3135592088148,315.61953315284774,2856000
2024-12-27,314.52398681640625,317.32712169518607,313.43825813623283,315.1260549218108,3489200
2024-12-30,311.2174377441406,312.99406263150837,309.16444831603843,310.59560999711914,3478500
2024-12-31,311.9379577636719,313.5369261055891,311.09898433990156,312.01690614782086,3963800
2025-01-02,310.31927490234375,315.530742537474,308.3551135200846,313.65540939586447,5369500
2025-01-03,310.8226623535156,311.8195628034977,307.960308623142,310.1021264680908,4271300
2025-01-06,308.9769287109375,311.29643308257124,308.01951754994303,310.9213604452674,6567300
2025-01-07,307.6246643066406,311.0989653046253,307.2792011389938,308.82883041118475,4958600
2025-01-08,308.5426025390625,309.96391441449146,306.1836091758596,306.9633637750888,5161600
2025-01-10,303.7160949707031,307.80237464007325,302.01841836414724,307.16081728582066,6660100
2025-01-13,302.9363708496094,302.9363708496094,299.89633058331464,301.0412780751614,9568400
2025-01-14,305.07818603515625,306.1343052799866,303.52855650262694,304.7426026540983,5107600
2025-01-15,312.1748352050781,313.07302745356503,309.065726727377,309.60857594104044,5222000
2025-01-16,313.1322326660156,315.03717487435745,311.6517020151125,311.6517020151125,4606700
2025-01-17,315.47149658203125,316.42890769978504,312.59926322876987,313.3790178805016,5805800
2025-01-21,319.429443359375,320.36709474424424,315.84655419083674,316.15252813049113,5653000
2025-01-22,319.3603820800781,321.51207975322205,318.19570500431894,320.55466856889973,5026500
2025-01-23,323.95001220703125,324.2461364503339,319.3702524344283,319.55778875207676,5297100
2025-01-24,325.9141540527344,326.79258656153615,323.5551607955483,323.76242664930356,4327500
2025-01-27,330.1978454589844,331.1354968581317,323.7920619516546,325.7167639691533,6636500
2025-01-28,330.1386413574219,333.44513607219017,328.56928231199913,330.3261776699073,5999600
2025-01-29,331.5204772949219,332.73449333081453,330.15838407481806,330.15838407481806,5087300
2025-01-30,338.5973815917969,339.9693545901438,334.59996048416065,335.1033505945579,8081300
2025-01-31,337.3636169433594,346.69097332774294,337.27478870711957,341.9730162336508,8624100
2025-02-03,341.3314208984375,341.50907735114276,334.8368094380118,335.58695462251023,8004500
2025-02-04,340.6701354980469,341.5189888309502,338.094026330763,340.12728624622525,5532600
2025-02-05,344.9044494628906,344.94393871730824,340.7688311158077,341.50909649839093,4939100
2025-02-06,342.9698791503906,346.0987171302187,342.10129632902704,345.24001415229407,4294500
2025-02-07,343.50286865234375,346.1974455009721,342.70338444522423,343.48313908578274,4261200
2025-02-10,346.6712341308594,347.3325210227688,343.1870528393384,344.1740733765565,6067000
2025-02-11,346.7503356933594,348.13448359449126,342.33092870649307,344.3577134718475,5154800
2025-02-12,347.5115966796875,347.8477447166966,343.55687129535477,345.2079824190642,6760100
2025-02-13,351.6047668457031,352.0496553670109,346.7602340788842,349.1231669067052,4279200
2025-02-14,349.8053894042969,351.407048562351,349.2220709561268,350.4183670897582,5720300
2025-02-18,352.6922912597656,352.7021575557046,348.4112843313369,349.68669165744103,5822000
2025-02-19,351.20928955078125,353.1075408611177,350.1711560219205,351.99032609939314,4152300
2025-02-20,346.5229187011719,352.09909602990814,345.1091116038518,351.20928884421807,5697000
2025-02-21,344.5851135253906,349.32090569255126,343.54701016525627,346.52292054464976,6924100
2025-02-24,345.9000244140625,346.8293872478972,343.4283211692167,344.81249912405735,5055900
2025-02-25,348.1047668457031,348.5991074553006,342.0837018414644,347.39291516099644,6191900
2025-02-26,346.6613464355469,347.847745951763,345.03989453957644,346.03847235775726,5960600
2025-02-27,351.7135009765625,356.2317820796528,347.69945702736095,347.9169681356894,7298100
2025-02-28,358.6046447753906,359.88005231008003,349.7065116138777,350.695193076268,15857300
2025-03-03,357.7247009277344,362.3912782061478,355.4705086085442,358.8913377042975,9099600
2025-03-04,348.2432556152344,356.1922322384268,346.43395178159983,356.0340395959336,8955800
2025-03-05,348.6881408691406,350.1019479972162,344.99048217350884,346.8590742868907,8244200
2025-03-06,340.26458740234375,344.9212682544981,336.5372694612739,342.0442018176931,8611100
2025-03-07,341.4114685058594,342.4693648458492,335.30142469130294,337.0118242042042,6358700
2025-03-10,337.61492919921875,341.10497327091514,333.81839631286454,336.09235142268,8204300
2025-03-11,328.380615234375,335.7660354399813,325.8495633960097,334.57963600578574,9776100
2025-03-12,329.0726623535156,332.3550913321073,325.3848704433367,332.167239481563,6295400
2025-03-13,324.8312683105469,332.3947053075144,323.9909132416949,327.24365338791984,7915300
2025-03-14,328.04449462890625,329.0035168469346,322.6858580403814,323.50645037210126,7810600
2025-03-17,330.7633361816406,332.30567668602885,326.0275742017555,326.2945073063825,6149400
2025-03-18,330.9808654785156,331.99920612612834,328.5388211836552,331.49499912300973,7778300
2025-03-19,336.0231018066406,337.1699757121016,330.7138881605767,332.98784303571733,5614900
2025-03-20,335.6573181152344,338.36629535745016,333.8381480530305,335.16297744054333,5432700
2025-03-21,331.8607482910156,335.58806569993004,331.72231843492546,333.5513847614386,17279700
2025-03-24,339.9778747558594,341.31260070606703,333.8282751222163,334.816956541309,5675100
2025-03-25,340.7193908691406,341.6190945945068,336.8141173091515,340.66007239688906,3931200
2025-03-26,340.2843322753906,343.44812459427914,339.1176955495124,342.07384306553803,6187100
2025-03-27,345.9000244140625,346.8689429480192,339.4340704495002,340.1063664907802,7254800
2025-03-28,338.96942138671875,347.64014633526864,337.7434359431888,345.2376577932826,5687600
2025-03-31,346.4932861328125,347.87743410286953,330.70404246042676,335.5090499083939,9950800
2025-04-01,342.4297790527344,346.48337847355293,338.69256489363494,346.47348200532446,7473300
2025-04-02,342.4100341796875,344.2588938405398,339.1671602222688,339.5527604713948,5682500
2025-04-03,335.548583984375,340.83800516570193,327.25353282381684,330.12070275672323,8792900
2025-04-04,309.5858154296875,330.86222855825,308.5872375482737,326.26486602595315,13201700
2025-04-07,308.7850036621094,318.5333884645276,295.61575925274144,298.65101860411403,12163400
2025-04-08,304.7807922363281,322.58695319968984,300.4899187510522,318.59267205379405,9569300
2025-04-09,328.6673278808594,330.2492240461324,302.18057672654487,302.18057672654487,11361800
2025-04-10,320.935791015625,326.42298979885857,309.7241497875413,324.3071975405352,8709800
2025-04-11,329.6263122558594,333.1658079149521,318.8892487042036,320.75784051788764,6804500
2025-04-14,331.3861999511719,335.76605098857766,329.3693117679943,332.602288845391,5011800
2025-04-15,332.00909423828125,335.5485905010428,331.2082647283826,332.90879792133717,4386200
2025-04-16,327.57977294921875,333.40312048610673,325.1377288486141,331.20824671887436,5850600
2025-04-17,325.8792419433594,330.53595277798007,324.72250167215145,327.3227384234869,5655900
2025-04-21,316.4768981933594,325.4244521164927,313.0659355529607,325.27615595216224,6362300
2025-04-22,327.64898681640625,328.7958607801764,318.74098854775957,320.1943211379803,5435500
2025-04-23,330.5853576660156,337.38748975963057,329.42861745467707,333.42286813696154,8906000
2025-04-24,331.91021728515625,332.9582171330895,327.50070678316393,329.5077287755826,8055200
2025-04-25,331.3763732910156,332.5627729220564,328.4103289551688,330.9710102777903,4452800
2025-04-28,333.68988037109375,335.4991541191644,331.228043083904,332.9681320624537,5422900
2025-04-29,337.6544494628906,338.39596048784864,332.65172416161363,334.6686425977044,5519500
2025-04-30,341.58941650390625,342.5978606486836,329.46817314016664,330.6546028640375,9526700
2025-05-01,338.5739440917969,341.8069212797971,336.2702996246074,341.668491406641,5849900
2025-05-02,343.6656494140625,346.12745636430844,342.20239012802864,343.2899456668267,6113700
2025-05-05,344.69384765625,347.0765429322767,342.20235158035814,343.07239591338976,3865300
2025-05-06,343.7645263671875,345.6924369463232,341.84648208473834,342.47922247560257,3438500
2025-05-07,345.8901672363281,347.1754408886662,343.28003405832783,344.75318974815843,5454000
2025-05-08,347.2940979003906,351.30814189415383,346.97774278925993,348.01584617062025,4156400
2025-05-09,348.54974365234375,349.7954616794313,346.7009142913387,347.8477581455688,3086600
2025-05-12,351.82232666015625,357.7939715185899,347.1557486558735,355.07509732519173,7985400
2025-05-13,352.6937561035156,355.39731938202885,351.1488239443053,352.0797302681379,5406200
2025-05-14,353.0106506347656,354.9417932438979,351.77274645513467,353.21864029697804,6207600
2025-05-15,358.7940979003906,360.21028310305536,353.22848612502355,353.4364757655353,5826100
2025-05-16,361.5868225097656,362.64647564736566,357.397774477809,359.43783796803416,5838100
2025-05-19,364.3399658203125,365.57787004654506,358.81397465220965,359.5071828855372,5081500
2025-05-20,363.29022216796875,364.6865817492003,361.16103296256335,364.22112855545646,5281400
2025-05-21,354.83282470703125,362.44841326760024,354.6149523731193,360.20039026671606,6125500
2025-05-22,354.5060729980469,356.51642831549054,353.10971336047186,354.2981135437657,4936600
2025-05-23,350.118896484375,352.5550832604001,348.81166251781804,350.32685590833296,5345900
2025-05-27,355.82318115234375,356.5164196127215,351.04984539201075,351.97083888933184,6316000
2025-05-28,356.2490539550781,357.4176283347035,354.57540496126194,355.86281331545644,3299000
2025-05-29,358.8931884765625,359.5270099492942,355.2488056751688,356.8630376273692,4590400
2025-05-30,361.6561584472656,363.4882625465798,357.8533207060109,357.8533207060109,8726900
2025-06-02,361.7849426269531,361.92357218387934,356.4767936210992,359.25959988721064,3845700
2025-06-03,362.3196716308594,363.3298207491469,358.0018765066522,361.0520590031567,5221300
2025-06-04,364.4389953613281,366.0829357605544,362.7653464702839,363.1614697686138,4202300
2025-06-05,363.22088623046875,367.40996490440966,362.3890182384897,366.41964154887216,6881900
2025-06-06,366.6374816894531,367.4099326300272,363.99330526464144,365.4391989967492,5008500
2025-06-09,363.1119689941406,366.2116859651978,358.54656256142675,366.2116859651978,4999900
2025-06-10,367.1128845214844,367.84571414250803,363.13176524079313,363.44867597182474,4109300
2025-06-11,369.6976013183594,371.8763247415993,365.80563786991996,366.41963350130493,5562700
2025-06-12,367.80609130859375,370.54930636885433,365.97398704092166,368.6280766251036,4874000
2025-06-13,349.43560791015625,359.4972969979469,341.66156339426726,358.0118119397109,14181700
2025-06-16,352.0401611328125,356.73428421795415,350.9012650837494,353.04036718163275,7234700
2025-06-17,354.3773193359375,356.1202981788009,349.90106847945015,350.06940653179356,5559600
2025-06-18,337.0862121582031,355.01106793689377,334.76885952089066,354.3871594917971,15008600
2025-06-20,335.2937927246094,336.7099478991933,331.6791184460281,335.6701204431189,19332100
2025-06-23,340.4236755371094,340.9683413290598,332.38225420434907,334.2341541637074,7553300
2025-06-24,348.2274169921875,351.12905725930113,344.55332569302345,348.118465704166,10172000
2025-06-25,341.9190673828125,347.89071628688424,341.9190673828125,347.0588482560297,6836300
2025-06-26,342.68157958984375,343.5530689530573,338.72028628234165,340.45335210437383,8829500
2025-06-27,345.236572265625,348.60369547968503,342.31513682341847,343.23613018881235,6601900
2025-06-30,351.6142883300781,352.1688669804127,345.6822612190337,345.96946344868655,7080100
2025-07-01,352.0302429199219,353.5454364386252,348.01944543578674,350.3962154346176,6653400
2025-07-02,350.7923278808594,352.91160407165955,346.6131622584524,351.16865557830306,5131400
2025-07-03,355.3874206542969,355.52608042912044,350.1882230992749,351.1587508562296,3702800
2025-07-07,353.18890380859375,356.1796691894897,351.05968461059376,355.4468396443653,5138000
2025-07-08,351.1191101074219,354.8130268562646,349.83170192033083,353.2285035490437,6966800
2025-07-09,354.298095703125,354.298095703125,350.32688934989784,351.63412344124094,7297100
2025-07-10,352.436279296875,354.1594322579916,350.0298008051907,353.3770683477835,6121300
2025-07-11,344.56317138671875,350.38627710580295,341.05744873728486,349.0988689313466,7580200
2025-07-14,347.10833740234375,348.56411394927005,341.67147183141935,344.0284462618972,5598900
2025-07-15,343.6619567871094,346.82109031219903,343.4044932981565,344.75131838580694,4891700
2025-07-16,346.5141296386719,347.27669795056164,342.45379791173485,343.9294002352929,5544200
2025-07-17,346.4250183105469,347.9699203618661,345.10790151609984,346.61318217007806,4747100
2025-07-18,345.67236328125,346.1180208906185,343.80066781089886,346.1180208906185,4927600
2025-07-21,347.5440368652344,350.22780435715885,345.0286073979945,345.6822243566757,5216300
2025-07-22,348.45513916015625,351.0498115729719,346.8112290903544,347.70251400906835,4614200
2025-07-23,351.8520202636719,352.33726907373665,347.8114837407026,349.5841711444362,4385600
2025-07-24,350.54473876953125,353.72366809176833,350.4357874912438,351.38651961672684,5887200
2025-07-25,353.58502197265625,354.1891046490325,349.5940204803174,350.57443082760807,3915400
2025-07-28,352.0302429199219,354.8526705157767,351.29741331103554,352.9314407963398,3921000
2025-07-29,347.89068603515625,354.85265773564987,347.4153199636024,352.84230261366577,7402300
2025-07-30,347.51434326171875,353.16908068679425,343.8699608714023,348.2967071094135,12129700
2025-07-31,342.1269836425781,349.40586577146047,341.7506559618339,345.553493718047,8641700
2025-08-01,336.0662536621094,342.82026654018546,334.8283494053772,340.7702898376917,8658700
2025-08-04,338.8390808105469,341.04751245247013,336.709891950022,338.3934534986785,7335300
2025-08-05,334.164794921875,339.146120076797,332.30298222071184,338.83912226142115,7295600
2025-08-06,336.4524230957031,338.1260718647413,332.1841321561377,335.0263551478568,5944100
2025-08-07,328.87646484375,338.83911493827674,325.5192845338105,338.1260809452049,8797100
2025-08-08,333.5210876464844,334.11528768497953,329.51029027561344,330.4510792994838,6073900
2025-08-11,332.64959716796875,334.59062241307583,331.2730634686477,333.4715824480999,5715800
2025-08-12,334.0682373046875,335.9630866696301,332.1535575223414,332.54047772755916,5682800
2025-08-13,339.8321533203125,340.7547975932651,334.1079441215787,334.3063694067282,5693400
2025-08-14,342.74884033203125,343.3341555837842,338.95917157872486,340.21908438075764,6224000
2025-08-15,341.7369384765625,345.59605904697924,340.13969664978794,343.50281455045376,4946600
2025-08-18,340.0206298828125,342.98692727561615,338.24485386111854,341.111908341263,3999600
2025-08-19,339.73297119140625,343.59209170405296,339.1774167231355,339.84208390550145,4457200
2025-08-20,341.2012023925781,344.68336323328714,340.12978458990847,340.6754087002171,5834400
2025-08-21,340.963134765625,341.78653614908916,337.0246318949601,340.1694941484198,6073600
2025-08-22,347.26275634765625,348.4135564254873,342.48099144031914,342.48099144031914,4973200
2025-08-25,346.0523986816406,347.9373176414289,344.7428645630926,346.83610886318996,8019800
2025-08-26,348.3936767578125,350.59606414837674,344.693290526122,345.92344248781563,5876200
2025-08-27,347.5702819824219,350.6258315265202,347.06431870294733,347.92741116173505,5531100
2025-08-28,347.08416748046875,348.2548282728518,345.8341850113059,347.8183168469698,4987100
2025-08-29,348.9889221191406,349.8321841433887,346.23098027808663,347.67938793622227,3671900
2025-09-02,347.2925109863281,347.39172362973443,343.33414752518763,346.5385312269779,4940300
2025-09-03,348.08612060546875,348.1059812976514,344.5047776181658,346.56826115032015,4176400
2025-09-04,348.2052001953125,349.8322028018572,346.37980257424067,347.9472836488824,4324000
2025-09-05,340.4968566894531,349.8222700198809,337.50082859454403,348.5921180018497,5448300
2025-09-08,339.5841369628906,341.64765093750947,338.2944634353397,339.6238280750231,4711600
2025-09-09,341.2607421875,343.57227270862904,338.58218239973513,338.9790027080578,4646200
2025-09-10,335.43731689453125,339.89168309248237,333.7706534504743,339.89168309248237,6557900
2025-09-11,340.7646789550781,340.80437006501836,335.18927388859925,336.0424662373603,5157600
2025-09-12,336.7369384765625,340.4671161404083,336.4790219166126,338.5127450059508,3518300
2025-09-15,336.35992431640625,339.99088906823687,335.7051874783653,337.9075446663081,4367500
2025-09-16,337.3321533203125,337.83811659728894,330.82420369774775,333.5722152320537,5527700
2025-09-17,343.4532165527344,343.4532165527344,336.8261935269982,337.24287451389677,5763500
2025-09-18,335.4967956542969,342.5305383477728,335.4967956542969,341.99484462898073,7526600
2025-09-19,338.89959716796875,339.9710452297281,335.56627047682144,337.7488274356299,13674300
2025-09-22,341.62774658203125,342.1237794562243,335.97298998149677,336.3202190485207,5621800
2025-09-23,336.0127258300781,342.5206755840167,334.9512080718528,341.85597812289535,10142700
2025-09-24,335.99285888671875,337.2031804494151,335.2389094188791,336.4393006348119,5207400
2025-09-25,332.27264404296875,337.5008510178562,331.8559932948658,335.66552294048745,5398700
2025-09-26,334.6932678222656,336.8063730332322,333.5623284395552,334.55439433950585,9619200
2025-09-29,337.46112060546875,337.93732310901214,332.88768132847923,334.70317877443784,7217800
2025-09-30,338.6714782714844,342.86789785646516,335.82425384396265,337.1238578141872,8164400
2025-10-01,345.07025146484375,346.58811100512,337.6099271681015,337.6099271681015,8381000
2025-10-02,343.2052001953125,344.42542184040104,340.83414823131994,343.47304708133123,5198000
2025-10-03,347.0643615722656,350.3580279181866,343.2548318118015,343.3639445382534,5199700
2025-10-06,346.5087890625,348.3341867524627,341.61791126204685,347.23300809525006,4735600
2025-10-07,349.6238708496094,351.6278330286145,347.28257962891473,347.28257962891473,5044600
2025-10-08,348.572265625,352.18340009053827,348.3143490742109,350.97307846230774,3927500
2025-10-09,344.28656005859375,350.0702909620389,342.83812203934815,348.68140475049063,4434800
2025-10-10,340.9234313964844,347.619876043067,340.52661110214683,344.8718644724454,6296200
2025-10-13,340.5762023925781,344.90162534592463,338.0266161060487,340.99288338080447,4030700
2025-10-14,345.6159362792969,347.2330086020973,337.520674593222,338.29448481374277,5731000
2025-10-15,342.947265625,347.3024192111109,341.27067182105253,345.61592533540403,3778200
2025-10-16,332.7388916015625,342.94725803005036,331.5186699399313,342.2627301477191,6241500
2025-10-17,339.1773986816406,340.72501894313797,334.32618227604405,335.09006206042216,6267100
2025-10-20,341.6773986816406,342.2230227820154,336.2507973402091,339.18730374169905,4665000
2025-10-21,344.4551696777344,346.87581273425025,340.2785809945473,340.3976240505323,4121800
2025-10-22,342.619873046875,345.40760614726906,341.7667108842852,345.06037701871185,5074400
2025-10-23,343.2151184082031,344.39567927917403,341.727019522991,343.4532348171426,7217200
2025-10-24,344.6238708496094,346.31036478120575,342.58021743661914,345.43737218597045,3576700
2025-10-27,345.06036376953125,346.74685761063296,342.2726610516251,346.2309942490221,5400300
2025-10-28,344.14764404296875,347.11394157980675,343.7508237502946,345.8143074374688,7445400
2025-10-29,338.572265625,348.19531743369555,336.31035647389274,343.2548181119967,8361700
2025-10-30,342.29248046875,346.94527174705365,339.0781967892368,339.5047778404419,6411800
2025-10-31,338.0365295410156,340.2786081927618,335.4869431536939,339.36589423151366,7301600
2025-11-03,334.22698974609375,338.50279127746575,332.1635060317716,338.29446591927433,5538000
2025-11-04,337.6000061035156,337.6198667973582,331.59801965303404,333.8103374596785,5920200
2025-11-05,337.34210205078125,339.39565548449804,333.6912764760034,337.43138435003425,4984600
2025-11-06,334.2864990234375,335.96309272537576,331.06228502362495,335.9035711966457,8507900
2025-11-07,333.35394287109375,335.6059516380656,332.1932428266196,334.0583313951361,5318400
2025-11-10,332.1932678222656,335.9928668426192,331.6674741139567,333.97897430602666,5295800
2025-11-11,336.2309875488281,336.3996217972758,330.5563693999427,332.83810885568903,4453300
2025-11-12,336.8572082519531,342.20509953822955,335.3860315467677,336.230963908966,6389600
2025-11-13,334.0738830566406,339.42177401675406,333.59676765140006,337.01623628756,4961700
2025-11-14,328.0500793457031,334.0739044051273,327.06599842409344,333.88506643542877,6422300
2025-11-17,323.8055725097656,331.370133257436,322.9904598740608,329.1832834325262,6494800
2025-11-18,319.2628479003906,323.06005334637723,316.101836812763,322.5630378796905,9170400
2025-11-19,322.185302734375,322.632628790591,317.96067124835383,319.6008162287846,7066700
2025-11-20,321.8373718261719,326.43973972186893,321.21115784431845,322.18528870636743,6510300
2025-11-21,326.0223083496094,329.1037802762534,322.35433141971924,323.437821602865,8930000
2025-11-24,327.3343811035156,328.75586842302397,324.0540910886259,327.27474167309344,9337100
2025-11-25,332.5331726074219,334.0540387480419,326.9367735032804,326.9367735032804,5854300
2025-11-26,331.797607421875,333.70612990479106,331.07195388984974,332.5331806355595,4309900
2025-11-28,332.4437255859375,333.0202502105825,330.01828755179565,331.4397445821358,4586200
2025-12-01,328.41790771484375,331.31051115096835,328.16939997160557,330.952674561706,7082300
2025-12-02,327.6524658203125,330.81347685406314,325.2568476714639,329.4715593852143,8201900
2025-12-03,327.64251708984375,330.36618243963824,327.3840896786403,327.64251708984375,6296700
2025-12-04,325.1475524902344,330.396035058885,322.3443777352205,329.30259487053706,6277500
2025-12-05,329.2627868652344,332.11565070545527,324.45168093112363,324.87910693925505,5266600
2025-12-08,324.8890686035156,329.36220783095706,322.77177784886004,327.91093115330386,6059400
2025-12-09,324.55108642578125,326.2707707906858,323.1296295298985,324.6604152629651,4325400
2025-12-10,323.78570556640625,326.797618069185,323.35824921183155,324.6902773524443,5467500
2025-12-11,343.5669250488281,345.2468397955696,328.0898557440862,330.6147028726578,12953600
2025-12-12,345.7537536621094,347.75176547302596,343.9048707541211,345.92275226223416,6942300
2025-12-15,344.81939697265625,346.37008276561073,341.77763447910525,345.75375811958673,7004600
2025-12-16,343.0500183105469,345.5450457875993,341.66833101727156,343.93472044726457,7269300
2025-12-17,342.35418701171875,345.71401631820476,341.62853353163234,343.48736646695176,7263500
2025-12-18,343.9446716308594,345.4555878108393,342.21503708483345,343.10968924175853,6805000
2025-12-19,347.165283203125,347.8213472210815,343.9843722679569,343.9843722679569,18623900
2025-12-22,349.98834228515625,351.33029009156553,347.50326499010805,347.9108213067459,5043500
2025-12-23,351.2706604003906,354.25275323711077,349.8988928418326,349.8988928418326,3703200
2025-12-24,353.0201721191406,353.86507417260754,350.9028813061371,351.2706679101954,2023600
2025-12-26,352.8809814453125,354.6006658812749,351.5986730469889,352.9803906057607,2017000
2025-12-29,352.4933166503906,354.42173920793135,351.6881539711041,353.36806877984236,3989900
2025-12-30,351.50921630859375,352.7517549841574,350.55495509967756,351.8869529196318,3366500
2025-12-31,348.6165771484375,353.0797966289462,348.5967074506911,351.539030494231,3503200
