Date,Close,High,Low,Open,Volume
2021-01-04,33.25132369995117,33.85225123669728,32.850705342120435,33.2112624754632,27764700
2021-01-05,34.85380172729492,35.895408983712,33.51573770280376,33.52374872616753,44035100
2021-01-06,35.74317169189453,36.13577598541055,35.014046376032034,35.58292373156171,36484800
2021-01-07,36.02360916137695,36.51236414409436,35.67907706065734,36.05565936992671,29528100
2021-01-08,36.42422103881836,36.71266675086488,36.0155916510695,36.21590083371563,28628200
2021-01-11,37.52993392944336,37.770304371567356,35.85534880169723,36.08770822022336,38246200
2021-01-12,38.363216400146484,38.5955727344484,37.58601577549944,38.02669537617974,36915100
2021-01-13,38.79587936401367,39.02823873947247,38.210976942547866,38.88401588963428,29000300
2021-01-14,40.31023406982422,40.92718691894109,38.85999401749938,38.85999401749938,35474800
2021-01-15,38.37123489379883,39.32470876695288,37.89049397335944,39.18849690372677,42411300
2021-01-19,39.13240432739258,39.61314517120441,38.739796961648175,38.81992247326731,24932600
2021-01-20,39.68526840209961,39.853530498287284,39.25260273662508,39.34875032267757,22342400
2021-01-21,38.54750442504883,39.573086590566135,38.20297234323112,39.52501433685498,29044500
2021-01-22,38.00266647338867,38.17092548910832,37.36968858780386,37.666145385473165,23264800
2021-01-25,37.5780029296875,37.69818660232811,36.98508641931053,37.5780029296875,26395800
2021-01-26,36.75273895263672,38.347201867549934,36.73671384646192,37.86645785173533,23976800
2021-01-27,36.33608627319336,37.38570754153954,35.67907236674024,36.05565462646668,32410300
2021-01-28,36.904964447021484,37.32961893081961,36.60850465977041,36.80881383989791,24967200
2021-01-29,35.92745590209961,36.888940610981905,35.66304630815483,36.49633325961787,38961100
2021-02-01,35.991546630859375,36.520365721456976,35.486769773157235,36.520365721456976,24412400
2021-02-02,36.5604362487793,37.650118792043656,36.280001533290935,36.70465911812169,31940400
2021-02-03,37.99465560913086,38.194964851413864,36.392181670866854,36.56044375730669,28459300
2021-02-04,38.723785400390625,38.76384663880903,37.85844797946552,38.363228141671826,25280300
2021-02-05,40.02177810668945,40.157986893319155,39.292652753056416,39.404825414157536,34980100
2021-02-08,41.74443435668945,41.95275762782857,40.63071573909987,40.79897472669059,36998700
2021-02-09,41.25553512573242,41.52443191554168,40.55476908504486,41.288126509564364,28977000
2021-02-10,41.65480422973633,41.89925668963325,41.05996877091387,41.25553260386041,25723800
2021-02-11,40.611812591552734,41.49999240267107,39.74807709823236,41.46739790668565,26972200
2021-02-12,41.165897369384766,41.320716528065596,40.26142051285962,40.277717757202055,19756700
2021-02-16,42.40445327758789,42.803724821684526,42.062217417124025,42.339264310497235,28060100
2021-02-17,43.064476013183594,43.40671188588512,42.208890994001486,42.65705427944153,25509700
2021-02-18,42.3881721496582,43.13782690589541,42.25779727429598,43.031899456676385,20627600
2021-02-19,42.67336654663086,42.82818884932804,42.30668623548257,42.46150853817976,22607200
2021-02-22,44.246009826660156,44.661581831233406,42.8526279231938,42.8526279231938,36435100
2021-02-23,44.85715103149414,45.028267485249216,43.78970763183705,44.80011221357579,33527900
2021-02-24,46.20164489746094,46.44609742010076,44.710479225107804,44.97122899704128,28728600
2021-02-25,45.435672760009766,46.64979095786737,45.101587045170774,46.42978283711271,29670900
2021-02-26,44.30304718017578,44.86529127281141,43.284492645264,44.33564167130458,35291000
2021-03-01,45.957176208496094,46.943136131063,45.73716808299762,46.01421500676814,36998300
2021-03-02,45.68827819824219,46.41348846989976,45.647536641884855,46.16088895545542,30302600
2021-03-03,46.054962158203125,47.228335861738486,45.533462734409625,45.97347593049679,35358900
2021-03-04,47.83946990966797,48.45875282389811,46.52757113680917,46.54386838280279,52137500
2021-03-05,49.64842224121094,49.74620260570904,48.165407094732565,48.75209549848462,51429800
2021-03-08,49.59953689575195,50.20252262267968,48.74395160229114,50.1780783055009,38154600
2021-03-09,48.833580017089844,50.023250995788565,48.458752685453014,49.38767394576248,35645900
2021-03-10,50.33289337158203,50.45511805584521,48.91506403210312,49.31433879414605,31579100
2021-03-11,49.958065032958984,50.968469412853764,49.917320363971726,50.34103943270825,24802600
2021-03-12,50.4958610534668,50.82179664242375,50.11288355035105,50.153625110422944,20422700
2021-03-15,49.20840072631836,50.4062217209802,48.784681713863954,50.10473048248854,31243600
2021-03-16,48.1654052734375,48.61356862785411,47.61945844983858,48.515788267053416,30624800
2021-03-17,48.37726974487305,48.6706139751008,47.7661369680259,47.823175778527734,25575500
2021-03-18,46.2912712097168,48.05133345813122,46.05496579328965,47.92095859189244,38622800
2021-03-19,46.030513763427734,46.829060073867254,45.47641989767272,46.20977723172625,84439400
2021-03-22,45.55790328979492,46.33200529303845,45.549756221887336,46.0386611142614,29315100
2021-03-23,44.995662689208984,45.86754505577105,44.36823277066199,44.767504377130926,33493300
2021-03-24,45.90829849243164,46.67425052332544,45.69644047822946,45.69644047822946,29781800
2021-03-25,45.77791976928711,46.03866950720603,44.40898209102175,44.98752037775547,31495900
2021-03-26,47.02462387084961,47.08166267473808,46.0549610963639,46.69053811591069,34226500
2021-03-29,46.77203369140625,47.11426658314899,46.23423692696602,46.7231419461363,21144400
2021-03-30,46.1934928894043,46.73943983978398,46.030526619686036,46.33201794872363,20303400
2021-03-31,45.49271774291992,46.14459197348645,45.46827032226138,45.916433661502026,23686500
2021-04-01,46.76387405395508,46.81276578933557,45.74531954639069,45.891991644150494,23194500
2021-04-05,46.038665771484375,46.70683730923184,45.745321563032945,46.69054006338656,23264800
2021-04-06,45.90829849243164,46.88611164590994,45.843109498288,46.31572038068241,18926300
2021-04-07,46.112003326416016,46.25867543542187,45.82680928578348,45.94903397103375,22385000
2021-04-08,45.63124465942383,45.69643364381773,45.07715072560313,45.5742058522701,21999300
2021-04-09,45.52531433105469,45.98977496773941,45.24826736282329,45.63124487700896,20020700
2021-04-12,45.22382354736328,46.274972624475815,45.069004369551955,46.250525200750516,20238800
2021-04-13,45.394935607910156,45.61494374999796,44.88973345295758,45.06084986067644,19370600
2021-04-14,46.70683670043945,47.26907768705506,45.834954263563105,45.96532912024419,28051100
2021-04-15,46.42979431152344,46.78832442559106,46.26682494753558,46.78832442559106,23250300
2021-04-16,46.16903305053711,47.00017380191155,45.98976648405008,46.73942412795659,22752000
2021-04-19,46.022361755371094,46.56015835562381,45.59864275087178,46.242369879344665,21123300
2021-04-20,45.05270767211914,46.0142234601785,44.6371356559267,46.0142234601785,21782100
2021-04-21,45.63124465942383,45.73717520487298,44.24600982487209,44.408979177474976,16625600
2021-04-22,45.03641128540039,45.62309973904634,44.832700362149104,45.62309973904634,21600100
2021-04-23,45.280860900878906,45.582352177829705,44.96307237809539,45.03640843015173,15337900
2021-04-26,45.3704948425293,45.867549968143635,45.174930998143616,45.19937842143049,16083800
2021-04-27,45.96532440185547,46.144590977033225,45.47641951658344,45.639385739419815,19278600
2021-04-28,47.35055923461914,47.6357532340483,46.27496599622707,46.37274635197686,24729800
2021-04-29,48.026885986328125,48.46690232509322,47.383161833374,48.010588739516606,27318400
2021-04-30,46.64164733886719,47.98613736504102,46.57645836120997,47.529826954966694,30518400
2021-05-03,47.929107666015625,48.06763271565377,47.0490780591873,47.24463881253487,20509600
2021-05-04,48.23059844970703,48.48320112078245,47.676504473941804,48.07577926262461,23522200
2021-05-05,49.68101501464844,49.74620088593304,48.401710818323934,48.70320207832622,31526200
2021-05-06,50.15363693237305,50.226973001141566,48.91507394227283,49.591395810736095,26836800
2021-05-07,50.87068176269531,50.90327624986592,49.583227494888824,49.76249406594577,33610600
2021-05-10,50.9929084777832,52.166278907775066,50.952163815474314,51.53070507141858,31956600
2021-05-11,49.37137222290039,50.83809003293587,49.20840288658944,50.21881028501211,34563800
2021-05-12,49.635929107666016,50.991740103667404,49.3961811951947,49.61112553328509,34426500
2021-05-13,49.02415084838867,49.97487342858949,48.569458674509114,48.77613722206022,24268200
2021-05-14,50.23942184448242,50.33036091022167,49.54498179680424,49.54498179680424,20735400
2021-05-17,51.413360595703125,51.46296458845709,49.95834483189899,50.04928390844889,25282500
2021-05-18,49.95835494995117,51.504310103407086,49.93355452538374,51.256296396736595,25170800
2021-05-19,48.759605407714844,49.48711482061233,48.296644298841066,48.8588102333076,28889800
2021-05-20,48.64387130737305,48.90015388501362,48.14784397079795,48.73481038826696,20692500
2021-05-21,48.709999084472656,49.4623120329747,48.65212934284394,49.12335618391454,20792700
2021-05-24,49.28044509887695,49.43751969704041,48.5198662231592,48.842287483071196,18400300
2021-05-25,48.16437530517578,49.222571788266755,48.048635803977916,49.18950245830597,25616100
2021-05-26,48.726539611816406,48.87534843781988,47.86675913827552,48.156107881246285,21698700
2021-05-27,48.41238784790039,49.35484159284176,47.96596139387618,48.9662848843024,33556000
2021-05-28,48.255306243896484,48.610793596833396,48.04036194274745,48.55292385599849,19246800
2021-06-01,49.98313903808594,50.18155183077255,49.14815909601061,49.14815909601061,28474200
2021-06-02,50.37996292114258,50.685849450082436,49.74339259975116,50.22288835625292,22978300
2021-06-03,50.57837677001953,50.768520664202825,49.892202446360066,50.05754592285213,20272800
2021-06-04,50.801597595214844,51.0082761833535,50.247697339097456,50.8098633511278,20427800
2021-06-07,50.47089767456055,51.033063542702976,50.446097259504434,50.70237977851954,15477900
2021-06-08,51.3637580871582,51.65310681798989,50.156752865360474,50.84292721799653,28953400
2021-06-09,51.79365158081055,52.43021880951048,51.41336061025202,51.810183091401804,29133000
2021-06-10,51.876319885253906,52.893178047991235,51.46296275469411,52.58729465440309,27488700
2021-06-11,51.39682388305664,52.24007280427831,51.37202346450044,52.09126398561187,17631700
2021-06-14,51.31415939331055,51.901125824257264,50.90080221878498,51.50430331515251,16997200
2021-06-15,53.182525634765625,53.24039537607531,51.545628754775024,51.65310248306346,30717100
2021-06-16,52.99237823486328,53.5710819513577,52.545954969744635,53.17425636555213,24803200
2021-06-17,51.248016357421875,53.2899983551373,50.65278110436695,52.79397108003453,28491800
2021-06-18,49.93354797363281,50.8842675834039,49.80127380385314,50.42957532189034,39590700
2021-06-21,51.74403762817383,51.834976687245195,50.34689188094896,50.37169229572692,33145400
2021-06-22,52.7360954284668,52.91797354733911,51.44642024254924,51.95898212322266,25140400
2021-06-23,53.124656677246094,53.488406639132776,52.56249076451703,52.951047450755645,20701600
2021-06-24,53.339603424072266,53.37267275268107,52.752640186422184,53.03372317226749,19568400
2021-06-25,53.45534896850586,53.678559051370385,53.207332158807965,53.41401073111305,18438300
2021-06-28,52.09125900268555,53.3726653487018,51.876314703875416,53.3726653487018,20570000
2021-06-29,51.76885223388672,52.719575007400785,51.74405181231044,52.25661383143189,19579300
2021-06-30,52.149139404296875,52.273144656733095,51.62830851380342,51.83498708819521,17875500
2021-07-01,52.29793930053711,53.256927653654735,51.89285110552069,53.18252640260898,22530300
2021-07-02,52.22353744506836,52.34754584352682,51.60350176010524,52.09126329175614,14555300
2021-07-06,50.73545455932617,51.884586905723516,50.34690099161505,51.876321150523154,22110800
2021-07-07,49.941810607910156,51.099211886387806,49.28870555571684,50.57838099570639,21671400
2021-07-08,49.71859359741211,50.189820459155186,49.0324224221421,49.14816191047696,18935900
2021-07-09,50.61971664428711,50.80159480101823,49.80127124632667,50.18155907070556,20086000
2021-07-12,50.57011032104492,50.842927543574355,49.73513029696615,49.950074619294014,21809400
2021-07-13,50.330360412597656,50.85118807795851,50.02447389383283,50.42956523166672,17147300
2021-07-14,49.214298248291016,51.033070227359566,49.073758339678626,50.570109112463975,21573600
2021-07-15,48.73480224609375,49.35483789005509,48.58599343924988,48.91667722383064,15851100
2021-07-16,47.38726043701172,48.991084942607536,47.24672052862868,48.924949442681566,27049500
2021-07-19,45.75863265991211,46.461341667434645,45.138596969920535,45.99838055025502,37969100
2021-07-20,46.2629280090332,46.79202461685188,45.494083515276515,45.88264021637159,26756100
2021-07-21,47.75101852416992,48.19744502122198,46.98217709524459,47.0069775160814,20908700
2021-07-22,47.213645935058594,47.73447673615843,46.841623934272995,47.72620782854973,13493800
2021-07-23,47.15578079223633,47.362459351297325,46.68455392987042,47.362459351297325,14088200
2021-07-26,48.34624481201172,48.486787862354525,47.122708205467376,47.254982347967726,18387600
2021-07-27,47.80889129638672,47.95769697466006,47.29632614030395,47.95769697466006,16861400
2021-07-28,48.13130187988281,48.470254576769406,47.63527146617221,47.949423746155816,16855300
2021-07-29,48.718265533447266,49.04895245777502,48.412382178325835,48.77613527215499,18607800
2021-07-30,47.593936920166016,48.6769336729235,47.38725836721978,48.6769336729235,28652800
2021-08-02,47.602195739746094,48.82573213543741,47.453386960869494,47.57739217415748,20873800
2021-08-03,48.11477279663086,48.28838204241177,47.064845259244514,47.59394190562335,18208200
2021-08-04,46.990440368652344,47.85022398711186,46.96563994912564,47.27978910867971,20868300
2021-08-05,47.28805923461914,47.701416390247516,46.98217582248029,47.230189485124356,15180200
2021-08-06,47.83369064331055,48.007299892119406,47.56087340632676,47.668347150017176,14888500
2021-08-09,47.28805923461914,47.55260756192811,46.98217582248029,47.230189485124356,17828200
2021-08-10,48.098228454589844,48.24703725065082,47.37071913536552,47.46992394818479,16340200
2021-08-11,48.238773345947266,48.362781740079924,47.717945659384824,48.10649919724918,18278600
2021-08-12,48.129676818847656,48.498938821774175,47.72684816225311,48.17164073837846,19225500
2021-08-13,47.642921447753906,47.894688930058145,47.248483697925685,47.86111907871165,20063000
2021-08-16,46.946372985839844,47.07225835865417,46.38409224377135,47.013512705046956,16959500
2021-08-17,46.62745666503906,47.24848289744161,46.15748835834205,46.577101888872434,16243700
2021-08-18,45.64556884765625,46.8372731873423,45.57843233351218,46.50997187617228,21890500
2021-08-19,44.252445220947266,45.074887406341745,43.72373124412319,44.87347469229272,30923500
2021-08-20,44.260841369628906,44.59653030932141,43.732127367901256,43.86640358405776,16918300
2021-08-23,46.08196258544922,46.20784793825418,45.276305291410466,45.276305291410466,21632600
2021-08-24,46.45962142944336,46.87084099232233,46.16588996884617,46.4008757776035,17915600
2021-08-25,46.543540954589844,46.803702545861654,46.04839676565175,46.35891314273682,13270300
2021-08-26,45.91412353515625,46.610683711415994,45.846987017754174,46.32534630931169,11842600
2021-08-27,46.80369567871094,47.17295444963625,46.493182548582894,46.493182548582894,15822500
2021-08-30,46.29176712036133,47.282055363295676,46.25819726772689,47.198133933106945,14086100
2021-08-31,45.75466537475586,46.41765560278615,45.704310592402486,46.09874838400995,27104100
2021-09-01,45.125247955322266,45.956081109451226,44.98257766334795,45.72949257752353,21644100
2021-09-02,46.22463607788086,46.694601264699415,45.544860888006944,45.56164581630728,23293300
2021-09-03,46.04839324951172,46.42604611078004,45.821801532750726,46.25820003894995,13840000
2021-09-07,45.77983856201172,46.38408311030214,45.71270205742244,45.88054491959433,14354400
2021-09-08,45.360225677490234,46.30855322955367,45.326655823998315,45.981255161501025,18756700
2021-09-09,45.393795013427734,46.1574915639758,44.7308048208098,44.99935724288841,19110800
2021-09-10,45.301483154296875,46.3505171376811,45.2763073631429,46.31694728187737,15123700
2021-09-13,46.4680061340332,46.937974487855385,45.83858577512372,45.86376476643039,22052300
2021-09-14,45.80502700805664,46.803706330286744,45.66235670408203,46.73656661044033,19940300
2021-09-15,47.349185943603516,47.441501426100515,46.41764666001722,46.46799823127235,23240900
2021-09-16,46.845664978027344,47.382769907398966,46.57711251334153,47.382769907398966,17907200
2021-09-17,46.29176712036133,47.62613834930525,46.24141234140968,46.44282825581893,30000400
2021-09-20,45.05810546875,45.460934124966,44.44547002066748,45.13363604187785,27555100
2021-09-21,45.016143798828125,45.746270522694374,44.68884572266041,45.62877923395699,19696800
2021-09-22,46.33373260498047,46.921192280965876,45.62878163407752,45.679136418212615,25690600
2021-09-23,47.9030876159668,48.037363832912426,46.39247617358155,46.50996746323428,23069400
2021-09-24,48.331092834472656,48.5241146993495,47.567396238047934,47.58418116561082,22328600
2021-09-27,49.766170501708984,50.18578408638005,49.36334184459247,49.388517635225504,32972200
2021-09-28,50.2864990234375,50.75646747089512,49.94241595340189,50.26971729441949,37619300
2021-09-29,50.2529182434082,50.51307658826106,49.55635823315664,50.219348392008726,23422800
2021-09-30,49.363346099853516,50.49630159557035,49.354955236051715,50.45434087376563,31289600
2021-10-01,51.13411331176758,51.184468096034074,49.85848758959564,49.85848758959564,24407300
2021-10-04,51.79710006713867,52.09082828536358,51.15089478564641,51.46140793082666,33946700
2021-10-05,51.713172912597656,52.61953971563819,51.20963793406224,52.4684785817981,29641600
2021-10-06,50.764854431152344,51.293565258964634,50.14382489827422,50.748069503085624,25284900
2021-10-07,50.90752410888672,51.26000121343417,50.4711255611316,50.86556338728288,19513600
2021-10-08,52.18313980102539,52.38455250632559,51.40265836484334,51.40265836484334,22186900
2021-10-11,51.6628303527832,52.92167122023642,51.61247556558184,52.8964922259368,22121500
2021-10-12,51.3942756652832,52.01530200688869,51.066974364742336,51.671218979405175,20198600
2021-10-13,51.25160217285156,51.52015460672286,50.52986630629836,51.00822552921896,14991700
2021-10-14,52.032081604003906,52.21671259543302,51.33552155553761,51.78870497010141,18594500
2021-10-15,52.5272216796875,52.93005028329397,52.40133634044922,52.64471295556474,16092600
2021-10-18,52.50205993652344,52.98881009556136,52.25868325630547,52.9468493717233,18282800
2021-10-19,53.29092025756836,53.38323574976566,52.594360235641254,52.762206294054785,18933200
2021-10-20,53.58464431762695,53.601429242310864,52.63632008346368,52.778987141181375,14305200
2021-10-21,52.611148834228516,53.40841526629929,52.32581147542626,53.26574818759692,16564600
2021-10-22,52.97201919555664,53.05594383517209,52.325813876807175,52.67829096039673,14266800
2021-10-25,54.004268646240234,54.0630142937007,53.358066524175165,53.47555781909608,17939800
2021-10-26,55.25471496582031,55.33864280682808,54.01266231356735,54.12175954296399,25585100
2021-10-27,53.819637298583984,54.75957405479912,53.69375514113569,54.68404668116873,21764500
2021-10-28,53.970703125,54.10498256014925,53.40003153260537,53.559483559748195,16626400
2021-10-29,54.10497283935547,54.85188445549033,53.987481556106935,54.59172610012496,23966300
2021-11-01,55.07847595214844,55.456132014086336,54.566546874682345,54.60851079360714,19656400
2021-11-02,54.39870071411133,54.92741148548969,54.26442770670502,54.574937637904114,16300000
2021-11-03,53.65179443359375,54.088189754519455,53.425202708460596,53.74410993658107,17372800
2021-11-04,54.05461883544922,54.45744424485114,53.567865596527,54.281207327888495,17720100
2021-11-05,54.56654739379883,54.826712168576464,54.180503666639424,54.59172958707031,18565100
2021-11-08,55.15400314331055,55.70788967080287,54.868662614825034,55.01133608046494,17696000
2021-11-09,55.69112014770508,55.69951421288623,54.80992898475955,55.19597274674838,18781300
2021-11-10,54.59396743774414,55.835705082942,54.23675332734274,55.555036621596464,20177200
2021-11-11,54.69602966308594,55.13829634309227,54.449382185552544,54.593973112965045,13319300
2021-11-12,54.27928161621094,54.747062416569655,54.07516203462009,54.398351912875974,18158900
2021-11-15,54.74706268310547,55.08725982446496,53.7689796795856,54.22825036261208,18849200
2021-11-16,55.29988479614258,55.59756702009921,54.72154058699115,54.72154058699115,17028700
2021-11-17,54.69602966308594,55.48700037074656,54.58546623750672,54.7555648136047,15497000
2021-11-18,54.10066604614258,54.88312970317127,53.675413212256124,54.568446758955,16948200
2021-11-19,51.600181579589844,52.75686990265648,51.37905151520212,52.63779961841526,32035500
2021-11-22,52.314598083496094,53.19062105862432,51.30249758642294,51.30249758642294,21994400
2021-11-23,53.69243240356445,53.90505885491534,52.66331791326531,52.89295487005493,21185900
2021-11-24,53.9901123046875,54.30479856853635,53.22465896739929,53.22465896739929,15869700
2021-11-26,52.09347915649414,52.238063582136505,50.63911504768434,51.4726103248576,24979600
2021-11-29,52.382652282714844,53.70093562209237,52.12750119193567,53.216147576285294,18946400
2021-11-30,50.89426040649414,52.04244178542279,50.741169123380764,51.421573023650396,34979800
2021-12-01,50.85173034667969,52.75686106421351,50.81770934418981,51.79579207703482,30630600
2021-12-02,52.11899185180664,52.374146174938986,50.29891004740492,50.80921544924762,29216000
2021-12-03,51.787288665771484,52.92696636998976,51.32801483472347,52.663308449701844,22014700
2021-12-06,52.3741455078125,52.867437154446186,52.238061473516915,52.49321579339919,19210500
2021-12-07,52.960994720458984,53.60737767851884,52.81640705236882,53.02052986484258,19800400
2021-12-08,53.114078521728516,53.743450886211996,53.020522381067615,53.250159296029395,18214400
2021-12-09,53.25016403198242,53.386244818386025,52.569760099964384,52.77387965735886,16910300
2021-12-10,53.590370178222656,53.879542286192866,52.92697667822956,53.81150350783517,17942400
2021-12-13,52.41667556762695,53.343727058405236,52.178531727401094,53.13110059945996,17793700
2021-12-14,52.340126037597656,53.13109666586787,52.06796444985113,52.10198221500291,22551100
2021-12-15,52.1104850769043,52.30610100025757,51.0388460688033,52.042443062996135,19961900
2021-12-16,52.19553756713867,53.11408534498629,52.136002423510256,52.255072710767095,21187800
2021-12-17,51.05585861206055,52.11899078868631,50.766686530241465,51.83832558115651,44338100
2021-12-20,50.31592559814453,50.39247125387668,49.29531793652332,50.00123934432228,21819300
2021-12-21,51.45559310913086,51.60868438950514,50.79219972379005,50.81771385571188,19798900
2021-12-22,51.87234878540039,52.19553864479254,51.00483250321826,51.319518732383074,14058300
2021-12-23,51.89785385131836,52.59526820728136,51.8808433494142,52.025427748967296,13543300
2021-12-27,52.63779830932617,52.68882982034123,51.38755386704272,51.82131359961617,12593700
2021-12-28,52.46770477294922,52.995020736480456,52.22106054195428,52.65481709835852,12781000
2021-12-29,52.0084342956543,52.391159334606165,51.81281509404564,52.289099540513824,12733600
2021-12-30,51.702247619628906,52.39115523132483,51.685237114542055,52.06796536794096,11940300
2021-12-31,52.042442321777344,52.28058612264233,51.62569634800167,51.659717354471205,14072000
2022-01-03,54.0411262512207,54.09215451045917,52.0594466587857,52.0849640328263,24282400
2022-01-04,56.07384490966797,56.29497822372356,54.51741781450666,54.54293194904308,38584000
2022-01-05,56.7712516784668,57.50268705066011,56.54161800991452,56.55862526768602,34033300
2022-01-06,58.10654830932617,58.2426323339684,57.04341619997167,57.83438674888515,30668500
2022-01-07,58.58283996582031,58.83799431354372,57.81738990033932,58.276657344090076,23985400
2022-01-10,58.234134674072266,58.829486153970436,57.791868012852646,58.659387585097946,22760300
2022-01-11,60.683570861816406,60.72609873567127,58.32767329809772,58.591327947238845,32936100
2022-01-12,60.50497055053711,61.07480777050831,60.07971773166134,60.50497055053711,23045100
2022-01-13,60.071224212646484,60.879208641436676,59.79906260761635,60.48797673975864,21043200
2022-01-14,61.125850677490234,61.36399124962197,60.04570473966482,60.08823262276431,23012900
2022-01-18,62.154972076416016,62.835372895961704,61.244931032529344,61.93383872786229,32841200
2022-01-19,62.18048095703125,62.81836032139238,61.70419977473849,62.72480416217853,26431600
2022-01-20,62.316558837890625,63.25212043489333,61.45755262805283,61.6616722088332,26774600
2022-01-21,61.38100051879883,62.240013172544835,60.4199313244236,62.240013172544835,35995200
2022-01-24,61.90830612182617,62.154953535320665,59.373796467413456,60.28383723983097,41507000
2022-01-25,63.7283935546875,63.99204825019789,60.71760254161049,61.73820680519702,39278400
2022-01-26,63.08201599121094,64.63844322082453,62.50367176599715,64.15365515622213,35252400
2022-01-27,63.889984130859375,64.64693360905545,62.92890863310895,64.17915292529702,29174700
2022-01-28,64.02607727050781,64.31525262431595,62.89490296942051,63.76242254200042,30595700
2022-01-31,64.60441589355469,64.99564775930126,63.16705910180019,63.76241701920542,36085500
2022-02-01,68.74639129638672,69.32473554978641,64.86808010171153,65.02117141845982,61033100
2022-02-02,68.56778717041016,68.72937887705463,67.31754247421175,68.09149945971625,30299300
2022-02-03,67.76829528808594,68.30411154984289,67.20695840437936,68.11699925527404,28529400
2022-02-04,69.23969268798828,70.19225520165641,68.78041869510739,68.78041869510739,32197500
2022-02-07,70.07317352294922,70.66002461126217,68.5847883478843,69.0100412550457,34949200
2022-02-08,68.26158905029297,70.166719994479,67.9724137391474,69.97110082910022,34356300
2022-02-09,67.93480682373047,68.82053806550529,67.6854250999956,68.43357027120021,40106100
2022-02-10,67.28126525878906,68.51957288760896,66.89429740517224,67.69403665532195,28527700
2022-02-11,68.975341796875,69.06993511171687,67.27267525127972,67.60804916361757,42002100
2022-02-14,67.91761779785156,68.65715530237038,66.25794424118847,68.43357709530167,34652800
2022-02-15,67.06627655029297,67.23826735273585,65.71617991481311,66.12895127989776,25075100
2022-02-16,67.3758544921875,68.56256808495922,67.10927694518672,67.7542277027267,21733800
2022-02-17,67.27266693115234,68.03800797601428,67.03187980265716,67.48765051815353,23738800
2022-02-18,66.52452850341797,67.22107329722914,66.12035826871502,66.3525442405048,23394800
2022-02-22,65.75057983398438,68.61416280366478,64.7616540160156,68.51096831943883,35947800
2022-02-23,66.01716613769531,66.61912420099769,65.46680860373728,65.75058855240357,25385000
2022-02-24,65.18302154541016,67.96060561695695,63.66093418416679,67.93480863808469,46199900
2022-02-25,66.93729400634766,67.06628548517008,65.57860257031827,65.94837464386036,28310300
2022-02-28,67.43605041503906,67.87461877226501,65.5269951008798,65.79357921174733,32204600
2022-03-01,68.08101654052734,69.35372255737497,67.35867466991269,67.73704140942421,40002300
2022-03-02,69.2505111694336,70.64360715847182,68.63995857692316,69.31070631064509,44321400
2022-03-03,69.6890869140625,70.31683537320173,68.47657621998798,68.67436402540247,30196600
2022-03-04,72.3118667602539,72.47525636455218,69.36229862894957,69.69767245614679,42802200
2022-03-07,74.91748809814453,75.01208140802738,72.14849825054606,73.02562846126649,55207900
2022-03-08,75.48503112792969,78.69258892493231,73.46418685319206,76.57715135317999,72082300
2022-03-09,71.1939697265625,74.44452070716085,70.17064569164124,72.2602865449943,65466700
2022-03-10,73.40399932861328,73.67917806825805,71.2885615374481,72.24308922576124,44644200
2022-03-11,73.025634765625,74.1521534003615,72.2086996305962,72.29469176679196,35303400
2022-03-14,70.41140747070312,71.76150385503749,69.22470067810113,71.42613005363307,37462600
2022-03-15,66.40411376953125,68.08098267854903,65.6731710799793,67.7800070488249,47957900
2022-03-16,66.1547622680664,67.60805369274044,65.57000653749753,66.91150227671685,37812300
2022-03-17,67.91761779785156,68.06380506265305,66.27514004143282,67.22966769406581,34041900
2022-03-18,67.65105438232422,68.27020835297162,67.16089191569176,67.98642835629482,41461500
2022-03-21,70.68660736083984,70.96178611538251,68.57116945514704,68.89794873670203,33089300
2022-03-22,70.37702178955078,70.68659867044849,69.474094687581,70.19643636915683,23132200
2022-03-23,71.486328125,72.46665259418381,71.4175383747665,71.66691352082046,27716300
2022-03-24,71.7013168334961,72.7934370268184,71.15956060706851,71.77011314945516,19871600
2022-03-25,73.26641845703125,73.5158002550477,71.19397967607759,71.30576880176231,22398300
2022-03-28,71.21116638183594,71.64113358677065,70.53181741074565,71.52074329425123,21552400
2022-03-29,70.8327865600586,70.93597447119829,68.58835764188272,69.49128466824345,27036300
2022-03-30,72.04530334472656,72.24309114446429,71.12517379452866,71.42614952388706,22079000
2022-03-31,71.02198028564453,72.57846604031506,70.98758868248157,71.26276743323776,27861500
2022-04-01,71.4777603149414,72.35489064658283,70.50603009959674,70.50603009959674,18671100
2022-04-04,71.51214599609375,71.94211318492805,70.55761831201933,71.85611449853828,20869400
2022-04-05,71.14237976074219,73.15462321963247,70.9961859184086,71.80452639887521,21753100
2022-04-06,71.93351745605469,72.8364446845734,71.32296478892896,71.73572964745776,24768200
2022-04-07,73.1374282836914,73.47280219747879,71.12517824018792,72.08830719511379,26122000
2022-04-08,74.67669677734375,74.99487485286764,73.24060796872834,73.24060796872834,24866500
2022-04-11,72.1054916381836,73.89415660378654,71.80451593742787,73.76516514324031,21800100
2022-04-12,73.61038970947266,74.65951081815048,73.42120307534658,73.7049830265357,22444200
2022-04-13,74.65089416503906,74.90887707824956,73.25780480388089,74.47890993008409,19306800
2022-04-14,75.52803802490234,76.06979432138135,74.15214433170108,74.53051099684478,24566400
2022-04-18,76.14717864990234,76.43955313877207,75.45922864196092,76.10417931411443,19032300
2022-04-19,75.46784973144531,76.24179205436899,75.046477124044,75.68283334554748,20382600
2022-04-20,75.63983154296875,76.10419692164857,75.07227823176834,75.64843272427181,20689400
2022-04-21,74.840087890625,77.2221097924534,74.63370547685956,76.49116032230575,29010900
2022-04-22,73.20621490478516,75.77742354757962,73.09442579192499,74.52192008009415,23591600
2022-04-25,70.73819732666016,71.08217235867787,68.18419140695953,70.83279062448447,37698300
2022-04-26,70.76399993896484,72.85364071590031,70.66940663361059,71.14237316038185,28941500
2022-04-27,72.78486633300781,73.50721483157744,70.7554200876282,71.70994804883559,32773000
2022-04-28,74.98628234863281,75.79462284113916,72.29468984852578,72.99123466224253,33683800
2022-04-29,73.30941009521484,75.79462007094104,72.83644353480507,75.79462007094104,34656500
2022-05-02,74.30693817138672,74.84869450715689,72.77624935585895,73.10302864222942,36335200
2022-05-03,75.83761596679688,76.34497410781171,74.05755204161707,74.1779423313758,33908100
2022-05-04,78.85597229003906,79.01076072569356,76.45676137856148,76.96411946384241,46188400
2022-05-05,77.66069030761719,79.1569812099671,76.00961747824509,79.14838002709469,41013400
2022-05-06,78.84737396240234,78.95916305370358,76.83512439353639,78.2368214284753,29619300
2022-05-09,72.63005828857422,77.01572239539698,72.25168505493862,76.91253446679,45851600
2022-05-10,73.11162567138672,74.71970549037975,71.82172396782056,73.64478740407462,34483200
2022-05-11,74.63370513916016,76.48256535621867,74.19513677121172,74.32412823952345,33020600
2022-05-12,74.97250366210938,75.0419980464064,72.45314830486005,74.66843839038687,29491500
2022-05-13,77.1965103149414,77.27469401040123,75.01596333689571,75.89339570007472,25798400
2022-05-16,79.01216888427734,79.90697969292121,77.29206154987585,77.30075083523664,26101200
2022-05-17,80.01990509033203,80.3152744802874,79.1598515177174,79.68978519073804,23120700
2022-05-18,78.75154113769531,80.72358450239223,78.03917226165716,80.36740337836414,25451200
2022-05-19,79.1772232055664,80.18496809792089,77.31811402772264,77.31811402772264,24387400
2022-05-20,79.80271911621094,81.30564054229121,78.53435534445012,79.86353085088501,28795000
2022-05-23,81.56625366210938,82.33074487161899,80.40214159572103,80.49770382540736,27239300
2022-05-24,82.00932312011719,82.34813228797043,80.20233647291214,80.6367078807221,24293300
2022-05-25,83.6599349975586,83.85974213157594,82.07013406941985,82.16569630846523,29947800
2022-05-26,83.95532989501953,84.64163771682577,83.57308082262526,83.92057937680336,24314800
2022-05-27,84.7806167602539,85.07599279395683,82.79120134411868,83.35587892893533,25588800
2022-05-31,83.39932250976562,86.68316977311042,83.14738626099279,85.62330232240492,44888100
2022-06-01,84.997802734375,85.75361144860433,83.93794195665039,84.28543381663492,25815400
2022-06-02,84.85010528564453,85.22366494419917,84.08561402933842,84.51998541705399,19089100
2022-06-03,86.083740234375,86.57893010462607,85.04994057685802,85.04994057685802,21038200
2022-06-06,85.86654663085938,86.6831670928048,85.71886192586402,86.16192266883253,20682100
2022-06-07,89.80194854736328,89.85407099610707,86.431222131654,86.61365733023901,37810200
2022-06-08,90.86182403564453,91.71319506241434,89.46315395192312,89.90620809440122,31613200
2022-06-09,88.89848327636719,90.84446597028112,88.75079853964698,89.84541007673263,26607000
2022-06-10,87.27391815185547,89.78458481012417,86.69186195146412,88.55966066643467,30950500
2022-06-13,83.26901245117188,84.93699736490456,81.59233825189332,84.71981162213783,33421000
2022-06-14,83.48619842529297,85.71886760200286,82.76514016659333,84.6242562275728,31264000
2022-06-15,82.43500518798828,83.89449338235848,81.02763944156575,83.3906209589253,29620800
2022-06-16,79.39441680908203,80.90602766985066,78.4301116148031,80.28053832014072,35696700
2022-06-17,74.81612396240234,79.35964458705683,74.41650311441225,79.02083546315262,64610200
2022-06-21,79.47261810302734,80.38479433990194,76.90113281092789,76.95326190159469,35951500
2022-06-22,76.32776641845703,77.97837957182082,76.04107961554985,76.04976890205772,29727200
2022-06-23,74.02559661865234,77.36157347290013,72.55741870108125,77.02276420391968,35757200
2022-06-24,75.49375915527344,76.79687350216084,74.54682594998445,75.5371923233803,26639000
2022-06-27,77.34416961669922,78.22160169138103,76.16267889078553,76.28430235127828,25478700
2022-06-28,79.48997497558594,81.00158575863088,78.49091931969522,79.1598550612145,33096900
2022-06-29,76.55361938476562,80.96682785582179,76.2408714405515,80.77571000367466,25400900
2022-06-30,74.39913940429688,76.10187464667477,73.55645775371582,74.83351084249477,39948100
2022-07-01,76.0584487915039,76.345128931008,73.59121533880229,75.35476248694675,26327900
2022-07-05,73.6780776977539,75.32000112527221,72.11434457191744,75.00725317450855,34591100
2022-07-06,72.34891510009766,74.04296790629574,70.37687143038106,72.76591465134145,33375700
2022-07-07,74.6597671508789,75.37213606570536,74.10377222359885,74.17326661852209,23817400
2022-07-08,74.78140258789062,75.84127015878332,73.78234676477128,75.53720479193316,17673800
2022-07-11,74.39913940429688,74.816138901279,73.28714958298741,73.99082919191372,15603800
2022-07-12,73.40877532958984,73.8865865776026,71.98403749840207,72.78327937873037,21013000
2022-07-13,73.70415496826172,74.981208273907,72.36629654404437,72.435790948691,19928600
2022-07-14,72.22728729248047,72.37497200113752,70.0988697468289,71.10660810776355,26343000
2022-07-15,73.44353485107422,73.73890429300336,72.01879684510072,73.66940988947972,17243700
2022-07-18,74.79877471923828,76.39726536581865,74.49471597961207,75.21577429642812,19395800
2022-07-19,76.68392181396484,76.90110750766111,74.92906432521085,75.07674900620877,18248900
2022-07-20,77.52661895751953,77.88280674824613,75.79782234385026,76.08450910790101,16584400
2022-07-21,76.23218536376953,76.27562515761974,74.02557772141483,75.51981648930715,21375700
2022-07-22,75.65013885498047,76.85769104404969,75.25920054460191,76.0584491083172,15479500
2022-07-25,78.16949462890625,78.2998007708064,75.94550813939028,76.58838270335075,17536400
2022-07-26,77.86544799804688,79.29887555519346,77.31814218662046,79.16856275400116,15141200
2022-07-27,79.55078125,79.9243409347054,77.6656108860601,78.43010219588382,18047000
2022-07-28,80.48035430908203,81.01028809117719,79.06430554675262,80.08073330795808,20353100
2022-07-29,84.20726013183594,84.71981532574048,81.74871582552308,82.05277455309214,29825800
2022-08-01,82.0788345336914,82.8346366371162,80.99290587660288,82.34814271969495,20793200
2022-08-02,81.72264099121094,82.70431804193609,81.50545527510504,82.26126395322713,16722500
2022-08-03,79.0729751586914,82.02670231877492,78.87316800508735,82.02670231877492,23580800
2022-08-04,75.74568176269531,78.48221609640957,75.08543542323032,78.45615487463799,31821500
2022-08-05,76.8403091430664,77.91755514330747,74.95513858461837,75.02463960940473,17408000
2022-08-08,77.27467346191406,77.83935763712843,76.64049489632066,76.9793040758529,14458500
2022-08-09,78.69943237304688,79.58555402561154,78.14343733252868,78.2303169428464,19083400
2022-08-10,79.44654083251953,79.7419168846962,77.48318652021453,78.77761167138571,18302000
2022-08-11,81.7447738647461,82.71844857776019,80.20970196308743,80.56057018670349,18797900
2022-08-12,82.45527648925781,82.47281722045885,80.79739965693877,81.1219600693984,15058200
2022-08-15,80.98162841796875,81.34127707833166,78.6483224059816,79.41146821987263,20755200
2022-08-16,80.22724914550781,81.48162255366333,80.07812946924739,80.72724376596796,14038200
2022-08-17,80.87635803222656,81.76231570128098,79.75356363980006,80.06057668579442,13678000
2022-08-18,82.78858947753906,83.60437052987848,81.6570217796244,81.70965734880699,17770400
2022-08-19,82.52545928955078,83.50790093122859,82.27984887913134,82.59563560463684,16128600
2022-08-22,82.46405792236328,82.88510243442391,80.57811125355751,81.94651595632735,16019900
2022-08-23,85.96401977539062,86.32366837659015,83.72719821652721,83.8149219579586,23764700
2022-08-24,86.4727783203125,86.81487945786292,85.40261304187021,85.97278383524795,17050300
2022-08-25,86.92015075683594,87.59558611781314,86.05174055653312,86.77103109774617,15305700
2022-08-26,85.8499755859375,87.63943122993899,85.45523888501285,86.63943560302506,15531400
2022-08-29,87.82364654541016,89.08678669650907,86.08681963562465,86.12190779154149,23059200
2022-08-30,84.4815673828125,86.50786645757833,84.05174920614506,86.27979680179556,17086800
2022-08-31,83.85001373291016,84.94649371179463,82.09564576669499,82.48160886082478,18340900
2022-09-01,82.34123229980469,83.39385001135433,80.9552805154395,82.82367929577319,16423000
2022-09-02,83.85001373291016,84.90263852806886,83.42896916875281,84.51667543393907,18206800
2022-09-06,83.28860473632812,84.72718572971884,82.902648389182,84.35000309502973,19201500
2022-09-07,82.57809448242188,82.97282457324054,80.96407926654383,81.74477242741258,16274700
2022-09-08,83.2535171508789,83.70087606757306,82.20966629383005,83.03422120224721,18759200
2022-09-09,84.64823150634766,85.08682337943755,83.61315441816029,84.66577223662367,17158000
2022-09-12,85.62193298339844,87.00788534531108,84.9815857022368,85.65702114738923,16118900
2022-09-13,83.6219482421875,85.7710462602753,83.2535325863523,84.74474263657046,18229100
2022-09-14,85.67454528808594,86.45523838160796,84.34122877661356,84.37631693380779,22655700
2022-09-15,83.18334197998047,84.68332548607127,82.4991396816634,84.402626935675,21092300
2022-09-16,81.76232147216797,83.63072102027832,80.70092961402597,83.39388428019,37874700
2022-09-19,81.75352478027344,82.00790887694924,79.82372316102526,79.83249687260196,15342100
2022-09-20,81.08686828613281,81.5166864513276,80.38511860663115,81.34125237764265,14712500
2022-09-21,79.77986907958984,82.35001804708357,79.70969945727303,82.0780931931039,17332400
2022-09-22,79.44654083251953,81.27985855457464,79.40267896317413,80.87634809526556,16139400
2022-09-23,75.21851348876953,76.75358519262197,74.42904670259769,76.75358519262197,27738800
2022-09-26,73.6658935546875,75.63078326175072,73.58694353791567,74.47290099068371,22043400
2022-09-27,75.20973205566406,76.27989729012621,74.39395090909709,75.09570057862726,17307300
2022-09-28,77.94656372070312,78.33252678733338,75.36764085255047,75.54308165210158,19543300
2022-09-29,77.78865051269531,78.3851356943125,76.42901310547981,77.35005866422328,17896000
2022-09-30,76.5869140625,78.10444495392387,76.5869140625,77.34129265235725,21357600
2022-10-03,80.6307373046875,81.01670033746782,78.7009355255491,78.98163408783071,23881300
2022-10-04,83.56930541992188,83.64825544927096,81.32371682554098,81.7886232118106,22133700
2022-10-05,86.94646453857422,87.70961019544703,83.91140925845342,83.9903525916272,34857700
2022-10-06,89.52538299560547,89.63064746851626,86.25349093144787,86.37629613698623,29124700
2022-10-07,88.62187957763672,90.63063131296911,87.87627467488609,89.63941601330123,24507600
2022-10-10,86.70085144042969,89.4990701576935,86.59559365801046,89.0253900596613,16786100
2022-10-11,85.96401977539062,87.50786526971355,84.86753993131677,85.27981742346964,17804100
2022-10-12,86.34120178222656,86.76225295126704,85.28858389819729,85.52542057977043,12635800
2022-10-13,89.35871887207031,89.86748040555638,85.43770609432183,85.56928500685744,22019100
2022-10-14,87.00786590576172,89.683272561578,86.87628699328975,88.70083095886785,15222000
2022-10-17,88.26226043701172,89.44645755150138,88.15699594304569,88.65699057771391,14283200
2022-10-18,88.4201431274414,89.7797742082249,87.04296462026302,89.06925736402438,14065400
2022-10-19,91.04290771484375,91.21834179848811,88.79731932076552,88.81486005217744,20921700
2022-10-20,91.16570281982422,92.1042891174208,90.70957023741396,91.50780392972705,17649000
2022-10-21,92.85868835449219,93.33236846442023,91.14818242340375,91.62185584094973,22814100
2022-10-24,93.50778198242188,94.4551419937205,92.20955384164722,92.68323384729655,17024200
2022-10-25,92.87622833251953,94.14814899486578,92.16571151959708,93.34114141816596,15719800
2022-10-26,93.98148345947266,94.58674249814578,92.98149433876705,93.20956402893668,17383800
2022-10-27,94.34112548828125,96.12180762816496,94.22708730496663,95.09550413262336,18214000
2022-10-28,97.104248046875,97.55161367746408,94.84111883437248,96.0165419632211,28169400
2022-10-31,97.20074462890625,99.04283615028754,95.99900698372512,96.05163587551934,26401800
2022-11-01,98.16564178466797,98.7445796097654,97.06038832826945,98.56914552758587,22213100
2022-11-02,96.14811706542969,98.33230285837979,95.88495924789682,97.87617022602163,20654200
2022-11-03,97.45511627197266,98.08668966210128,95.0077727314148,95.24461609890359,17103700
2022-11-04,98.51651763916016,99.56036857904002,97.19197482283495,99.12177664697376,17541500
2022-11-07,99.68317413330078,99.99018714834469,98.35862461996078,98.60424172437769,16008000
2022-11-08,99.99896240234375,100.57790697596378,98.77090363085613,99.54282972901618,14661000
2022-11-09,95.52530670166016,99.36736891582599,95.23583447317615,99.20947558141476,19522800
2022-11-10,96.9288101196289,97.1042442030739,94.35866131211002,96.65688528257478,20146700
2022-11-11,99.95508575439453,100.43753949442053,98.6743982809575,98.75334829858944,20518900
2022-11-14,100.24691009521484,101.36989885956451,99.4687697738474,99.59256359838177,20858300
2022-11-15,100.91893005371094,101.27262958041747,99.8047856520328,100.62713418446612,19373800
2022-11-16,99.84015655517578,101.03388655813325,98.9116961382881,100.30880556219736,13591000
2022-11-17,99.97278594970703,100.09657976994977,97.93018116944464,98.40767451020544,12425900
2022-11-18,99.1062240600586,99.45992356220418,96.92213688653575,98.06281423917041,15415000
2022-11-21,98.12471771240234,98.32809038602198,95.03870301084189,97.25815421146967,20973000
2022-11-22,100.96314239501953,101.21957437654709,98.53146748834396,99.22117783701808,17719100
2022-11-23,100.45911407470703,100.75975425347335,99.1239017162731,99.31843677136028,11546700
2022-11-25,100.10542297363281,101.34336790822526,99.97278481166627,100.69786578465857,7136000
2022-11-28,97.0989990234375,98.55800549017108,96.93099696100107,97.85061311732854,23015500
2022-11-29,97.74449157714844,98.85864271856269,97.08130749830188,97.80638848799049,14453200
2022-11-30,98.45188903808594,98.9470710970224,97.0724682406192,98.62874218279812,23158100
2022-12-01,97.97439575195312,99.09738447293103,97.42616116000505,98.71715867047257,14398300
2022-12-02,97.14319610595703,98.77904867803807,96.55959092825144,96.83371157819955,15248400
2022-12-05,94.48162841796875,98.46957743139599,93.67696853727055,97.88597217497644,19287700
2022-12-06,91.85540771484375,94.64962635594894,91.20991236486203,93.6415871616912,21197000
2022-12-07,91.65203857421875,92.71313037325531,90.52020552291117,91.76698804946629,20061700
2022-12-08,92.3329086303711,94.43741712719195,91.70509516797097,93.97760571349268,21128800
2022-12-09,91.55477142333984,93.68579937345912,91.34255441189288,92.48322506483105,21298200
2022-12-12,93.80960083007812,93.942239002878,91.59898710427264,91.81121087925551,20413200
2022-12-13,94.83531188964844,95.97598917787192,94.63193249486557,95.32164952091847,24305300
2022-12-14,94.13675689697266,95.7637718100608,93.50894352305892,95.4896511706712,17597300
2022-12-15,93.2348403930664,93.88033577972051,91.69624848599241,93.13757285596665,15365100
2022-12-16,92.58048248291016,93.35862268360542,91.19221759770008,91.68739956530335,54596600
2022-12-19,92.99608612060547,93.90685779362327,92.29753145240322,93.07567171382189,13611100
2022-12-20,94.34014129638672,95.06522223464236,92.90766135903722,92.99608454735976,14680000
2022-12-21,95.55155944824219,96.0202084489052,94.75574395457302,95.75493886643456,13565400
2022-12-22,93.6239013671875,95.6665128470525,92.04994562040243,95.40123652615874,13213000
2022-12-23,96.09980773925781,96.15286031405994,94.52585172171815,94.57005995196718,11539400
2022-12-27,97.43499755859375,97.68258517791254,96.23242333939673,96.62148670707343,11962100
2022-12-28,95.83450317382812,97.26698298830819,95.41006920778264,97.18740414952076,10702100
2022-12-29,96.55958557128906,97.01939691238212,95.48964955111046,95.48964955111046,10534000
2022-12-30,97.53226470947266,97.7091110807995,96.03788791061125,96.03788791061125,11799600
2023-01-03,94.18098449707031,97.28468116032171,93.27905036276509,97.07246414188529,15146200
2023-01-04,94.45509338378906,94.75574032792433,92.63355001809687,92.6689206436573,18058400
2023-01-05,96.56842803955078,97.22276767013328,94.00411532996262,94.03064160946165,15946600
2023-01-06,97.73563385009766,99.02663120391492,96.97518233745434,97.3377261557813,16348100
2023-01-09,95.91409301757812,98.7171491235989,95.33048785553247,98.7171491235989,17964600
2023-01-10,97.34656524658203,97.5587889833158,95.50734008535152,97.08129569504956,15104600
2023-01-11,98.47840881347656,98.54914331558233,96.46232371268536,98.14239125688299,16710400
2023-01-12,100.1142578125,100.57406241790805,98.80557174959682,98.87631299543084,15357300
2023-01-13,100.0523681640625,100.35300836127263,99.17696710872227,100.01699753858067,12011400
2023-01-17,99.85784149169922,100.87472513445225,99.6279357798685,100.28228228690536,16542200
2023-01-18,97.80638122558594,100.91008437308099,97.62069050684785,100.14963281276874,16399700
2023-01-19,98.43418884277344,99.15042539382789,96.89560387351499,97.32888219176033,12928000
2023-01-20,100.2292251586914,100.30881076101728,97.80639439981151,98.46957851874365,16515600
2023-01-23,99.70751953125,101.32568358895959,99.60140764785206,100.48565310406258,16584400
2023-01-24,100.63595581054688,100.82164651469056,92.7308073864382,96.5242205471752,13583000
2023-01-25,100.10542297363281,100.49449311639943,98.49609658253976,100.12311165989883,11914700
2023-01-26,104.12874603271484,104.1464279733534,101.10462146796013,101.44063905640921,21019700
2023-01-27,102.22762298583984,104.04916656044317,102.03308789607486,103.41250871985153,15179200
2023-01-30,100.41490173339844,102.12149556182521,100.05236464092535,101.76779606571863,18672100
2023-01-31,102.5813217163086,102.92617691949796,97.64723023739595,99.12391859425897,27861800
2023-02-01,101.45832824707031,103.79273586110072,100.22038317993108,102.42215936405125,19464900
2023-02-02,98.28388214111328,101.75012265160305,97.1166784285501,101.55558757513296,24562100
2023-02-03,98.96473693847656,100.90123639392891,98.64640807603901,98.94705500001072,20226600
2023-02-06,98.79673767089844,99.99930516160761,97.549948467148,99.35380982259689,13855200
2023-02-07,101.61749267578125,101.96234788595012,99.05317934032047,99.3803526085931,16013300
2023-02-08,100.73322296142578,102.42213472270468,100.67132606027324,101.7324244680747,18459700
2023-02-09,101.11346435546875,102.78468769142992,100.96314425030464,101.35221440132452,17439300
2023-02-10,105.37552642822266,105.7822785170671,102.71395253733247,103.02343708903398,24918600
2023-02-13,104.96563720703125,105.3042335806189,103.27264174275622,104.89435161317014,14536200
2023-02-14,103.7359848022461,104.97454310689795,103.37956363009289,104.26170756075997,12079000
2023-02-15,103.42411804199219,103.441936041289,101.70439218769393,103.11225206803516,13663400
2023-02-16,103.12117767333984,104.0567757150315,102.29250123745908,102.74693165849393,11360600
2023-02-17,99.15599822998047,101.74895582464784,98.88868742934098,101.74895582464784,20758300
2023-02-21,99.05796813964844,100.13613718465054,98.73718978597549,98.73718978597549,14469400
2023-02-22,97.77487182617188,98.87977138404774,96.80362426460337,98.44315900038342,13973800
2023-02-23,98.6748275756836,99.64607514298973,97.92634919926599,98.66592197465629,11289400
2023-02-24,98.68375396728516,98.87087358792131,97.14223499989723,97.4184650287913,14351000
2023-02-27,98.50552368164062,99.13816800275131,97.97980094833179,98.7282860537853,11710500
2023-02-28,97.93524932861328,99.22726832524974,97.3204230263213,99.12033994280003,18107000
2023-03-01,98.80848693847656,99.67280611490085,97.33825377844742,97.40062697684047,13200000
2023-03-02,99.26292419433594,99.53023498841861,98.16693022390754,98.5679066122847,10339900
2023-03-03,100.51930236816406,101.01829476278668,97.97089998941442,98.06001038721163,13006700
2023-03-06,101.41034698486328,101.4370773836233,99.68171548275244,99.78863707779253,14347400
2023-03-07,99.45004272460938,100.8400778738256,99.0579787396843,100.51929948582668,11525300
2023-03-08,97.99761962890625,100.17177562259177,97.18676138178579,99.11143142011503,13509800
2023-03-09,97.24024200439453,100.00250124848627,97.15113840255877,98.79067322864667,12961200
2023-03-10,96.03732299804688,98.94214654302196,95.47596420792222,97.62339016857555,15795700
2023-03-13,94.93242645263672,96.10861166823248,92.41966681940171,93.86316283962391,20745600
2023-03-14,95.2888412475586,97.1333135479092,93.52456014375132,94.7631184769343,18263500
2023-03-15,90.54845428466797,92.84735686988357,89.30098360233939,91.61771098485345,25733800
2023-03-16,90.02273559570312,90.6019191669989,87.34067452744245,88.31192207896954,27465200
2023-03-17,88.96238708496094,90.53954865351506,88.33865509625915,89.63958667138633,43199500
2023-03-20,91.28801727294922,91.31475446803478,88.6594240041536,88.77525799018537,32042100
2023-03-21,95.37793731689453,95.59178728897052,92.78498006257206,92.82062285761273,31592300
2023-03-22,93.19487762451172,95.50269970338768,93.16814722329414,95.16410329101637,14952700
2023-03-23,92.1434326171875,94.7542011417865,91.27911350923645,93.88097643346251,14385900
2023-03-24,92.25037384033203,92.53550947081975,89.91582799014195,90.41481364395302,13401600
2023-03-27,94.27304077148438,94.87895470953121,92.58895774332753,93.32852366918979,14805900
2023-03-28,95.4492416381836,95.921496868355,93.72951552945392,93.95227794354756,11047600
2023-03-29,97.0887680053711,97.26698201235845,95.77892394623328,96.28682196935108,14219100
2023-03-30,97.5610122680664,97.63229786285385,96.69669312623206,97.61447986324123,11578200
2023-03-31,97.7125015258789,98.16693192313609,97.16896073088293,97.73031952652534,14418000
2023-04-03,103.47756958007812,104.1191262680583,100.79551564583848,101.03609600474717,28087700
2023-04-04,102.488525390625,103.985489040064,101.73113456520801,103.59343182585155,16365500
2023-04-05,104.24388885498047,104.25280125430143,101.85587569962185,102.78256808210702,16479500
2023-04-06,102.5152587890625,104.41319198212729,102.26575919159893,104.12805638319499,15778000
2023-04-10,102.0608139038086,103.52213458803585,101.73112313062049,102.27466388735765,13006600
2023-04-11,102.78255462646484,103.53994531354286,101.91823555604002,102.43504587829766,11758500
2023-04-12,102.67564392089844,103.88746506972828,102.40832633329018,103.50432028468168,10919000
2023-04-13,103.15679931640625,103.26372770550128,101.6954786562823,102.1142730158608,12399700
2023-04-14,103.40631866455078,103.94985951625978,102.57764218556571,103.27265985216552,11530800
2023-04-17,102.2033920288086,103.81619651637644,101.9538992147767,102.90732206735247,13260400
2023-04-18,104.19934844970703,104.4399288644819,101.84697791297111,101.92716911850628,17436100
2023-04-19,103.8696517944336,104.16369979454436,103.15680939383215,103.43303939310391,10682600
2023-04-20,103.04097747802734,103.07662027859556,100.89355142960301,102.58654026849399,17038700
2023-04-21,103.37067413330078,104.14588299547066,102.702386880716,103.79837416798013,14315300
2023-04-24,105.32206726074219,105.93689370253716,103.2548323181713,103.29047512040849,15831300
2023-04-25,103.8250961303711,104.91217772724659,103.03206253229023,104.74288292644243,12179800
2023-04-26,102.87165832519531,104.33297890834854,102.18555322627022,103.38846864801407,15566100
2023-04-27,104.101318359375,104.26170754691421,102.36376769467202,103.02314924242684,16279200
2023-04-28,105.44682312011719,106.85468334290258,104.10134290546472,104.4755821652421,24381900
2023-05-01,102.17664337158203,104.52010788076197,101.98061139610422,103.35282842628082,17355000
2023-05-02,98.10456848144531,101.52620279024231,97.38282041552193,101.52620279024231,24324100
2023-05-03,96.17098236083984,97.84615313991577,96.01950556235205,97.19569074727107,16212300
2023-05-04,94.48690032958984,96.90164392801576,94.37106632901671,96.14425312821218,17177200
2023-05-05,96.83928680419922,97.50757411464461,95.81457823521562,96.72345278439659,14968200
2023-05-08,97.222412109375,98.87976473380651,97.16003891590364,98.46097037842664,11187800
2023-05-09,97.24915313720703,98.22040073962117,96.42047673440813,96.53631073546877,11370800
2023-05-10,96.00167846679688,98.02436479131863,95.08389850028637,97.78377760119977,14884800
2023-05-11,94.26412963867188,95.18190955755892,93.49782650678847,94.88786158408007,17165900
2023-05-12,94.2552261352539,95.35122014066874,93.36417653019662,94.72748133822724,12613300
2023-05-15,94.43497467041016,95.20792733140733,93.9945736426379,94.83044073617398,13715600
2023-05-16,92.14308166503906,94.2012922413337,91.69369088917978,94.039511287738,14795200
2023-05-17,94.21028137207031,94.57878509734566,92.43968062940567,92.92502348707713,14064700
2023-05-18,95.06413269042969,95.18996843079383,93.5901313238996,93.9676248306723,12005600
2023-05-19,95.50453186035156,96.21457012583136,95.10906577396807,95.78315195367126,13359600
2023-05-22,94.34510040283203,96.20557793708879,94.26420649760746,95.12703596276837,12882000
2023-05-23,95.63036346435547,97.26614569955332,95.04615405382208,95.26185971748569,14394400
2023-05-24,96.69991302490234,97.52679734231111,95.92696712573715,96.51116970400808,16340300
2023-05-25,94.96527099609375,95.65732983899068,94.11142432719426,95.21692875714719,14316500
2023-05-26,94.34510040283203,96.12468403186422,94.21927153440184,95.69327272786327,12370300
2023-05-30,93.50923156738281,93.58113573578032,92.22397370020268,92.8351454172637,11938000
2023-05-31,91.8375015258789,92.61045422826227,91.44203543894065,91.93636804761347,24926100
2023-06-01,92.89805603027344,94.89335204972315,91.01061625898485,91.45101727228185,13551900
2023-06-02,95.0551528930664,95.38769772782013,93.94964840374439,94.51588525368301,14112000
2023-06-05,94.63272094726562,96.3404074572328,94.4529605025976,96.3404074572328,10628000
2023-06-06,95.4056625366211,95.51351193362409,93.45530822634811,93.60809944354169,12209800
2023-06-07,97.54475402832031,97.86831591334528,95.92695146035398,95.98087615547195,16027100
2023-06-08,97.23918914794922,98.09302897469408,95.18097834150674,97.76047729479522,13517100
2023-06-09,96.5201416015625,97.61665609309433,96.31342570328525,97.48183750104137,12251600
2023-06-12,95.64832305908203,96.22354265532303,94.87537044091597,95.1000658099838,14112000
2023-06-13,95.66630554199219,97.3739849149709,95.5224972098229,96.51115549343129,13533800
2023-06-14,94.51587677001953,97.16727975901026,93.82381109491601,96.57408060892152,16627700
2023-06-15,95.1719741821289,96.19658456181193,94.7675252427862,94.82144993945623,16224100
2023-06-16,94.48890686035156,95.96290813142538,94.3361156345211,95.59441124223663,43128900
2023-06-20,92.32283782958984,94.1653358112984,91.78357029487414,94.08444876681249,17514100
2023-06-21,93.35643005371094,94.03949900665721,91.97230582196484,92.12509702008506,13285700
2023-06-22,92.84414672851562,93.37442460795535,92.25993728747405,92.43070113726053,12455300
2023-06-23,92.03524017333984,92.41272681176999,91.33419159992398,92.20600401996701,17933600
2023-06-26,93.73392486572266,94.29117187266951,91.85546793678613,91.85546793678613,14283400
2023-06-27,93.96761322021484,94.02153791859389,92.8171670832428,93.51822244796544,13227500
2023-06-28,94.73157501220703,95.10906161059825,92.75425152400555,93.75189957486727,13084100
2023-06-29,95.89999389648438,95.9269631044756,94.48890705995747,94.96526706757078,11364400
2023-06-30,96.39431762695312,96.96054751366715,95.99885156547482,96.45723205881025,13544700
2023-07-03,96.58305358886719,97.48183503695695,96.23252937268485,96.61001593516457,7397000
2023-07-05,96.08873748779297,96.99650190372355,95.36071977938144,96.73585443492918,12491200
2023-07-06,92.50260162353516,95.01919287352983,92.06220055479191,94.4529560708433,17961400
2023-07-07,92.71831512451172,93.47328839317383,91.28025904811985,91.60382097959206,21929200
2023-07-10,94.09344482421875,94.147369524166,92.34980638289314,92.54753942557862,14877600
2023-07-11,95.24386596679688,95.414636626929,94.2012762523282,94.60573199624777,12576500
2023-07-12,95.71123504638672,96.75382482369945,95.38767317461092,96.16961550759547,13238200
2023-07-13,93.95863342285156,95.47757658800538,92.86211872543825,95.24389144171408,26826800
2023-07-14,90.72300720214844,93.51821822797928,90.35450349409624,93.51821822797928,28181900
2023-07-17,91.11845397949219,91.37910140296209,90.07587114277035,90.52526183347891,18051300
2023-07-18,90.70503997802734,91.8554793612464,90.18374498964384,90.70503997802734,24617800
2023-07-19,91.33418273925781,92.03523124466238,90.59718214932495,90.82187753475763,15556500
2023-07-20,92.94300842285156,93.16770382255038,91.9992850012528,92.16106596332232,15740200
2023-07-21,93.3744125366211,93.81481356600293,92.80818264170159,93.61708738955723,17121500
2023-07-24,94.83942413330078,95.41465062172291,93.43732713924152,93.79684112307076,15090900
2023-07-25,94.98323822021484,95.35173510450932,93.95862776142235,94.42599116868446,14116100
2023-07-26,94.45296478271484,95.01920163762824,94.04851576391397,94.47094425657629,15159600
2023-07-27,94.74952697753906,96.1606134034853,94.13835539359792,95.27082179913893,17677900
2023-07-28,93.61709594726562,94.51587755878472,91.96333421634755,94.47093573534497,17566400
2023-07-31,96.38534545898438,96.94259256925328,94.54284712897858,94.54284712897858,24197000
2023-08-01,95.82808685302734,96.45723116577365,94.84841144356957,96.12467953923134,14177400
2023-08-02,94.63272094726562,95.612389656357,93.98559706078039,95.504540246716,13484100
2023-08-03,96.27748107910156,96.96055011267151,94.64169894981106,95.1719767672266,16280400
2023-08-04,96.547119140625,98.18290140060732,96.46623208696036,97.03246203409134,14279600
2023-08-07,96.34937286376953,97.44588737733368,95.72921829931855,96.97852402027218,12410800
2023-08-08,96.82575225830078,96.84372487453778,94.22826692523645,95.30680904277554,14065600
2023-08-09,98.47050476074219,99.24345744496048,97.34702781939689,97.7065418120592,19919600
2023-08-10,98.97382354736328,100.3309787067306,98.36265183888175,99.0367379795382,15837200
2023-08-11,100.51074981689453,100.72645548484553,98.91091963670219,99.19852947969004,14047000
2023-08-14,100.59162902832031,100.64556058397295,99.56701861398736,100.37592337718681,12973400
2023-08-15,98.00910949707031,100.45570978906649,97.8369389214972,100.35603281514209,14909600
2023-08-16,96.35990905761719,99.06930032454547,96.3055423142575,98.11784083552955,13695100
2023-08-17,98.2265853881836,99.81234666133527,97.33855603333564,97.33855603333564,16709500
2023-08-18,99.71266174316406,99.85764202449458,97.51978227359409,97.53790221624668,16224000
2023-08-21,98.50749206542969,100.56445489995404,97.99098722789802,100.0026398309279,11092400
2023-08-22,97.9547348022461,99.42269910992684,97.81881102893615,98.92431424558052,10518800
2023-08-23,97.09388732910156,97.22981109060858,95.79809370769145,96.99421036488773,11435600
2023-08-24,96.36896514892578,97.65569534185502,96.11524448140393,96.43239531580625,10818500
2023-08-25,98.09065246582031,98.70683420819121,96.61363173505575,97.34761038649393,13579300
2023-08-28,98.91524505615234,99.71265382356147,98.26281655855877,98.27187307248077,10382100
2023-08-29,99.50423431396484,99.69452480273328,98.24468756923385,99.368317474394,9665000
2023-08-30,100.47382354736328,100.70942428153225,99.65829477581755,100.07512258958113,11922100
2023-08-31,100.7547378540039,100.96314831112169,100.23823305530009,100.6913076827024,17479800
2023-09-01,102.86605072021484,103.13789823651958,101.6699340925392,101.6699340925392,14843500
2023-09-05,102.87512969970703,104.95927587079336,102.84794632664105,103.39163452807253,18304000
2023-09-06,103.7631607055664,103.83564739710015,102.60329068057854,102.82982801087681,13325500
2023-09-07,103.25569915771484,104.97738403011078,103.02916185643564,103.8900077493185,13248500
2023-09-08,104.75991821289062,105.15862610608187,103.59098481879204,103.78127533689594,14283200
2023-09-11,103.44599151611328,105.72948435946367,102.91135991628519,105.27640977906032,14383600
2023-09-12,106.4634780883789,106.6265852370249,104.45182555953512,104.51525573326576,20145800
2023-09-13,105.51201629638672,106.88936005464006,105.02269489304977,106.39098213682325,13472800
2023-09-14,107.39680480957031,107.52367206338413,106.31849191579839,106.51784585460145,15210700
2023-09-15,105.74761962890625,107.38775454879507,105.56639253582382,106.83500292751211,34568400
2023-09-18,106.59941101074219,107.14309924842064,105.7476283932443,106.49973402727451,14045300
2023-09-19,106.3185043334961,107.68678486714644,105.66607569880067,107.48743781843028,12562900
2023-09-20,105.47577667236328,106.94373406884836,105.40328307137456,105.60263701740841,11879900
2023-09-21,103.98970031738281,106.35475065065532,103.844713104393,106.00135296070617,14400600
2023-09-22,104.15280151367188,105.72949934114743,104.03499768151795,104.85053342447787,13197300
2023-09-25,105.32172393798828,105.70230494053955,104.05311368278102,104.28870749576815,11316000
2023-09-26,105.48483276367188,105.77480023408735,104.5424367564791,104.6602336648645,11805400
2023-09-27,108.91913604736328,109.1909835851224,106.38192231954845,106.82593351207629,23976200
2023-09-28,108.25765228271484,109.37221199160076,107.09778234586405,108.71979033714982,16808100
2023-09-29,106.5450439453125,107.9948815459498,105.77481836810247,107.92238793757518,18813600
2023-10-02,104.77802276611328,106.73530823060545,103.79938694723651,106.4997075180197,14395000
2023-10-03,104.95928192138672,105.51203358349488,104.23435966877474,104.60588422441539,13297100
2023-10-04,101.03563690185547,103.38256003703262,100.12948769197335,103.34632015240278,19622200
2023-10-05,98.7612075805664,100.49195601483106,98.49842346112135,99.49519319466137,20128800
2023-10-06,97.11202239990234,98.10878528395416,95.24535698540326,95.80717206091684,25367500
2023-10-09,100.51007843017578,101.55215150508566,99.24146803086683,100.07513063881703,22369900
2023-10-10,100.08417510986328,100.99032429841205,99.78515113180313,100.60067987080129,13892000
2023-10-11,96.49583435058594,97.11201613406698,94.99163014916977,96.92172561593802,57939000
2023-10-12,96.47772979736328,97.71915007748272,96.13338859340607,97.49261272261462,31183000
2023-10-13,99.55860900878906,99.85763297235471,97.71912043796958,97.89129098772655,30276500
2023-10-16,99.63111114501953,100.29260316511595,98.88806900767075,100.12949601724083,18452000
2023-10-17,100.93597412109375,101.30749866777646,99.3864595840332,99.43176981624308,19775400
2023-10-18,102.34955596923828,102.74826385520615,101.21686939625702,101.32560979607649,23380300
2023-10-19,102.4129867553711,103.27383270402491,100.88159920060231,102.14114612424639,20972500
2023-10-20,100.6550521850586,102.68482440467974,100.39226809426864,102.322363351405,22445300
2023-10-23,99.17805480957031,100.54634241857275,98.48032277303734,100.24731144004218,18185000
2023-10-24,98.21751403808594,99.51330770760305,97.97285678898604,99.40456731168645,16786100
2023-10-25,98.39874267578125,99.22334180278825,97.98191485488992,98.33531250550148,22047300
2023-10-26,97.50164794921875,98.17219638992141,96.50488525879707,97.36572419294093,18768300
2023-10-27,95.64405822753906,99.54955936951963,95.10942656321,98.67059347135456,23092000
2023-10-30,95.94308471679688,96.43240616494147,95.33596634929859,95.81622436876351,19379900
2023-10-31,95.91590118408203,96.196812165719,94.72884782373468,95.6712439171032,22185200
2023-11-01,95.72561645507812,97.11202384971942,95.56250929609851,96.5320888207632,28984900
2023-11-02,98.86994934082031,98.9424429430502,95.59874985892857,95.94308409946491,25212700
2023-11-03,97.66476440429688,98.57091364822372,96.5411412775712,98.22657942434475,30555600
2023-11-06,95.93401336669922,98.1087658043321,95.84339292065668,98.01815227165896,19097300
2023-11-07,94.42981719970703,95.01881562411467,93.59616150753924,94.66541795214418,20272500
2023-11-08,93.26995849609375,95.05507392937326,93.23371169030361,93.994880785154,19184100
2023-11-09,93.29712677001953,94.2123394563034,93.20651322689751,93.94049191356714,18380500
2023-11-10,94.01298522949219,94.61104705635773,93.2518231735217,94.17609237196733,17825500
2023-11-13,95.00069427490234,95.27254184450476,94.06736155310273,94.284842374133,15308400
2023-11-14,95.36646270751953,95.85111232279556,94.98240153804662,95.37560901438927,18260500
2023-11-15,94.79036712646484,96.15287377835287,94.64405412880795,95.0646935321899,20137600
2023-11-16,93.69305419921875,94.43374467195622,92.49514600719371,94.0954080247002,22469100
2023-11-17,95.97913360595703,96.40891933719091,93.95823231739153,94.24170504369981,22984900
2023-11-20,95.55850219726562,96.82042057595426,95.49449199638842,96.36320286209174,17458800
2023-11-21,95.52192687988281,95.7413894358396,94.38802886808577,95.29331801592275,14989000
2023-11-22,95.11042022705078,95.2110086710551,93.21753938096897,93.80277743158253,18072000
2023-11-24,95.62250518798828,96.44549840620299,95.01898147902293,95.11956295002705,9480800
2023-11-27,95.064697265625,95.46705104839516,94.3514388155055,95.1927176553086,18013500
2023-11-28,95.00983428955078,95.9334159467796,94.99154167565584,95.32073895988417,20629500
2023-11-29,93.58332824707031,95.63166884549968,92.94322617042951,95.34818908876784,26802100
2023-11-30,93.94908905029297,95.54021163569567,93.09866386726334,94.28743265268997,29254700
2023-12-01,94.17769622802734,95.30245479596103,93.47358406712381,93.72962485290692,17845300
2023-12-04,93.6656265258789,94.51605180161863,92.89749709460317,93.39129309115421,21523900
2023-12-05,91.84589385986328,93.583315539564,91.7087271544689,93.51930534059174,22250300
2023-12-06,90.62968444824219,92.10192586060275,89.92556535019786,91.44353131885296,31154800
2023-12-07,89.99871826171875,92.21164995703255,89.69695294601573,91.31550729272283,29990700
2023-12-08,91.03204345703125,91.25150599138098,90.30049237374789,90.54738685281782,22074900
2023-12-11,91.09605407714844,91.3155166125186,90.14504045509337,91.26065272282312,22252300
2023-12-12,89.66038513183594,90.23647686682177,89.13915728306176,90.23647686682177,26084000
2023-12-13,90.45594024658203,90.55652868998308,89.30375676567742,89.6512396759615,19915400
2023-12-14,92.88834381103516,93.40042537057786,91.18749351502491,91.30636759803646,26165700
2023-12-15,92.26654052734375,92.35798267923312,91.72701997099523,91.98306078692104,55527000
2023-12-18,92.95235443115234,94.28742920077259,92.833473371009,93.39127949088578,21610400
2023-12-19,94.17769622802734,94.36058748686396,93.08037658136028,93.27240717069762,18904700
2023-12-20,92.60486602783203,95.04641374625713,92.47684563529596,94.64405995452196,20988900
2023-12-21,93.0255126953125,93.28155348110471,92.18422685781046,92.78775754711052,19250900
2023-12-22,93.19010925292969,94.13197654096658,93.10780644414646,93.555877809248,12927800
2023-12-26,93.40043640136719,94.21428339458089,93.38215076204737,93.94909627661626,16835100
2023-12-27,92.96149444580078,93.77534129153335,92.66886845700137,93.30897734261875,14558800
2023-12-28,91.61727905273438,92.9157755626503,91.56240818819128,92.71459867136429,16329300
2023-12-29,91.42523956298828,91.98303864823777,91.09604231414731,91.78186875313479,17746400
2024-01-02,93.60160064697266,94.27828083563186,92.22080134950542,92.28481154334361,23483000
2024-01-03,94.38803100585938,94.75380659179763,92.96151389494814,93.5193131171824,23490800
2024-01-04,93.56502532958984,95.62250488021014,93.31813085321417,95.17443350929751,19395200
2024-01-05,93.84850311279297,94.55262228160166,93.39128541024807,94.34229906873207,15827400
2024-01-08,92.2848129272461,92.39454767972339,90.43765660836686,92.1110749565587,23370100
2024-01-09,91.14176940917969,92.6231571836727,90.70284434927748,92.6231571836727,19496600
2024-01-10,90.24562072753906,91.26064445447227,89.7609711415703,91.26064445447227,18206100
2024-01-11,90.22733306884766,90.98631607328734,90.12674462360442,90.56567665526471,15833400
2024-01-12,91.3978042602539,92.03791314791354,90.68454585174861,91.571549197511,18041700
2024-01-16,89.33119201660156,91.452681760049,89.18487901111438,91.27893681018,20235700
2024-01-17,88.68194580078125,89.57808856203434,88.31617025520136,88.33445589301563,18384000
2024-01-18,88.51734924316406,88.78252936896494,87.62119948417303,88.70023353197607,20940300
2024-01-19,88.65451049804688,88.71852069789213,88.16072151443409,88.44419425995042,20088400
2024-01-22,88.53562927246094,88.79167005121231,87.57546937555534,88.42589452017265,19955900
2024-01-23,89.53237915039062,90.07189272250388,88.45334502957525,88.52649456409662,15863400
2024-01-24,91.07776641845703,91.12349098008332,89.3769159794703,89.90729019734543,17330600
2024-01-25,93.39128112792969,93.43700568672294,91.09605338954229,91.72700904604254,22089500
2024-01-26,94.18683624267578,94.25999274132299,92.53171057616207,93.24496899650306,20817200
2024-01-29,94.30571746826172,94.36972766528264,93.14438761471426,94.16855774363708,18317500
2024-01-30,95.87855529785156,95.90598724502888,93.36385781662871,93.6473375495015,19610900
2024-01-31,94.01309204101562,95.90597285470763,93.9765137914047,95.77795246936326,22415300
2024-02-01,93.62903594970703,95.11042374443817,92.9249237922251,94.70806995354098,19240700
2024-02-02,93.24496459960938,95.10126706157656,92.9157673478077,94.8726582465247,21973400
2024-02-05,92.86092376708984,93.61989989679225,91.90076374331517,92.76947463980547,17190900
2024-02-06,93.50102996826172,94.22343485117298,92.87921354857792,93.33643129903398,13347900
2024-02-07,93.47358703613281,93.93995104024414,92.52257338973976,93.50101898168259,13826800
2024-02-08,95.07386016845703,95.48535335332862,93.37300957823317,93.58332583660248,19636900
2024-02-09,93.06208038330078,95.86939656489078,92.99807018932007,95.1927163747251,20410500
2024-02-12,94.34230041503906,94.55262363091005,93.27241265019747,93.41872566586225,18173100
2024-02-13,93.53010559082031,95.14523970073479,92.84713656737001,94.84067690577747,18917400
2024-02-14,93.06864166259766,94.71146975287775,92.68101115383067,94.01926939803977,17651300
2024-02-15,95.73593139648438,95.92974666008963,92.84714393833214,92.84714393833214,23196300
2024-02-16,95.73593139648438,96.5665662286708,95.54210909145264,95.99435174795806,20151400
2024-02-20,94.83145904541016,96.09588103426265,94.73916706289708,95.83745362522836,17650000
2024-02-21,96.76961517333984,96.88960108333988,95.05295760628873,95.08064449584977,20991300
2024-02-22,96.6865463256836,97.28645470065604,95.47749826619038,96.13278745702674,20470700
2024-02-23,95.8374252319336,96.06815864057145,94.95140978773523,95.87434342228663,15975900
2024-02-26,96.21585083007812,96.85267741976382,95.10833306155419,95.72669703162295,13360800
2024-02-27,96.0128173828125,97.04650593839892,95.84668899069017,96.61272585666688,16360000
2024-02-28,96.28044891357422,97.30490594359367,95.98511039401888,96.41889038492766,14810500
2024-02-29,96.46503448486328,96.97265087463205,96.18815857888329,96.61270726785996,17566100
2024-03-01,97.68331909179688,98.19093554555035,97.25877034930612,97.57257153201556,18460100
2024-03-04,96.31736755371094,97.6925368816105,96.01279772361131,97.51718425574997,18138000
2024-03-05,97.49873352050781,98.08017932403429,96.28046109305237,96.47427636089454,19952700
2024-03-06,98.5416488647461,99.27999879727055,97.96943435639513,98.40321441364623,20472800
2024-03-07,99.09541320800781,99.65840343799408,98.38475017737025,98.38475017737025,15195400
2024-03-08,100.02755737304688,100.0460199912606,98.54163347100044,98.96618919280718,16281500
2024-03-11,100.61824035644531,100.710539370117,99.06771128187091,99.90758442458568,17577300
2024-03-12,99.9721908569336,100.85820647700166,99.70453920481519,100.65515991046864,14957200
2024-03-13,101.08893585205078,101.84574127040759,100.70130535418103,100.72899224096803,17122200
2024-03-14,102.87943267822266,102.95326907278616,101.23661162702867,101.36582179680171,22121000
2024-03-15,102.69483947753906,103.6454671938381,102.3072089765779,102.3072089765779,38264400
2024-03-18,103.64546203613281,104.16230267836151,102.53793732095264,103.1747638561456,16770500
2024-03-19,104.37458801269531,104.7437629691019,103.42396725291135,103.57164005204464,14878800
2024-03-20,104.28230285644531,104.66070914791096,103.48857911274244,104.03311379338841,16119700
2024-03-21,104.74376678466797,105.13140437580023,103.8946692830009,104.2176947410887,14878000
2024-03-22,104.74376678466797,104.92835779030878,104.12540275898174,104.7345425154561,14701900
2024-03-25,105.81436157226562,106.8572742312929,105.05755613796572,105.05755613796572,14011700
2024-03-26,105.02064514160156,106.11893869209851,104.66993280848877,105.82360013752285,13152300
2024-03-27,106.10969543457031,106.1927560930239,104.669921023302,104.7345261047967,12415700
2024-03-28,107.28182220458984,107.4756374562894,106.19276004640233,106.62654005605535,18482100
2024-04-01,107.9740219116211,108.20475535867473,106.48809794928158,107.43872566594041,13817000
2024-04-02,110.08755493164062,110.38289349923444,108.28783663558876,108.83236425901019,19919600
2024-04-03,110.10601043701172,110.521327850359,109.57993842743952,110.27213881063592,16504300
2024-04-04,110.49363708496094,110.64130283332021,109.49686687818772,109.87527312094329,18467400
2024-04-05,112.01648712158203,112.73637441859718,110.41980841706827,110.73360959660855,21720600
2024-04-08,111.25967407226562,112.35796052253859,110.94587291402607,111.7488278669607,17513900
2024-04-09,111.84112548828125,112.2749055293105,111.06585738398022,111.67499711174722,14132300
2024-04-10,112.78250885009766,113.03170492218338,111.42580206317713,111.8780376588173,17409200
2024-04-11,112.40412139892578,113.2347633236621,111.06586300867647,113.2347633236621,17555900
2024-04-12,111.09353637695312,114.21304987083525,110.44747853666678,113.47470006520102,21556200
2024-04-15,110.45672607421875,112.31182512839716,110.24444818544717,111.75805917209796,15029500
2024-04-16,109.54302215576172,110.95510983569538,108.8323591399794,110.34597010788197,18082200
2024-04-17,109.48764038085938,110.15215388124936,108.09401533349167,109.41381102414776,14538600
2024-04-18,109.38611602783203,110.49364086483158,108.87850663878868,109.82912737091713,13821400
2024-04-19,110.64130401611328,111.61038734551809,109.78297528023154,109.97679757925351,21572400
2024-04-22,111.26890563964844,112.20107082435204,109.30305902217412,110.06909582783575,16340700
2024-04-23,111.70269012451172,111.7303770152141,110.24445285515257,110.75206932278611,13929800
2024-04-24,111.72114562988281,111.91496089388144,110.18907205528436,111.02894524070491,12101200
2024-04-25,111.97956085205078,112.37642267198943,110.19829831717631,111.70267789249316,16041000
2024-04-26,108.86927032470703,109.92141429456888,107.2633674825115,109.82912232275095,27289500
2024-04-29,110.41979217529297,110.79819838886858,108.68467927767041,108.68467927767041,17309900
2024-04-30,109.15538024902344,110.93664281071933,108.88773563656079,109.93064832260272,21083300
2024-05-01,107.08800506591797,109.33996573604759,106.74652407478992,109.16460606508394,27777700
2024-05-02,107.28182220458984,108.22321861733172,106.96802809462658,107.30028482366183,25513600
2024-05-03,107.0603256225586,107.12493070981171,105.33443680390212,107.0603256225586,28023300
2024-05-06,107.75251770019531,109.21997901532855,107.42949228882252,107.678681308617,31401300
2024-05-07,107.21721649169922,108.51855651302395,106.99571435411718,108.2416735599769,30122000
2024-05-08,107.19876861572266,107.93711147451677,106.5157995349458,106.79267546645866,18957200
2024-05-09,109.3122787475586,109.39533940756345,107.23567775032642,107.24490201826524,17564000
2024-05-10,108.86927032470703,109.51532821028475,108.51855801522845,109.40457361924759,13648100
2024-05-13,108.82313537597656,109.86604810826327,108.09401677782996,109.29382657718672,15060600
2024-05-14,109.48373413085938,109.54886396936223,108.37652687631063,108.66495800416332,15079100
2024-05-15,110.3304214477539,110.57232820328069,108.00434580801523,109.42790296375618,18244300
2024-05-16,109.6698226928711,111.00033831402159,109.3627789883087,110.29320929404695,15745200
2024-05-17,111.3166732788086,111.49345729586055,109.75355019260326,110.06990016529521,15104500
2024-05-20,110.41414642333984,111.54927236500872,110.30249934620443,111.40040722928856,11551300
2024-05-21,109.65121459960938,111.13990172999932,109.5860847594867,110.16295412815913,14495000
2024-05-22,107.44610595703125,109.28835417794679,106.96227817271561,109.28835417794679,17879300
2024-05-23,105.61315155029297,109.33487296911701,105.47358557736301,107.55774758429081,15979800
2024-05-24,105.52940368652344,107.0739214030456,105.17584272546627,106.85061301842222,12212900
2024-05-28,106.86923217773438,107.10183976873613,105.2037609743274,105.6224517986824,13978300
2024-05-29,105.72479248046875,106.58079375180014,104.96183991807457,106.56218117056476,13902000
2024-05-30,106.05975341796875,106.19001309884466,105.10141129497309,105.38984243139542,14683700
2024-05-31,109.10226440429688,109.3162594087373,106.05975319640238,106.18071368454889,29037400
2024-06-03,106.48774719238281,108.26487250938224,105.84575509920008,108.20904896178895,19589300
2024-06-04,104.83158111572266,105.22236014147737,103.20332807645812,105.13862482108132,19412200
2024-06-05,105.25027465820312,105.31540449313377,103.72436958386827,105.03627257279122,14863500
2024-06-06,106.04114532470703,106.10627516354214,104.310544351523,104.90601919190675,13154100
2024-06-07,104.9060287475586,106.90645554916523,104.8315926110754,105.8736772259781,13289200
2024-06-10,105.21305847167969,106.27374843010362,104.85949041979188,105.19444589072783,15239700
2024-06-11,104.36636352539062,104.83157866860654,103.56619291116967,104.66410093310402,12462400
2024-06-12,103.21263122558594,105.41775354428825,102.84976398434146,105.41775354428825,13606800
2024-06-13,102.38455200195312,103.14750457099905,102.08681458716984,103.12889198960139,14466900
2024-06-14,101.51925659179688,102.54272856247057,101.03542883201787,102.36594452347974,13313400
2024-06-17,100.82142639160156,101.84489828681009,100.65394865612237,101.57507265194806,21147900
2024-06-18,101.77046966552734,103.01725003240122,101.23082545462577,101.44482046102978,17762900
2024-06-20,103.96627044677734,104.78505358074976,101.96584406075728,102.26358854483395,17433200
2024-06-21,103.0544662475586,104.85949627662089,103.0544662475586,104.11515626522637,52212500
2024-06-24,106.11558532714844,106.5621879244252,103.87324475369621,103.87324475369621,16266700
2024-06-25,106.41331481933594,106.58079255547527,105.56661984812604,106.17140095633029,14188900
2024-06-26,106.4505386352539,106.83201138347361,105.26888812791007,106.43192605322163,15771800
2024-06-27,106.90644836425781,106.99018368820826,106.171407537783,106.99018368820826,16812700
2024-06-28,107.11114501953125,108.43235441991833,106.70175339178641,107.79966149459462,24565900
2024-07-01,106.96226501464844,108.61842979085901,106.56217970702073,107.66008773037444,11972900
2024-07-02,106.23653411865234,107.87409346787993,105.59453492691573,107.83687540328157,13326700
2024-07-03,106.77619171142578,107.61358046777788,106.32027571714383,106.32027571714383,7732900
2024-07-05,105.4828872680664,106.65522435285989,104.85019437051534,106.63661886997014,12631000
2024-07-08,104.37567901611328,105.65037117638636,103.66854994848131,104.5710685416523,13350500
2024-07-09,103.22193908691406,104.71062613757562,102.92420167678175,103.38011053322377,11727000
2024-07-10,104.13375854492188,104.1709766091396,102.73811308054655,103.20332823533833,10004100
2024-07-11,105.37123107910156,105.43636091591206,103.21263307515659,103.6778482234087,13082700
2024-07-12,105.38983917236328,106.20862239668662,104.79436433573903,106.05975013822056,11684900
2024-07-15,107.19487762451172,108.07879069847874,105.67827873989305,106.32027084147195,13032500
2024-07-16,107.9671401977539,108.2555713387879,105.79923574782518,106.39471061238461,13614100
2024-07-17,109.45581817626953,109.95825138208083,108.44165257280171,108.61842949991737,13602800
2024-07-18,110.53512573242188,111.57720315597281,109.26973991929283,109.74425427525118,13033600
2024-07-19,107.99505615234375,110.60956330256487,107.80897291195001,110.33973763495953,16157700
2024-07-22,107.2507095336914,107.87410329925336,106.60871738206524,107.16697420467867,12065900
2024-07-23,105.52009582519531,107.1576479195102,105.29678745891839,106.82269246871412,11251700
2024-07-24,107.00877380371094,107.18555070558733,105.20373703668969,105.85503530385266,14925200
2024-07-25,109.26042175292969,109.81867846895813,106.59008444807831,107.15764745398268,17021700
2024-07-26,109.16740417480469,109.81870263706772,108.36723343624105,108.64635830637341,11252500
2024-07-29,108.02296447753906,109.22322050600977,107.35305347573026,109.15809066409061,8861800
2024-07-30,109.9489517211914,110.34903705187133,108.14392168623881,108.26487507509734,12483900
2024-07-31,110.33973693847656,111.42834589363227,110.31182516245575,111.31669169092845,15137700
2024-08-01,108.81382751464844,111.17712147549872,108.26487701083681,110.11643143540485,15051500
2024-08-02,108.74870300292969,110.60026461685648,107.39027546568722,107.90201502704802,20403800
2024-08-05,106.78548431396484,107.95782850050733,105.37123335611005,107.50191963298191,18025900
2024-08-06,106.21792602539062,107.58565259801371,105.72479200554606,106.48774456451301,13647800
2024-08-07,107.6321792602539,108.97200118711905,107.2414002311249,107.41817716413851,13660700
2024-08-08,109.68843078613281,109.8931265940461,107.67870496918988,108.00435416422461,13851000
2024-08-09,110.58163452148438,111.00963158747045,109.19529542746217,109.68842232743265,12151900
2024-08-12,110.7212142944336,111.8098161262646,109.80938940626292,111.23295383860392,13228900
2024-08-13,109.66050720214844,110.26528826986372,109.32555175229442,110.05128619410503,11585100
2024-08-14,110.6746826171875,111.55859567151543,109.44651489102084,109.88381827282456,12194500
2024-08-15,111.359375,112.20349826271918,110.78724255834449,110.90916972488236,11579400
2024-08-16,110.8341293334961,111.12488972642107,110.35579474768004,110.66530325739343,10056000
2024-08-19,111.17179107666016,113.0194968590298,110.83413889532507,111.04986390508874,12417500
2024-08-20,107.46700286865234,111.28434151317437,107.40134867695866,111.28434151317437,15632000
2024-08-21,106.78231811523438,108.39554358707714,106.69790864917692,107.87031004955448,11752400
2024-08-22,107.6076889038086,107.87030566188788,106.5853512032628,106.71665958230244,10609500
2024-08-23,109.09899139404297,109.47416129727509,107.88907221289904,107.88907221289904,10381400
2024-08-26,111.43440246582031,111.55633678727088,109.66173217734251,110.449589614316,13671000
2024-08-27,110.37454986572266,111.99715643686945,110.11193311565722,111.57508766931878,9991600
2024-08-28,109.28656005859375,110.28076125990657,109.04270573225635,109.73676532127105,10742900
2024-08-29,110.79661560058594,111.41564695372173,109.1271172080973,109.92434870211187,10753900
2024-08-30,110.61841583251953,110.69344408146186,109.07084460023434,109.53980514603167,13284700
2024-09-03,108.30174255371094,108.88324901301942,106.96051519365521,108.64876875535772,15725100
2024-09-04,106.9792709350586,108.93952961871048,106.90424269066257,108.13291695635395,12620600
2024-09-05,106.14453125,108.12354538224939,106.05074056931576,107.92658280608143,17200800
2024-09-06,105.64741516113281,107.09181428180781,104.79391081823378,106.53843720069769,13467700
2024-09-09,107.87028503417969,108.9395142909056,105.66617234376288,105.8631348746578,21645300
2024-09-10,103.94041442871094,108.23609471850534,103.33076429186562,107.95471553049366,20913400
2024-09-11,102.90869903564453,104.06233792310529,101.07974868962246,103.9028930615489,19571900
2024-09-12,104.32496643066406,104.4187571089069,102.94622127760704,103.07752965830103,15919500
2024-09-13,104.24991607666016,105.48797145693473,104.04357232065288,104.55005049746099,10035400
2024-09-16,105.71308898925781,106.06949644017209,104.75641259166144,105.0940647686414,11729000
2024-09-17,107.09182739257812,107.2700346846158,105.1597122902448,105.34729364076983,12202600
2024-09-18,107.46700286865234,108.45181574405765,106.74479960425158,107.02617880052179,12569900
2024-09-19,108.79884338378906,110.28076038174613,108.0391296120762,108.94891418874313,12660600
2024-09-20,108.11416625976562,108.33927248468854,107.15748984903965,108.29237356555366,36206200
2024-09-23,110.07440948486328,110.47771580238523,107.97346844175256,108.17043099369081,16066300
2024-09-24,109.78366088867188,110.82475381832494,109.57731711439546,110.5246122151813,11984900
2024-09-25,107.64519500732422,109.783660997219,106.96051665284243,109.25842034696798,13816000
2024-09-26,105.79750061035156,106.43528723052447,104.24054818389979,104.24054818389979,16887900
2024-09-27,108.6300277709961,108.88326333403927,106.2195706914259,106.69791248358582,15964000
2024-09-30,109.943115234375,110.10256010797467,107.82341149178849,108.29237205350769,13247600
2024-10-01,112.48487091064453,113.11327629172023,108.73318674073163,108.8363586278658,23235900
2024-10-02,113.9761734008789,115.1954737410857,112.73811778647418,114.36072450175519,17129700
2024-10-03,114.9703598022461,115.52372976664519,113.42278869545163,114.33257322544829,16524300
2024-10-04,117.08068084716797,117.41833298164764,114.82966900255995,115.55186502833796,19752300
2024-10-07,117.58715057373047,118.49692787274921,117.10880889173278,117.47459748509311,15714400
2024-10-08,114.4638900756836,116.32096981681066,113.73231277428384,116.18966143736814,14818500
2024-10-09,114.51077270507812,114.97035915224829,113.30086089894937,113.39465156881919,11144900
2024-10-10,115.49559783935547,116.02083133894084,114.69836637583633,115.51436026763767,10243300
2024-10-11,115.9364242553711,116.33034938813454,115.30801885466227,115.45808250514696,8294800
2024-10-14,116.37725067138672,116.54607675397246,115.00788673742242,115.58939323406327,9808100
2024-10-15,112.87879943847656,114.3794717205873,112.3441847143568,113.31962348667126,15771300
2024-10-16,113.1695556640625,113.90113292738442,113.11327553596647,113.38527349516018,8426800
2024-10-17,112.87879943847656,114.03244550408758,112.27853052563228,113.2633505122702,11204900
2024-10-18,112.55992126464844,113.15080902383016,111.75330848849968,112.96322765272281,12898600
2024-10-21,112.62555694580078,113.9386477950075,112.28790480869708,113.46968728856005,10177800
2024-10-22,113.20706939697266,113.66665586981497,112.49425454152913,112.79438899533952,9201400
2024-10-23,112.80376434326172,113.25396960700846,111.98777758913998,112.52239231471867,8320300
2024-10-24,112.16598510742188,112.96322379684179,111.73454224398532,112.55053620756752,9905600
2024-10-25,112.07218170166016,112.9538297583736,111.9127368441859,112.7381047732611,10714600
2024-10-28,111.5188217163086,111.62199361115344,109.52104516683114,109.53980759631395,11844500
2024-10-29,109.99937438964844,111.7720445177355,109.8024118371687,111.21867455921185,14731000
2024-10-30,109.44600677490234,110.92791655707099,109.24904421820466,110.35579131472224,12303700
2024-10-31,109.53042602539062,111.30309634993101,109.43663534559218,109.87745941199209,20512000
2024-11-01,107.81401824951172,112.50362334354476,107.71084636498144,112.4848680717072,20939300
2024-11-04,111.24681091308594,111.33122036871926,108.73318233486567,108.86449070303043,14965400
2024-11-05,111.57508087158203,111.80956112067894,110.68405878732149,111.6876339672255,10436700
2024-11-06,113.48844909667969,114.3419607023416,111.89398614523262,113.62913868787086,20807700
2024-11-07,113.62914276123047,113.95741371526445,112.18474340771083,113.76983235746506,12184400
2024-11-08,113.59162139892578,113.88237464087864,112.23163870926963,113.46969423586133,12836000
2024-11-11,112.9913558959961,114.06996659056618,112.616186025393,113.48845293334288,11969700
2024-11-12,112.87879943847656,113.779202807743,112.40045768875787,113.61037672876994,11972800
2024-11-13,113.92926025390625,114.47325612855772,111.42501300594147,113.08512995802793,15127900
2024-11-14,114.00492858886719,115.25315747069529,113.78743815236406,115.04512533586586,13041800
2024-11-15,112.82289123535156,114.64795383673253,112.65267788132644,113.85362966099541,19051700
2024-11-18,113.76851654052734,114.06166616294436,112.78506243229572,113.27679309369653,14239700
2024-11-19,112.17986297607422,113.23896908374783,111.77324258973766,113.23896908374783,11584400
2024-11-20,113.77796936035156,113.91981501409778,112.18931391044723,112.69049563439015,11360900
2024-11-21,115.30042266845703,115.88671462743012,113.73067672083668,114.4966403090015,14675400
2024-11-22,115.16804504394531,116.51083518972126,115.0261993886434,115.19641273209176,13323400
2024-11-25,113.4469985961914,115.25314442462656,113.10657192017555,114.82761468689148,26580300
2024-11-26,111.55574798583984,113.17277116927244,111.44227001672235,113.03092551151803,14827300
2024-11-27,111.26261138916016,112.27443321923278,111.04511374064575,111.66922456693146,11079100
2024-11-29,111.54627990722656,112.05691990164057,110.5911935909391,111.05455651329225,9426500
2024-12-02,111.44227600097656,111.7732444104627,110.46828016110155,111.63140595966166,12687300
2024-12-03,111.27205657958984,112.26496896849113,110.88435281091847,112.26496896849113,11756600
2024-12-04,108.0663833618164,111.15859143914585,107.66922127202535,111.11130714602159,19520600
2024-12-05,108.53919219970703,109.3335235555471,107.85833881314979,108.47299852126784,15751200
2024-12-06,107.39497375488281,108.52972449106937,107.32878008218141,108.31223408700875,16171100
2024-12-09,106.76142120361328,108.69050352473663,106.61957553603929,108.40681218958865,17412600
2024-12-10,106.54390716552734,107.68811620272923,105.67393111957422,107.41388321148047,20990900
2024-12-11,105.8346939086914,106.27914026451371,105.06873746584773,105.91034588725047,32392200
2024-12-12,105.7401351928711,106.26968462691676,104.75668109066488,105.52263755270522,14543300
2024-12-13,104.81340789794922,105.81577852058861,104.25549082049722,105.81577852058861,13106100
2024-12-16,102.57227325439453,104.39733563528968,102.2791308746542,104.20820570112713,20256100
2024-12-17,102.13729858398438,102.28859533652992,100.98363108572235,101.40916086773758,17554000
2024-12-18,100.63373565673828,102.91270272718931,100.52971599375515,101.72120936047223,17114500
2024-12-19,99.7732162475586,101.81576905679529,99.48952495050685,101.55099436065066,20565600
2024-12-20,100.11363983154297,100.36895621936226,99.13963692279891,99.71647058500196,40141200
2024-12-23,100.52027130126953,100.80395540643755,99.21529988795878,99.58409427487618,12285100
2024-12-24,100.61483764648438,101.36188475848112,99.9528936058766,100.72830840833633,7807000
2024-12-26,100.69993591308594,101.21057596076606,100.17984477874931,100.7283036021954,9652400
2024-12-27,100.69047546386719,102.11836858978563,100.01907321604627,100.52026213046753,11943900
2024-12-30,100.00962829589844,100.76612643520365,99.77322127463374,100.52026832757856,11080800
2024-12-31,101.72120666503906,102.03326564571944,100.02853162947589,100.39732598316387,12387800
2025-01-02,101.47534942626953,103.07346322903342,101.06872905338871,102.3926098405288,12685400
2025-01-03,101.99544525146484,102.59118834441824,101.61719257667886,102.12783260545449,14237900
2025-01-06,101.88197326660156,103.8110555281624,101.67393392252588,102.35478733420265,15623700
2025-01-07,102.83705139160156,104.07582183993239,102.39260504964696,103.01672303143074,12625900
2025-01-08,101.11601257324219,101.8536013336406,100.24603645659636,101.47534865240377,17858100
2025-01-10,100.7472152709961,104.11364888576803,100.0285359189475,102.78976814712155,19304500
2025-01-13,103.34769439697266,103.66920448325739,101.30513426797638,101.30513426797638,17073400
2025-01-14,103.75431060791016,103.79213659558833,101.96707417389028,102.87487623445836,11191200
2025-01-15,105.44699096679688,105.65503030217259,103.51790878590812,104.06637481288595,14521100
2025-01-16,105.2673110961914,105.61719606149569,104.53918069382973,105.14438205060468,10366600
2025-01-17,106.21294403076172,106.73304235262624,104.79450193247987,104.99308296049098,19298500
2025-01-21,105.4091567993164,106.08055182939603,105.08763952016082,105.95762278374289,20416300
2025-01-22,103.57463073730469,105.50371266813957,103.45170169804886,105.15382772085455,15718000
2025-01-23,104.16092681884766,105.09709652933728,103.65028682733445,104.3122235489798,13726800
2025-01-24,102.75193786621094,104.69047086055632,102.51553087559061,104.2460245638591,14235900
2025-01-27,104.17984771728516,104.44462243520285,102.49663082660562,103.08292285525904,15926700
2025-01-28,102.1656494140625,104.84177837058434,101.92924241538535,104.40679035876667,15862000
2025-01-29,102.76139831542969,102.86541797794688,101.62664754287603,101.85359625447286,12345500
2025-01-30,103.61247253417969,103.87724725271856,102.78977347480249,103.30041352394316,14346300
2025-01-31,101.02145385742188,104.53919162046263,100.33114215495786,104.53919162046263,20376500
2025-02-03,101.26730346679688,101.4658917042654,99.59354500832173,100.84177373409437,14623200
2025-02-04,103.98125457763672,104.28385525069349,100.73775023148019,100.9079635609852,14835700
2025-02-05,103.90562438964844,104.02856067341246,103.1680355453469,103.77323701834152,13364400
2025-02-06,102.53446197509766,105.01201035873669,102.11838327482705,104.7472284129288,13411400
2025-02-07,102.96944427490234,103.76377563852515,102.43043654102506,102.86542460568305,10051600
2025-02-10,104.93635559082031,104.99309097041767,103.90561716919092,104.02855344441203,12142200
2025-02-11,105.59828186035156,106.39261316827361,104.7944994664868,105.53208818590551,12713100
2025-02-12,102.42117309570312,105.1689465732232,102.25898015546105,104.9972107308782,18244100
2025-02-13,103.16536712646484,103.43251745185245,101.62928733122097,102.23036646446549,15460000
2025-02-14,103.27031707763672,105.16895438659107,103.13674555467838,103.53746012355337,15733500
2025-02-18,105.08308410644531,105.89405615693919,103.34664700761877,103.6424114864913,20060300
2025-02-19,105.23572540283203,106.98169785946301,105.0067394420435,105.67460424235847,10964700
2025-02-20,106.8576889038086,107.25840349021331,104.90180865062472,105.49334490610481,16325800
2025-02-21,105.60783386230469,106.71457038413944,105.48379796238122,106.20890571888805,14710000
2025-02-24,106.16119384765625,106.72410862640626,105.2548146509305,105.8368079554729,13153500
2025-02-25,104.69190216064453,106.98170365987149,103.89046581263393,106.18981749295453,14497000
2025-02-26,104.4343032836914,104.82548222718026,103.53745967986977,104.70144632846328,10446400
2025-02-27,105.09262084960938,106.18027878846979,104.26256304190991,104.95904933284419,15293200
2025-02-28,106.21844482421875,106.4569664335721,104.31980757281275,105.05445820591811,18821700
2025-03-03,102.81233978271484,107.01032087918172,101.61973193025838,106.57143478386917,18706900
2025-03-04,102.60245513916016,103.95725611727569,101.07591831317775,101.47663286516655,19394900
2025-03-05,100.598876953125,101.44801330569057,98.91013987147753,100.9805057073238,24822200
2025-03-06,102.67878723144531,103.14628755772134,99.5684633401862,100.58933555909215,17150200
2025-03-07,104.0145034790039,105.33114746271542,103.32756733688295,103.43251743063102,19625000
2025-03-10,106.66685485839844,107.40149813143479,104.07173886999288,104.26255322480462,22749100
2025-03-11,104.1480712890625,106.95308025753648,103.79505671288628,106.78134442035633,19904700
2025-03-12,104.11946105957031,105.07354759562867,103.44206049246121,104.04313966880363,14051500
2025-03-13,103.68057250976562,105.73185982784803,102.68832173080712,103.35618661156289,17767800
2025-03-14,106.76228332519531,107.02942638684297,103.33710892423488,103.93818809204463,15890100
2025-03-17,108.53688049316406,109.24290245340426,106.60008609467272,106.66687185741029,19908800
2025-03-18,108.42237091064453,109.28105007100255,107.40149881974698,108.851706851273,15998700
2025-03-19,110.11112213134766,110.5022937958405,108.6036637736097,108.9566711061102,17315000
2025-03-20,110.57862854003906,111.12245756240391,108.96622000043871,109.45280616121855,16230800
2025-03-21,110.19698333740234,110.66448365280644,109.09978248038706,110.19698333740234,41102800
2025-03-24,110.48322296142578,111.54225959086332,110.27332276040536,110.36872995747758,14207500
2025-03-25,111.23693084716797,112.23872448750056,110.63585903042939,111.08428080697632,12081800
2025-03-26,112.83979797363281,113.70802011197941,112.27689047838969,112.27689047838969,14110800
2025-03-27,112.47724914550781,113.60307142902788,111.87617731243849,112.6776064231976,12740800
2025-03-28,112.3246078491211,113.02108692403255,111.85710021899983,112.67761519864248,10233400
2025-03-31,113.46949768066406,114.40450557061007,112.3818397493789,112.3818397493789,21652300
2025-04-01,113.57445526123047,113.80343397789585,112.51541868788759,113.74619111850504,12425400
2025-04-02,113.22142791748047,113.38362085359178,112.25780592357113,112.95428489821445,12614600
2025-04-03,107.26793670654297,110.14927449790741,107.0771223338016,109.11886669436157,21204600
2025-04-04,99.54937744140625,105.7414037890358,99.06279858923106,104.82548166369767,30841300
2025-04-07,98.21366119384766,100.9423490148835,93.93935070803215,95.78073784210038,35068500
2025-04-08,96.1432876586914,100.75152692538437,94.46410075995801,100.61795540569199,27147800
2025-04-09,100.94234466552734,101.68653089754434,93.62449639945632,94.80756878383878,30063300
2025-04-10,95.34185791015625,99.01508923561397,93.30965642047127,98.94830347620935,33999300
2025-04-11,98.40447998046875,99.15820918093998,94.2542052054557,95.69487784327296,22884600
2025-04-14,98.64299774169922,100.2649417993093,98.00376156550836,100.20769894147189,18020000
2025-04-15,98.36631774902344,100.5702625374473,98.27091055382078,98.8815253380406,13164900
2025-04-16,99.40628051757812,100.7419958716025,98.93877286456686,99.1772945033716,13607000
2025-04-17,102.01091766357422,103.56608317741076,99.66386595803561,99.88330903611559,17916500
2025-04-21,100.51300048828125,100.78014351483856,99.33947829603284,100.7610649896994,16926500
2025-04-22,103.32756805419922,103.93818281528044,101.2667377762235,101.2667377762235,13147000
2025-04-23,102.44026184082031,104.2816489280658,101.58158260444385,103.81414133992091,14235700
2025-04-24,103.64241027832031,103.88093189504404,102.04908762559026,103.01271699530272,9849600
2025-04-25,103.58516693115234,103.7664456883202,102.48796604357672,103.17490946115805,11245800
2025-04-28,103.64241027832031,104.23394650827191,102.73603104641096,103.75690327482445,13890900
2025-04-29,103.38481140136719,103.83323321095662,102.58337497422602,102.79327516417018,9483100
2025-04-30,100.78014373779297,102.48795926603573,99.3680999431229,102.48795926603573,20379300
2025-05-01,100.92327117919922,102.01092923245426,100.16000632870757,100.27449205277493,18610300
2025-05-02,101.3335189819336,103.99542099841271,99.74973929131089,102.77419153116102,16581900
2025-05-05,98.52850341796875,99.85469026583064,98.33768904168315,99.8451473632858,19624000
2025-05-06,99.90238952636719,101.11408337257942,98.72886729006916,99.1200389424679,16303400
2025-05-07,99.8069839477539,100.45576302381895,99.29177639213444,100.16953417766304,12332200
2025-05-08,101.19994354248047,102.45933729167099,100.50345727190394,100.50345727190394,19196500
2025-05-09,102.38301086425781,102.80281121617001,101.49571020714443,102.22081792069234,10992100
2025-05-12,104.1480712890625,105.36930067385407,103.34663495585471,105.20710045938854,14244600
2025-05-13,104.4343032836914,105.43609698068799,104.01450291099157,104.30073176130546,13350800
2025-05-14,103.49930572509766,103.86185597112592,102.97455524351518,103.86185597112592,15494900
2025-05-15,104.54884338378906,104.61624425879067,102.0357420719304,102.53643323677892,15004300
2025-05-16,104.1733169555664,104.84732566535136,103.46078506677206,104.6162380143028,14042500
2025-05-19,102.51717376708984,103.5763334686216,101.79501842338946,103.5763334686216,16802700
2025-05-20,101.05359649658203,102.75788713734026,100.88990972317289,102.44013703873874,12429300
2025-05-21,99.81149291992188,101.07285513703019,99.79223133176284,100.64918835125309,16716100
2025-05-22,99.14710998535156,99.62854685439093,98.10720458515205,99.2337650956297,13417400
2025-05-23,99.20488739013672,99.6285542169664,98.28052941480807,98.79085135831974,12061600
2025-05-27,99.67668914794922,100.00407004879106,99.07971211381903,99.64780411031632,13043600
2025-05-28,98.31904602050781,100.55291298162369,98.01092669297955,100.41811123496409,14292400
2025-05-29,98.87751007080078,99.03156605444025,97.97240637368327,98.48272829783883,13825300
2025-05-30,98.50199127197266,98.58864638658616,97.43320078154211,98.36718952958898,28645800
2025-06-02,99.2241439819336,99.99443858283324,98.42495699745116,99.89815267598877,17290500
2025-06-03,99.94629669189453,100.77436869218675,98.41532363232409,99.07970886064179,19194300
2025-06-04,98.50199127197266,101.02471589041909,98.50199127197266,100.06184210416772,15648500
2025-06-05,98.0494384765625,99.22414565990444,97.95315256808973,99.15674478935911,13924800
2025-06-06,100.39884948730469,100.62031369712334,98.86788364715318,98.94491531545047,15487800
2025-06-09,101.07286071777344,101.92018698996934,99.97518520869134,100.45662209324117,17087300
2025-06-10,103.23932647705078,103.65336249072229,101.99721843603626,102.14165097032053,17634800
2025-06-11,105.2517318725586,105.32876353900765,102.50754303407103,103.7592819023642,22648200
2025-06-12,105.65613555908203,106.09905658468342,104.20219419829387,104.87620285765611,17469400
2025-06-13,107.95740509033203,108.35217949904542,106.57086457044517,108.17886193405955,28540200
2025-06-16,108.30404663085938,108.95880109887848,107.00416114345298,107.6685464062479,22986100
2025-06-17,109.76761627197266,110.66308922487926,108.91065915368125,109.71946964216757,19451700
2025-06-18,108.98768615722656,110.9615730102809,108.74696771079476,110.35496516988461,17968900
2025-06-20,110.44161987304688,110.76900077896947,108.9780549564968,109.23802764537137,36273300
2025-06-23,107.59151458740234,112.60808612144518,107.03305337564711,112.36736767540006,26631100
2025-06-24,104.31774139404297,106.82121908923851,103.9037127225486,105.19396005659019,24828300
2025-06-25,104.34662628173828,105.18432170537307,103.70149531492034,104.09627706097525,17483200
2025-06-26,105.90648651123047,106.33978412607817,104.51995324369237,104.89547343554061,18304800
2025-06-27,105.31912994384766,106.01240023116787,104.346632728826,105.85834424850997,22002100
2025-06-30,103.79779815673828,104.79918044006295,103.72076648997667,104.606608619303,19199000
2025-07-01,105.18433380126953,105.56948479762467,103.17193104818391,104.11554327580254,15536900
2025-07-02,106.92713165283203,107.22562016115167,104.78955077690054,105.91611128843948,11892200
2025-07-03,108.03443908691406,108.2944191307624,106.51310404253191,106.74419170117382,11223600
2025-07-07,106.98490142822266,107.89000509111263,106.12794439060524,107.39893742867832,15415900
2025-07-08,109.95055389404297,110.21052656958359,106.73455180664708,106.7730676374945,17913400
2025-07-09,109.57504272460938,110.02758724540793,109.06471343357883,109.69058288049658,10652100
2025-07-10,110.6630859375,110.99045950278774,108.87214008488898,109.4883787281375,14901700
2025-07-11,111.14452362060547,111.4622737393747,110.25868148295565,110.58605505055245,11683900
2025-07-14,109.69056701660156,110.95193652305136,109.01655838425674,110.95193652305136,13220300
2025-07-15,108.71807098388672,109.82536984150762,108.41957514702587,109.44022624554029,10959300
2025-07-16,108.06332397460938,109.28617040231443,107.93814568583247,108.68918603391911,11158900
2025-07-17,107.51448822021484,108.06332597289979,106.96564312138607,107.35079409695216,13151400
2025-07-18,103.7688980102539,107.58188442216026,103.35486201505994,106.98490006862788,32366600
2025-07-21,104.03852081298828,104.73178380344554,103.45116718593103,103.60522317954008,17010400
2025-07-22,104.51032257080078,105.37691045536346,103.6148496477767,103.97111559647026,13970900
2025-07-23,105.84871673583984,105.91611760774447,104.80881127261651,104.8858429394058,12002700
2025-07-24,106.67678833007812,106.83084431685067,105.07841430871662,105.58874358939482,15647200
2025-07-25,106.30125427246094,106.85972276221892,105.62723829808792,106.61900434554494,10548900
2025-07-28,107.30265808105469,107.94778176072323,106.72492792705604,106.87899126042743,12353000
2025-07-29,108.6891860961914,108.8047335906339,107.2737678565253,107.74557393641399,15928000
2025-07-30,107.7455825805664,108.42922211537449,107.12934391972125,108.23665028866449,12996900
2025-07-31,107.49522399902344,108.32329600506476,106.26274678430435,106.26274678430435,17233700
2025-08-01,105.56948852539062,108.36182416488528,104.81844809635743,107.84187140336742,19652000
2025-08-04,103.3837661743164,105.83909004269151,103.11415533010523,105.16508129752447,19129500
2025-08-05,103.25858306884766,103.81705162950657,102.13202249886415,103.23932882537225,21314300
2025-08-06,102.5556869506836,105.00138719969958,102.42088521103375,104.28885532310031,15321800
2025-08-07,102.01647186279297,104.04813608267548,101.95870178799905,103.16229398716435,13468300
2025-08-08,102.83492279052734,103.51856229377444,102.01647419943372,102.54605771765384,14417700
2025-08-11,101.90091705322266,103.53779927013977,101.61205202852305,103.13339411247452,13570700
2025-08-12,102.18978881835938,103.29709510415664,101.85278447384988,102.39199142506507,14109400
2025-08-13,103.60521697998047,103.60521697998047,101.8142711663082,102.06462040535484,17958700
2025-08-14,103.39337921142578,103.59558181461352,102.48828289422498,103.55707332974849,13683500
2025-08-15,103.49056243896484,104.53042413910818,102.96577138265387,103.19901679512692,19271900
2025-08-18,103.7140884399414,104.20972567810239,102.6936601404045,103.11154890699076,13040000
2025-08-19,104.39437103271484,104.43324526924799,103.16014553442298,103.20873276921256,16113600
2025-08-20,105.47309875488281,106.25056859576846,104.6470416830055,104.84140543597596,18959700
2025-08-21,106.15339660644531,106.48381650017089,104.91916367517014,105.36620628024141,12194900
2025-08-22,108.14566040039062,108.27200353537678,106.51297937532671,106.51297937532671,13586700
2025-08-25,108.59268951416016,108.76761986699798,107.42649210490949,107.77635281058514,9744900
2025-08-26,108.34972381591797,108.66071026510373,107.251554539153,108.23310853153694,18143900
2025-08-27,109.57424926757812,109.7977742801282,108.28170867190343,108.28170867190343,15262600
2025-08-28,110.1573486328125,110.44890170919774,108.91340268064054,109.69087260799938,14189800
2025-08-29,111.07086181640625,111.5567786110806,110.38086085770887,110.51691696705754,14597900
2025-09-02,111.45960235595703,111.99410640835276,110.13790801462953,110.96396512433365,15206700
2025-09-03,108.7579116821289,111.20692931573902,108.3205820734289,110.75988670859203,14920100
2025-09-04,109.2341079711914,109.94354241103126,108.24283345769933,108.9522753120418,12864400
2025-09-05,106.15339660644531,108.63156805289493,105.9493050079647,108.45663769312769,16826700
2025-09-08,106.75592803955078,106.95029922384167,105.29817752263065,106.63931274347881,15440500
2025-09-09,107.53339385986328,109.34100502528872,107.41677115372212,107.41677115372212,14899500
2025-09-10,109.33129119873047,109.38959884806225,107.71804369852568,108.02903760030244,15837600
2025-09-11,108.98143005371094,109.59368261284318,107.74720452242771,108.26227519488062,11534500
2025-09-12,109.00086975097656,110.03101108521462,108.72875009078862,109.68115036518988,11105700
2025-09-15,109.18551635742188,109.29241865919302,108.18452881765838,109.02030640541297,12880500
2025-09-16,111.44988250732422,112.07185544585985,109.60339710220181,109.77832745457134,17208000
2025-09-17,112.0427017211914,112.23706548421598,110.83763007853405,111.30410607559392,13302000
2025-09-18,110.72100830078125,112.10101030753755,110.20593765139351,111.92607995354716,14628700
2025-09-19,109.64227294921875,110.76960355094826,109.46734259427805,110.69185507886297,38746500
2025-09-22,108.86479949951172,109.62283595581596,108.41775692138489,109.28268825518494,15611500
2025-09-23,110.74044036865234,111.51791024684958,109.31185114530597,109.54508914296424,25369100
2025-09-24,111.33326721191406,112.49947211017462,111.24580573715848,111.3429876250545,14756100
2025-09-25,112.3342514038086,112.63552488617954,111.18749478043796,111.41101237450077,15012600
2025-09-26,113.91834259033203,115.02623236742072,112.6549558689841,112.69383010504892,18568900
2025-09-29,111.00283813476562,113.21861761945259,110.46832667376563,112.7910084506526,19189300
2025-09-30,109.57424926757812,110.29340412684338,108.78706634614592,110.15734800250948,18076200
2025-10-01,108.83564758300781,109.83663504878889,108.15536699883687,109.38959246283336,16614000
2025-10-02,108.15536499023438,109.90466106611652,107.90268617173395,108.8162121516571,13062600
2025-10-03,110.06988525390625,110.54608168355931,108.74819084896897,108.74819084896897,12950100
2025-10-06,110.9833984375,111.53734331429891,109.99213138962384,110.09903368290979,12036800
2025-10-07,111.04170989990234,111.28466830140734,108.5926850606109,110.85705914211792,11945000
2025-10-08,110.8084716796875,111.77059235046264,110.2156599629254,111.1583323936962,12301000
2025-10-09,109.729736328125,112.25650222809438,109.56451897960814,111.20692015111413,10976200
2025-10-10,107.61113739013672,109.44790229414498,107.59169656608793,109.09804160628607,13811600
2025-10-13,109.07861328125,109.13692834557659,108.18452804960516,108.39833265162953,10296500
2025-10-14,109.127197265625,109.77832400668812,107.59169837799688,107.64029302443528,11167200
2025-10-15,108.46635437011719,110.37114743614104,107.84438142670133,109.62283878732902,12182900
2025-10-16,107.52367401123047,109.0300191284848,107.28071559970572,108.72874565633255,11782200
2025-10-17,109.07861328125,109.72974750046133,108.04847192368108,108.48579412636526,13460100
2025-10-20,109.52565002441406,109.96297961815183,108.8259360205379,108.84536943126957,9523600
2025-10-21,109.53536987304688,110.16706322885845,108.83564845827111,109.71030022674081,9202300
2025-10-22,111.47903442382812,111.93579741467622,109.89494828160163,110.25452197818252,12938800
2025-10-23,112.71327209472656,113.5587626407378,112.11073255125102,113.34495804742382,15001100
2025-10-24,112.13988494873047,113.18946707646688,111.93580077075434,113.07284436855093,9919400
2025-10-27,112.67440032958984,112.72298756536166,111.85805617489514,112.44115490567556,10975400
2025-10-28,111.79002380371094,112.90763398641612,111.7511495678905,112.23706639389255,9535200
2025-10-29,113.17003631591797,113.75314249285343,111.57622957183459,111.68313187663922,12570600
2025-10-30,111.45960235595703,113.23805227913105,111.30410541485863,113.15059081063988,16172900
2025-10-31,111.13890075683594,111.98439873160424,109.44791222180191,110.76960662593272,20213400
2025-11-03,110.55579376220703,111.75114495268399,110.43917105956209,111.27494855892905,12290300
2025-11-04,110.92510223388672,111.12918642907434,109.34101591057156,110.18650651713413,16860700
2025-11-05,110.47805786132812,111.93580844495868,110.46833744804312,110.87650583197897,12400900
2025-11-06,111.27495574951172,111.70256493900654,110.43917819613684,110.43917819613684,14219700
2025-11-07,113.91834259033203,114.2001752409251,111.66368880008984,111.96495486146412,17181100
2025-11-10,114.89017486572266,115.11369245227725,112.20791192555146,114.13214580783787,13048000
2025-11-11,116.40623474121094,117.40722222583193,115.4829957289592,115.4829957289592,16077100
2025-11-12,114.7929916381836,115.92031479926958,114.47228475914534,115.74538444838527,13790900
2025-11-13,115.44412231445312,116.38680215875796,114.9484850676996,115.28862536860791,17291900
2025-11-14,116.94403076171875,117.13029659441288,114.36575532080614,116.12054640396673,17064300
2025-11-17,115.36568450927734,117.14989176671764,114.80689452973157,116.63031603758692,16034900
2025-11-18,116.68914794921875,117.13030271084352,114.18930088409608,114.95396016235371,15808500
2025-11-19,115.04218292236328,115.85586186327224,113.65011056424346,114.55201596702355,15919200
2025-11-20,114.71866607666016,116.66953586139736,114.44417378999563,115.65979317287263,14401000
2025-11-21,114.77749633789062,115.07159202420067,113.3756185430189,114.68926239644966,15667600
2025-11-24,113.68932342529297,114.89512993221705,112.48350943901481,114.89512993221705,18034900
2025-11-25,112.2580337524414,113.62069723587572,111.94432721264401,112.91485565149314,14434600
2025-11-26,112.5129165649414,113.46384162902656,112.06196387586725,112.160003247741,11650600
2025-11-28,113.64030456542969,116.4048458806149,112.5619387649192,112.68937948010587,7240800
2025-12-01,114.33634185791016,115.10100859456215,113.81676607945676,113.81676607945676,12658100
2025-12-02,113.11091613769531,114.30692462311544,112.43449087183676,114.15007509746478,14607700
2025-12-03,115.48333740234375,115.65979780503157,113.60109061388896,113.66971368830343,16819100
2025-12-04,114.83631134033203,116.01270901724688,114.36575526130771,115.1892321392773,13686900
2025-12-05,114.24811553955078,116.44406141854374,114.12067482295866,114.4539847645169,12516900
2025-12-08,113.69912719726562,114.69906446838193,112.77761095258792,113.55207561874306,14904200
2025-12-09,115.92448425292969,118.10082671847627,114.59122954393455,114.60103497720259,23790800
2025-12-10,117.1891098022461,117.51262176910427,116.04212098813484,116.3950417739158,19845200
2025-12-11,117.1891098022461,117.99298326333523,116.72835169417907,116.76756594586071,14781800
2025-12-12,116.48326873779297,117.56163448599445,115.98329637586768,117.09107842247377,14459500
2025-12-15,115.44412231445312,116.68914307822224,114.55201487415584,116.66953969111152,16358700
2025-12-16,112.42469024658203,114.54220754921194,112.35606717379666,114.47358447642657,17638700
2025-12-17,115.10101318359375,115.30688241650844,112.90505974046134,112.9442739961624,18502200
2025-12-18,114.24811553955078,114.68926281028475,113.35600808534332,114.68926281028475,13705600
2025-12-19,114.3951644897461,115.25785562394006,113.67951745617594,114.45398212999562,45412800
2025-12-22,115.82644653320312,116.13034763504118,115.03237102421896,115.03237102421896,11768600
2025-12-23,117.07147216796875,117.66947644340163,115.99310637729363,116.14015795769345,12567600
2025-12-24,116.87540435791016,117.68908325934501,116.77737246746888,116.9832416812017,6137400
2025-12-26,116.76757049560547,117.19891980155684,116.19897504309758,116.55189584262978,8066100
2025-12-29,118.1596450805664,118.9145063803753,117.05187045384986,117.787120887003,14782500
2025-12-30,118.61060333251953,119.40467892344513,118.25768250974248,118.71844066610998,11150500
2025-12-31,117.97337341308594,118.87528625081782,117.51262278040748,118.79685774677961,10559900
